gene,drug,approved,interaction_score
TNF,NERELIMOMAB,False,0.5613311672998444
TNF,CROMOLYN SODIUM,True,0.5613311672998444
TNF,PLACULUMAB,False,0.5613311672998444
TNF,METHYLENE BLUE,False,0.06237012969998271
TNF,ALTEPLASE,True,0.05346011117141375
TNF,CARBOPLATIN,True,0.01305421319301963
TNF,GENTAMICIN,True,0.04881140585216039
TNF,GOLIMUMAB,True,2.245324669199378
TNF,BUPIVACAINE,True,0.06603896085880523
TNF,PENTOXIFYLLINE,True,0.01603803335142412
TNF,BENZO[E]PYRENE,False,0.1871103890999481
TNF,THALIDOMIDE,True,0.04551333788917658
TNF,PYRAZINAMIDE,True,0.1295379616845794
TNF,GLIMEPIRIDE,True,0.1403327918249611
TNF,OMEPRAZOLE,True,0.03034222525945105
TNF,LENERCEPT,False,0.5613311672998444
TNF,ADALIMUMAB,True,0.06804014149089023
TNF,PRAZOSIN HYDROCHLORIDE,True,0.1122662334599688
TNF,REMTOLUMAB,False,0.2806655836499222
TNF,MIDOSTAURIN,True,0.03207606670284825
TNF,LENABASUM,False,0.1871103890999481
TNF,MAGNESIUM SULFATE ANHYDROUS,True,0.2806655836499222
TNF,PICIBANIL,False,0.2245324669199377
TNF,FLUOCINOLONE ACETONIDE,True,0.2245324669199377
TNF,MILTEFOSINE,True,0.1871103890999481
TNF,HOMIDIUM BROMIDE,False,0.01935624714827049
TNF,OZORALIZUMAB,False,1.122662334599689
TNF,PEGSUNERCEPT,False,1.122662334599689
TNF,CERTOLIZUMAB PEGOL,True,0.3207606670284825
TNF,THERAPEUTIC HORMONE,False,0.02551505305908383
TNF,NAFAMOSTAT,False,0.05103010611816767
TNF,FOLIC ACID,True,0.04677759727498704
TNF,ABBV-257,False,0.2806655836499222
TNF,RISPERIDONE,True,0.02513423137163482
TNF,COVA322,False,0.2806655836499222
TNF,HYDROXYCHLOROQUINE,True,0.06237012969998271
TNF,CERTOLIZUMAB,False,0.5613311672998444
TNF,AN0128,False,0.5613311672998444
TNF,"5,7-DIHYDROXY-4-METHYLCOUMARIN",False,0.1403327918249611
TNF,SORAFENIB,True,0.009762281170432078
TNF,AFELIMOMAB,False,0.5613311672998444
TNF,PLACULUMAB,False,1.122662334599689
TNF,INFLIXIMAB,True,0.07242982803868961
TNF,DIDANOSINE,True,0.08019016675712064
TNF,ISIS 104838,False,0.5613311672998444
TNF,SOBLIDOTIN,False,0.06603896085880523
TNF,SPIRONOLACTONE,True,0.07016639591248056
TNF,MEROPENEM ANHYDROUS,True,1.122662334599689
TNF,ETHAMBUTOL HYDROCHLORIDE,True,0.4209983754748833
TNF,MYCOPHENOLATE MOFETIL,True,0.07016639591248056
TNF,MASOPROCOL,True,0.02388643265105721
TNF,DERSALAZINE,False,0.1403327918249611
TNF,AVX-470,False,1.122662334599689
TNF,AME-527,False,0.5613311672998444
TNF,CYCLOSPORINE,True,0.01290416476551366
TNF,ONERCEPT,False,0.5613311672998444
TNF,CYT007-TNFQB,False,0.5613311672998444
TNF,PROPYLTHIOURACIL,True,0.05613311672998444
TNF,TIMOLOL MALEATE,True,0.3742207781998963
TNF,ABBV-3373,False,0.1871103890999481
TNF,METHIMAZOLE,True,0.05346011117141375
TNF,PF-04236921,False,0.2806655836499222
TNF,LACTULOSE,True,0.2806655836499222
TNF,HALOFUGINONE,False,0.1871103890999481
TNF,PROTON PUMP INHIBITOR,False,0.2806655836499222
TNF,MITOMYCIN C ANALOG KW-2149,False,1.122662334599689
TNF,ATORVASTATIN CALCIUM TRIHYDRATE,True,0.03061806367090061
TNF,DIGOXIN,True,0.0165097402147013
TNF,PROCARBAZINE HYDROCHLORIDE,True,0.5613311672998444
TNF,LAPACHONE,False,0.0431793205615265
TNF,ORTATAXEL,False,0.1871103890999481
TNF,IMMUNOSTIMULANT,False,1.122662334599689
TNF,RABEPRAZOLE,True,0.0431793205615265
TNF,RIFAMPIN,True,0.06014262506784048
TNF,PNEUMOCOCCAL POLYVALENT VACCINE,False,1.122662334599689
TNF,CEFOTAXIME SODIUM,True,0.1122662334599689
TNF,ETANERCEPT,True,0.086358641123053
TNF,AZ9773,False,0.5613311672998444
TNF,TETRANDRINE,False,0.3742207781998963
TNF,REMTOLUMAB,False,0.2806655836499222
TNF,CELASTROL,False,0.1122662334599688
TNF,LENALIDOMIDE,True,0.086358641123053
TNF,HUANG LIAN,False,1.122662334599689
TNF,ANESTHETIC AGENT,False,0.1122662334599688
TNF,STAVUDINE,True,0.086358641123053
TNF,CARBAMAZEPINE,True,0.04582295243264036
TNF,AMPHOTERICIN B LIPOSOMAL,True,0.0431793205615265
TNF,"INSULIN, REGULAR, HUMAN",True,0.03177346229999119
TNF,BACILLUS CALMETTE-GUERIN ANTIGEN,False,0.09355519454997407
TNF,RUTIN,True,0.1122662334599688
TNF,VITAMIN B6,True,0.1871103890999481
TNF,MIDAZOLAM HYDROCHLORIDE,True,0.03118506484999135
TNF,GEMCITABINE,True,0.01220285146304009
MIA,RECOMBINANT TRANSFORMING GROWTH FACTOR-BETA 1,False,1.657263446313826
MIA,RECOMBINANT TYROSINASE-RELATED PROTEIN-1,False,34.80253237259035
MIA,LYMPHOKINE-ACTIVATED KILLER CELLS,False,3.163866579326396
ESR1,ESTRIOL,True,0.2416842525874329
ESR1,ERIBULIN MESYLATE,True,0.02014035438228608
ESR1,DIETHYLSTILBESTROL DIPHOSPHATE,True,0.08056141752914434
ESR1,EVEROLIMUS,True,0.02132508111065585
ESR1,FULVESTRANT,True,0.1933474020699463
ESR1,"ESTROGENS, ESTERIFIED (USP)",True,0.2416842525874329
ESR1,LETROZOLE,True,0.05370761168609622
ESR1,"SYNTHETIC CONJUGATED ESTROGENS, B",True,0.1208421262937164
ESR1,SELECTIVE ESTROGEN RECEPTOR MODULATOR CC-8490,False,0.2416842525874329
ESR1,CHEMBL:CHEMBL1091137,False,0.4833685051748659
ESR1,ALOE-EMODIN,False,0.06042106314685824
ESR1,"ESTROGENS, CONJUGATED (USP)",True,0.1342690292152405
ESR1,BORIC ACID,True,0.2416842525874329
ESR1,ETONOGESTREL,True,0.09667370103497319
ESR1,FENRETINIDE,True,0.00895126861434937
ESR1,LASOFOXIFENE TARTRATE,True,0.1208421262937164
ESR1,ESTRADIOL VALERATE,True,0.06170661768189779
ESR1,GESTRINONE,False,0.1208421262937164
ESR1,AFIMOXIFENE,False,0.08631580449551178
ESR1,TESTOSTERONE,True,0.01239406423525297
ESR1,ESTRONE,True,0.1098564784488331
ESR1,ETHYLENEDIAMINE,True,0.2416842525874329
ESR1,DIETHYLSTILBESTROL,True,0.04394259137953327
ESR1,DROLOXIFENE,False,0.04028070876457217
ESR1,BAZEDOXIFENE ACETATE,True,0.08056141752914434
ESR1,DANAZOL,True,0.06042106314685824
ESR1,MESTRANOL,True,0.1074152233721924
ESR1,ESTRADIOL CYPIONATE,True,0.2416842525874329
ESR1,TAMOXIFEN,True,0.05577328905863838
ESR1,PHENYLALANINE,True,0.06042106314685824
ESR1,PALBOCICLIB,True,0.01895562765391631
ESR1,POLYESTRADIOL PHOSPHATE,True,0.08056141752914434
ESR1,GW7647,False,0.008056141752914433
ESR1,ALPELISIB,True,0.01342690292152405
ESR1,ETHYNODIOL DIACETATE,True,0.1208421262937164
ESR1,QUINESTROL,True,0.1933474020699463
ESR1,OCHRATOXIN A,False,0.02685380584304811
ESR1,SELECTIVE ESTROGEN RECEPTOR DEGRADER AZD9496,False,0.4833685051748659
ESR1,TRIPHENYLSTANNANOL,False,0.04833685051748659
ESR1,ELACESTRANT,True,0.6042106314685826
ESR1,RALOXIFEN,True,0.1208421262937164
ESR1,ENCLOMIPHENE,False,0.04833685051748659
ESR1,PROPACHLOR,False,0.03452632179820471
ESR1,LASOFOXIFENE,True,0.2416842525874329
ESR1,4-TRIETHYLGERMYLPHENOL,False,0.4833685051748659
ESR1,GOSERELIN ACETATE,True,0.05370761168609622
ESR1,GTX-758,False,0.2416842525874329
ESR1,HYDRAMETHYLNON,False,0.06042106314685824
ESR1,MEGESTROL,True,0.2416842525874329
ESR1,ICARITIN,False,0.2416842525874329
ESR1,PYROGALLOL,True,0.01611228350582886
ESR1,13-CIS-RETINAL,False,0.06042106314685824
ESR1,CLOMIPHENE,True,0.1812631894405747
ESR1,PHENAZOPYRIDINE HYDROCHLORIDE,True,0.01510526578671456
ESR1,ESTROPIPATE,True,0.1611228350582886
ESR1,TOREMIFENE,True,0.1115465781172767
ESR1,ARZOXIFENE,False,0.3625263788811494
ESR1,TRASTUZUMAB,True,0.01790253722869874
ESR1,DESOGESTREL,True,0.1208421262937164
ESR1,ALL-TRANS-RETINAL,False,0.03452632179820471
ESR1,IDOXIFENE,False,0.06042106314685824
ESR1,OLAPARIB,True,0.0105080109820623
ESR1,"SYNTHETIC CONJUGATED ESTROGENS, A",False,0.06042106314685824
ESR1,DIENESTROL,True,0.1726316089910235
ESR1,ORTHOTOLIDINE,False,0.06042106314685824
ESR1,PERTUZUMAB,True,0.06042106314685824
ESR1,ABEMACICLIB,True,0.03816067146117363
ESR1,ANASTROZOLE,True,0.05577328905863839
ESR1,CHEMBL:CHEMBL1523215,False,0.06042106314685824
ESR1,ENDOSULFAN,False,0.04833685051748659
ESR1,CHEMBL:CHEMBL2313444,False,0.4833685051748659
ESR1,PROTOAPIGENONE,False,0.03452632179820471
ESR1,ACETOCHLOR,False,0.04833685051748659
ESR1,LEFLUNOMIDE,True,0.04028070876457217
ESR1,PROMESTRIENE,False,0.2416842525874329
ESR1,PROPYLPARABEN,True,0.04833685051748659
ESR1,MITOTANE,True,0.02685380584304811
ESR1,NORGESTIMATE,True,0.09667370103497319
ESR1,STANOLONE,False,0.04028070876457217
ESR1,OSPEMIFENE,True,0.1450105515524598
ESR1,CHEMBL:CHEMBL384441,False,0.2416842525874329
ESR1,ZEARALENONE,False,0.01859109635287946
ESR1,RIBOCICLIB,True,0.02685380584304811
ESR1,METHAMPHETAMINE,True,0.02014035438228608
ESR1,BENZETHONIUM CHLORIDE,True,0.01510526578671456
ESR1,CHEMBL:CHEMBL2071180,False,0.4833685051748659
ESR1,BITHIONOL,True,0.01007017719114304
ESR1,IXABEPILONE,True,0.02197129568976663
ESR1,TRIADIMEFON,False,0.1208421262937164
ESR1,TAMOXIFEN CITRATE,True,0.02544044764078241
ESR1,KAEMPHEROL,False,0.01342690292152405
ESR1,METHYLISOTHIOCYANATE,False,0.2416842525874329
ESR1,COUMESTROL,False,0.02416842525874329
ESR1,PHENYLMERCURIC ACETATE,False,0.01208421262937164
ESR1,FAM-TRASTUZUMAB DERUXTECAN-NXKI,True,0.06042106314685824
ESR1,FISPEMIFENE,False,0.2416842525874329
ESR1,GOSSYPOL,False,0.005035088595571521
ESR1,LEVONORGESTREL,True,0.06905264359640943
ESR1,ALLYLESTRENOL,True,0.08056141752914434
ESR1,ICI-164384,False,0.2416842525874329
ESR1,4-NONYLPHENOL,False,0.04833685051748659
ESR1,HORMONE THERAPY AGENT,False,0.2416842525874329
ESR1,CETRIMONIUM BROMIDE,True,0.04833685051748659
ESR1,NERATINIB,True,0.03222456701165773
ESR1,MK-6913,False,0.2416842525874329
ESR1,PYRITHIONE ZINC,True,0.01342690292152405
ESR1,LAPATINIB,True,0.01559253242499567
ESR1,GUTHION,False,0.02014035438228608
ESR1,COMPOUND 17D [PMID: 23099093],False,0.06042106314685824
ESR1,MONOETHANOLAMINE,False,0.2416842525874329
ESR1,CAMIZESTRANT,False,0.1208421262937164
ESR1,PUERARIN,False,0.1611228350582886
ESR1,PENTABROMOPHENOL,False,0.01859109635287946
ESR1,GIREDESTRANT,False,0.2416842525874329
ESR1,ALFADEX,False,0.2416842525874329
ESR1,METHIOCARB,False,0.1208421262937164
ESR1,FOSFESTROL,False,0.2416842525874329
ESR1,ELACESTRANT HYDROCHLORIDE,True,0.2416842525874329
ESR1,CAPIVASERTIB,True,0.02416842525874329
ESR1,N-PROPYL BROMIDE,False,0.2416842525874329
ESR1,SIVIFENE,False,0.1208421262937164
ESR1,SACITUZUMAB GOVITECAN,True,0.02685380584304811
ESR1,TESTOSTERONE PROPIONATE,True,0.03021053157342912
ESR1,ACRYLAMIDE,True,0.2416842525874329
ESR1,HEXACHLOROPHENE,True,0.00589473786798617
ESR1,ARSANILIC ACID,False,0.1208421262937164
ESR1,CHEMBL:CHEMBL503990,False,0.1208421262937164
ESR1,ALACHLOR,False,0.08056141752914434
ESR1,ACOLBIFENE,False,0.2416842525874329
ESR1,CISPLATIN,True,0.003288221123638544
ESR1,DICHLOROPHEN,False,0.01342690292152405
ESR1,CHF4227,False,0.1208421262937164
ESR1,CHEMBL:CHEMBL259327,False,0.08056141752914434
ESR1,NORELGESTROMIN,True,0.08056141752914434
ESR1,RESVERATROL,True,0.004932331685457816
ESR1,IODINE,True,0.2416842525874329
ESR1,PCC0208017,False,0.1208421262937164
ESR1,SELECTIVE ESTROGEN RECEPTOR COVALENT ANTAGONIST H3B-6545,False,0.2416842525874329
ESR1,PHENOLPHTHALEIN,True,0.03021053157342912
ESR1,CHOLECALCIFEROL,True,0.02014035438228608
ESR1,KEPONE,False,0.02014035438228608
ESR1,CYCLOFENIL,True,0.1208421262937164
ESR1,MEDROXYPROGESTERONE,True,0.06905264359640943
ESR1,DIETHYLSTILBESTROL DIPROPIONATE,False,0.1208421262937164
ESR1,CADMIUM DICHLORIDE,False,0.02197129568976663
ESR1,GLYCITEIN,False,0.4833685051748659
ESR1,AMI-1,False,0.1611228350582886
ESR1,SELECTIVE ESTROGEN RECEPTOR MODULATOR TAS-108,False,0.2416842525874329
ESR1,VITAMIN A,True,0.00895126861434937
ESR1,CHF 4227,False,0.1208421262937164
ESR1,APIGENIN,True,0.009295548176439732
ESR1,CAMPHOR OIL,True,0.08056141752914434
ESR1,LY2245461,False,0.1208421262937164
ESR1,"TRIS(2,3-DIBROMOPROPYL)PHOSPHATE",False,0.08056141752914434
ESR1,MASOPROCOL,True,0.005142218140158149
ESR1,PALMITATE,True,0.1208421262937164
ESR1,CHEMBL:CHEMBL1432305,False,0.2416842525874329
ESR1,CHEMBL:CHEMBL354663,False,0.2416842525874329
ESR1,CHLORANIL,False,0.01611228350582886
ESR1,COMPOUND 14 [PMID: 34333981],False,0.1208421262937164
ESR1,AMCENESTRANT,False,0.2416842525874329
ESR1,CUMENE HYDROPEROXIDE,False,0.08056141752914434
ESR1,BRILANESTRANT,False,0.7250527577622989
ESR1,DAUNORUBICIN HYDROCHLORIDE,True,0.007323765229922212
ESR1,DIENOGEST,True,0.1208421262937164
ESR1,CAPTAN,False,0.01859109635287946
ESR1,DOXORUBICIN HYDROCHLORIDE,True,0.001633001706671844
ESR1,METHOXSALEN,True,0.02685380584304811
ESR1,PCC0105003,False,0.06042106314685824
ESR1,HYDROXYPROGESTERONE,False,0.08056141752914434
ESR1,CHLOROTRIANISENE,True,0.1933474020699463
ESR1,GENTIAN VIOLET CATION,True,0.0127202238203912
ESR1,4-METHYLBENZOIC ACID METHYL ESTER,False,0.2416842525874329
ESR1,GENISTEIN,True,0.008333939744394241
ESR1,OXYMETHOLONE,True,0.02685380584304811
ESR1,DOXYCYCLINE ANHYDROUS,True,0.02101602196412461
ESR1,METHYLTESTOSTERONE,True,0.04028070876457217
ESR1,MERCURIC CHLORIDE,False,0.01208421262937164
ESR1,GUGGULSTERONE,False,0.02685380584304811
ESR1,ENDOXIFEN,False,0.3222456701165773
ESR1,CHEMBL:CHEMBL85826,False,0.02685380584304811
ESR1,ZIRAM,False,0.01859109635287946
ESR1,ETHINYL ESTRADIOL,True,0.04833685051748659
ESR1,EXEMESTANE,True,0.07552632893357282
ESR1,OXYTETRACYCLINE HYDROCHLORIDE,True,0.02685380584304811
ESR1,SULFENTRAZONE,False,0.2416842525874329
ESR1,TAS-108,False,0.1208421262937164
ESR1,GLYBURIDE,True,0.01666787948878848
ESR1,1-HYDROXY-6-(4-HYDROXY-PHENYL)-1-PHENYL-HEXAN-3-ONE (ENANTIOMERIC MIX),False,0.4833685051748659
ESR1,DACTINOMYCIN,True,0.006905264359640943
ESR1,ZERANOL,False,0.03452632179820471
ESR1,NOMEGESTROL ACETATE,False,0.1208421262937164
ESR1,RALOXIFENE HYDROCHLORIDE,True,0.02900211031049195
ESR1,VINTAFOLIDE,False,0.1208421262937164
ESR1,CLOMIPHENE CITRATE,True,0.1208421262937164
ESR1,CHEMBL:CHEMBL329673,False,0.02197129568976663
ESR1,DOMIPHEN BROMIDE,False,0.03452632179820471
ESR1,CHEMBL:CHEMBL2313445,False,0.4833685051748659
ESR1,SR16234,False,0.2416842525874329
ESR1,CHEMBL:CHEMBL184450,False,0.01726316089910235
ESR1,PROPYLPYRAZOLETRIOL,False,0.02014035438228608
ESR1,ESTROGEN,True,0.2416842525874329
ESR1,ESTETROL,True,0.2416842525874329
ESR1,ETHINYLESTRADIOL/DROSPIRENONE/PRASTERONE,False,0.08056141752914434
ESR1,DOCETAXEL ANHYDROUS,True,0.005823716929817663
ESR1,PROGESTERONE,True,0.008192686528387559
ESR1,BISPHENOL A,False,0.06042106314685824
ESR1,NORGESTREL,True,0.08056141752914434
ESR1,BENZODODECINIUM CHLORIDE,True,0.1208421262937164
ESR1,TRIAMTERENE,True,0.01342690292152405
ESR1,CATECHOL,False,0.01098564784488331
ESR1,DAIDZEIN,False,0.02544044764078241
ESR1,BAZEDOXIFENE,True,0.09667370103497319
ESR1,ALFATRADIOL,False,0.1208421262937164
ESR1,TTC-352,False,0.2416842525874329
ESR1,"ESTROGENS, CONJUGATED SYNTHETIC A",True,0.1208421262937164
FOS,MAGNESIUM SULFATE ANHYDROUS,True,1.003919203055491
FOS,DEHYDRATED ALCOHOL,True,0.05083135205344258
FOS,ANTIBIOTIC,False,0.2362162830718802
FOS,RECOMBINANT INTERLEUKIN-1-BETA,False,2.007838406110982
FOS,LHVS,False,0.6692794687036606
FOS,VBY-825,False,0.4015676812221964
FOS,PACLITAXEL,True,0.03650615283838149
FOS,URSODIOL,True,0.2509798007638728
FOS,PILOCARPINE HYDROCHLORIDE,True,0.211351411169577
FOS,THROMBIN,True,0.1673198671759151
FOS,BROMOCRIPTINE,True,0.1295379616845794
FOS,NIMODIPINE,True,0.211351411169577
FOS,COMPOUND (R)-26 [PMID: 22686657],False,1.003919203055491
FOS,PETESICATIB,False,0.6692794687036606
FOS,ODANACATIB,False,0.6692794687036606
FOS,COMPOUND 4D [PMID: 38746883],False,1.003919203055491
FOS,SAPONIN,False,0.8031353624443928
FOS,K777,False,0.5019596015277455
FOS,PROTEIN KINASE A INHIBITOR,False,4.015676812221964
FOS,DAIDZEIN,False,0.211351411169577
FOS,TETRADECANOYLPHORBOL ACETATE,False,0.08729732200482532
FOS,RECOMBINANT INTERFERON BETA,False,2.007838406110982
FOS,PHENOBARBITAL,True,0.1056757055847885
FOS,MITOGEN-ACTIVATED PROTEIN KINASE INHIBITOR,False,0.5736681160317092
FOS,IMMUNOTHERAPEUTIC AGENT,False,0.4015676812221964
FOS,BACLOFEN,True,0.4015676812221964
CACNA1H,FLUNARIZINE,False,0.4414697552548459
CACNA1H,IMAGABALIN,False,0.04669391642118563
CACNA1H,SULOCTIDIL,True,0.04669391642118563
CACNA1H,GABAPENTIN ENACARBIL,True,0.04496451210928986
CACNA1H,ABT-639,False,0.4046806089836087
CACNA1H,CELECOXIB,True,0.03624005453584556
CACNA1H,MIBEFRADIL,False,0.1428284502295089
CACNA1H,SODIUM BICARBONATE,True,0.6070209134754131
CACNA1H,ABT-639,False,2.428083653901652
CACNA1H,PHLOROGLUCINOL,True,0.04669391642118563
CACNA1H,MIBEFRADIL DIHYDROCHLORIDE,True,0.1734345467072609
CACNA1H,PHENSUXIMIDE,True,0.4046806089836087
CACNA1H,Z944,False,0.4046806089836087
CACNA1H,PIMOZIDE,True,0.03570711255737724
CACNA1H,CHEMBL:CHEMBL526952,False,0.6070209134754131
CACNA1H,NAFTOPIDIL,True,0.2023403044918043
CACNA1H,CHEMBL:CHEMBL592106,False,0.4046806089836087
CACNA1H,LAMOTRIGINE,True,0.1103674388137114
CACNA1H,ATAGABALIN,False,0.04669391642118563
CACNA1H,EFONIDIPINE,False,0.6070209134754131
CACNA1H,TERODILINE HYDROCHLORIDE,True,0.03916263957905891
CACNA1H,CHEMBL:CHEMBL592566,False,1.214041826950826
CACNA1H,ML218,False,0.4046806089836087
CACNA1H,APINOCALTAMIDE,False,0.4046806089836087
CACNA1H,FLUNARIZINE DIHYDROCHLORIDE,False,0.2428083653901652
CACNA1H,CHEMBL:CHEMBL374632,False,0.1103674388137114
CACNA1H,ZONISAMIDE,True,0.04856167307803304
CACNA1H,CHEMBL:CHEMBL533602,False,0.1011701522459021
CACNA1H,PARAMETHADIONE,True,0.4046806089836087
CACNA1H,CHEMBL:CHEMBL1570199,False,1.214041826950826
CACNA1H,BEPRIDIL HYDROCHLORIDE,True,0.04669391642118563
CACNA1H,OXATOMIDE,True,0.2023403044918043
CACNA1H,SUVECALTAMIDE,False,0.4856167307803304
CACNA1H,ACT-709478,False,0.4046806089836087
CACNA1H,TTA-A2,False,0.4046806089836087
CACNA1H,METHSUXIMIDE,True,0.4046806089836087
CACNA1H,PREGABALIN,True,0.04669391642118563
CACNA1H,ANANDAMIDE,False,0.07587761418442664
CACNA1H,GABAPENTIN,True,0.03035104567377065
CACNA1H,ETHOSUXIMIDE,True,0.7284250961704957
CACNA1H,NI2+,False,0.3035104567377065
CACNA1H,TRIMETHADIONE,True,0.3035104567377065
CACNA1H,ELLIPTECINE,False,0.03793880709221332
ERBB2,MM-111,False,0.6824025955409873
ERBB2,TRASTUZUMAB,True,0.4675721487966024
ERBB2,PERTUZUMAB,True,0.4691517844344287
ERBB2,FULVESTRANT,True,0.04094415573245923
ERBB2,IL-12,False,0.07582251061566525
ERBB2,ADO-TRASTUZUMAB EMTANSINE,True,0.1605653165978793
ERBB2,MARGETUXIMAB,True,0.4094415573245923
ERBB2,POZIOTINIB,False,0.1706006488852468
ERBB2,BMS-599626,False,0.3412012977704936
ERBB2,CETUXIMAB,True,0.009221656696499828
ERBB2,LAPATINIB,True,0.3632142847234287
ERBB2,LETROZOLE,True,0.03791125530783262
ERBB2,ABEMACICLIB,True,0.05387388912165689
ERBB2,ALLITINIB,False,0.1706006488852468
ERBB2,TIPIRACIL / TRIFLURIDINE,False,0.1706006488852468
ERBB2,PLATINUM COMPOUND,False,0.0426501622213117
ERBB2,T-DM1,False,0.3412012977704936
ERBB2,TESEVATINIB,False,0.1137337659234978
ERBB2,ANTINEOPLASTIC AGENT,False,0.04874304253864196
ERBB2,AFATINIB,True,0.246423159500912
ERBB2,RIBOCICLIB,True,0.03791125530783262
ERBB2,ANASTROZOLE,True,0.02624625367465336
ERBB2,TAK-285,False,0.3412012977704936
ERBB2,PALBOCICLIB,True,0.02007066457473492
ERBB2,CP-724714,False,0.6824025955409873
ERBB2,BMS-690514,False,0.1706006488852468
ERBB2,TUCATINIB,True,0.2559009733278702
ERBB2,IRINOTECAN HYDROCHLORIDE,True,0.005415893615404661
ERBB2,PELITINIB,False,0.1706006488852468
ERBB2,PEMBROLIZUMAB,True,0.02067886653154507
ERBB2,NVP-TAE684,False,0.003312633958936831
ERBB2,CEDIRANIB,False,0.006092880317330245
ERBB2,ZENOCUTUZUMAB,False,0.3412012977704936
ERBB2,ANTI-EGFR/HER2/HER3 MONOCLONAL ANTIBODY MIXTURE SYM013,False,0.1137337659234978
ERBB2,NIVOLUMAB,True,0.01312312683732668
ERBB2,KADCYLA,False,0.3412012977704936
ERBB2,HSP90 INHIBITOR,False,0.3412012977704936
ERBB2,HER2 ECD+TM VIRUS-LIKE REPLICON PARTICLES VACCINE AVX901,False,0.3412012977704936
ERBB2,PILARALISIB,False,0.02007066457473492
ERBB2,TARLOXOTINIB,False,0.08530032444262341
ERBB2,DACOMITINIB ANHYDROUS,True,0.4549350636939915
ERBB2,CAPIVASERTIB,True,0.03412012977704936
ERBB2,HER2-TARGETED LIPOSOMAL DOXORUBICIN HYDROCHLORIDE MM-302,False,0.3412012977704936
ERBB2,ALPELISIB,True,0.01895562765391631
ERBB2,GANCOTAMAB,False,0.1706006488852468
ERBB2,PACLITAXEL,True,0.003101829979731761
ERBB2,ERTUMAXOMAB,False,0.2274675318469957
ERBB2,VARLITINIB,False,0.5118019466557405
ERBB2,CIPATINIB,False,0.1706006488852468
ERBB2,MULTI-NEO-EPITOPE VACCINE OSE 2101,False,0.08530032444262341
ERBB2,TAMATINIB,False,0.004212361700870292
ERBB2,EPIRUBICIN,True,0.01895562765391631
ERBB2,PLUMBAGIN,False,0.05249250734930672
ERBB2,ROMIDEPSIN,True,0.02437152126932098
ERBB2,CANERTINIB,False,0.1462291276159258
ERBB2,GO-6976,False,0.007934913901639388
ERBB2,BMS-599626,False,0.2047207786622961
ERBB2,EVEROLIMUS,True,0.05017666143683731
ERBB2,NERATINIB MALEATE,True,0.2274675318469957
ERBB2,TALAZOPARIB,True,0.02437152126932098
ERBB2,PD-98059,False,0.01844331339299965
ERBB2,DOCETAXEL ANHYDROUS,True,0.004110859009283056
ERBB2,CENISERTIB,False,0.002891536421783844
ERBB2,NAKIJIQUINONES H,False,0.6824025955409873
ERBB2,FAM-TRASTUZUMAB DERUXTECAN-NXKI,True,0.3412012977704936
ERBB2,AEE788,False,0.04874304253864196
ERBB2,DIMETHYLCURCUMIN,False,0.1364805191081974
ERBB2,PROTEASE INHIBITOR,False,0.03412012977704936
ERBB2,AV-412,False,0.3412012977704936
ERBB2,NAKIJIQUINONE I,False,0.6824025955409873
ERBB2,AEE-788,False,0.05686688296174894
ERBB2,ANTI-HER2 ANTIBODY-DRUG CONJUGATE MEDI4276,False,0.3412012977704936
ERBB2,DIETHYLSTILBESTROL,True,0.02067886653154507
ERBB2,ZOLEDRONIC ACID ANHYDROUS,True,0.02274675318469957
ERBB2,MECHLORETHAMINE,True,0.06203659959463521
ERBB2,AFATINIB DIMALEATE,True,0.1137337659234978
ERBB2,MASOPROCOL,True,0.0217788062406698
ERBB2,BLARCAMESINE,False,0.1137337659234978
ERBB2,IBRUTINIB,True,0.01003533228736746
ERBB2,ADJUVANT,False,0.06824025955409874
ERBB2,ZANIDATAMAB,False,0.3412012977704936
ERBB2,ELACESTRANT,True,0.1706006488852468
ERBB2,AKT INHIBITOR MK2206,False,0.09748608507728392
ERBB2,PAN-HER KINASE INHIBITOR AC480,False,0.08530032444262341
ERBB2,VORINOSTAT,True,0.01218576063466049
ERBB2,KBP5209,False,0.08530032444262341
ERBB2,GW843682X,False,0.008748751224884452
ERBB2,SAPITINIB,False,0.1462291276159258
ERBB2,TUXOBERTINIB,False,0.08530032444262341
ERBB2,SOTRASTAURIN,False,0.005593463897876945
ERBB2,DASATINIB ANHYDROUS,True,0.004489490760138074
ERBB2,ERIBULIN MESYLATE,True,0.02843344148087447
ERBB2,PYROTINIB,False,0.1706006488852468
ERBB2,MULTIKINASE INHIBITOR AEE788,False,0.1137337659234978
ERBB2,TAMOXIFEN,True,0.02624625367465336
ERBB2,GLYCOOPTIMIZED TRASTUZUMAB-GEX,False,0.3412012977704936
ERBB2,ALISERTIB,False,0.007108360370218618
ERBB2,TRASTUZUMAB DUOCARMAZINE,False,0.3412012977704936
ERBB2,MEK INHIBITOR I,False,0.1137337659234978
ERBB2,ALITRETINOIN,True,0.03249536169242796
ERBB2,NAKIJIQUINONES G,False,0.6824025955409873
ERBB2,ANTHRAQUINONE,False,0.3412012977704936
ERBB2,GREEN TEA EXTRACT,False,0.3412012977704936
ERBB2,CIMAGLERMIN ALFA,False,0.1137337659234978
ERBB2,URACIL,False,0.1706006488852468
ERBB2,METHYLCURCUMIN,False,0.1706006488852468
ERBB2,FLOXURIDINE,True,0.04874304253864196
ERBB2,HYDROCORTISONE BUTYRATE,True,0.01624768084621398
ERBB2,GANCICLOVIR,True,0.08530032444262341
ERBB2,MOMELOTINIB,True,0.02624625367465336
ERBB2,EXEMESTANE,True,0.02132508111065585
ERBB2,GEMCITABINE,True,0.007417419516749862
ERBB2,NERATINIB,True,0.5686688296174894
ERBB2,SACITUZUMAB GOVITECAN,True,0.03791125530783262
ERBB2,MUBRITINIB,False,0.3412012977704936
ERBB2,MDX-210,False,0.1706006488852468
ERBB2,JNJ-26483327,False,0.07582251061566525
ERBB2,VANDETANIB,True,0.005882780996042993
ERBB2,ROCILETINIB,False,0.08530032444262341
ERBB2,GEFITINIB,True,0.03564789678199188
ERBB2,TYRPHOSTIN AG 879,False,0.03791125530783262
ERBB2,CANERTINIB DIHYDROCHLORIDE,False,0.1364805191081974
ERBB2,CARBOPLATIN,True,0.01190237085245908
ERBB2,CRIZOTINIB,True,0.01364805191081974
ERBB2,NELIPEPIMUT-S,False,0.3412012977704936
ERBB2,MP-412,False,0.1137337659234978
ERBB2,S-222611,False,0.3412012977704936
ERBB2,ANVATABART OPADOTIN,False,0.02132508111065585
ERBB2,KN-026,False,0.3412012977704936
ERBB2,ILORASERTIB,False,0.002941390498021496
ERBB2,CAPECITABINE,True,0.01338044304982328
ERBB2,LAPULEUCEL-T,False,0.3412012977704936
ERBB2,OLAPARIB,True,0.01483483903349972
ERBB2,HEMAY-022,False,0.3412012977704936
ERBB2,TRIFLURIDINE,True,0.1137337659234978
ERBB2,NONSTEROIDAL ANTIINFLAMMATORY DRUG,False,0.04014132914946984
ERBB2,(R)-STU104,False,0.3412012977704936
ERBB2,CUDC-101,False,0.09748608507728392
ERBB2,OSIMERTINIB,True,0.04874304253864196
ERBB2,CHLORAMBUCIL,True,0.06824025955409872
ERBB2,SIROLIMUS,True,0.005882780996042993
ERBB2,CURCUMIN,True,0.01033943326577253
ERBB2,TIPIFARNIB,False,0.07582251061566525
ERBB2,PICTILISIB,False,0.01033943326577253
ERBB2,EMODIN,False,0.02624625367465336
ERBB2,VACCINE ADJUVANT,False,0.6824025955409873
ERBB2,THERAPEUTIC AUTOLOGOUS DENDRITIC CELLS,False,0.3412012977704936
ERBB2,TBO-FILGRASTIM,True,0.3412012977704936
ERBB2,VITAMIN E,True,0.0426501622213117
ERBB2,TIPIRACIL,True,0.3412012977704936
ERBB2,EPIGALLOCATECHIN-3-GALLATE,False,0.03791125530783262
ERBB2,ERLOTINIB,True,0.01218576063466049
ERBB2,IXABEPILONE,True,0.0310182997973176
TP53,VEMURAFENIB,True,0.009364469963923499
TP53,CHEMBL:CHEMBL602150,False,0.02887378238876412
TP53,CHEMBL:CHEMBL201325,False,0.01154951295550564
TP53,CHK1 INHIBITOR GDC-0575,False,0.2309902591101129
TP53,FENTICLOR,False,0.006078691029213499
TP53,PACLITAXEL,True,0.006299734339366717
TP53,CHEMBL:CHEMBL85194,False,0.01924918825917608
TP53,ERLOTINIB,True,0.004124826055537731
TP53,CHEMBL:CHEMBL408563,False,0.02309902591101129
TP53,HEXACHLOROPHENE,True,0.002816954379391621
TP53,BORTEZOMIB,True,0.001358766230059488
TP53,IL-27 SUBUNIT &ALPHA;,False,0.2309902591101129
TP53,CHEMBL:CHEMBL195350,False,0.05774756477752824
TP53,PHA-680632,False,0.2309902591101129
TP53,CHEMBL:CHEMBL1389794,False,0.02309902591101129
TP53,SERTRALINE HYDROCHLORIDE,True,0.01154951295550564
TP53,CHEMBL:CHEMBL99408,False,0.05774756477752824
TP53,THIMEROSAL,True,0.005021527371958978
TP53,ABIRATERONE ACETATE,True,0.01649930422215092
TP53,TRICLOCARBAN,False,0.01649930422215092
TP53,ENZALUTAMIDE,True,0.01443689119438206
TP53,ALRIZOMADLIN,False,0.1732426943325847
TP53,THIOUREIDOBUTYRONITRILE,False,0.3464853886651694
TP53,VENETOCLAX,True,0.02099911446455572
TP53,PIMASERTIB,False,0.02887378238876412
TP53,EPIRUBICIN,True,0.01924918825917608
TP53,MDM2 INHIBITOR AMGMDS3,False,0.1154951295550564
TP53,SULCONAZOLE NITRATE,True,0.03849837651835216
TP53,TYRPHOSTIN A9,False,0.005249778616138931
TP53,GOSSYPOL,False,0.00721844559719103
TP53,LAPACHONE,False,0.004442120367502173
TP53,CHEMBL:CHEMBL592123,False,0.02887378238876412
TP53,AZD6482,False,0.0256655843455681
TP53,SP600125,False,0.05774756477752824
TP53,SELICICLIB,False,0.03849837651835216
TP53,AZACITIDINE,True,0.008662134716629235
TP53,CHEMBL:CHEMBL410484,False,0.01443689119438206
TP53,CHEMBL:CHEMBL1241268,False,0.2309902591101129
TP53,ALK INHIBITOR TAE684,False,0.05774756477752824
TP53,SN-38,False,0.01649930422215092
TP53,METHYLENE BLUE,False,0.01283279217278405
TP53,CINNARIZINE,True,0.02099911446455572
TP53,"PAROXETINE HYDROCHLORIDE, HEMIHYDRATE",True,0.004619805182202259
TP53,IBRUTINIB,True,0.01358766230059488
TP53,CABOZANTINIB S-MALATE,True,0.01049955723227786
TP53,CAPIVASERTIB,True,0.02309902591101129
TP53,TAMOXIFEN,True,0.003553696294001737
TP53,PF-04217903,False,0.07699675303670432
TP53,DOCETAXEL ANHYDROUS,True,0.004174522755002042
TP53,GALLIC ACID,False,0.00962459412958804
TP53,KINETIN RIBOSIDE,False,0.02887378238876412
TP53,MASOPROCOL,True,0.002457343182022478
TP53,CHEMBL:CHEMBL259422,False,0.1154951295550564
TP53,INDOPROFEN,True,0.00962459412958804
TP53,LONTUCIREV,False,0.1154951295550564
TP53,SANGUINARIUM,False,0.004619805182202259
TP53,"7,8-DIHYDROXYFLAVONE",False,0.01443689119438206
TP53,CISPLATIN,True,0.01335657960840789
TP53,3-METHOXYCATECHOL,False,0.01154951295550564
TP53,EPRENETAPOPT,False,1.039456165995508
TP53,NAVITOCLAX,False,0.02165533679157309
TP53,CHEMBL:CHEMBL582473,False,0.03849837651835216
TP53,CHEMBL:CHEMBL407501,False,0.1154951295550564
TP53,PYRITHIONE ZINC,True,0.006416396086392026
TP53,IDASANUTLIN,False,0.1539935060734086
TP53,ASTEMIZOLE,True,0.00721844559719103
TP53,DOPAMINE,True,0.003982590674312292
TP53,HOMIDIUM BROMIDE,False,0.003982590674312292
TP53,SUNITINIB,True,0.00481229706479402
TP53,INDIRUBIN-3'-MONOXIME,False,0.006078691029213499
TP53,DECITABINE,True,0.00962459412958804
TP53,TRIFLUPROMAZINE,True,0.01443689119438206
TP53,CHEMBL:CHEMBL591618,False,0.02309902591101129
TP53,TOPICAL CORTICOSTEROID,False,0.07699675303670432
TP53,METHIMAZOLE,True,0.01099953614810061
TP53,DENDRITIC CELL VACCINE,False,0.05774756477752824
TP53,TRIACETYLRESVERATROL,False,0.05774756477752824
TP53,CHEMBL:CHEMBL154580,False,0.01049955723227786
TP53,BRIGATINIB,True,0.02099911446455572
TP53,CHEMBL:CHEMBL406557,False,0.01443689119438206
TP53,EMODIN,False,0.004442120367502173
TP53,VESNARINONE,False,0.02887378238876412
TP53,REBEMADLIN,False,0.4619805182202259
TP53,NUTLIN-3,False,0.2887378238876412
TP53,DIMETHYL GAMBOGATE,False,0.02309902591101129
TP53,IOXYNIL,False,0.03849837651835216
TP53,IRINOTECAN HYDROCHLORIDE,True,0.005499768074050308
TP53,CHEMBL:CHEMBL601140,False,0.02887378238876412
TP53,APOMORPHINE,True,0.004277597390928017
TP53,CHEMBL:CHEMBL184450,False,0.008249652111075463
TP53,IDELALISIB,True,0.0256655843455681
TP53,TRAMETINIB DIMETHYL SULFOXIDE,True,0.004914686364044956
TP53,BENDAMUSTINE,True,0.07699675303670432
TP53,CLIOQUINOL,True,0.006416396086392026
TP53,PUROMYCIN,False,0.0256655843455681
TP53,TRIFLOXYSTROBIN,False,0.03849837651835216
TP53,METHYL ROBUSTONE,False,0.02309902591101129
TP53,MPI-0479605,False,0.07699675303670432
TP53,IPILIMUMAB,True,0.01539935060734086
TP53,OLAPARIB,True,0.007532291057938466
TP53,CLEMASTINE,True,0.01154951295550564
TP53,TEROXIRONE,False,0.02309902591101129
TP53,CHEMBL:CHEMBL177809,False,0.02887378238876412
TP53,FLUPENTHIXOL,False,0.007699675303670432
TP53,SELUMETINIB,True,0.01049955723227786
TP53,OLEAMIDE,False,0.05774756477752824
TP53,P53-HDM2 INTERACTION INHIBITOR MI-773,False,0.2694886356284651
TP53,METHYLBENZETHONIUM CHLORIDE,False,0.01924918825917608
TP53,CHEMBL:CHEMBL587620,False,0.02309902591101129
TP53,MERCURIC CHLORIDE,False,0.005774756477752823
TP53,RITUXIMAB,True,0.03208198043196013
TP53,CHEMBL:CHEMBL578890,False,0.03849837651835216
TP53,CYTARABINE,True,0.002887378238876411
TP53,OSIMERTINIB,True,0.01649930422215092
TP53,FLAVANONE,False,0.01443689119438206
TP53,RALOXIFENE HYDROCHLORIDE,True,0.002309902591101129
TP53,PIMOZIDE,True,0.00339691557514872
TP53,AMOXAPINE,True,0.007699675303670432
TP53,ONONIN,False,0.02309902591101129
TP53,TARENFLURBIL,False,0.01924918825917608
TP53,FANCHININ,False,0.02887378238876412
TP53,MDM2 ANTAGONIST RO6839921,False,0.1154951295550564
TP53,VITAMIN K3,True,0.003982590674312292
TP53,CHEMBL:CHEMBL1702181,False,0.1154951295550564
TP53,CYAZOFAMID,False,0.05774756477752824
TP53,CHEMBL:CHEMBL596633,False,0.01049955723227786
TP53,NAVTEMADLIN,False,0.09624594129588039
TP53,[3H]GBR12935,False,0.01649930422215092
TP53,RIMCAZOLE,False,0.01924918825917608
TP53,VORINOSTAT,True,0.008249652111075463
TP53,CHEMBL:CHEMBL1333386,False,0.01649930422215092
TP53,EZABENLIMAB,False,0.1154951295550564
TP53,CLOTRIMAZOLE,True,0.006242979975948999
TP53,PERPHENAZINE,True,0.004442120367502173
TP53,FULVESTRANT,True,0.009239610364404518
TP53,PALBOCICLIB,True,0.004529220766864959
TP53,TANESPIMYCIN,False,0.02665272220501303
TP53,GENISTEIN,True,0.001991295337156146
TP53,ETHOPROPAZINE HYDROCHLORIDE,True,0.01649930422215092
TP53,SULANEMADLIN,False,0.1154951295550564
TP53,CHEMBL:CHEMBL528807,False,0.03849837651835216
TP53,HDM2 INHIBITOR MK-8242,False,0.1154951295550564
TP53,CRIZOTINIB,True,0.02309902591101129
TP53,FENOFIBRATE MICRONIZED,True,0.008884240735004345
TP53,OCHRATOXIN A,False,0.01283279217278405
TP53,IODOQUINOL,True,0.01283279217278405
TP53,NEBULARINE,False,0.05774756477752824
TP53,JQ1,False,0.04619805182202258
TP53,PEMBROLIZUMAB,True,0.01399940964303714
TP53,DICHLOROPHEN,False,0.006416396086392026
TP53,LEVONORGESTREL,True,0.03299860844430185
TP53,CHEMBL:CHEMBL261693,False,0.02309902591101129
TP53,ZANUBRUTINIB,True,0.1154951295550564
TP53,IL-12,False,0.0256655843455681
TP53,SB 224289,False,0.00962459412958804
TP53,OXALIPLATIN,True,0.009118036543820249
TP53,CHEMBL:CHEMBL422942,False,0.03849837651835216
TP53,ECONAZOLE NITRATE,True,0.008249652111075463
TP53,CHEMBL:CHEMBL429335,False,0.02309902591101129
TP53,2-IODOACETAMIDE,False,0.008249652111075463
TP53,CHEMBL:CHEMBL267160,False,0.02887378238876412
TP53,CAULIBUGULONE C,False,0.03849837651835216
TP53,CHEMBL:CHEMBL271023,False,0.01924918825917608
TP53,INOSITOL,True,0.01539935060734086
TP53,ALECTINIB,True,0.04619805182202258
TP53,MAGROLIMAB,False,0.05774756477752824
TP53,PAZOPANIB,True,0.008104921372284666
TP53,MICHLER'S KETONE,False,0.01283279217278405
TP53,CHEMBL:CHEMBL260213,False,0.01924918825917608
TP53,THIOTEPA,True,0.02309902591101129
TP53,KU-60019,False,0.05774756477752824
TP53,CHEMBL:CHEMBL528712,False,0.03849837651835216
TP53,THIORIDAZINE,True,0.003982590674312292
TP53,BENZALKONIUM CHLORIDE,True,0.05774756477752824
TP53,BAICALEIN,False,0.004619805182202259
TP53,DABRAFENIB,True,0.01711038956371207
TP53,CAULIBUGULONE D,False,0.05774756477752824
TP53,CHEMBL:CHEMBL16685,False,0.05774756477752824
TP53,CHEMBL:CHEMBL261118,False,0.03849837651835216
TP53,KRESOXIM-METHYL,False,0.03849837651835216
TP53,MELPHALAN,True,0.005774756477752823
TP53,CHEMBL:CHEMBL259784,False,0.01924918825917608
TP53,(R)-INDOPROFEN,False,0.1154951295550564
TP53,PENTACHLOROPHENOL,False,0.008249652111075463
TP53,ATRACTYLENOLIDE I,False,0.2309902591101129
TP53,CONTUSUGENE LADENOVEC,False,0.2309902591101129
TP53,CYCLOPHOSPHAMIDE ANHYDROUS,True,0.005703463187904024
TP53,CHEMBL:CHEMBL1522984,False,0.02309902591101129
TP53,TAMOXIFEN CITRATE,True,0.006078691029213499
TP53,NORTRIPTYLINE,True,0.003609222798595515
TP53,NIGULDIPINE,False,0.01443689119438206
TP53,BENZO(K)FLUORANTHENE,False,0.01154951295550564
TP53,R547,False,0.03299860844430185
TP53,BENZO[B]FLUORANTHENE,False,0.01649930422215092
TP53,LORLATINIB,True,0.02665272220501303
TP53,RUXOLITINIB,True,0.01443689119438206
TP53,STREPTONIGRIN,False,0.01154951295550564
TP53,RECOMBINANT VASCULAR ENDOTHELIAL GROWTH FACTOR,False,0.02474895633322639
TP53,CHEMBL:CHEMBL1346468,False,0.05774756477752824
TP53,RS-39604,False,0.03849837651835216
TP53,CHEMBL:CHEMBL530049,False,0.01283279217278405
TP53,ALEMTUZUMAB,True,0.03849837651835216
TP53,SELINEXOR,True,0.04619805182202258
TP53,CHEMBL:CHEMBL600347,False,0.1154951295550564
TP53,CADMIUM DICHLORIDE,False,0.01049955723227786
TP53,PATULIN,False,0.0256655843455681
TP53,DINOSEB,False,0.02887378238876412
TP53,AURORA KINASE INHIBITOR AMG 900,False,0.05774756477752824
TP53,CHEMBL:CHEMBL578512,False,0.003982590674312292
TP53,MULTI-NEO-EPITOPE VACCINE OSE 2101,False,0.02887378238876412
TP53,CHEMBL:CHEMBL599088,False,0.05774756477752824
TP53,"2,6-DIMETHOXYQUINONE",False,0.01649930422215092
TP53,CHEMBL:CHEMBL265686,False,0.02887378238876412
TP53,SAPANISERTIB,True,0.01506458211587693
TP53,PROPYLTHIOURACIL,True,0.01154951295550564
TP53,CIS-RESVERATROL,False,0.01649930422215092
TP53,CHLORAMBUCIL,True,0.01154951295550564
TP53,CHEMBL:CHEMBL198759,False,0.04619805182202258
TP53,RG7112,False,0.2309902591101129
TP53,ADAVOSERTIB,False,0.05362273872199051
TP53,TRIFLURIDINE,True,0.07699675303670432
TP53,PRODIGIOSIN,False,0.1154951295550564
TP53,MITOMYCIN,True,0.00962459412958804
TP53,CHLORFENAPYR,False,0.02887378238876412
TP53,(S)-FLUOXETINE,False,0.01283279217278405
TP53,CHIR-124,False,0.2309902591101129
TP53,RECOMBINANT MONOCYTE CHEMOATTRACTANT PROTEIN-1,False,0.02887378238876412
TP53,OBINUTUZUMAB,True,0.07699675303670432
TP53,CHEMBL:CHEMBL1801219,False,0.2309902591101129
TP53,LOPERAMIDE,True,0.00962459412958804
TP53,METHOTREXATE,True,0.002099911446455572
TP53,MERCAPTOPURINE,True,0.00256655843455681
TP53,POTASSIUM DICHROMATE,False,0.02309902591101129
TP53,ELLIPTECINE,False,0.003609222798595515
TP53,BUPARLISIB,False,0.009239610364404518
TP53,TRANSFERRIN RECEPTOR-TARGETED LIPOSOMAL P53 CDNA,False,0.1154951295550564
TP53,BENOMYL,False,0.1154951295550564
TP53,ZIRAM,False,0.008884240735004345
TP53,ZINC CHLORIDE,True,0.04619805182202258
TP53,CHEMBL:CHEMBL374632,False,0.01049955723227786
TP53,AZATHIOPRINE,True,0.003039345514606749
TP53,CAULIBUGULONE B,False,0.03849837651835216
TP53,CHEMBL:CHEMBL591126,False,0.01049955723227786
TP53,TRIAMTERENE,True,0.006416396086392026
TP53,N6-BENZYLADENOSINE,False,0.1154951295550564
TP53,TEPRASIRAN,False,0.1154951295550564
TP53,NICLOSAMIDE,True,0.004277597390928017
TP53,LUXEPTINIB,False,0.02887378238876412
TP53,CHEMBL:CHEMBL405914,False,0.02309902591101129
TP53,CHEMBL:CHEMBL259615,False,0.01283279217278405
TP53,CLOFOCTOL,False,0.01924918825917608
TP53,FUROXAN,False,0.02309902591101129
TP53,SALMETEROL XINAFOATE,True,0.01649930422215092
TP53,CHEMBL:CHEMBL600334,False,0.03849837651835216
TP53,"1,10-PHENANTHROLINE",False,0.005499768074050308
TP53,ENALAPRIL MALEATE,True,0.01215738205842699
TP53,SIROLIMUS,True,0.003982590674312292
TP53,P53 Y220C MUTANT REACTIVATOR PC14586,False,0.1154951295550564
TP53,"(R,S)-INDATRALINE",False,0.01049955723227786
TP53,PIPERLONGUMINE,False,0.01283279217278405
TP53,ALPELISIB,True,0.006416396086392026
TP53,COTI-2,False,0.1154951295550564
TP53,CHEMBL:CHEMBL2002487,False,0.01049955723227786
TP53,IFOSFAMIDE,True,0.01649930422215092
TP53,GANETESPIB,False,0.02887378238876412
TP53,TEMOZOLOMIDE,True,0.01649930422215092
TP53,MITOXANTRONE,True,0.002624889308069465
TP53,CHEMBL:CHEMBL601757,False,0.00481229706479402
TP53,M8891,False,0.05774756477752824
TP53,RHODOMYRTOXIN B,False,0.05774756477752824
TP53,VANOXERINE,False,0.005774756477752823
TP53,PYRACLOSTROBIN,False,0.02309902591101129
TP53,DIETHYLSTILBESTROL,True,0.006999704821518574
TP53,TRANILAST,False,0.01049955723227786
TP53,CHEMBL:CHEMBL444376,False,0.01924918825917608
TP53,OLVANIL,False,0.01924918825917608
TP53,CHEMBL:CHEMBL260560,False,0.01443689119438206
TP53,TERPYRIDINE,False,0.01443689119438206
TP53,CHEMBL:CHEMBL582715,False,0.05774756477752824
TP53,A77636,False,0.01924918825917608
TP53,DNA VACCINE,False,0.04619805182202258
TP53,PF-00477736,False,0.05774756477752824
TP53,SAR-405838,False,0.1154951295550564
TP53,CHEMBL:CHEMBL260028,False,0.02309902591101129
TP53,CHLORANIL,False,0.007699675303670432
TP53,PHENYLMERCURIC ACETATE,False,0.005774756477752823
TP53,CHEMBL:CHEMBL405317,False,0.02887378238876412
TP53,CHEMBL:CHEMBL260451,False,0.02309902591101129
TP53,MITOXANTRONE HYDROCHLORIDE,True,0.003609222798595515
TP53,NSC-663284,False,0.01649930422215092
TP53,BOMEDEMSTAT,False,0.05774756477752824
TP53,MANGOSTIN,False,0.01154951295550564
TP53,BEVACIZUMAB,True,0.008662134716629235
TP53,PIRTOBRUTINIB,True,0.05774756477752824
TP53,NIVOLUMAB,True,0.008884240735004345
TP53,CHEMBL:CHEMBL1397308,False,0.02309902591101129
TP53,CHEMBL:CHEMBL599100,False,0.02309902591101129
TP53,FLUPHENAZINE HYDROCHLORIDE,True,0.005249778616138931
TP53,CHLORPROMAZINE,True,0.003121489987974499
TP53,CETUXIMAB,True,0.003121489987974499
TP53,GARLIC,False,0.02309902591101129
TP53,ALPHA-NAPHTHOFLAVONE,False,0.01649930422215092
TP53,AHPN,False,0.01649930422215092
TP53,SAPONIN,False,0.04619805182202258
TP53,FAS LIGAND,False,0.01924918825917608
TP53,GEDATOLISIB,False,0.01283279217278405
TP53,AZD7648,False,0.04619805182202258
TP53,NAPABUCASIN,False,0.2309902591101129
TP53,NITAZOXANIDE,True,0.00962459412958804
TP53,CHEMBL:CHEMBL259805,False,0.02887378238876412
TP53,LY3009120,False,0.02309902591101129
TP53,INTERFERON ALFA-2B,True,0.01649930422215092
TP53,CLADRIBINE,True,0.007699675303670432
TP53,TRACAZOLATE,False,0.01443689119438206
TP53,CLOMIPRAMINE,True,0.003039345514606749
TP53,ROBUSTIC ACID,False,0.03849837651835216
TP53,URSODIOL,True,0.01443689119438206
TP53,GLUTARAL,True,0.05774756477752824
TP53,CADMIUM ACETATE,False,0.01443689119438206
TP53,ROTENONE,False,0.01649930422215092
TP53,CHEMBL:CHEMBL429095,False,0.002309902591101129
TP53,CHEMBL:CHEMBL320361,False,0.03849837651835216
TP53,CHEMBL:CHEMBL259421,False,0.01924918825917608
TP53,P53/HDM2 INTERACTION INHIBITOR CGM097,False,0.1539935060734086
TP53,DEOXIEPINEPHRINE,False,0.01924918825917608
TP53,BROXYQUINOLINE,False,0.02309902591101129
TP53,CGP7930,False,0.01649930422215092
TP53,CHEMBL:CHEMBL533226,False,0.008884240735004345
TP53,ABEMACICLIB,True,0.006078691029213499
TP53,ONC201,False,0.05774756477752824
TP53,AZD1390,False,0.03849837651835216
TP53,CHEMBL:CHEMBL563919,False,0.02309902591101129
TP53,CHEMBL:CHEMBL1303948,False,0.01649930422215092
TP53,"L-733,060",False,0.01443689119438206
TP53,SANGUINARINE SULFATE,False,0.008884240735004345
TP53,DS-7423,False,0.01539935060734086
TP53,TRABECTEDIN,True,0.04619805182202258
TP53,DUVELISIB,True,0.01649930422215092
TP53,MECHLORETHAMINE HYDROCHLORIDE,True,0.01924918825917608
TP53,ZM336372,False,0.01649930422215092
TP53,CHEMBL:CHEMBL580421,False,0.01049955723227786
TP53,FLUOROURACIL,True,0.007965181348624584
TP53,IXAZOMIB,True,0.005499768074050308
TP53,CAMPTOTHECIN,True,0.00659972168886037
TP53,GDC-0425,False,0.1154951295550564
TP53,ACALABRUTINIB,True,0.01358766230059488
TP53,CHLOROXINE,True,0.01154951295550564
TP53,PROPACHLOR,False,0.01649930422215092
TP53,CHEMBL:CHEMBL579550,False,0.03849837651835216
TP53,EMBELIN,False,0.007699675303670432
TP53,CHEMBL:CHEMBL421215,False,0.01283279217278405
TP53,CHEMBL:CHEMBL261123,False,0.01924918825917608
TP53,2-AMINOANTHRACENE,False,0.02887378238876412
TP53,DOXORUBICIN LIPOSOME,True,0.03849837651835216
TP53,RIBAVIRIN,True,0.003039345514606749
TP53,CHEMBL:CHEMBL408850,False,0.01049955723227786
TP53,PD166285,False,0.03299860844430185
TP53,GSK2830371,False,0.1154951295550564
TP53,"DIBENZ[A,H]ANTHRACENE",False,0.02309902591101129
TP53,CHELERYTHRINE,False,0.00962459412958804
TP53,FURAZOLIDONE,True,0.03849837651835216
TP53,CHEMBL:CHEMBL599943,False,0.02309902591101129
TP53,RS-17053,False,0.01283279217278405
TP53,CLOFIBRATE,True,0.01443689119438206
TP53,SR59230A,False,0.01924918825917608
TP53,CHEMBL:CHEMBL428789,False,0.007699675303670432
TP53,TEBUFENPYRAD,False,0.05774756477752824
TP53,SB 206553,False,0.008249652111075463
TP53,CHEMBL:CHEMBL1214407,False,0.02887378238876412
TP53,TOPOTECAN HYDROCHLORIDE,True,0.00962459412958804
TP53,QUINALIZARIN,False,0.007699675303670432
TP53,BRIGIMADLIN,False,0.2309902591101129
TP53,ENCORAFENIB,True,0.01283279217278405
TP53,HYDRALAZINE,True,0.005774756477752823
TP53,ALEXIDINE DIHYDROCHLORIDE,False,0.02887378238876412
TP53,CARBENDAZIM,False,0.03849837651835216
TP53,PLUMBAGIN,False,0.008884240735004345
TP53,THUNBERGINOL B,False,0.01154951295550564
TP53,CHEMBL:CHEMBL227959,False,0.02887378238876412
TP53,DAIDZEIN,False,0.006078691029213499
TP53,PROPARGITE,False,0.02887378238876412
TP53,LENALIDOMIDE,True,0.008884240735004345
TP53,"L-744,832",False,0.1154951295550564
TP53,BENZETHONIUM CHLORIDE,True,0.00721844559719103
TP53,CHEMBL:CHEMBL1494650,False,0.05774756477752824
TP53,BLZ945,False,0.1154951295550564
TP53,PIRARUBICIN,False,0.0256655843455681
TP53,S(+)-APOMORPHINE,False,0.01443689119438206
TP53,CHEMBL:CHEMBL473735,False,0.01924918825917608
TP53,U50488,False,0.02309902591101129
TP53,FENRETINIDE,True,0.004277597390928017
TP53,MPA,False,0.02309902591101129
TP53,CHEMBL:CHEMBL411085,False,0.03849837651835216
TP53,ALVESPIMYCIN,False,0.07699675303670432
TP53,PD-98059,False,0.003121489987974499
TP53,PANITUMUMAB,True,0.01154951295550564
TP53,GEMCITABINE,True,0.007532291057938466
TP53,AXITINIB,True,0.01099953614810061
TP53,TIRAPAZAMINE,False,0.05774756477752824
TP53,PRAMLINTIDE,True,0.01649930422215092
TP53,TRIFLUOPERAZINE,True,0.01154951295550564
TP53,CHEMBL:CHEMBL546170,False,0.01649930422215092
TP53,MUNDULONE,False,0.02887378238876412
TP53,ANISINDIONE,True,0.01924918825917608
TP53,CHEMBL:CHEMBL242171,False,0.01154951295550564
TP53,CAPECITABINE,True,0.00679383115029744
TP53,N-OLEOYLDOPAMINE,False,0.006416396086392026
TP53,CHEMBL:CHEMBL590665,False,0.03849837651835216
TP53,2-CHLOROADENOSINE,False,0.01049955723227786
TP53,CHEMBL:CHEMBL225513,False,0.01443689119438206
TP53,RESVERATROL,True,0.002357043460307275
TP53,CEP-1347,False,0.04619805182202258
TP53,TPCK,False,0.006416396086392026
TP53,WARFARIN,True,0.003499852410759287
TP53,SORAFENIB,True,0.002008610948783591
TP53,"3,4-DICHLOROBENZAMIL",False,0.02887378238876412
TP53,DOXORUBICIN HYDROCHLORIDE,True,0.01092521495791074
TP53,LB-100,False,0.04619805182202258
TP53,SIREMADLIN,False,0.2309902591101129
TP53,ETOPOSIDE,True,0.005973886011468438
TP53,CERALASERTIB,False,0.07699675303670432
TP53,CERITINIB,True,0.02038149345089231
TP53,(Z)-PIPLARTINE,False,0.05774756477752824
TP53,GR 127935,False,0.003982590674312292
TP53,ACEQUINOCYL,False,0.1154951295550564
TP53,PROCHLORPERAZINE,True,0.004124826055537731
TP53,SERDEMETAN,False,0.1154951295550564
TP53,ALT-801,False,0.1154951295550564
TP53,CHEMBL:CHEMBL1343568,False,0.01649930422215092
TP53,MAPROTILINE,True,0.008884240735004345
TP53,AUTOLOGOUS DENDRITIC CELLS TRANSDUCED WITH WILD-TYPE P53 ADENOVIRUS VACCINE,False,0.1154951295550564
TP53,CHLOROTHALONIL,False,0.00962459412958804
TP53,MIRDAMETINIB,False,0.01539935060734086
TP53,SELECTIVE ESTROGEN RECEPTOR MODULATOR,False,0.0256655843455681
TP53,QUINACRINE DIHYDROCHLORIDE,False,0.00962459412958804
TP53,CHEMBL:CHEMBL602922,False,0.1154951295550564
TP53,AZD7762,False,0.04619805182202258
TP53,ANTIMYCIN A,False,0.03849837651835216
TP53,HALOPERIDOL DECANOATE,True,0.003039345514606749
TP53,CARBOPLATIN,True,0.009400766359132503
TP53,BITHIONOL,True,0.00481229706479402
TP53,PHENETHYLISOTHIOCYANATE,False,0.02887378238876412
TP53,CHEMBL:CHEMBL233194,False,0.01924918825917608
TP53,DAUNORUBICIN HYDROCHLORIDE,True,0.003499852410759287
TP53,CHEMBL:CHEMBL545900,False,0.1154951295550564
TP53,GRANISETRON,True,0.01049955723227786
TP53,APG115,False,0.05774756477752824
TP53,CHEMBL:CHEMBL329673,False,0.01049955723227786
TP53,CHEMBL:CHEMBL408653,False,0.01924918825917608
TP53,4-METHOXYDALBERGIONE,False,0.01283279217278405
TP53,DIHYDROGAMBOGIC ACID,False,0.01049955723227786
TP53,METHYLPREDNISOLONE,True,0.01924918825917608
SOX10,VEMURAFENIB,True,1.410913474564473
CARTPT,DEXAMETHASONE,True,0.2456649343947554
CARTPT,"INSULIN, REGULAR, HUMAN",True,0.3939909325198908
CARTPT,THERAPEUTIC CORTICOSTEROID,False,0.4971790338941478
CARTPT,DEXTROAMPHETAMINE SULFATE,True,0.5495136690409003
CARTPT,PROGESTERONE,True,0.3539240580263426
AKT1,TAS0612,False,0.07352647684350073
AKT1,GEDATOLISIB,False,0.05446405692111166
AKT1,IPATASERTIB,False,0.5347380134072782
AKT1,EVEROLIMUS,True,0.04325086873147103
AKT1,PHA-767491,False,0.01114037527931829
AKT1,OMIPALISIB,False,0.03676323842175037
AKT1,GSK-690693,False,0.04325086873147103
AKT1,BARDOXOLONE METHYL,False,0.1838161921087518
AKT1,GSK-269962A,False,0.01671056291897744
AKT1,MK-2201,False,0.2450882561450025
AKT1,UPROSERTIB,False,0.07352647684350073
AKT1,CANERTINIB DIHYDROCHLORIDE,False,0.1470529536870014
AKT1,ANDROGRAPHOLIDE,False,0.490176512290005
AKT1,WORTMANNIN,False,0.05251891203107196
AKT1,XL-418,False,0.1470529536870014
AKT1,BAY-1125976,False,0.3676323842175037
AKT1,CHEMBL:CHEMBL1086397,False,1.470529536870014
AKT1,DESIPRAMINE,True,0.0188529427803848
AKT1,NELFINAVIR,True,0.1225441280725012
AKT1,RESVERATROL,True,0.03001080687489826
AKT1,AKT INHIBITOR VIII,False,0.2941059073740029
AKT1,MIRANSERTIB,False,0.3676323842175037
AKT1,PERIFOSINE,False,0.4411588610610044
AKT1,VEMURAFENIB,True,0.01987202076851371
AKT1,AFURESERTIB,False,0.2100756481242878
AKT1,CANTHIN-6-ONE,False,0.7352647684350074
AKT1,PAN-AKT INHIBITOR ARQ751,False,0.2450882561450025
AKT1,SR-13668,False,0.2450882561450025
AKT1,CHEMBL:CHEMBL480356,False,1.470529536870014
AKT1,FEXAGRATINIB,False,0.09190809605437593
AKT1,ENZASTAURIN,False,0.06127206403625062
AKT1,PIFUSERTIB,False,0.2450882561450025
AKT1,CYC-116,False,0.007580049159123788
AKT1,CLOMIPRAMINE,True,0.01934907285355282
AKT1,DOXEPIN HYDROCHLORIDE,True,0.01671056291897744
AKT1,LY-2780301,False,0.1470529536870014
AKT1,TRIMIPRAMINE,True,0.02228075055863658
AKT1,XL418,False,0.1838161921087518
AKT1,LOVASTATIN,True,0.03770588556076961
AKT1,TOPOTECAN HYDROCHLORIDE,True,0.06127206403625062
AKT1,CEP-11981,False,0.07002521604142928
AKT1,GAMBOGIC AMIDE,False,0.2450882561450025
AKT1,AFURESERTIB HYDROCHLORIDE,False,0.2450882561450025
AKT1,NORTRIPTYLINE,True,0.02297702401359398
AKT1,GIGANTOL,False,1.470529536870014
AKT1,DABRAFENIB,True,0.02723202846055583
AKT1,(2S)-1-(1H-INDOL-3-YL)-3-{[5-(3-METHYL-1H-INDAZOL-5-YL)PYRIDIN-3-YL]OXY}PROPAN-2-AMINE,False,0.1131176566823088
AKT1,FASUDIL,False,0.02535395753224163
AKT1,FULVESTRANT,True,0.02941059073740029
AKT1,NINTEDANIB ESYLATE,True,0.05882118147480059
AKT1,ARCHEXIN,False,0.490176512290005
AKT1,CMX-2043,False,0.3676323842175037
AKT1,AMITRIPTYLINE HYDROCHLORIDE,True,0.01633921707633349
AKT1,SOTRASTAURIN,False,0.01205352079401651
AKT1,5-METHOXYCANTHINONE,False,0.7352647684350074
AKT1,MK-2206,False,0.3676323842175037
AKT1,CHEMBL:CHEMBL257158,False,0.3676323842175037
AKT1,WITHAFERIN A,False,0.1225441280725012
AKT1,LAUROGUADINE,False,0.02625945601553598
AKT1,BMS-754807,False,0.08169608538166749
AKT1,M-2698,False,0.1633921707633349
AKT1,CENISERTIB,False,0.01246211471923741
AKT1,AKT INHIBITOR MK2206,False,0.2625945601553598
AKT1,CI-1040,False,0.04325086873147103
AKT1,LY-294002,False,0.09190809605437593
AKT1,CAPIVASERTIB,True,0.5146853379045052
AKT1,TRICIRIBINE,False,0.3676323842175037
AKT1,TRIFLUOPERAZINE,True,0.0490176512290005
AKT1,EUPALININ A,False,1.470529536870014
AKT1,MONOAMINE OXIDASE INHIBITOR,False,0.02535395753224163
AKT1,TRICIRIBINE PHOSPHATE,False,0.2450882561450025
DSC3,RIPK3 INHIBITOR 18,False,2.610189927944276
DSC3,COMPOUND 66 [PMID: 19788238],False,2.372899934494797
LGR5,FLUOROURACIL,True,1.350098238591867
JUN,NEOCHAMAEJASMIN A,False,2.269730372125457
JUN,NAFRONYL OXALATE,False,0.2269730372125457
JUN,BRUCEANTIN,True,2.269730372125457
JUN,ATOMOXETINE HYDROCHLORIDE,True,0.1418581482578411
JUN,IRISOLIDONE,False,2.269730372125457
JUN,MECHLORETHAMINE HYDROCHLORIDE,True,0.1891441976771214
JUN,CINNARIZINE,True,0.206339124738678
JUN,(-)-CAMPHOR,False,1.134865186062728
JUN,QUINAPRIL HYDROCHLORIDE,True,0.3782883953542429
JUN,TRIFLUPROMAZINE HYDROCHLORIDE,True,0.1891441976771214
JUN,CHEMBL:CHEMBL477052,False,2.269730372125457
JUN,CRIDANIMOD,False,0.2837162965156822
JUN,TROPISETRON,True,0.0756576790708486
JUN,EFLORNITHINE,True,0.206339124738678
JUN,9-ANTHROIC ACID,False,0.2269730372125457
JUN,COLCHICINE,True,0.02182433050120632
JUN,METHIMAZOLE,True,0.05404119933632041
JUN,CARBOXYMETHYL-TRIMETHYL-ARSONIUM,False,1.134865186062728
JUN,PATULIN,False,0.2521922635694953
JUN,BENZO[B]FLUORANTHENE,False,0.1621235980089612
JUN,SERTRALINE HYDROCHLORIDE,True,0.1134865186062728
JUN,GEMFIBROZIL,True,0.1745946440096506
JUN,SODIUM SELENITE,True,1.134865186062728
JUN,CIPROFIBRATE,True,0.5674325930313644
JUN,FENOFIBRATE MICRONIZED,True,0.0872973220048253
JUN,DIPHENHYDRAMINE HYDROCHLORIDE,True,0.2837162965156822
JUN,SANGIVAMYCIN,False,1.134865186062728
JUN,VINBLASTINE SULFATE,True,0.05674325930313644
JUN,ARSENIC TRIOXIDE,True,0.04364866100241265
JUN,BENZENETHIOL,False,0.5674325930313644
JUN,CLOTRIMAZOLE,True,0.06134406411149885
JUN,RETINYLRETINOATE,False,1.134865186062728
JUN,2-MERCAPTOPYRIMIDINE,False,1.134865186062728
JUN,SERGEOLIDE,False,2.269730372125457
JUN,COPPER CHLORIDE,True,1.134865186062728
JUN,CLOFIBRATE,True,0.1418581482578411
JUN,CHEMBL:CHEMBL275260,False,0.2837162965156822
JUN,ISOLIQUIRITIGENIN,False,0.1891441976771214
JUN,HOLACANTHONE,False,2.269730372125457
JUN,AZELASTINE HYDROCHLORIDE,True,0.2837162965156822
JUN,"LIPOIC ACID, ALPHA",False,0.0756576790708486
JUN,BUTINOLINE,False,1.134865186062728
JUN,VINORELBINE TARTRATE,False,0.5674325930313644
JUN,BUPROPION HYDROCHLORIDE,True,0.06675677565074875
JUN,ROTENONE,False,0.1621235980089612
JUN,AMINEPTIN,True,0.3782883953542429
FABP7,CRT 0066101,False,8.700633093147589
FABP7,BPKDI,False,8.700633093147589
HSP90AA1,DAUNORUBICIN HYDROCHLORIDE,True,0.01090988475629791
HSP90AA1,TANESPIMYCIN,False,0.1800130984789156
HSP90AA1,LUMINESPIB,False,0.06000436615963853
HSP90AA1,KEPONE,False,0.03000218307981926
HSP90AA1,ITRACONAZOLE,False,0.1800130984789156
HSP90AA1,CHEMBL:CHEMBL1834096,False,0.7200523939156624
HSP90AA1,CHEMBL:CHEMBL591361,False,0.0900065492394578
HSP90AA1,MONOCILLIN I,False,0.3600261969578312
HSP90AA1,GERONTOXANTHONE I,False,0.0900065492394578
HSP90AA1,NITROXOLINE,False,0.02769432284291009
HSP90AA1,CLIOQUINOL,True,0.02000145538654618
HSP90AA1,TANESPIMYCIN,False,0.304637551272011
HSP90AA1,POMIFERIN,False,0.04000291077309236
HSP90AA1,SULCONAZOLE NITRATE,True,0.120008732319277
HSP90AA1,AUY922,False,0.4800349292771083
HSP90AA1,ALVESPIMYCIN,False,0.3600261969578312
HSP90AA1,CHEMBL:CHEMBL591876,False,0.0900065492394578
HSP90AA1,IODOQUINOL,True,0.04000291077309236
HSP90AA1,TERCONAZOLE,True,0.3600261969578312
HSP90AA1,THONZONIUM BROMIDE,True,0.04000291077309236
HSP90AA1,DOXORUBICIN HYDROCHLORIDE,True,0.002432609438904265
HSP90AA1,BUTOCONAZOLE,True,0.1800130984789156
HSP90AA1,GANETESPIB,False,0.2250163730986445
HSP90AA1,HSP90 INHIBITOR XL888,False,0.1800130984789156
HSP90AA1,CHEMBL:CHEMBL582983,False,0.0900065492394578
HSP90AA1,TERPYRIDINE,False,0.0450032746197289
HSP90AA1,ZEARALANONE,False,0.1800130984789156
HSP90AA1,RADANAMYCIN,False,0.3600261969578312
HSP90AA1,CICLOPIROX OLAMINE,True,0.07200523939156624
HSP90AA1,ALVESPIMYCIN HYDROCHLORIDE,False,0.3600261969578312
HSP90AA1,CD24FC,False,0.06000436615963853
HSP90AA1,HALOFANTRINE HYDROCHLORIDE,True,0.120008732319277
HSP90AA1,RETASPIMYCIN HYDROCHLORIDE,False,0.2400174646385541
HSP90AA1,MICONAZOLE NITRATE,True,0.02250163730986445
HSP90AA1,CHEMBL:CHEMBL548615,False,0.06000436615963853
HSP90AA1,TRIADIMENOL,False,0.1800130984789156
HSP90AA1,CHEMBL:CHEMBL530499,False,0.120008732319277
HSP90AA1,METHYLBENZETHONIUM CHLORIDE,False,0.06000436615963853
HSP90AA1,CALCIMYCIN,False,0.0189487472083069
HSP90AA1,TYRPHOSTIN AG 555,False,0.0189487472083069
HSP90AA1,SCLEROTIORIN,False,0.03600261969578312
HSP90AA1,CYCLOHEXIMIDE,False,0.003789749441661381
HSP90AA1,THIMEROSAL,True,0.01565331291121005
HSP90AA1,CHEMBL:CHEMBL592600,False,0.0900065492394578
HSP90AA1,SNX-5422,False,0.3600261969578312
HSP90AA1,ARGENTEOSIDE A,False,0.7200523939156624
HSP90AA1,PROPICONAZOLE,False,0.0900065492394578
HSP90AA1,DIACETYLRHEIN,True,0.04000291077309236
HSP90AA1,TETRACYCLINE,True,0.02000145538654618
HSP90AA1,CLOXYQUIN,False,0.03600261969578312
HSP90AA1,DESACETYL SALANNIN,False,0.3600261969578312
HSP90AA1,CCT-018159,False,0.3600261969578312
HSP90AA1,CHEMBL:CHEMBL1567571,False,0.02400174646385541
HSP90AA1,CHEMBL:CHEMBL548540,False,0.120008732319277
HSP90AA1,CHEMBL:CHEMBL591126,False,0.03272965426889375
HSP90AA1,CHEMBL:CHEMBL473721,False,0.0450032746197289
HSP90AA1,CHEMBL:CHEMBL590927,False,0.06000436615963853
HSP90AA1,KETOCONAZOLE,True,0.01636482713444687
HSP90AA1,CETYLPYRIDINIUM BROMIDE,False,0.02769432284291009
HSP90AA1,CHEMBL:CHEMBL260342,False,0.0450032746197289
HSP90AA1,GEDUNIN,False,0.120008732319277
HSP90AA1,CHEMBL:CHEMBL1287983,False,0.05143231385111875
HSP90AA1,CHEMBL:CHEMBL2095095,False,0.02000145538654618
HSP90AA1,THIRAM,False,0.01565331291121005
HSP90AA1,SERTACONAZOLE NITRATE,True,0.07200523939156624
HSP90AA1,CHEMBL:CHEMBL565893,False,0.06000436615963853
HSP90AA1,AMLEXANOX,True,0.02769432284291009
HSP90AA1,BIFONAZOLE,True,0.03272965426889375
HSP90AA1,NANAOMYCIN,False,0.02769432284291009
HSP90AA1,CHEMBL:CHEMBL547285,False,0.0900065492394578
HSP90AA1,CHEMBL:CHEMBL1439833,False,0.0900065492394578
HSP90AA1,CHEMBL:CHEMBL1224755,False,0.03272965426889375
HSP90AA1,CHEMBL:CHEMBL582099,False,0.0900065492394578
HSP90AA1,WORTMANNIN,False,0.01285807846277968
HSP90AA1,CHEMBL:CHEMBL600694,False,0.05143231385111875
HSP90AA1,HSP90 INHIBITOR LAM-003A,False,0.1800130984789156
HSP90AA1,CHEMBL:CHEMBL533226,False,0.02769432284291009
HSP90AA1,CHEMBL:CHEMBL590184,False,0.0900065492394578
HSP90AA1,TOTAROL,True,0.3600261969578312
HSP90AA1,GAMBOGIC ACID,False,0.08000582154618471
HSP90AA1,DISULFIRAM,True,0.008372702254833284
HSP90AA1,CHEMBL:CHEMBL578512,False,0.01241469644682176
HSP90AA1,CHEMBL:CHEMBL601768,False,0.120008732319277
HSP90AA1,SILIBININ,False,0.06000436615963853
HSP90AA1,ECONAZOLE NITRATE,True,0.02571615692555937
HSP90AA1,CUCURBITACIN D,False,0.3600261969578312
HSP90AA1,CHEMBL:CHEMBL602363,False,0.0900065492394578
HSP90AA1,RADICICOL,False,0.2400174646385541
HSP90AA1,CHEMBL:CHEMBL591363,False,0.0900065492394578
HSP90AA1,CHEMBL:CHEMBL528694,False,0.02571615692555937
HSP90AA1,CLOTRIMAZOLE,True,0.00973043775561706
HSP90AA1,CHEMBL:CHEMBL599255,False,0.04000291077309236
HSP90AA1,CHEMBL:CHEMBL599098,False,0.0450032746197289
HSP90AA1,PYRITHIONE,True,0.03272965426889375
HSP90AA1,TRICLOSAN,True,0.06000436615963853
HSP90AA1,CHEMBL:CHEMBL505670,False,0.01028646277022374
HSP90AA1,CHEMBL:CHEMBL1256761,False,0.120008732319277
HSP90AA1,CHEMBL:CHEMBL523200,False,0.02117801158575477
HSP90AA1,FENTICLOR,False,0.0189487472083069
HSP90AA1,CHEMBL:CHEMBL2022241,False,0.3600261969578312
HSP90AA1,CHEMBL:CHEMBL1688556,False,0.1800130984789156
HSP90AA1,RHEIN,False,0.01636482713444687
HSP90AA1,DIPYRIDAMOLE,True,0.006429039231389844
HSP90AA1,CHEMBL:CHEMBL1466186,False,0.0450032746197289
HSP90AA1,CHEMBL:CHEMBL1098875,False,0.06000436615963853
HSP90AA1,DERRUBONE,False,0.120008732319277
HSP90AA1,CHEMBL:CHEMBL1546228,False,0.05143231385111875
HSP90AA1,CHEMBL:CHEMBL591137,False,0.0450032746197289
HSP90AA1,HEXACHLOROPHENE,True,0.008781126755069054
HSP90AA1,SNX 5422,False,0.1800130984789156
HSP90AA1,CELASTROL,False,0.1440104787831324
HSP90AA1,KW-2478,False,0.3600261969578312
HSP90AA1,CALMIDAZOLIUM CHLORIDE,False,0.01800130984789156
HSP90AA1,CHEMBL:CHEMBL578944,False,0.03272965426889375
HSP90AA1,TRICLABENDAZOLE,True,0.06000436615963853
HSP90AA1,N-OLEOYLETHANOLAMIDE,False,0.06000436615963853
HSP90AA1,ONALESPIB,False,0.3600261969578312
HSP90AA1,CHEMBL:CHEMBL428064,False,0.03600261969578312
HSP90AA1,MASOPROCOL,True,0.007660131850166622
HSP90AA1,LUMINESPIB,False,0.3600261969578312
HSP90AA1,DICHLOROPHEN,False,0.02000145538654618
HSP90AA1,HSP90 INHIBITOR BIIB021,False,0.3600261969578312
HSP90AA1,CHEMBL:CHEMBL463701,False,0.3600261969578312
HSP90AA1,ZERANOL,False,0.05143231385111875
HSP90AA1,BIIB021,False,0.1800130984789156
HSP90AA1,BROXYQUINOLINE,False,0.07200523939156624
HSP90AA1,ALEXIDINE HYDROCHLORIDE,False,0.02117801158575477
HSP90AA1,CHEMBL:CHEMBL192264,False,0.3600261969578312
HSP90AA1,NOVOBIOCIN,False,0.2160157181746987
HSP90AA1,CHEMBL:CHEMBL588804,False,0.1800130984789156
HSP90AA1,FLUCONAZOLE,True,0.03600261969578312
HSP90AA1,"1,10-PHENANTHROLINE",False,0.01714410461703958
HSP90AA1,GELDANAMYCIN,False,0.2400174646385541
HSP90AA1,CHEMBL:CHEMBL538798,False,0.03600261969578312
HSP90AA1,CHEMBL:CHEMBL1385558,False,0.1800130984789156
HSP90AA1,CHLOROXINE,True,0.03600261969578312
HSP90AA1,HSP90 INHIBITOR DEBIO 0932,False,0.3600261969578312
HSP90AA1,ZEARALENONE,False,0.02769432284291009
HSP90AA1,EFUNGUMAB,False,0.7200523939156624
HSP90AA1,CHEMBL:CHEMBL534423,False,0.1800130984789156
HSP90AA1,CHEMBL:CHEMBL1306556,False,0.06000436615963853
HSP90AA1,TOXYLOXANTHONE C,False,0.3600261969578312
HSP90AA1,HERBIMYCIN,False,0.3600261969578312
HSP90AA1,CHEMBL:CHEMBL585827,False,0.0900065492394578
HSP90AA1,RETASPIMYCIN,False,0.3600261969578312
DLK1,GDC-0134,False,26.10189927944276
TCN1,VITAMIN B12,True,7.457685508412219
TCN1,COBALAMIN,False,156.6113956766566
RHOA,QUINIDINE,True,0.3728842754206109
RHOA,PRAVASTATIN SODIUM,True,0.5524211487712755
RHOA,NS004,False,2.485895169470739
RHOA,ROTTLERIN,False,1.147336232063418
RHOA,CLAUSINE E,False,14.91537101682443
RHOA,SIMVASTATIN,True,0.2983074203364887
RHOA,NS1619,False,1.491537101682443
SRC,XL-228,False,0.08056141752914434
SRC,ILORASERTIB,False,0.01666787948878848
SRC,GW843682X,False,0.02478812847050594
SRC,CEDIRANIB,False,0.01726316089910235
SRC,MASITINIB,True,0.1137337659234978
SRC,DASATINIB ANHYDROUS,True,0.1144820143835208
SRC,TYRPHOSTIN A9,False,0.08788518275906655
SRC,GW459057A,False,0.9667370103497319
SRC,TG100-801,False,0.06042106314685824
SRC,XL228,False,0.4143158615784566
SRC,CATEQUENTINIB,False,0.1933474020699463
SRC,LAVENDUSTIN A,False,0.3866948041398927
SRC,CENISERTIB,False,0.008192686528387559
SRC,AZM-475271,False,0.4833685051748659
SRC,DOXORUBICIN HYDROCHLORIDE,True,0.01306401365337475
SRC,ENTRECTINIB,True,0.01696029842718828
SRC,ALISERTIB,False,0.02014035438228608
SRC,MLN-8054,False,0.03333575897757696
SRC,CINNAMTANNIN B1,False,1.933474020699463
SRC,XL999,False,0.09667370103497319
SRC,INTERLEUKIN-11,True,0.1933474020699463
SRC,CHEMBL:CHEMBL230686,False,1.933474020699463
SRC,CRENOLANIB,False,0.06444913402331547
SRC,VANDETANIB,True,0.01666787948878848
SRC,AZD-0424,False,0.4833685051748659
SRC,JNJ-26483327,False,0.1074152233721924
SRC,HERBIMYCIN A,False,0.1208421262937164
SRC,DOVITINIB,False,0.009571653567819128
SRC,KENPAULLONE,False,0.02014035438228608
SRC,GW441756X,False,0.01487287708230356
SRC,ALSTERPAULLONE,False,0.01859109635287946
SRC,ENMD-2076,False,0.03118506484999135
SRC,RG-1530,False,0.01028443628031629
SRC,TAMATINIB,False,0.01193502481913249
SRC,PP2,False,0.0966737010349732
SRC,GW559768X,False,0.3866948041398927
SRC,LINIFANIB,False,0.01208421262937164
SRC,VODOBATINIB,False,0.3222456701165773
SRC,PONATINIB,True,0.03718219270575892
SRC,CLOZAPINE,True,0.01993272186288107
SRC,NVP-TAE684,False,0.009385796216987688
SRC,PF-562271,False,0.00895126861434937
SRC,CHEMBL:CHEMBL219557,False,0.3222456701165773
SRC,PD-0166285,False,0.01859109635287946
SRC,TIRBANIBULIN,True,0.7733896082797855
SRC,CYC-116,False,0.009966360931440535
SRC,TOZASERTIB,False,0.01324297274451687
SRC,BOSUTINIB,True,0.1681281757129968
SRC,PD173074,False,0.1208421262937164
SRC,KX2-361,False,0.4833685051748659
SRC,ENMD-981693,False,0.05088089528156483
SRC,CP-547632,False,0.02197129568976663
SRC,SARACATINIB,False,0.2974575416460714
SRC,HESPERADIN,False,0.02416842525874329
TUBA3D,CHEMBL:CHEMBL2036119,False,0.3107368961838424
TUBA3D,CYCLOSTREPTIN,False,0.3107368961838424
TUBA3D,CURCUMIN,True,0.07533015665062848
TUBA3D,ZAMPANOLIDE,False,0.3107368961838424
TUBA3D,VINBLASTINE,True,0.2193436914238887
TUBA3D,LARGAZOLE,False,0.1714410461703958
TUBA3D,ABT-751,False,0.2924582552318517
TUBA3D,CHEMBL:CHEMBL2036124,False,0.3107368961838424
TUBA3D,COMBRETASTATIN A4,False,1.104842297542551
TUBA3D,VINCRISTINE,True,0.1227602552825056
TUBA3D,COLCHICINE,True,0.3824454106878061
TUBA3D,VINORELBINE,True,0.191222705343903
TUBA3D,CHEMBL:CHEMBL453818,False,0.3107368961838424
TUBA3D,VORINOSTAT,True,0.08878197033824071
TUBA3D,MAYTANSINE,False,0.3107368961838424
TUBA3D,CHEMBL:CHEMBL1935538,False,0.2924582552318517
TUBA3D,NOCODAZOLE,False,0.6214737923676849
TUBA3D,MAYTANSINOL,False,0.3107368961838424
TUBA3D,CHEMBL:CHEMBL1795737,False,0.3107368961838424
TUBA3D,PACLITAXEL,True,0.2711885639422625
TUBA3D,PODOFILOX,True,0.4143158615784566
NFKB1,TYRPHOSTIN 47,False,0.03398684802010777
NFKB1,CHLORPROPAMIDE,True,0.04943541530197493
NFKB1,QUERCETIN,True,0.01376682451447403
NFKB1,DEHYDROXYMETHYLEPOXYQUINOMICIN,False,0.5437895683217243
NFKB1,CHLORAMBUCIL,True,0.05437895683217243
NFKB1,ANDROGRAPHOLIDE,False,0.2718947841608621
NFKB1,CHEMBL:CHEMBL260560,False,0.06797369604021554
NFKB1,THALIDOMIDE,True,0.0293940307200932
NFKB1,LAPACHONE,False,0.02091498339698939
NFKB1,AG 9,False,0.07768422404596062
NFKB1,TYRPHOSTIN 23,False,0.02589474134865353
NFKB1,GW5074,False,0.02471770765098746
NFKB1,DIHYDREXIDINE,False,0.07768422404596062
NFKB1,KAEMPFERIDE,False,0.3625263788811495
NFKB1,(R)-NITRENDIPINE,False,0.135947392080431
NFKB1,ISORHAMNETIN,False,0.3625263788811495
NFKB1,FLUPENTHIXOL,False,0.07250527577622991
NFKB1,KAEMPHEROL,False,0.06042106314685825
NFKB1,CHEMBL:CHEMBL578741,False,0.02589474134865353
NFKB1,CHEMBL:CHEMBL201325,False,0.05437895683217243
NFKB1,CHEMBL:CHEMBL406557,False,0.06797369604021554
NFKB1,PROTRIPTYLINE,True,0.06042106314685825
NFKB1,INDOPROFEN,True,0.04531579736014369
NFKB1,CHEMBL:CHEMBL63329,False,0.2718947841608621
NFKB1,CHEMBL:CHEMBL502774,False,0.06797369604021554
NFKB1,BORTEZOMIB,True,0.006397524333196756
NFKB1,GOSSYPETIN,False,0.1087579136643448
NFKB1,ARTESUNATE,True,0.1812631894405747
NFKB1,EPIGALLOCATECHIN-3-GALLATE,False,0.03021053157342912
NFKB1,TAMARIXETIN,False,0.3625263788811495
NFKB1,CHEMBL:CHEMBL2094789,False,0.04943541530197493
NFKB1,CHEMBL:CHEMBL428789,False,0.03625263788811495
NFKB1,CHEMBL:CHEMBL528694,False,0.03884211202298031
NFKB1,BACLOFEN,True,0.05437895683217243
NFKB1,FURAFYLLINE,False,0.135947392080431
NFKB1,HYDROCORTISONE BUTYRATE,True,0.01294737067432676
NFKB1,DAPH,False,0.05437895683217243
NFKB1,CHEMBL:CHEMBL51697,False,0.2718947841608621
NFKB1,TRYPTAMINE,False,0.04531579736014369
NFKB1,(+)-EPITAXIFOLIN,False,0.135947392080431
NFKB1,ETANERCEPT,True,0.04182996679397879
NFKB1,BENZO(K)FLUORANTHENE,False,0.05437895683217243
NFKB1,FRENTIZOLE,False,0.07768422404596062
NFKB1,MITOXANTRONE,True,0.01235885382549373
NFKB1,OCHRATOXIN A,False,0.06042106314685825
NFKB1,AG1478,False,0.07768422404596062
NFKB1,MASOPROCOL,True,0.01156999081535583
NFKB1,LUTEOLIN,False,0.03398684802010777
NFKB1,PHENAMIL METHANESULFONATE,False,0.09063159472028738
NFKB1,RITANSERIN,False,0.02471770765098746
NFKB1,"4',7-DIMETHOXY-5-HYDROXYGENISTEIN",False,0.06042106314685825
NFKB1,PECTOLINARIGENIN,False,0.09063159472028738
NFKB1,BARDOXOLONE,False,0.1812631894405747
NFKB1,CHEMBL:CHEMBL408850,False,0.04943541530197493
NFKB1,ANDROGRAPHOLIDE,False,0.3625263788811495
NFKB1,CHEMBL:CHEMBL602718,False,0.04943541530197493
NFKB1,RESVERATROL,True,0.01109774629228008
NFKB1,PROMETHAZINE HYDROCHLORIDE,True,0.02471770765098746
NFKB1,DYRENE,False,0.5437895683217243
NFKB1,PARTHENOLIDE,False,0.2718947841608621
NFKB1,6-CL-MLT,False,0.07768422404596062
NFKB1,DIOSMETIN,False,0.3625263788811495
NFKB1,CHEMBL:CHEMBL466465,False,0.135947392080431
NFKB1,SB 222200,False,0.07768422404596062
NFKB1,OMTRIPTOLIDE,False,0.2718947841608621
NFKB1,SANGUINARIUM,False,0.02175158273286897
NFKB1,FENRETINIDE,True,0.02014035438228608
NFKB1,BENZETHONIUM CHLORIDE,True,0.03398684802010777
NFKB1,CHELIDAMIC ACID,False,0.2718947841608621
NFKB1,CHEMBL:CHEMBL85826,False,0.06042106314685825
NFKB1,(S)-MEXILETINE,False,0.2718947841608621
NFKB1,LY-294002,False,0.03398684802010777
NFKB1,HYDROQUINONE,True,0.03198762166598378
NFKB1,"(R,S)-INDATRALINE",False,0.04943541530197493
NFKB1,GW7647,False,0.01812631894405747
NFKB1,"(3Z)-N,N-DIMETHYL-2-OXO-3-(4,5,6,7-TETRAHYDRO-1H-INDOL-2-YLMETHYLIDENE)-2,3-DIHYDRO-1H-INDOLE-5-SULFONAMIDE",False,0.02265789868007184
NFKB1,"6,4'-DIMETHOXYFLAVONE",False,0.06042106314685825
NFKB1,EDASALONEXENT,False,0.1812631894405747
NFKB1,SULFAPHENAZOLE,True,0.06797369604021554
NFKB1,RUTIN,True,0.1087579136643448
NFKB1,CHRYSOERIOL,False,0.3625263788811495
NFKB1,QUERCETAGETIN,False,0.3625263788811495
NFKB1,CHEMBL:CHEMBL1405979,False,0.135947392080431
NFKB1,APIGENIN,True,0.04182996679397879
NFKB1,CHEMBL:CHEMBL84010,False,0.03625263788811495
NFKB1,DISULFIRAM,True,0.01264626903073777
NFKB1,TRIAMCINOLONE,True,0.02364302470964019
NFKB1,TBBT,False,0.06797369604021554
NFKB1,CHEMBL:CHEMBL595227,False,0.05437895683217243
NFKB1,CHELERYTHRINE,False,0.04531579736014369
NFKB1,NF-KAPPAB DECOY,False,0.2718947841608621
NFKB1,SORBINIL,False,0.2175158273286897
NFKB1,NIFEDIPINE,True,0.009710528005745078
NFKB1,THYMOSIN BETA-4,False,0.135947392080431
NFKB1,ACACETIN,False,0.07250527577622991
NFKB1,AROTINOID ACID,False,0.03198762166598378
CTNNB1,PP1,False,0.1318277741385998
CTNNB1,PF-670462,False,0.1977416612078997
CTNNB1,MPI-0479605,False,0.5273110965543993
CTNNB1,SKF-86002,False,0.3954833224157995
CTNNB1,SB203580,False,0.02727471189074479
CTNNB1,IMATINIB,True,0.02197129568976663
CTNNB1,MAPK13-IN-1,False,0.3954833224157995
CTNNB1,BAY1217389,False,0.5273110965543993
CTNNB1,NIROGACESTAT,True,0.05649761748797136
CTNNB1,NMS-P715,False,0.790966644831599
CTNNB1,ACUMAPIMOD,False,0.3954833224157995
CTNNB1,EOSIN_Y,False,1.581933289663198
CTNNB1,DILMAPIMOD,False,0.3954833224157995
CTNNB1,PRI-724,False,0.3954833224157995
CTNNB1,MW150,False,0.790966644831599
CTNNB1,COMPOUND 12 [PMID: 22521646],False,0.790966644831599
CTNNB1,BMS-582949,False,0.790966644831599
CTNNB1,OSUGACESTAT,False,0.3954833224157995
CTNNB1,AZD7624,False,0.3954833224157995
CTNNB1,VANTICTUMAB,False,0.2259904699518854
CTNNB1,ANTI-PD-L1 MONOCLONAL ANTIBODY,False,0.1977416612078997
CTNNB1,LOSMAPIMOD,False,0.2636555482771996
CTNNB1,LENALIDOMIDE,True,0.1216871761279383
CTNNB1,NDPPC,False,0.790966644831599
CTNNB1,CELECOXIB,True,0.02361094462183877
CTNNB1,TRAMETINIB DIMETHYL SULFOXIDE,True,0.03365815509921698
CTNNB1,DORAMAPIMOD,False,0.034389854123113
CTNNB1,CHEMBL:CHEMBL2172378,False,1.581933289663198
CTNNB1,RECOMBINANT HUMAN ENDOSTATIN,False,0.790966644831599
CTNNB1,TRICIRIBINE,False,0.2636555482771996
CTNNB1,TEMSIROLIMUS,True,0.1054622193108798
CTNNB1,AZD6703,False,0.3954833224157995
CTNNB1,SAM68 MODULATOR CWP232291,False,0.790966644831599
CTNNB1,NEFLAMAPIMOD,False,0.1318277741385998
CTNNB1,LETROZOLE,True,0.04394259137953327
CTNNB1,VX-702,False,0.3954833224157995
CTNNB1,7-HYDROXYSTAUROSPORINE,False,0.06084358806396916
CTNNB1,TAK-715,False,0.3954833224157995
CTNNB1,FLUORESCEIN SODIUM,True,1.581933289663198
CTNNB1,PEXMETINIB,False,0.04394259137953327
CTNNB1,CHEMBL:CHEMBL91638,False,0.790966644831599
CTNNB1,COMPOUND 4E [PMID: 35546685],False,0.1977416612078997
CTNNB1,CHEMBL:CHEMBL533293,False,0.07190605862105445
CTNNB1,MPS1-IN-1,False,0.790966644831599
CTNNB1,CETUXIMAB,True,0.04275495377468102
CTNNB1,PF-03715455,False,0.2636555482771996
CTNNB1,CHEMBL:CHEMBL410484,False,0.09887083060394987
CTNNB1,ARRY-371797,False,0.1318277741385998
CTNNB1,DEXAMETHASONE,True,0.01861097987839056
CTNNB1,PAMAPIMOD,False,0.1318277741385998
CTNNB1,ANTI-CTLA-4 MONOCLONAL ANTIBODY,False,0.790966644831599
CTNNB1,PH-797804,False,0.3954833224157995
CTNNB1,DITHIAZANINE IODIDE,False,0.06084358806396916
CTNNB1,SB220025,False,0.02551505305908383
CTNNB1,CEQ508,False,2.372899934494797
CTNNB1,CABOZANTINIB S-MALATE,True,0.07190605862105445
CTNNB1,SB202190,False,0.02197129568976663
CTNNB1,RALIMETINIB,False,0.1977416612078997
CTNNB1,TALMAPIMOD,False,0.2636555482771996
CTNNB1,CBS-3595,False,0.2636555482771996
CTNNB1,THALIDOMIDE,True,0.04275495377468102
CTNNB1,EMPESERTIB,False,0.5273110965543993
CTNNB1,SORAFENIB,True,0.0137559416492452
CTNNB1,OSIMERTINIB,True,0.1129952349759427
CTNNB1,CYCLOPHOSPHAMIDE ANHYDROUS,True,0.0195300406131259
CTNNB1,EVEROLIMUS,True,0.06979117454396461
IL1B,ASPIRIN,True,0.02300233468115687
IL1B,MAFOSFAMIDE,False,0.5118019466557404
IL1B,DIACETYLRHEIN,True,0.2274675318469957
IL1B,INFLIXIMAB,True,0.09905844128820783
IL1B,LANSOPRAZOLE,True,0.07059337195251592
IL1B,TILUDRONIC ACID,True,0.6824025955409873
IL1B,GEVOKIZUMAB,False,3.070811679934443
IL1B,LUTIKIZUMAB,False,1.02360389331148
IL1B,CELASTROL,False,0.2047207786622961
IL1B,CYTARABINE,True,0.02559009733278702
IL1B,RILONACEPT,True,0.6824025955409873
IL1B,TT-301,False,2.047207786622961
IL1B,METFORMIN,True,0.04993189723470638
IL1B,ANTICONVULSANT AGENT,False,0.1364805191081974
IL1B,ANTIDEPRESSANT AGENT,False,0.03936938051198004
IL1B,ACITRETIN,True,0.1919257299959026
IL1B,ERYTHROMYCIN,True,0.08900903420099834
IL1B,ALTEPLASE,True,0.09748608507728389
IL1B,OFLOXACIN,True,0.1706006488852468
IL1B,PENTOXIFYLLINE,True,0.05849165104637034
IL1B,USTEKINUMAB,True,0.102360389331148
IL1B,LITHIUM,True,0.04874304253864194
IL1B,RALOXIFENE HYDROCHLORIDE,True,0.04094415573245923
IL1B,MITOGEN-ACTIVATED PROTEIN KINASE INHIBITOR,False,0.2924582552318517
IL1B,DRUGSATFDA.NDA:008378,False,0.2274675318469957
IL1B,NICARDIPINE,True,0.1279504866639351
IL1B,GLUCOSAMINE,True,1.02360389331148
IL1B,BECLOMETHASONE DIPROPIONATE,True,0.2047207786622961
IL1B,PAREGORIC,True,0.04450451710049917
IL1B,CEFACLOR ANHYDROUS,True,0.1462291276159258
IL1B,IBUDILAST,True,0.06397524333196755
IL1B,MELATONIN,True,0.07059337195251592
IL1B,PENTAMIDINE,True,2.047207786622961
IL1B,PRAVASTATIN SODIUM,True,0.07582251061566525
IL1B,VERAPAMIL,True,0.04549350636939915
IL1B,THYROGLOBULIN,True,0.6824025955409873
IL1B,RISEDRONIC ACID,True,0.4094415573245923
IL1B,AUTOANTIGEN,False,0.6824025955409873
IL1B,CDP-484,False,1.02360389331148
IL1B,ETIDRONIC ACID,True,0.1462291276159258
IL1B,CHINESE HERBS,False,0.5118019466557404
IL1B,CANAKINUMAB,True,2.559009733278702
IL1B,RESVERATROL,True,0.04177975074740738
IL1B,NIMUSTINE,False,0.7677029199836107
IL1B,FLUTICASONE,True,0.1077477782433137
IL1B,GALLIUM NITRATE,True,0.1462291276159258
IL1B,HYDROQUINONE,True,0.1204239874484095
IL1B,POLYVALENT VACCINE,False,2.047207786622961
IL1B,CLODRONIC ACID,True,0.1861097987839056
IL1B,ECHINACEA PREPARATION,True,0.5118019466557404
IL1B,HYDROCORTISONE BUTYRATE,True,0.04874304253864194
MYCN,ARSENIC TRIOXIDE,True,0.09561135267195153
MYCN,GSK126,False,0.6214737923676849
MYCN,BUTHIONINE SULFOXIMINE,False,0.4971790338941479
MYCN,EFLORNITHINE,True,0.2259904699518854
MYCN,PANOBINOSTAT,True,0.0776842240459606
MYCN,FACT COMPLEX-TARGETING CURAXIN CBL0137,False,1.242947584735369
MYCN,CISPLATIN,True,0.03382170298599646
MYCN,SONIDEGIB,True,0.4143158615784566
MYCN,BIRABRESIB,False,0.3107368961838424
MYCN,ETOPOSIDE,True,0.08572052308519791
MYCN,TRETINOIN,True,0.05463505866968658
MYCN,TALAZOPARIB,True,0.08878197033824071
MYCN,OLAPARIB,True,0.05404119933632043
MYCN,VELIPARIB,False,0.2259904699518854
MYCN,JQEZ5,False,1.242947584735369
MYCN,JQ1,False,0.4971790338941479
MYCN,NIRAPARIB,True,0.1462291276159258
MYCN,DINUTUXIMAB,True,4.971790338941479
MYCN,PIRARUBICIN,False,0.5524211487712755
MYCN,VINCRISTINE,True,0.06138012764125283
MYCN,CYCLOPHOSPHAMIDE ANHYDROUS,True,0.06138012764125283
CDKN2A,RIBOCICLIB,True,0.5178948269730707
CDKN2A,PACLITAXEL,True,0.03389857049278282
CDKN2A,ULIXERTINIB,False,0.3728842754206109
CDKN2A,ALVOCIDIB,False,0.1775639406764813
CDKN2A,PF-04691502,False,0.3107368961838424
CDKN2A,ILORASERTIB,False,0.0160725980784746
CDKN2A,VEMURAFENIB,True,0.2015590677949248
CDKN2A,RONICICLIB,False,0.06658647775368053
CDKN2A,CETUXIMAB,True,0.1007795338974624
CDKN2A,SAPANISERTIB,True,0.1621235980089612
CDKN2A,TEMOZOLOMIDE,True,0.1775639406764813
CDKN2A,PF-00477736,False,0.9322106885515273
CDKN2A,HMN-214,False,1.864421377103054
CDKN2A,MILCICLIB,False,0.3389857049278281
CDKN2A,POLO-LIKE KINASE 1 INHIBITOR GSK461364,False,1.864421377103054
CDKN2A,COBIMETINIB,True,0.1962548818003215
CDKN2A,GEMCITABINE,True,0.04053089950224032
CDKN2A,PANITUMUMAB,True,0.09322106885515273
CDKN2A,BUPARLISIB,False,0.1491537101682443
CDKN2A,"(10R)-10-METHYL-3-(6-METHYLPYRIDIN-3-YL)-9,10,11,12-TETRAHYDRO-8H-[1,4]DIAZEPINO[5',6':4,5]THIENO[3,2-F]QUINOLIN-8-ONE",False,1.242947584735369
CDKN2A,SIROLIMUS,True,0.06429039231389842
CDKN2A,CARBOPLATIN,True,0.04335863667681523
CDKN2A,PALBOCICLIB,True,1.02360389331148
CDKN2A,EVEROLIMUS,True,0.1096718457119443
CDKN2A,LETROZOLE,True,0.1035789653946141
CDKN2A,TRAMETINIB DIMETHYL SULFOXIDE,True,0.27767977956854
CDKN2A,DABRAFENIB,True,0.2762105743856377
CDKN2A,ABEMACICLIB,True,0.7850195272012861
PTEN,BUPARLISIB,False,0.1244593872927072
PTEN,PP-242,False,0.17286026012876
PTEN,PANITUMUMAB,True,0.05185807803862801
PTEN,PILARALISIB,False,0.06100950357485648
PTEN,GSK2636771,False,0.21607532516095
PTEN,GEFITINIB,True,0.01032001553007522
PTEN,AZD6482,False,0.1536535645588978
PTEN,AFATINIB,True,0.05762008670958668
PTEN,PEMBROLIZUMAB,True,0.05238189700871516
PTEN,ERLOTINIB,True,0.01234716143776857
PTEN,ENZALUTAMIDE,True,0.12964519509657
PTEN,M-2698,False,0.0768267822794489
PTEN,BIRINAPANT,False,0.08643013006438002
PTEN,VEMURAFENIB,True,0.07475038275838272
PTEN,VENETOCLAX,True,0.0314291382052291
PTEN,TIRBANIBULIN,True,0.138288208103008
PTEN,METFORMIN,True,0.01686441562231805
PTEN,TRASTUZUMAB,True,0.02560892742648297
PTEN,CISPLATIN,True,0.009407361095442724
PTEN,NVP-AEW541,False,0.17286026012876
PTEN,PF-04691502,False,0.08643013006438002
PTEN,LEUCOVORIN CALCIUM,True,0.02881004335479334
PTEN,VORINOSTAT,True,0.01852074215665286
PTEN,PI3K/BET INHIBITOR LY294002,False,0.17286026012876
PTEN,ACALISIB,False,0.0493886457510743
PTEN,ANTINEOPLASTIC AGENT,False,0.0493886457510743
PTEN,SORAFENIB,True,0.009018796180630959
PTEN,MULTI-AGC KINASE INHIBITOR AT13148,False,0.3457205202575201
PTEN,RUCAPARIB,True,0.04321506503219001
PTEN,RISOVALISIB,False,0.3457205202575201
PTEN,NAVITOCLAX,False,0.04321506503219001
PTEN,TAS0612,False,0.06914410405150402
PTEN,FLUOROURACIL,True,0.01490174656282413
PTEN,GSK2334470,False,0.1152401734191733
PTEN,BORUSSERTIB,False,0.3457205202575201
PTEN,CAPIVASERTIB,True,0.311148468231768
PTEN,CX-5461,False,0.6914410405150402
PTEN,PLX-4720,False,0.0768267822794489
PTEN,2-METHOXYESTRADIOL,False,0.06914410405150402
PTEN,PACLITAXEL,True,0.02828622438470619
PTEN,GSK690693,False,0.04321506503219001
PTEN,AZD8835,False,0.1152401734191733
PTEN,EVEROLIMUS,True,0.17286026012876
PTEN,UPROSERTIB,False,0.06914410405150402
PTEN,PKI-179,False,0.2304803468383467
PTEN,MS417,False,0.2304803468383467
PTEN,BEVACIZUMAB,True,0.017286026012876
PTEN,NIVOLUMAB,True,0.07978165852096618
PTEN,SIROLIMUS,True,0.02384279450051862
PTEN,ERDAFITINIB,True,0.05318777234731078
PTEN,PALBOCICLIB,True,0.02711533492215843
PTEN,UMI-77,False,0.6914410405150402
PTEN,PAXALISIB,False,0.0628582764104582
PTEN,CC-115,False,0.1152401734191733
PTEN,SAR260301,False,0.12964519509657
PTEN,TRAMETINIB DIMETHYL SULFOXIDE,True,0.02942302300064001
PTEN,BRAFV600/PI3K INHIBITOR ASN003,False,0.1152401734191733
PTEN,OSIMERTINIB,True,0.0493886457510743
PTEN,ONATASERTIB,False,0.2304803468383467
PTEN,CAPMATINIB,True,0.2304803468383467
PTEN,AKT INHIBITOR LY2780301,False,0.17286026012876
PTEN,AZD8055,False,0.05762008670958668
PTEN,ALPELISIB,True,0.1440502167739667
PTEN,CAPECITABINE,True,0.01355766746107921
PTEN,PICTILISIB,False,0.1571456910261454
PTEN,SONOLISIB,False,0.05762008670958668
PTEN,TEMOZOLOMIDE,True,0.04938864575107429
PTEN,OMIPALISIB,False,0.017286026012876
PTEN,ABIRATERONE ACETATE,True,0.07408296862661146
PTEN,INFIGRATINIB,True,0.02560892742648297
PTEN,COBIMETINIB,True,0.03639163371131791
PTEN,GEDATOLISIB,False,0.06402231856620742
PTEN,LETROZOLE,True,0.03841339113972445
PTEN,PAN-AKT INHIBITOR ARQ751,False,0.2304803468383467
PTEN,AKT INHIBITOR MK2206,False,0.2469432287553715
PTEN,NIRAPARIB,True,0.04067300238323766
PTEN,ZSTK474,False,0.0314291382052291
PTEN,IDELALISIB,True,0.0768267822794489
PTEN,RIBOCICLIB,True,0.05762008670958668
PTEN,OSI-027,False,0.0768267822794489
PTEN,VISTUSERTIB,False,0.08643013006438002
PTEN,BINIMETINIB,True,0.06914410405150402
PTEN,DABRAFENIB,True,0.06402231856620742
PTEN,VELIPARIB,False,0.0314291382052291
PTEN,MIRDAMETINIB,False,0.04609606936766935
PTEN,VANDETANIB,True,0.01788209587538896
PTEN,PI3K INHIBITOR BGT226,False,0.17286026012876
PTEN,OXALIPLATIN,True,0.03639163371131791
PTEN,ENCORAFENIB,True,0.1536535645588978
PTEN,BAY1125976,False,0.138288208103008
PTEN,CHEMBL:CHEMBL589258,False,0.3457205202575201
PTEN,SAPANISERTIB,True,0.06012530787087306
PTEN,ABT-737,False,0.17286026012876
PTEN,DOCETAXEL ANHYDROUS,True,0.00833061494596434
PTEN,PROGESTERONE,True,0.01171933966974644
PTEN,VS-5584,False,0.0628582764104582
PTEN,TAS-117,False,0.17286026012876
PTEN,SAMOTOLISIB,False,0.0921921387353387
PTEN,XL765,False,0.03841339113972445
PTEN,IZORLISIB,False,0.1152401734191733
PTEN,DS-7423,False,0.02304803468383467
PTEN,TOPOTECAN HYDROCHLORIDE,True,0.02881004335479334
PTEN,IPILIMUMAB,True,0.04609606936766935
PTEN,IMATINIB,True,0.009603347784931113
PTEN,OLAPARIB,True,0.0225469904515774
PTEN,ATEZOLIZUMAB,True,0.01920669556986222
PTEN,GDC-0152,False,0.3457205202575201
PTEN,APITOLISIB,False,0.02659388617365539
PTEN,MEK INHIBITOR CI-1040,False,0.3457205202575201
PTEN,TALAZOPARIB,True,0.0493886457510743
PTEN,PEMETREXED DISODIUM,True,0.02659388617365539
PTEN,PANULISIB,False,0.04321506503219001
PTEN,FIMEPINOSTAT,False,0.02659388617365539
PTEN,CARBOPLATIN,True,0.02412003629703629
PTEN,U0126,False,0.1152401734191733
PTEN,TGX-221,False,0.17286026012876
PTEN,MIRANSERTIB,False,0.17286026012876
PTEN,TASELISIB,False,0.1152401734191733
PTEN,PI3KBETA INHIBITOR AZD8186,False,0.17286026012876
PTEN,CHEMBL:CHEMBL263664,False,0.3457205202575201
PTEN,NERATINIB,True,0.04609606936766935
PTEN,RIGOSERTIB SODIUM,False,0.1152401734191733
PTEN,SF1126,False,0.05762008670958668
PTEN,REGORAFENIB,True,0.02095275880348606
PTEN,SELUMETINIB,True,0.0314291382052291
PTEN,BLZ945,False,0.3457205202575201
PTEN,FULVESTRANT,True,0.0414864624309024
PTEN,KU-55933,False,0.2304803468383467
PTEN,AZD8186,False,0.3457205202575201
PTEN,RMC-5552,False,0.3457205202575201
PTEN,MTOR INHIBITOR,False,0.05762008670958668
PTEN,GEMCITABINE,True,0.007515663483859133
PTEN,GSK2256098,False,0.6914410405150402
PTEN,ONC201,False,0.17286026012876
PTEN,GDC-0879,False,0.138288208103008
PTEN,SUNITINIB,True,0.01440502167739667
PTEN,E6201,False,0.0987772915021486
PTEN,CETUXIMAB,True,0.05606278706878705
PTEN,TEMSIROLIMUS,True,0.1843842774706774
PTEN,VOXTALISIB,False,0.04321506503219001
PTEN,COMMENSAL BACTERIAL STRAIN FORMULATION VE800,False,0.3457205202575201
PTEN,KU-60019,False,0.17286026012876
PTEN,ONVANSERTIB,False,0.1152401734191733
PTEN,EPIDERMAL GROWTH FACTOR RECEPTOR TYROSINE KINASE INHIBITOR,False,0.03841339113972445
PTEN,LAPATINIB,True,0.01115227484701677
PTEN,CX-6258,False,0.17286026012876
PTEN,COPANLISIB,True,0.04714370730784365
PTEN,DACTOLISIB,False,0.04321506503219001
PTEN,IPATASERTIB,False,0.4085787966679783
PTEN,AZD5991,False,0.25929039019314
PTEN,GANITUMAB,False,0.1152401734191733
TGFB2,BELAGENPUMATUCEL-L,False,14.91537101682443
TGFB2,TRABEDERSEN,False,7.457685508412219
TGFB2,LERDELIMUMAB,False,14.91537101682443
TGFB2,BINTRAFUSP ALFA,False,1.491537101682443
TGFB2,FRESOLIMUMAB,False,2.485895169470739
TGFB2,LUSPATERCEPT,True,1.864421377103054
TGFB2,GEMOGENOVATUCEL-T,False,3.728842754206109
DSG3,COMPOUND 66 [PMID: 19788238],False,4.745799868989594
PI3,PROGESTERONE,True,1.769620290131713
NPY1R,CHEMBL:CHEMBL530291,False,0.745768550841222
NPY1R,CHEMBL:CHEMBL324554,False,5.220379855888553
NPY1R,METOPROLOL TARTRATE,True,2.610189927944276
NPY1R,CHEMBL:CHEMBL1585652,False,1.740126618629517
NPY1R,CHEMBL:CHEMBL422942,False,1.740126618629517
NPY1R,ECONAZOLE NITRATE,True,0.372884275420611
NPY1R,N6-PHENYLADENOSINE,False,0.745768550841222
NPY1R,HEXACHLOROPHENE,True,0.1273263379485013
NPY1R,METHADONE HYDROCHLORIDE,True,0.3070811679934443
NPY1R,NEUROPEPTIDE-Y,False,2.610189927944276
CPB1,FADROZOLE,False,1.631368704965172
CPB1,OSILODROSTAT,True,4.350316546573794
CPB1,BAXDROSTAT,False,13.05094963972138
CPB1,METYRAPONE,True,2.610189927944276
TNFSF11,DENOSUMAB,True,43.50316546573794
TNFSF11,LENALIDOMIDE,True,2.007838406110982
PLCE1,HYDROCHLOROTHIAZIDE,True,2.269730372125458
CYP2A6,CHEMBL:CHEMBL1770735,False,4.745799868989594
CYP2A6,ARTEMISININ,True,2.109244386217597
CYP2A6,ARTEMETHER,True,3.796639895191675
CYP2A6,3-FORMYLINDOLE,False,4.745799868989594
CYP2A6,ACETAMINOPHEN,True,0.1825307641919074
CYP2A6,ARTEMOTIL,True,4.745799868989594
CYP2A6,DOCETAXEL ANHYDROUS,True,0.05717831167457342
CYP2A6,PILOCARPINE HYDROCHLORIDE,True,5.495136690409003
CYP2A6,CYCLOPHOSPHAMIDE ANHYDROUS,True,0.2343604873575108
CYP2A6,LETROZOLE,True,7.250527577622991
CYP2A6,CARBAMAZEPINE,True,0.3389857049278281
CYP2A6,PHENYTOIN SODIUM,True,0.3954833224157995
CYP2A6,IFOSFAMIDE,True,1.186449967247398
CYP2A6,ARTESUNATE,True,3.163866579326396
CYP2A6,METHOXSALEN,True,0.2636555482771996
CYP2A6,CAFFEINE,True,2.885959379790969
CYP2A6,COUMARIN,True,4.350316546573794
CYP2A6,HALOTHANE,True,0.4613972094850994
CYP2A6,VALPROIC ACID,True,1.748452583311955
CYP2A6,FLUOROURACIL,True,0.2454724070167031
CYP2A6,COTININE,False,1.186449967247398
CYP2A6,LOSIGAMONE,False,16.61029954146358
HSPA4,SODIUM SALICYLATE,True,0.6070209134754131
HSPA4,HEPARIN,True,0.07587761418442664
HSPA4,GOSSYPOL,False,0.05058507612295109
HSPA4,DEFEROXAMINE,True,0.1428284502295089
HSPA4,PIOGLITAZONE HYDROCHLORIDE,True,0.1428284502295089
HSPA4,NIFEDIPINE,True,0.04335863667681523
HSPA4,LITHIUM,True,0.1156230311381739
HSPA4,VERAPAMIL,True,0.05395741453114783
HSPA4,PHENYLEPHRINE,True,0.1517552283688532
HSPA4,ENALAPRIL MALEATE,True,0.1277938765211396
HSPA4,KETANSERIN,False,0.1055688545174631
HSPA4,ANTINEOPLASTIC AGENT,False,0.1734345467072609
HSPA4,PERILLYL ALCOHOL,False,0.8093612179672175
HSPA4,UREA,True,0.2697870726557391
HSPA4,CYTARABINE,True,0.03035104567377065
HSPA4,PROTEIN SYNTHESIS INHIBITOR,False,0.2023403044918043
HSPA4,ZALCITABINE,True,0.4046806089836087
HSPA4,GDNF,False,1.214041826950826
HSPA4,ISOPROTERENOL,True,0.07587761418442664
HSPA4,EPOETIN ALFA,True,0.07141422511475448
HSPA4,SODIUM CHLORIDE,True,0.08671727335363046
HSPA4,PHOSPHODIESTERASE INHIBITOR,False,0.6070209134754131
HSPA4,BORTEZOMIB,True,0.02856569004590179
HSPA4,DIAZOOXONORLEUCINE,False,2.428083653901652
HSPA4,HALOPERIDOL DECANOATE,True,0.0319484691302849
HSPA4,MIDOSTAURIN,True,0.06937381868290436
HSPA4,THIABENDAZOLE,True,0.4046806089836087
HSPA4,NIMESULIDE,False,0.1734345467072609
HSPA4,WORTMANNIN,False,0.08671727335363046
HSPA4,PUROMYCIN,False,0.5395741453114783
HSPA4,FLUTICASONE,True,0.1277938765211396
HSPA4,PHOTOSENSITIZING AGENT,False,0.8093612179672175
HSPA4,MASOPROCOL,True,0.05166135433833303
HSPA4,CELECOXIB,True,0.03624005453584556
HSPA4,HYDRALAZINE,True,0.1214041826950826
HSPA4,TRAIL,False,0.1618722435934435
HSPA4,ARSENIC TRIOXIDE,True,0.09338783284237126
HSPA4,RANITIDINE HYDROCHLORIDE,True,0.1517552283688532
HSPA4,CHLORPROMAZINE,True,0.0656238825378825
HSPA4,PHOTOFRIN,False,2.428083653901652
HSPA4,CISPLATIN,True,0.01651757587688199
HSPA4,ASCORBIC ACID,True,0.09338783284237126
HSPA4,IFOSFAMIDE,True,0.1734345467072609
KLK7,CASTANIN,False,52.20379855888553
TUBB4A,LEXIBULIN,False,0.04193076189468717
TUBB4A,POLATUZUMAB VEDOTIN,True,0.03310323307475303
TUBB4A,PODOFILOX,True,0.1048269047367179
TUBB4A,ABT-751,False,0.1109931932506425
TUBB4A,ADO-TRASTUZUMAB EMTANSINE,True,0.0369977310835475
TUBB4A,KOS-1584,False,0.04193076189468717
TUBB4A,TELISOTUZUMAB VEDOTIN,False,0.03931008927626922
TUBB4A,TUSAMITAMAB RAVTANSINE,False,0.03931008927626922
TUBB4A,SOBLIDOTIN,False,0.0369977310835475
TUBB4A,IXABEPILONE,True,0.02858915583728671
TUBB4A,DAVUNETIDE,False,0.04193076189468717
TUBB4A,CYCLOSTREPTIN,False,0.07862017855253844
TUBB4A,INDIBULIN,False,0.03931008927626922
TUBB4A,EPOTHILONE D,True,0.03931008927626922
TUBB4A,ZAMPANOLIDE,False,0.07862017855253844
TUBB4A,PACLITAXEL,True,0.07433180517694545
TUBB4A,SAGOPILONE,False,0.04193076189468717
TUBB4A,RG-7636,False,0.03931008927626922
TUBB4A,ERIBULIN MESYLATE,True,0.02620672618417948
TUBB4A,DOLASTATIN-10,False,0.03931008927626922
TUBB4A,CHEMBL:CHEMBL1935538,False,0.073995462167095
TUBB4A,VINBLASTINE SULFATE,True,0.03144807142101537
TUBB4A,CABAZITAXEL,True,0.02858915583728671
TUBB4A,PLINABULIN,False,0.04193076189468717
TUBB4A,VINORELBINE,True,0.04838164834002366
TUBB4A,OMBRABULIN,False,0.04193076189468717
TUBB4A,CHEMBL:CHEMBL453818,False,0.07862017855253844
TUBB4A,VINBLASTINE,True,0.05549659662532125
TUBB4A,BIVATUZUMAB MERTANSINE,False,0.03931008927626922
TUBB4A,CANTUZUMAB MERTANSINE,False,0.03931008927626922
TUBB4A,AZINTUXIZUMAB VEDOTIN,False,0.03931008927626922
TUBB4A,PINATUZUMAB VEDOTIN,False,0.03931008927626922
TUBB4A,COMBRETASTATIN A4,False,0.2795384126312478
TUBB4A,RG-7841,False,0.03931008927626922
TUBB4A,COLCHICINE,True,0.1088587087650532
TUBB4A,PATUPILONE,False,0.04193076189468717
TUBB4A,SOFITUZUMAB VEDOTIN,False,0.03931008927626922
TUBB4A,VINFLUNINE,True,0.04193076189468717
TUBB4A,MAYTANSINOL,False,0.07862017855253844
TUBB4A,TISOTUMAB VEDOTIN,True,0.03931008927626922
TUBB4A,VINFLUNINE DITARTRATE,True,0.04193076189468717
TUBB4A,ANG1005,False,0.0369977310835475
TUBB4A,VINCRISTINE,True,0.0310598236256942
TUBB4A,T-900607,False,0.04193076189468717
TUBB4A,BRENTUXIMAB VEDOTIN,True,0.03494230157890597
TUBB4A,PF-06263507,False,0.03931008927626922
TUBB4A,CURCUMIN,True,0.0190594372248578
TUBB4A,MAYTANSINE,False,0.07862017855253844
TUBB4A,GLEMBATUMUMAB VEDOTIN,False,0.03931008927626922
TUBB4A,VANDORTUZUMAB VEDOTIN,False,0.03931008927626922
TUBB4A,LARGAZOLE,False,0.04337665023588327
TUBB4A,DOCETAXEL ANHYDROUS,True,0.007577848535184429
TUBB4A,VINORELBINE TARTRATE,True,0.04193076189468717
TUBB4A,ANVATABART OPADOTIN,False,0.03931008927626922
TUBB4A,AGS-16C3F,False,0.03931008927626922
TUBB4A,BELANTAMAB MAFODOTIN,True,0.0369977310835475
TUBB4A,PACLITAXEL POLIGLUMEX,False,0.04193076189468717
TUBB4A,ENFORTUMAB VEDOTIN,True,0.0369977310835475
TUBB4A,LADIRATUZUMAB VEDOTIN,False,0.03931008927626922
TUBB4A,MIRVETUXIMAB SORAVTANSINE,True,0.03931008927626922
TUBB4A,INDUSATUMAB VEDOTIN,False,0.03931008927626922
TUBB4A,VORINOSTAT,True,0.02246290815786813
TUBB4A,VERUBULIN,False,0.04193076189468717
TUBB4A,FOSBRETABULIN DISODIUM,False,0.0369977310835475
TUBB4A,VINCRISTINE SULFATE,True,0.03310323307475303
TUBB4A,ENAPOTAMAB VEDOTIN,False,0.03931008927626922
TUBB4A,LIFASTUZUMAB VEDOTIN,False,0.03931008927626922
TUBB4A,CHEMBL:CHEMBL2036124,False,0.07862017855253844
TUBB4A,APRUTUMAB IXADOTIN,False,0.03931008927626922
TUBB4A,ASG-5ME,False,0.03931008927626922
TUBB4A,LAROTAXEL,False,0.04193076189468717
TUBB4A,CROLIBULIN,False,0.04193076189468717
TUBB4A,PRALUZATAMAB RAVTANSINE,False,0.03931008927626922
TUBB4A,PACLITAXEL DOCOSAHEXAENOIC ACID,False,0.04193076189468717
TUBB4A,CHEMBL:CHEMBL2036119,False,0.07862017855253844
TUBB4A,CHEMBL:CHEMBL1795737,False,0.07862017855253844
TUBB4A,LORVOTUZUMAB MERTANSINE,False,0.03931008927626922
TUBB4A,PLOCABULIN,False,0.04193076189468717
TUBB4A,MILATAXEL,False,0.0369977310835475
TUBB4A,NOCODAZOLE,False,0.1572403571050769
TUBB4A,BMS-275183,False,0.03931008927626922
TUBB4A,RG-7600,False,0.03931008927626922
TUBB4A,FOSBRETABULIN TROMETHAMINE,False,0.04193076189468717
MSLN,AMATUXIMAB,False,17.40126618629517
MSLN,ANTI-MESOTHELIN CAR T CELLS PREPARATION,False,5.800422062098392
MSLN,ANTI-MUC16/MMAE ANTIBODY-DRUG CONJUGATE DMUC4064A,False,5.800422062098392
MSLN,LMB-100,False,2.900211031049196
MSLN,SS1(DSFV)-PE38,False,5.800422062098392
MSLN,ANETUMAB RAVTANSINE,False,11.60084412419678
MSLN,RG-7600,False,0.3625263788811495
MSLN,CRS-207,False,5.800422062098392
MSLN,AUTOLOGOUS MESOTHELIN-SPECIFIC CAR-T CELLS,False,5.800422062098392
TH,TRIAMTERENE,True,0.2762105743856377
TH,SAPROPTERIN,True,1.491537101682443
TH,3-IODOBENZYLGUANIDINE,True,2.485895169470739
TH,PRASTERONE,True,0.2762105743856377
TH,DOXYCYCLINE ANHYDROUS,True,0.2161647973452817
TH,VITAMIN E,True,0.3107368961838424
TH,INDOMETHACIN,True,0.1242947584735369
TH,PHENYLALANINE,True,0.6214737923676849
TH,TYROSINE,True,2.485895169470739
TH,OPIATE,False,0.8286317231569132
TH,PROSAVIN,False,0.8286317231569132
TH,SERTRALINE HYDROCHLORIDE,True,0.2485895169470739
TH,METHADONE HYDROCHLORIDE,True,0.1462291276159258
TH,EPOETIN ALFA,True,0.1462291276159258
TH,STREPTOZOCIN,True,0.1080823986726408
TH,FLUTAMIDE,True,0.2485895169470739
TH,SAPONIN,False,0.9943580677882958
TH,RECOMBINANT INTERFERON,False,0.127481803562602
TH,METYROSINE,True,0.9561135267195154
TH,ANTIESTROGEN,False,0.3314526892627653
TH,METHYLPHENIDATE HYDROCHLORIDE,True,0.1080823986726408
MYC,UBENIMEX,False,0.2130767288117777
MYC,DIETHYLSTILBESTROL,True,0.04519809399037708
MYC,METHYLPREDNISOLONE,True,0.0828631723156913
MYC,PERILLYL ALCOHOL,False,0.4971790338941478
MYC,RONICICLIB,False,0.02663459110147221
MYC,OLAPARIB,True,0.01621235980089612
MYC,DINACICLIB,False,0.06214737923676848
MYC,BRYOSTATIN 1,False,0.1065383644058888
MYC,TETRADECANOYLPHORBOL ACETATE,False,0.03242471960179225
MYC,LIF,False,0.1864421377103054
MYC,AMINOPTERIN,False,1.491537101682443
MYC,LOBAPLATIN,False,1.491537101682443
MYC,PREXASERTIB,False,0.1242947584735369
MYC,CISPLATIN,True,0.005073255447899468
MYC,AN-9,False,1.491537101682443
MYC,POLATUZUMAB VEDOTIN,True,0.0392509763600643
MYC,PREGNANT MARE SERUM GONADOTROPIN,False,0.1355942819711312
MYC,MELATONIN,True,0.05143231385111874
MYC,PROTEASOME INHIBITOR,False,0.07457685508412218
MYC,VORINOSTAT,True,0.02663459110147221
MYC,BROMOCRIPTINE,True,0.04811410005427237
MYC,HYPOXANTHINE,False,0.4971790338941478
MYC,ESTRONE,True,0.2033914229566968
MYC,HISTONE DEACETYLASE INHIBITOR,False,0.1657263446313826
MYC,NOVOBIOCIN,False,0.2983074203364887
MYC,SULINDAC,True,0.07102557627059256
MYC,RECOMBINANT INTERFERON,False,0.0382445410687806
MYC,AMG-900,False,0.09322106885515273
MYC,GLUTAMINE,True,0.1864421377103054
MYC,MILODISTIM,False,0.4971790338941478
MYC,BIZELESIN,False,1.491537101682443
MYC,TRAIL,False,0.09943580677882959
MYC,PROTOPORPHYRIN,False,0.05966148406729774
MYC,AFIMOXIFENE,False,0.1065383644058888
MYC,IBRUTINIB,True,0.02193436914238887
MYC,RECOMBINANT INTERFERON ALFA,False,0.2485895169470739
MYC,VERAPAMIL,True,0.03314526892627652
MYC,THYROTROPIN,True,0.4474611305047331
MYC,RECOMBINANT INTERLEUKIN-1,False,0.0828631723156913
MYC,THROMBIN,True,0.06214737923676848
MYC,TEMOZOLOMIDE,True,0.03551278813529628
MYC,INDOMETHACIN,True,0.03728842754206109
MYC,WARFARIN,True,0.04519809399037708
MYC,AMIFOSTINE ANHYDROUS,True,0.2983074203364887
MYC,LITHIUM,True,0.03551278813529628
MYC,DRUGSATFDA.NDA:008378,False,0.1657263446313826
MYC,PD-98059,False,0.04031181355898496
MYC,COBALT CO-60,False,1.491537101682443
MYC,RECOMBINANT MACROPHAGE COLONY-STIMULATING FACTOR,False,1.491537101682443
MYC,ORNITHINE DECARBOXYLASE INHIBITOR,False,1.491537101682443
MYC,SOMATROPIN (RECOMBINANT DNA ORIGIN),True,0.09943580677882959
MYC,PREDNISONE,True,0.03314526892627652
MYC,ELSAMITRUCIN,False,0.7457685508412218
MYC,ACIVICIN,False,0.5593264131309164
MYC,AZACITIDINE,True,0.03728842754206109
MYC,FOLIC ACID,True,0.06214737923676848
MYC,ANTIBIOTIC,False,0.08773747656955551
MYC,TROGLITAZONE,True,0.05736681160317091
MYC,IL-5,False,0.2983074203364887
MYC,PHOSPHORODIAMIDATE MORPHOLINO OLIGOMER AVI-4126,False,0.7457685508412218
MYC,THIOGUANINE,True,0.04519809399037708
MYC,METHYLNITROSOUREA,False,0.1657263446313826
MYC,IMATINIB,True,0.02071579307892282
MYC,MITOGUAZONE,False,1.491537101682443
MYC,ADOZELESIN,False,1.491537101682443
MYC,GANETESPIB,False,0.09322106885515273
MYC,QUINAPRIL,True,0.4971790338941478
MYC,ALISERTIB,False,0.01553684480919212
MYC,IL-9,False,0.4971790338941478
MYC,CALCITRIOL,True,0.1864421377103054
GAPDH,COMPOUND 5A [PMID: 31287314],False,0.3346397343518303
GAPDH,TOPIRAMATE,True,0.03042179403198457
GAPDH,SLC-0111,False,0.6692794687036606
GAPDH,EPINEPHRINE,True,0.03346397343518303
GAPDH,THIRAM,False,0.05819821466988353
GAPDH,BENZOLAMIDE,False,1.338558937407321
GAPDH,CHEMBL:CHEMBL601757,False,0.05577328905863838
GAPDH,ACETAZOLAMIDE,True,0.09561135267195152
GAPDH,TAMOXIFEN,True,0.04118642884330219
GAPDH,COMPOUND 5B  [PMID: 31287314],False,0.3346397343518303
GAPDH,CHEMBL:CHEMBL580421,False,0.1216871761279382
GAPDH,HISTAMINE,True,0.1029660721082554
GAPDH,SODIUM BUTYRATE,False,0.191222705343903
GAPDH,CHEMBL:CHEMBL139935,False,0.1216871761279382
GAPDH,ETHOXZOLAMIDE,True,0.08923726249382141
GAPDH,ANESTHETIC AGENT,False,0.2677117874814642
GAPDH,"9,10-PHENANTHRENEQUINONE",False,0.05148303605412774
GAPDH,CHLORTHALIDONE,True,0.1487287708230356
GAPDH,ZONISAMIDE,True,0.05354235749629284
GAPDH,SELENIUM,True,0.1574775220479201
GAPDH,INDISULAM,False,0.6692794687036606
GAPDH,GALLIC ACID,False,1.338558937407321
GAPDH,METHOCARBAMOL,True,0.2230931562345535
GAPDH,METHAZOLAMIDE,True,0.1338558937407321
GAPDH,ESTRADIOL VALERATE,True,0.05695995478329026
GAPDH,OMIGAPIL,False,1.338558937407321
GAPDH,GALLIC ACID,False,0.1115465781172767
GAPDH,DICHLORPHENAMIDE,True,0.2677117874814642
GAPDH,SULPIRIDE,True,0.09561135267195152
GAPDH,DEFEROXAMINE,True,0.1574775220479201
GAPDH,HISTIDINE,True,0.1673198671759151
GAPDH,CHEMBL:CHEMBL502775,False,0.6692794687036606
GAPDH,DORZOLAMIDE,True,0.2677117874814642
GAPDH,PROTEIN SYNTHESIS INHIBITOR,False,0.2230931562345535
GAPDH,PURPUROGALLIN,False,0.03718219270575892
GAPDH,BRINZOLAMIDE,True,0.3346397343518303
GAPDH,CHEMBL:CHEMBL578512,False,0.04615720473818349
GAPDH,CHEMBL:CHEMBL505670,False,0.0382445410687806
GAPDH,CHEMBL:CHEMBL429095,False,0.02677117874814642
HLA-G,SIMVASTATIN,True,1.04407597117771
HLA-G,LITIFILIMAB,False,26.10189927944276
HSP90AB1,SILIBININ,False,0.1891441976771214
HSP90AB1,NOVOBIOCIN,False,0.4539460744250915
HSP90AB1,TANESPIMYCIN,False,0.5674325930313644
HSP90AB1,RETASPIMYCIN HYDROCHLORIDE,False,0.7565767907084859
HSP90AB1,SNX-5422,False,1.134865186062728
HSP90AB1,TAS-116,False,1.134865186062728
HSP90AB1,TYRPHOSTIN AG 555,False,0.05972974663488047
HSP90AB1,GEDUNIN,False,0.5674325930313644
HSP90AB1,DOXORUBICIN HYDROCHLORIDE,True,0.007668008013937357
HSP90AB1,CHEMBL:CHEMBL578512,False,0.03913328227802513
HSP90AB1,MONOCILLIN I,False,1.134865186062728
HSP90AB1,ALVESPIMYCIN,False,1.513153581416971
HSP90AB1,RETASPIMYCIN,False,0.7565767907084859
HSP90AB1,SNX 5422,False,0.5674325930313644
HSP90AB1,DIPYRIDAMOLE,True,0.02026544975112016
HSP90AB1,DIACETYLRHEIN,True,0.1260961317847476
HSP90AB1,LUMINESPIB,False,0.1891441976771214
HSP90AB1,CD24FC,False,0.1891441976771214
HSP90AB1,HSP90 INHIBITOR DEBIO 0932,False,0.5674325930313644
HSP90AB1,AUY922,False,0.7565767907084859
HSP90AB1,CYCLOPROPARADICICOL,False,2.269730372125457
HSP90AB1,TANESPIMYCIN,False,0.8729732200482531
HSP90AB1,CUCURBITACIN D,False,1.134865186062728
HSP90AB1,ZEARALENONE,False,0.0872973220048253
HSP90AB1,ZERANOL,False,0.1621235980089612
HSP90AB1,RADANAMYCIN,False,1.134865186062728
HSP90AB1,ZEARALANONE,False,0.5674325930313644
HSP90AB1,CELASTROL,False,0.6809191116376373
HSP90AB1,RHEIN,False,0.0515847811846695
HSP90AB1,PU-H71,False,1.134865186062728
HSP90AB1,DAUNORUBICIN HYDROCHLORIDE,True,0.03438985412311299
HSP90AB1,GANETESPIB,False,0.4255744447735233
HSP90AB1,CHEMBL:CHEMBL2022241,False,1.134865186062728
HSP90AB1,TETRACYCLINE,True,0.06304806589237383
HSP90AB1,BEVACIZUMAB,True,0.05674325930313644
HSP90AB1,ONALESPIB,False,0.5674325930313644
HSP90AB1,COUMERMYCIN,False,2.269730372125457
HSP90AB1,CHEMBL:CHEMBL192264,False,1.134865186062728
HSP90AB1,MASOPROCOL,True,0.0241460677885687
HSP90AB1,BIIB021,False,0.5674325930313644
HSP90AB1,DERRUBONE,False,0.3782883953542429
HSP90AB1,RADICICOL,False,1.513153581416971
HSP90AB1,GELDANAMYCIN,False,0.8322344697793346
HSP90AB1,HSP90 INHIBITOR LAM-003A,False,0.5674325930313644
HSP90AB1,HSP90 INHIBITOR XL888,False,0.2837162965156822
HSP90AB1,GAMBOGIC ACID,False,0.2521922635694953
TGFBR3,RECOMBINANT RANTES,False,2.175158273286897
TGFBR3,TRETINOIN,True,0.1434170290079272
TGFBR3,RECOMBINANT FIBROBLAST GROWTH FACTOR 2,False,1.186449967247398
TGFBR3,RECOMBINANT TRANSFORMING GROWTH FACTOR-BETA-2,False,2.610189927944276
TGFBR3,RECOMBINANT CYTOKINE,False,0.5019596015277455
TGFBR3,DEXAMETHASONE,True,0.1535405839967221
TGFBR3,GM-CSF,False,0.8156843524825864
TGFBR3,ANTIDEPRESSANT AGENT,False,0.2509798007638728
EGFR,ILORASERTIB,False,0.00234392055311088
EGFR,ERLOTINIB,True,0.5680658883360871
EGFR,MDX-447,False,0.135947392080431
EGFR,ZALUTUMUMAB,False,0.8156843524825864
EGFR,RUSERONTINIB,False,0.09063159472028738
EGFR,LAPATINIB,True,0.2718947841608621
EGFR,DACOMITINIB ANHYDROUS,True,0.589105365681868
EGFR,AFATINIB,True,1.223526528723879
EGFR,RAMUCIRUMAB,True,0.135947392080431
EGFR,SIROLIMUS,True,0.02812704663733056
EGFR,DULIGOTUZUMAB,False,0.2718947841608621
EGFR,REGORAFENIB,True,0.00823923588366249
EGFR,OSIMERTINIB,True,0.1553684480919212
EGFR,CETUXIMAB,True,0.6172746451219573
EGFR,ROCILETINIB,False,0.4078421762412932
EGFR,MOMELOTINIB,True,0.02091498339698939
EGFR,DIMETHYLCURCUMIN,False,0.1087579136643448
EGFR,GW843682X,False,0.006971661132329798
EGFR,FALNIDAMOL,False,0.1087579136643448
EGFR,BRIGATINIB,True,0.0741531229529624
EGFR,NERATINIB,True,0.3625263788811495
EGFR,GC1118,False,0.2718947841608621
EGFR,LAZERTINIB,True,0.1087579136643448
EGFR,CUDC-101,False,0.07768422404596062
EGFR,NIVOLUMAB,True,0.02091498339698939
EGFR,RINDOPEPIMUT,False,1.35947392080431
EGFR,ANTI-PD-L1 MONOCLONAL ANTIBODY,False,0.06797369604021554
EGFR,CETUXIMAB SAROTALOCAN,False,0.2718947841608621
EGFR,PD-168393,False,0.5437895683217243
EGFR,BEVACIZUMAB,True,0.006797369604021553
EGFR,PUQUITINIB MESYLATE DIHYDRATE,False,0.02471770765098746
EGFR,ALISERTIB,False,0.005664474670017961
EGFR,ZIPALERTINIB,False,0.135947392080431
EGFR,SIMOTINIB,False,0.2718947841608621
EGFR,TESEVATINIB,False,0.09063159472028738
EGFR,NVP-TAE684,False,0.002639755186027788
EGFR,AG1478,False,0.07768422404596062
EGFR,PF-06459988,False,0.2718947841608621
EGFR,KBP5209,False,0.06797369604021554
EGFR,PELITINIB,False,0.2718947841608621
EGFR,EPIDERMAL GROWTH FACTOR,False,0.135947392080431
EGFR,CHEMBL:CHEMBL1358137,False,0.1812631894405747
EGFR,PLUMBAGIN,False,0.04182996679397879
EGFR,ALLITINIB,False,0.2718947841608621
EGFR,AUMOLERTINIB,False,0.135947392080431
EGFR,MM-151,False,0.1812631894405747
EGFR,MOBOCERTINIB,True,1.087579136643448
EGFR,AV-412,False,0.2718947841608621
EGFR,BARASERTIB-HQPA,False,0.01182151235482009
EGFR,TAK-715,False,0.01132894934003592
EGFR,MAB-425,False,0.2718947841608621
EGFR,PF-05230907,False,0.2718947841608621
EGFR,JNJ-26483327,False,0.06042106314685825
EGFR,NAZARTINIB,False,0.5437895683217243
EGFR,TOMUZOTUXIMAB,False,0.2718947841608621
EGFR,ZALUTUMUMAB,False,0.2718947841608621
EGFR,ANTI-EGFR/HER2/HER3 MONOCLONAL ANTIBODY MIXTURE SYM013,False,0.09063159472028738
EGFR,STAUROSPORINE,False,0.009710528005745078
EGFR,CYC-116,False,0.00280303901196765
EGFR,TARLOXOTINIB,False,0.06797369604021554
EGFR,LEUCOVORIN CALCIUM,True,0.01510526578671456
EGFR,PD-0166285,False,0.005228745849247349
EGFR,NECITUMUMAB,True,0.6797369604021554
EGFR,LIDOCAINE,True,0.01599381083299189
EGFR,CANERTINIB,False,0.1942105601149015
EGFR,VATALANIB,False,0.01510526578671456
EGFR,AMIVANTAMAB,True,0.2718947841608621
EGFR,ICOTINIB HYDROCHLORIDE,False,0.2718947841608621
EGFR,PEMETREXED DISODIUM,True,0.02091498339698939
EGFR,GRACILIN A,False,0.5437895683217243
EGFR,PKI166,False,0.4078421762412932
EGFR,DEPATUXIZUMAB,False,0.8156843524825864
EGFR,MATUZUMAB,False,0.8156843524825864
EGFR,ATEZOLIZUMAB,True,0.03021053157342912
EGFR,MODOTUXIMAB,False,0.2718947841608621
EGFR,ANTI-EGFR MONOCLONAL ANTIBODY GT-MAB 5.2-GEX,False,0.2718947841608621
EGFR,CURCUMIN,True,0.00823923588366249
EGFR,GRACILIN J,False,0.5437895683217243
EGFR,DURVALUMAB,True,0.02718947841608621
EGFR,FUTUXIMAB,False,0.2718947841608621
EGFR,G-QUADRUPLEX STABILIZER BMVC,False,0.2718947841608621
EGFR,GO-6976,False,0.006323134515368887
EGFR,ANTI-EGFRVIII IMMUNOTOXIN MR1-1,False,0.2718947841608621
EGFR,FUTUXIMAB,False,0.2718947841608621
EGFR,IMGATUZUMAB,False,0.5437895683217243
EGFR,GEFITINIB,True,0.08522075324444933
EGFR,MULTIKINASE INHIBITOR AEE788,False,0.1812631894405747
EGFR,GELDANAMYCIN,False,0.03625263788811495
EGFR,IBRUTINIB,True,0.01599381083299189
EGFR,CETUXIMAB SAROTALOCAN SODIUM,False,0.2718947841608621
EGFR,MITOGEN-ACTIVATED PROTEIN KINASE KINASE INHIBITOR,False,0.04531579736014369
EGFR,CANERTINIB DIHYDROCHLORIDE,False,0.1087579136643448
EGFR,PAN-HER KINASE INHIBITOR AC480,False,0.06797369604021554
EGFR,DORAMAPIMOD,False,0.01182151235482009
EGFR,PEMBROLIZUMAB,True,0.01647847176732498
EGFR,CARBOPLATIN,True,0.009484701773053331
EGFR,S-222611,False,0.2718947841608621
EGFR,ABIVERTINIB MALEATE,False,0.135947392080431
EGFR,DULIGOTUZUMAB,False,0.135947392080431
EGFR,LOMUSTINE,True,0.06797369604021554
EGFR,OSIMERTINIB MESYLATE,True,0.2718947841608621
EGFR,EPITINIB,False,0.2718947841608621
EGFR,STO609,False,0.135947392080431
EGFR,LENVATINIB,True,0.01431025179794011
EGFR,MAVELERTINIB,False,0.135947392080431
EGFR,EMB-01,False,0.135947392080431
EGFR,TRASTUZUMAB,True,0.01007017719114304
EGFR,PIMURUTAMAB,False,0.2718947841608621
EGFR,ANTI-EGFR MONOCLONAL ANTIBODY EMD 55900,False,0.2718947841608621
EGFR,AGERAFENIB,False,0.05437895683217243
EGFR,RIBAVIRIN,True,0.01431025179794011
EGFR,CEP-11981,False,0.02589474134865353
EGFR,METHYLCURCUMIN,False,0.135947392080431
EGFR,PACRITINIB,True,0.03398684802010777
EGFR,TUCATINIB,True,0.03398684802010777
EGFR,RG-1530,False,0.002892497703838959
EGFR,EPIDERMAL GROWTH FACTOR RECEPTOR TYROSINE KINASE INHIBITOR,False,0.03021053157342912
EGFR,PEGINTERFERON ALFA-2B,True,0.01699342401005388
EGFR,BMS-690514,False,0.1812631894405747
EGFR,TAK-285,False,0.135947392080431
EGFR,PD 174265,False,0.2718947841608621
EGFR,SB202190,False,0.01510526578671456
EGFR,PATRITUMAB,False,0.09063159472028738
EGFR,PACLITAXEL,True,0.004943541530197494
EGFR,TEPOTINIB,True,0.06797369604021554
EGFR,AEE-788,False,0.04531579736014369
EGFR,IPILIMUMAB,True,0.01812631894405747
EGFR,YUANHUADINE,False,0.1087579136643448
EGFR,TEGAFUR,True,0.06797369604021554
EGFR,THELIATINIB,False,0.2718947841608621
EGFR,METFORMIN,True,0.006631580101484442
EGFR,LAPRITUXIMAB EMTANSINE,False,0.5437895683217243
EGFR,MOBOCERTINIB SUCCINATE,True,0.2718947841608621
EGFR,VANDETANIB,True,0.1078203454431004
EGFR,DEHYDRATED ALCOHOL,True,0.006883412257237016
EGFR,MP-412,False,0.09063159472028738
EGFR,PERTUZUMAB,True,0.03398684802010777
EGFR,CISPLATIN,True,0.001849624382046681
EGFR,SOTRASTAURIN,False,0.00445729154362069
EGFR,TUXOBERTINIB,False,0.06797369604021554
EGFR,ABIVERTINIB,False,0.04531579736014369
EGFR,ANTI-ERBB3 MONOCLONAL ANTIBODY AV-203,False,0.09063159472028738
EGFR,ANTI-MET MONOCLONAL ANTIBODY MIXTURE SYM015,False,0.135947392080431
EGFR,AZD-3759,False,0.2718947841608621
EGFR,CIPATINIB,False,0.135947392080431
EGFR,ANTI-EGFR MONOCLONAL ANTIBODY SYN004,False,0.2718947841608621
EGFR,CHEMBL:CHEMBL219557,False,0.09063159472028738
EGFR,CHEMBL:CHEMBL1078000,False,0.5437895683217243
EGFR,PYROTINIB,False,0.135947392080431
EGFR,ALOE-EMODIN,False,0.135947392080431
EGFR,CEMIPLIMAB,True,0.03884211202298031
EGFR,AEE788,False,0.03884211202298031
EGFR,FIRMONERTINIB,False,0.2718947841608621
EGFR,NITROGLYCERIN,True,0.02091498339698939
EGFR,ROGARATINIB,False,0.03884211202298031
EGFR,CHEMBL:CHEMBL1077773,False,0.5437895683217243
EGFR,BMS-599626,False,0.1631368704965172
EGFR,ANTI-MET/EGFR MONOCLONAL ANTIBODY LY3164530,False,0.135947392080431
EGFR,MLN-8054,False,0.009375682212443521
EGFR,ANTI-PD1 MONOCLONAL ANTIBODY,False,0.2718947841608621
EGFR,ANTI-EGFRVIII ANTIBODY DRUG CONJUGATE AMG 595,False,0.2718947841608621
EGFR,NERATINIB MALEATE,True,0.1812631894405747
EGFR,VARLITINIB,False,0.4078421762412932
EGFR,PEGINTERFERON ALFA-2A,True,0.01875136442488704
EGFR,SAPITINIB,False,0.07768422404596062
EGFR,SERIBANTUMAB,False,0.135947392080431
EGFR,IMATINIB,True,0.007552632893357281
EGFR,FLUOROURACIL,True,0.00468784110622176
EGFR,OLMUTINIB,True,0.2718947841608621
EGFR,RG-7160,False,0.2718947841608621
EGFR,NAQUOTINIB,False,0.4078421762412932
EGFR,NIMOTUZUMAB,False,0.6797369604021554
EGFR,DEGUELIN,False,0.05437895683217243
EGFR,AZD-4769,False,0.2718947841608621
EGFR,PANITUMUMAB,True,0.1767316097045603
EGFR,DEPATUXIZUMAB MAFODOTIN,False,0.8156843524825864
EGFR,CENISERTIB,False,0.002304193086109001
EGFR,AFATINIB DIMALEATE,True,0.09063159472028738
EGFR,CHEMBL:CHEMBL29197,False,0.06797369604021554
EGFR,TREMELIMUMAB,True,0.03884211202298031
EGFR,FUTUXIMAB/MODOTUXIMAB MIXTURE,False,0.2718947841608621
EGFR,IMGATUZUMAB,False,0.135947392080431
EGFR,CRIZOTINIB,True,0.01087579136643448
EGFR,TAMATINIB,False,0.003356725730381014
EGFR,SORAFENIB,True,0.007092907412892056
EGFR,TALAZOPARIB,True,0.009710528005745078
EGFR,TOZASERTIB,False,0.003724586084395371
EGFR,INDIUM-111,False,0.2718947841608621
EGFR,BMS-599626,False,0.2718947841608621
EGFR,ERLOTINIB HYDROCHLORIDE,True,0.1812631894405747
EGFR,POZIOTINIB,False,0.135947392080431
EGFR,ICOTINIB,False,0.5437895683217243
IFNG,TRETINOIN,True,0.04097629400226493
IFNG,URSODIOL,True,0.2330526721378818
IFNG,TRASTUZUMAB,True,0.1381052871928188
IFNG,FUMARIC ACID,True,1.864421377103054
IFNG,"IBUPROFEN, SODIUM SALT",True,0.09561135267195152
IFNG,RECOMBINANT INTERLEUKIN-1-BETA,False,1.864421377103054
IFNG,METHYLPREDNISOLONE,True,0.2071579307892282
IFNG,EMAPALUMAB,True,0.4661053442757636
IFNG,MELPHALAN,True,0.1864421377103054
IFNG,FONTOLIZUMAB,False,3.728842754206109
IFNG,AMITRIPTYLINE HYDROCHLORIDE,True,0.08286317231569132
IFNG,BLEOMYCIN,True,0.2330526721378818
IFNG,SURAMIN,False,0.09812744090016076
IFNG,DOXIFLURIDINE,False,0.9322106885515273
IFNG,THERAPEUTIC AUTOLOGOUS LYMPHOCYTES,False,3.728842754206109
IFNG,AMG-811,False,1.864421377103054
IFNG,PREDNISONE,True,0.08286317231569132
IFNG,EDRECOLOMAB,False,1.242947584735369
IFNG,INTERFERON ALFA-2B,True,0.3995188665220832
IFNG,CISPLATIN,True,0.02536627723949734
IFNG,AMIKACIN,True,0.5326918220294442
IFNG,THEOPHYLLINE,True,0.1381052871928188
IFNG,PEFLOXACIN,True,0.9322106885515273
IFNG,THROMBIN,True,0.1553684480919212
IFNG,GANCICLOVIR,True,0.4661053442757636
IFNG,THERAPEUTIC GLUCOCORTICOID,False,0.1096718457119443
IFNG,MELATONIN,True,0.1285807846277968
IFNG,CYCLOPHOSPHAMIDE ANHYDROUS,True,0.04603509573093962
MAPK3,CHEMBL:CHEMBL29197,False,0.2462443328249317
MAPK3,THERAPEUTIC ANDROSTANOLONE,False,0.1036818243473396
MAPK3,PRASTERONE,True,0.1094419256999696
MAPK3,CYCLOPHOSPHAMIDE ANHYDROUS,True,0.02432042793332659
MAPK3,IMMUNOSUPPRESSANT,False,0.1094419256999696
MAPK3,WITHAFERIN A,False,0.1641628885499545
MAPK3,CHEMBL:CHEMBL2063681,False,0.984977331299727
MAPK3,DEMETHYLWEDELOLACTONE,False,0.3939909325198907
MAPK3,CHEMBL:CHEMBL329785,False,0.984977331299727
MAPK3,CIMIRACEMATE A,False,0.984977331299727
MAPK3,SIGNAL TRANSDUCTION INHIBITOR,False,0.4924886656498635
MAPK3,RAVOXERTINIB,False,0.656651554199818
MAPK3,CHEMBL:CHEMBL2333548,False,0.4924886656498635
MAPK3,RETINOIC ACID AGENT,False,0.06354692459998239
MAPK3,ASN007,False,0.984977331299727
MAPK3,SORAFENIB,True,0.01713004054434308
MAPK3,VOLVALERENAL D,False,0.4924886656498635
MAPK3,ETOPOSIDE,True,0.03396473556205955
MAPK3,CHEMBL:CHEMBL2333543,False,0.4924886656498635
MAPK3,PESUDOGINSENOSIDE RP1 METHYL ESTER,False,0.984977331299727
MAPK3,MADOLIN U,False,0.4924886656498635
MAPK3,SELENIUM,True,0.115879686035262
MAPK3,CHEMBL:CHEMBL2088730,False,0.984977331299727
MAPK3,CHEMBL:CHEMBL269881,False,0.328325777099909
MAPK3,ARSENIC TRIOXIDE,True,0.03788374351152796
MAPK3,CHEMBL:CHEMBL2063687,False,0.984977331299727
MAPK3,ARISTOYUNNOLIN A,False,0.4924886656498635
MAPK3,KO-947,False,0.1969954662599453
MAPK3,"5-(2-PHENYLPYRAZOLO[1,5-A]PYRIDIN-3-YL)-1H-PYRAZOLO[3,4-C]PYRIDAZIN-3-AMINE",False,0.4924886656498635
MAPK3,COMBRETASTATIN A4,False,0.1094419256999696
MAPK3,WEDELOLACTONE,False,0.1790867875090412
MAPK3,SPINASAPONIN A METHYL ESTER,False,0.984977331299727
MAPK3,CHEMBL:CHEMBL2088731,False,0.984977331299727
MAPK3,CHEMBL:CHEMBL389685,False,1.969954662599454
MAPK3,OPHIOBOLIN O,False,0.328325777099909
MAPK3,ARISTOLACTONE,False,0.4924886656498635
MAPK3,SELECTIVE ESTROGEN RECEPTOR MODULATOR,False,0.2188838513999393
MAPK3,TEMUTERKIB,False,0.1407110473285324
MAPK3,PD-98059,False,0.02662100895404667
MAPK3,METHYLNITROSOUREA,False,0.2188838513999393
MAPK3,XANTHOHUMOL,False,0.328325777099909
MAPK3,MADOLIN T,False,0.4924886656498635
MAPK3,MADOLIN A,False,0.4924886656498635
MAPK3,PHENETHYLISOTHIOCYANATE,False,0.2462443328249317
MAPK3,REFAMETINIB,False,0.08954339375452064
MAPK3,PTHRP,False,0.2188838513999393
MAPK3,QUERCETIN,True,0.02493613496961334
MAPK3,NITROGLYCERIN,True,0.1515349740461118
MAPK3,ULIXERTINIB,False,0.2954931993899181
MAPK3,MK-8353,False,0.328325777099909
MAPK3,GAMBOGIC AMIDE,False,0.328325777099909
MAPK3,GAMBOGIC ACID,False,0.2188838513999393
MAPK3,YUANHUADINE,False,0.3939909325198907
PIP,THERAPEUTIC HORMONE,False,1.186449967247398
PIP,TAMOXIFEN,True,0.8031353624443928
TAT,VITAMIN A,True,0.2577965360932618
TAT,PHENOBARBITAL,True,0.1831712230136334
TAT,GENISTEIN,True,0.120008732319277
TAT,ESTRADIOL VALERATE,True,0.1480958824365547
TAT,THERAPEUTIC GLUCOCORTICOID,False,0.4094415573245923
TAT,RO-24-7429,False,3.480253237259035
TAT,URIDINE,True,0.8700633093147588
TAT,PREDNISOLONE,True,0.2485895169470739
TAT,THERAPEUTIC ANDROGEN,False,0.4094415573245923
TAT,TETRACYCLINE,True,0.3866948041398928
TAT,BENZNIDAZOLE,True,3.480253237259035
TAT,MITOMYCIN,True,0.2900211031049196
TAT,METHOTREXATE,True,0.06327733158652792
TAT,ENZYME INHIBITOR,False,0.5800422062098393
TAT,PROGESTERONE,True,0.1179746860087808
ACTB,UCB35625,False,0.7457685508412218
ACTB,CCL28,False,0.7457685508412218
ACTB,MET-CK&BETA;7,False,1.491537101682443
ACTB,[125I]CCL7 (HUMAN),False,0.4971790338941478
ACTB,CCL11,False,0.3728842754206109
ACTB,CCL26,False,0.7457685508412218
ACTB,RO116-4875/608,False,1.491537101682443
ACTB,GW766994,False,1.491537101682443
ACTB,HIV-TAT,False,0.4971790338941478
ACTB,CXCL9,False,0.7457685508412218
ACTB,ETHINYL ESTRADIOL,True,0.1491537101682443
ACTB,CXCL11,False,0.4971790338941478
ACTB,[3H]BANYU (I),False,1.491537101682443
ACTB,YM-355179,False,0.7457685508412218
ACTB,CCL2,False,0.4971790338941478
ACTB,LAZUCIRNON,False,1.491537101682443
ACTB,RO330-0802/001,False,1.491537101682443
ACTB,BMS COMPOUND 87B,False,1.491537101682443
ACTB,CYCLOPHOSPHAMIDE ANHYDROUS,True,0.0368280765847517
ACTB,CCL18,False,0.7457685508412218
ACTB,SB328437,False,1.491537101682443
ACTB,CCL5,False,0.2983074203364887
ACTB,ENVIRONMENTAL ESTROGEN,False,1.491537101682443
ACTB,CCL8,False,0.2983074203364887
ACTB,CCL7,False,0.2983074203364887
ACTB,[125I]CCL5 (HUMAN),False,0.4971790338941478
ACTB,RO320-2947/001,False,1.491537101682443
ACTB,[125I]CCL11 (HUMAN),False,1.491537101682443
ACTB,CCL15,False,0.7457685508412218
ACTB,CCL13,False,0.2983074203364887
ACTB,RO116-9132/238,False,1.491537101682443
ACTB,CXCL10,False,0.7457685508412218
ACTB,CCL11,False,1.491537101682443
ACTB,AZD3778,False,0.4971790338941478
ACTB,CCL24,False,0.7457685508412218
ALB,UROCORTIN 3,False,1.186449967247398
ALB,UROCORTIN 2,False,0.5932249836236992
ALB,[125I]ANTISAUVAGINE,False,1.186449967247398
ALB,SAUVAGINE,False,0.5932249836236992
ALB,UROCORTIN 1,False,0.5932249836236992
ALB,ANTISAUVAGINE,False,1.186449967247398
ALB,COCHINCHINENIN C,False,2.372899934494797
ALB,GADOFOSVESET TRISODIUM,True,1.186449967247398
ALB,CHEMBL:CHEMBL1945287,False,2.372899934494797
ALB,EPIGALLOCATECHIN,False,1.186449967247398
ALB,EPICATECHIN GALLATE,False,0.4745799868989593
ALB,[125I]ASTRESSIN,False,0.5932249836236992
ALB,NAPROXEN SODIUM,True,0.1395823490879292
ALB,EPIGALLOCATECHIN-3-GALLATE,False,0.1318277741385998
ALB,EBSELEN,False,0.03389857049278282
ALB,EPICATECHIN,False,0.1825307641919074
ALB,GADOBENATE DIMEGLUMINE,True,1.186449967247398
ALB,WARFARIN,True,0.07190605862105445
ALB,"[125I]UROCORTIN 1 (MOUSE, RAT)",False,0.5932249836236992
ALB,BISMUTH,True,1.186449967247398
ALB,CORTICOTROPHIN-RELEASING HORMONE,False,0.3954833224157995
ALB,SODIUM DODECYL SULFATE,True,0.3954833224157995
ALB,AMODIAQUINE HYDROCHLORIDE,True,1.186449967247398
ALB,IODIPAMIDE,False,1.186449967247398
ALB,PYROGALLOL,True,0.1581933289663198
ALB,CORTICOTROPIN-RELEASING FACTOR,False,0.2966124918118496
ALB,ASTRESSIN 2B,False,0.5932249836236992
ALB,K31440,False,1.186449967247398
ALB,ASTRESSIN,False,0.5932249836236992
ALB,UROTENSIN 1 (FISH),False,0.5932249836236992
ALB,OLMESARTAN MEDOXOMIL,True,0.5932249836236992
ALB,DIAZEPAM,True,0.08182413567223437
ALB,EVANS BLUE,False,0.2372899934494796
ALB,ALBUMIN HUMAN-KJDA,True,1.186449967247398
ALB,[125I]SAUVAGINE (FROG),False,0.5932249836236992
ALB,ANTISERUM,False,0.06779714098556563
ALB,UROCORTIN 1,False,0.5932249836236992
ALB,DICLOFENAC SODIUM,True,0.06979117454396462
ALB,K41498,False,1.186449967247398
ALB,RALTITREXED,True,0.3389857049278281
ALB,PHENYLBUTAZONE,True,0.169492852463914
ALB,OXYPHENBUTAZONE,True,0.09126538209595374
ALB,[19F]-HALOPERIDOL,False,1.186449967247398
ALB,FLUCONAZOLE,True,0.2372899934494796
FGB,COMPOUND 25C [PMID: 36649216],False,0.6141623359868885
FGB,COMPOUND 21K [PMID: 34985886],False,3.070811679934443
FGB,ALFIMEPRASE,False,2.047207786622962
FGB,COMPOUND 5 [PMID: 23232060],False,3.070811679934443
FGB,PLASMINOGEN,True,1.023603893311481
FGB,METHYLENE BLUE ANHYDROUS,True,0.08299491026849846
FGB,BICIROMAB BRALLOBARBITAL,False,3.070811679934443
FGB,TIROFIBAN,True,1.228324671973777
FGB,ANCROD,False,0.7677029199836107
FGB,STAUROSPORINE,False,0.1806359811726142
FGB,INS018_055,False,3.070811679934443
FGB,PF06260933,False,1.023603893311481
FGB,EPTIFIBATIDE,True,1.228324671973777
FGB,"FIBRINOGEN, HUMAN",True,1.023603893311481
FGB,HAEMATOXYLIN,False,0.1181081415359401
FGB,ABCIXIMAB,True,1.023603893311481
FGB,PLASMIN,True,0.7677029199836107
KIF1A,RY785,False,4.350316546573794
KIF1A,TETRAMETHYLAMMONIUM,False,0.483368505174866
KIF1A,GXTX-1E,False,4.350316546573794
KIF1A,RY796,False,4.350316546573794
KIF1A,DALFAMPRIDINE,True,0.1812631894405747
KIF1A,QUININE,True,0.6692794687036607
FGG,ABCIXIMAB,True,2.175158273286897
FGG,TIROFIBAN,True,2.610189927944276
FGG,PLASMIN,True,1.631368704965172
FGG,ALFIMEPRASE,False,4.350316546573794
FGG,PLASMINOGEN,True,2.175158273286897
FGG,"FIBRINOGEN, HUMAN",True,2.175158273286897
FGG,ANCROD,False,1.631368704965172
FGG,EPTIFIBATIDE,True,2.610189927944276
KRAS,ABEMACICLIB,True,0.05724100719176045
KRAS,BEVACIZUMAB,True,0.0135947392080431
KRAS,PD98059,False,0.135947392080431
KRAS,DANOPREVIR,False,0.5437895683217243
KRAS,PELAREOREP,False,0.1812631894405747
KRAS,GEMCITABINE,True,0.01182151235482009
KRAS,DECITABINE,True,0.04531579736014369
KRAS,TRASTUZUMAB,True,0.02014035438228608
KRAS,ALISERTIB,False,0.01132894934003592
KRAS,SALIRASIB,False,0.09887083060394987
KRAS,CRIZOTINIB,True,0.02175158273286897
KRAS,PEMETREXED DISODIUM,True,0.02091498339698939
KRAS,SORAFENIB,True,0.004728604941928037
KRAS,AFATINIB,True,0.03021053157342912
KRAS,TEPROTUMUMAB,True,0.1812631894405747
KRAS,NARLAPREVIR,False,0.5437895683217243
KRAS,ERLOTINIB,True,0.01942105601149015
KRAS,RAMUCIRUMAB,True,0.09063159472028738
KRAS,LAPATINIB,True,0.01754159897812014
KRAS,REGORAFENIB,True,0.04943541530197493
KRAS,SELUMETINIB,True,0.06591388706929992
KRAS,METFORMIN,True,0.01326316020296888
KRAS,GLECAPREVIR,True,0.5437895683217243
KRAS,TEMSIROLIMUS,True,0.03625263788811495
KRAS,PANITUMUMAB,True,0.9788212229791036
KRAS,PEMBROLIZUMAB,True,0.01647847176732498
KRAS,VANIPREVIR,False,0.135947392080431
KRAS,VOCIPROTAFIB,False,0.2718947841608621
KRAS,BINIMETINIB,True,0.08156843524825863
KRAS,SOTORASIB,True,0.5437895683217243
KRAS,GI-4000,False,0.2718947841608621
KRAS,EVEROLIMUS,True,0.01599381083299189
KRAS,TUCATINIB,True,0.06797369604021554
KRAS,TRAMETINIB DIMETHYL SULFOXIDE,True,0.05784995407677917
KRAS,EPIDERMAL GROWTH FACTOR RECEPTOR TYROSINE KINASE INHIBITOR,False,0.06042106314685825
KRAS,IMATINIB,True,0.007552632893357281
KRAS,THERAPEUTIC TUMOR INFILTRATING LYMPHOCYTES,False,0.2718947841608621
KRAS,TELAPREVIR,True,0.1087579136643448
KRAS,VANDETANIB,True,0.009375682212443521
KRAS,CILUPREVIR,False,0.5437895683217243
KRAS,FURAPREVIR,False,0.5437895683217243
KRAS,DABRAFENIB,True,0.02014035438228608
KRAS,VEMURAFENIB,True,0.0146970153600466
KRAS,ASUNAPREVIR,True,0.1812631894405747
KRAS,ATEZOLIZUMAB,True,0.03021053157342912
KRAS,FALDAPREVIR,False,0.1812631894405747
KRAS,B-RAF/VEGFR-2 INHIBITOR RAF265,False,0.09063159472028738
KRAS,BCL-2 INHIBITOR,False,0.5437895683217243
KRAS,SCH772984,False,0.09063159472028738
KRAS,ADAGRASIB,True,0.8156843524825864
KRAS,SOVAPREVIR,False,0.5437895683217243
KRAS,MITOGEN-ACTIVATED PROTEIN KINASE KINASE INHIBITOR,False,0.09063159472028738
KRAS,SIMEPREVIR SODIUM,True,0.5437895683217243
KRAS,RAS PEPTIDE CANCER VACCINE,False,0.5437895683217243
KRAS,FRUQUINTINIB,True,0.07768422404596062
KRAS,VOXILAPREVIR,True,0.1812631894405747
KRAS,ARS-1620,False,0.2718947841608621
KRAS,RIGOSERTIB,False,0.06797369604021554
KRAS,VEDROPREVIR,False,0.5437895683217243
KRAS,PALBOCICLIB,True,0.01066254055532792
KRAS,GRAZOPREVIR,True,0.2718947841608621
KRAS,NIVOLUMAB,True,0.02091498339698939
KRAS,PARITAPREVIR,True,0.2718947841608621
KRAS,CAPECITABINE,True,0.02132508111065585
KRAS,OXALIPLATIN,True,0.04293075539382034
KRAS,IRINOTECAN HYDROCHLORIDE,True,0.008631580449551179
KRAS,PHA-665752,False,0.1087579136643448
KRAS,PICTILISIB,False,0.01647847176732498
KRAS,CET KRAS ANTISENSE OLIGONUCLEOTIDE AZD4785,False,0.5437895683217243
KRAS,PACLITAXEL,True,0.004943541530197494
KRAS,AZACITIDINE,True,0.0135947392080431
KRAS,GS-9256,False,0.135947392080431
KRAS,DUAL IGF-1R/INSR INHIBITOR BMS-754807,False,0.1812631894405747
KRAS,MIRDAMETINIB,False,0.03625263788811495
KRAS,ENCORAFENIB,True,0.1208421262937165
KRAS,COBIMETINIB,True,0.05724100719176045
KRAS,MUC1-TARGETED PEPTIDE GO-203-2C,False,0.5437895683217243
KRAS,TIPIRACIL / TRIFLURIDINE,False,0.2718947841608621
KRAS,SIMVASTATIN,True,0.01087579136643448
KRAS,BOCEPREVIR,True,0.07768422404596062
KRAS,PI3KBETA INHIBITOR AZD8186,False,0.2718947841608621
KRAS,DIVARASIB,False,0.5437895683217243
KRAS,MIRDAMETINIB,False,0.135947392080431
KRAS,CARBOPLATIN,True,0.006323134515368887
KRAS,GEFITINIB,True,0.01623252442751415
KRAS,DOCETAXEL ANHYDROUS,True,0.01310336309208974
KRAS,TIZATERKIB,False,0.135947392080431
KRAS,CISPLATIN,True,0.003699248764093362
KRAS,DACTOLISIB,False,0.01132894934003592
KRAS,DASATINIB ANHYDROUS,True,0.007155125898970056
KRAS,CETUXIMAB,True,0.5290925529616777
KRAS,PONATINIB,True,0.02091498339698939
KRAS,PIMASERTIB,False,0.06797369604021554
KRAS,KRAS G12D INHIBITOR HRS-4642,False,0.5437895683217243
KRAS,AZD5438,False,0.02265789868007184
KRAS,MEK INHIBITOR GDC-0623,False,0.5437895683217243
