Gene_set,Term,Overlap,P-value,Adjusted P-value,Old P-value,Old Adjusted P-value,Odds Ratio,Combined Score,Genes
Reactome_2022,Peptide Chain Elongation R-HSA-156902,16/86,1.7216601653154246e-23,5.502394857543428e-21,0,0,78.25024630541871,4101.5780643022335,RPL4;RPL5;RPS9;RPL23;RPS5;RPS6;RPL11;RPS14;RPS16;RPS3;FAU;RPS2;RPS27A;RPS11;UBA52;RPS23
Reactome_2022,Signaling By ROBO Receptors R-HSA-376176,20/209,3.434932414130624e-23,5.502394857543428e-21,0,0,38.67724867724868,2000.5984750732853,RPL4;RPL5;RPS9;SRC;RPL23;RPS5;RPS6;RPL11;RHOA;CDC42;RPS14;RPS16;UBC;RPS3;FAU;RPS2;RPS27A;RPS11;UBA52;RPS23
Reactome_2022,Eukaryotic Translation Elongation R-HSA-156842,16/90,3.781714678724005e-23,5.502394857543428e-21,0,0,74.00559179869525,3820.855391928156,RPL4;RPL5;RPS9;RPL23;RPS5;RPS6;RPL11;RPS14;RPS16;RPS3;FAU;RPS2;RPS27A;RPS11;UBA52;RPS23
Reactome_2022,Eukaryotic Translation Termination R-HSA-72764,16/90,3.781714678724005e-23,5.502394857543428e-21,0,0,74.00559179869525,3820.855391928156,RPL4;RPL5;RPS9;RPL23;RPS5;RPS6;RPL11;RPS14;RPS16;RPS3;FAU;RPS2;RPS27A;RPS11;UBA52;RPS23
Reactome_2022,Selenocysteine Synthesis R-HSA-2408557,16/90,3.781714678724005e-23,5.502394857543428e-21,0,0,74.00559179869525,3820.855391928156,RPL4;RPL5;RPS9;RPL23;RPS5;RPS6;RPL11;RPS14;RPS16;RPS3;FAU;RPS2;RPS27A;RPS11;UBA52;RPS23
Reactome_2022,Viral mRNA Translation R-HSA-192823,16/90,3.781714678724005e-23,5.502394857543428e-21,0,0,74.00559179869525,3820.855391928156,RPL4;RPL5;RPS9;RPL23;RPS5;RPS6;RPL11;RPS14;RPS16;RPS3;FAU;RPS2;RPS27A;RPS11;UBA52;RPS23
Reactome_2022,Nonsense Mediated Decay (NMD) Independent Of Exon Junction Complex (EJC) R-HSA-975956,16/92,5.524190000889957e-23,6.889454101109903e-21,0,0,72.0508166969147,3692.627448607468,RPL4;RPL5;RPS9;RPL23;RPS5;RPS6;RPL11;RPS14;RPS16;RPS3;FAU;RPS2;RPS27A;RPS11;UBA52;RPS23
Reactome_2022,Developmental Biology R-HSA-1266738,33/1073,1.008193846180694e-22,1.1001915346446824e-20,0,0,14.616275797373358,740.2955373370603,RPL4;RPL5;HSP90AB1;SRC;RPL11;TNF;EGFR;CDC42;RPS14;RPS16;H3C13;MYC;UBC;RPS3;AKT1;EP300;RPS2;RPS27A;RPS11;H3-3B;HSP90AA1;RPS9;RPL23;RPS5;RPS6;STAT3;RHOA;EFNA2;CTNNB1;FAU;UBA52;RPS23;FOXA2
Reactome_2022,Formation Of A Pool Of Free 40S Subunits R-HSA-72689,16/98,1.633596180044294e-22,1.4261294651786686e-20,0,0,66.75862068965517,3349.0188546830464,RPL4;RPL5;RPS9;RPL23;RPS5;RPS6;RPL11;RPS14;RPS16;RPS3;FAU;RPS2;RPS27A;RPS11;UBA52;RPS23
Reactome_2022,Response Of EIF2AK4 (GCN2) To Amino Acid Deficiency R-HSA-9633012,16/98,1.633596180044294e-22,1.4261294651786686e-20,0,0,66.75862068965517,3349.0188546830464,RPL4;RPL5;RPS9;RPL23;RPS5;RPS6;RPL11;RPS14;RPS16;RPS3;FAU;RPS2;RPS27A;RPS11;UBA52;RPS23
Reactome_2022,L13a-mediated Translational Silencing Of Ceruloplasmin Expression R-HSA-156827,16/108,8.535948145549824e-22,5.828116804663326e-20,0,0,59.472263868065966,2885.153292122791,RPL4;RPL5;RPS9;RPL23;RPS5;RPS6;RPL11;RPS14;RPS16;RPS3;FAU;RPS2;RPS27A;RPS11;UBA52;RPS23
Reactome_2022,SRP-dependent Cotranslational Protein Targeting To Membrane R-HSA-1799339,16/108,8.535948145549824e-22,5.828116804663326e-20,0,0,59.472263868065966,2885.153292122791,RPL4;RPL5;RPS9;RPL23;RPS5;RPS6;RPL11;RPS14;RPS16;RPS3;FAU;RPS2;RPS27A;RPS11;UBA52;RPS23
Reactome_2022,Influenza Viral RNA Transcription And Replication R-HSA-168273,17/137,9.538423092294182e-22,5.828116804663326e-20,0,0,49.22543859649123,2382.5872256683265,RPL4;RPL5;HSP90AA1;RPS9;RPL23;RPS5;RPS6;RPL11;RPS14;RPS16;RPS3;FAU;RPS2;RPS27A;RPS11;UBA52;RPS23
Reactome_2022,GTP Hydrolysis And Joining Of 60S Ribosomal Subunit R-HSA-72706,16/109,9.977146965098186e-22,5.828116804663326e-20,0,0,58.82981090100111,2844.8081555196486,RPL4;RPL5;RPS9;RPL23;RPS5;RPS6;RPL11;RPS14;RPS16;RPS3;FAU;RPS2;RPS27A;RPS11;UBA52;RPS23
Reactome_2022,Cellular Responses To Stress R-HSA-2262752,28/722,1.0013946399765164e-21,5.828116804663326e-20,0,0,16.868061646410226,815.6195847053341,RPL4;RPL5;HSP90AB1;RPL11;RPS14;RPS16;H3C13;MYC;UBC;RPS3;AKT1;EP300;RPS2;RPS27A;RPS11;H3-3B;HSP90AA1;RPS9;RPL23;RPS5;RPS6;STAT3;IL6;ALB;FAU;TP53;UBA52;RPS23
Reactome_2022,Nonsense Mediated Decay (NMD) Enhanced By Exon Junction Complex (EJC) R-HSA-975957,16/112,1.5785197043025789e-21,8.612798136600948e-20,0,0,56.98275862068966,2729.3487440091917,RPL4;RPL5;RPS9;RPL23;RPS5;RPS6;RPL11;RPS14;RPS16;RPS3;FAU;RPS2;RPS27A;RPS11;UBA52;RPS23
Reactome_2022,Cellular Responses To Stimuli R-HSA-8953897,28/736,1.6772871981978834e-21,8.613363082510307e-20,0,0,16.522476050110537,790.3874915190827,RPL4;RPL5;HSP90AB1;RPL11;RPS14;RPS16;H3C13;MYC;UBC;RPS3;AKT1;EP300;RPS2;RPS27A;RPS11;H3-3B;HSP90AA1;RPS9;RPL23;RPS5;RPS6;STAT3;IL6;ALB;FAU;TP53;UBA52;RPS23
Reactome_2022,Selenoamino Acid Metabolism R-HSA-2408522,16/114,2.1274376268157198e-21,1.031807249005624e-19,0,0,55.81421534130894,2656.72141414247,RPL4;RPL5;RPS9;RPL23;RPS5;RPS6;RPL11;RPS14;RPS16;RPS3;FAU;RPS2;RPS27A;RPS11;UBA52;RPS23
Reactome_2022,Disease R-HSA-1643685,38/1736,2.3964789622298875e-21,1.1011190179087852e-19,0,0,11.331370239497447,538.0167041832607,RPL4;APP;RPL5;HSP90AB1;SRC;HDAC1;RPL11;ADCY2;BRCA1;EGFR;CDC42;RPS14;RPS16;H3C13;MYC;UBC;RPS3;AKT1;EP300;RPS2;RPS27A;RPS11;H3-3B;HSP90AA1;RPS9;RPL23;RPS5;RPS6;STAT3;FN1;CD4;IL6;IL1B;CTNNB1;FAU;TP53;UBA52;RPS23
Reactome_2022,Cap-dependent Translation Initiation R-HSA-72737,16/116,2.851008340553947e-21,1.2444651406517976e-19,0,0,54.69241379310345,2587.3129199323084,RPL4;RPL5;RPS9;RPL23;RPS5;RPS6;RPL11;RPS14;RPS16;RPS3;FAU;RPS2;RPS27A;RPS11;UBA52;RPS23
Reactome_2022,Influenza Infection R-HSA-168255,17/157,1.0506342500114072e-20,4.367636667904565e-19,0,0,42.15062656641604,1939.0260985544,RPL4;RPL5;HSP90AA1;RPS9;RPL23;RPS5;RPS6;RPL11;RPS14;RPS16;RPS3;FAU;RPS2;RPS27A;RPS11;UBA52;RPS23
Reactome_2022,Infectious Disease R-HSA-5663205,30/961,1.1229375501610737e-20,4.456020369502808e-19,0,0,13.910995020017577,639.0120422899644,RPL4;RPL5;HSP90AB1;SRC;HDAC1;RPL11;ADCY2;EGFR;CDC42;RPS14;RPS16;H3C13;UBC;RPS3;AKT1;RPS2;RPS27A;RPS11;HSP90AA1;RPS9;RPL23;RPS5;RPS6;CD4;IL6;IL1B;CTNNB1;FAU;UBA52;RPS23
Reactome_2022,Axon Guidance R-HSA-422475,24/519,2.699045111435681e-20,1.0244636444710216e-18,0,0,18.842181818181817,849.0061739327589,RPL4;RPL5;HSP90AA1;RPS9;HSP90AB1;SRC;RPL23;RPS5;RPS6;RPL11;RHOA;EGFR;CDC42;RPS14;EFNA2;RPS16;UBC;RPS3;FAU;RPS2;RPS27A;RPS11;UBA52;RPS23
Reactome_2022,Regulation Of Expression Of SLITs And ROBOs R-HSA-9010553,17/167,3.088600434714366e-20,1.1234784081273509e-18,0,0,39.320701754385965,1766.442568828094,RPL4;RPL5;RPS9;RPL23;RPS5;RPS6;RPL11;RPS14;RPS16;UBC;RPS3;FAU;RPS2;RPS27A;RPS11;UBA52;RPS23
Reactome_2022,Nervous System Development R-HSA-9675108,24/545,8.400360835311359e-20,2.9334060036907265e-18,0,0,17.87792706333973,785.2598278243636,RPL4;RPL5;HSP90AA1;RPS9;HSP90AB1;SRC;RPL23;RPS5;RPS6;RPL11;RHOA;EGFR;CDC42;RPS14;EFNA2;RPS16;UBC;RPS3;FAU;RPS2;RPS27A;RPS11;UBA52;RPS23
Reactome_2022,Cellular Response To Starvation R-HSA-9711097,16/153,2.835681915273173e-19,9.521347353974925e-18,0,0,39.846967027435184,1701.7378191602652,RPL4;RPL5;RPS9;RPL23;RPS5;RPS6;RPL11;RPS14;RPS16;RPS3;FAU;RPS2;RPS27A;RPS11;UBA52;RPS23
Reactome_2022,Major Pathway Of rRNA Processing In Nucleolus And Cytosol R-HSA-6791226,16/179,3.6731396601977975e-18,1.187648490130621e-16,0,0,33.447006558070655,1342.74629620245,RPL4;RPL5;RPS9;RPL23;RPS5;RPS6;RPL11;RPS14;RPS16;RPS3;FAU;RPS2;RPS27A;RPS11;UBA52;RPS23
Reactome_2022,rRNA Processing In Nucleus And Cytosol R-HSA-8868773,16/189,8.854555422205599e-18,2.7607238869948167e-16,0,0,31.49770779350209,1236.7763828628945,RPL4;RPL5;RPS9;RPL23;RPS5;RPS6;RPL11;RPS14;RPS16;RPS3;FAU;RPS2;RPS27A;RPS11;UBA52;RPS23
Reactome_2022,SARS-CoV-2 Modulates Host Translation Machinery R-HSA-9754678,11/47,1.2811057426762777e-17,3.856570046056519e-16,0,0,96.46825396825396,3752.250720160429,RPS14;RPS9;RPS16;RPS5;RPS6;RPS3;RPS2;FAU;RPS11;RPS27A;RPS23
Reactome_2022,rRNA Processing R-HSA-72312,16/199,2.0329360153115905e-17,5.915843804556728e-16,0,0,29.76144714527982,1143.8653141242178,RPL4;RPL5;RPS9;RPL23;RPS5;RPS6;RPL11;RPS14;RPS16;RPS3;FAU;RPS2;RPS27A;RPS11;UBA52;RPS23
Reactome_2022,"Formation Of Ternary Complex, And Subsequently, 43S Complex R-HSA-72695",11/50,2.723837349823781e-17,7.670677439987616e-16,0,0,89.03418803418803,3395.9335332444066,RPS14;RPS9;RPS16;RPS5;RPS6;RPS3;RPS2;FAU;RPS11;RPS27A;RPS23
Reactome_2022,Ribosomal Scanning And Start Codon Recognition R-HSA-72702,11/57,1.3185127692791482e-16,3.488065598729384e-15,0,0,75.45893719806763,2759.145253787311,RPS14;RPS9;RPS16;RPS5;RPS6;RPS3;RPS2;FAU;RPS11;RPS27A;RPS23
Reactome_2022,Translation Initiation Complex Formation R-HSA-72649,11/57,1.3185127692791482e-16,3.488065598729384e-15,0,0,75.45893719806763,2759.145253787311,RPS14;RPS9;RPS16;RPS5;RPS6;RPS3;RPS2;FAU;RPS11;RPS27A;RPS23
Reactome_2022,"mRNA Activation Upon Binding Of Cap-Binding Complex And eIFs, Subsequent Binding To 43S R-HSA-72662",11/58,1.6224061174780494e-16,4.165766295759815e-15,0,0,73.84971293481932,2684.987332896082,RPS14;RPS9;RPS16;RPS5;RPS6;RPS3;RPS2;FAU;RPS11;RPS27A;RPS23
Reactome_2022,Signaling By Interleukins R-HSA-449147,19/453,2.6084916309813027e-15,6.506323410990506e-14,0,0,15.51520737327189,521.0007296861502,APP;HSP90AA1;MMP1;STAT3;FN1;TNF;CDC42;CD4;IL6;IL36B;H3C13;IL1B;MYC;UBC;BCL2;AKT1;RPS27A;TP53;UBA52
Reactome_2022,Metabolism Of Proteins R-HSA-392499,33/1890,2.830744169200162e-15,6.864554610310394e-14,0,0,7.831632452027266,262.3458780992888,RPL4;APP;RPL5;HDAC1;RPL11;BRCA1;RPS14;RPS16;H3C13;MYC;UBC;RPS3;EP300;RPS2;RPS27A;RPS11;H3-3B;RPS9;MMP1;RPL23;RPS5;RPS6;STAT3;FN1;RHOA;IL6;ALB;CDK1;CTNNB1;FAU;TP53;UBA52;RPS23
Reactome_2022,Translation R-HSA-72766,16/281,4.870978743930381e-15,1.149287687419249e-13,0,0,20.4668835393624,674.496001923846,RPL4;RPL5;RPS9;RPL23;RPS5;RPS6;RPL11;RPS14;RPS16;RPS3;FAU;RPS2;RPS27A;RPS11;UBA52;RPS23
Reactome_2022,SARS-CoV-2 Infection R-HSA-9694516,16/283,5.443280759995464e-15,1.250522132493695e-13,0,0,20.311507167764432,667.1191529861966,HSP90AA1;RPS9;HSP90AB1;RPS5;RPS6;RPS14;RPS16;UBC;RPS3;AKT1;FAU;RPS2;RPS27A;RPS11;UBA52;RPS23
Reactome_2022,SARS-CoV-2-host Interactions R-HSA-9705683,14/196,1.2852661676980995e-14,2.8770188830780534e-13,0,0,25.31282051282051,809.6362713999855,HSP90AA1;RPS9;HSP90AB1;RPS5;RPS6;RPS14;RPS16;RPS3;AKT1;FAU;RPS2;RPS27A;RPS11;RPS23
Reactome_2022,SARS-CoV Infections R-HSA-9679506,17/369,2.0309614833285832e-14,4.432573437364632e-13,0,0,16.58482854864434,522.8812002389309,HSP90AA1;RPS9;HSP90AB1;HDAC1;RPS5;RPS6;RPS14;RPS16;UBC;RPS3;AKT1;FAU;RPS2;RPS27A;RPS11;UBA52;RPS23
Reactome_2022,Interleukin-4 And Interleukin-13 Signaling R-HSA-6785807,11/107,1.9159016695500398e-13,4.079468676871181e-12,0,0,36.06646825396825,1056.149460304665,HSP90AA1;IL6;MMP1;IL1B;MYC;STAT3;FN1;BCL2;AKT1;TP53;TNF
Reactome_2022,Metabolism Of RNA R-HSA-8953854,20/666,2.316719243000883e-13,4.815466426523263e-12,0,0,11.053778236440776,321.5925902337664,RPL4;RPL5;RPS9;RPL23;RPS5;RPS6;RPL11;EFTUD2;RPS14;RPS16;MYC;UBC;RPS3;AKT1;FAU;RPS2;RPS27A;RPS11;UBA52;RPS23
Reactome_2022,Metabolism Of Amino Acids And Derivatives R-HSA-71291,16/364,2.6913714431640624e-13,5.464109929958666e-12,0,0,15.51961950059453,449.192965484073,RPL4;RPL5;RPS9;RPL23;RPS5;RPS6;RPL11;RPS14;RPS16;RPS3;FAU;RPS2;RPS27A;RPS11;UBA52;RPS23
Reactome_2022,Cytokine Signaling In Immune System R-HSA-1280215,19/702,6.3213476033996975e-12,1.2542128313108943e-10,0,0,9.732916278450686,250.98357540265417,APP;HSP90AA1;MMP1;STAT3;FN1;TNF;CDC42;CD4;IL6;IL36B;H3C13;IL1B;MYC;UBC;BCL2;AKT1;RPS27A;TP53;UBA52
Reactome_2022,Signaling By ERBB2 R-HSA-1227986,8/49,9.50010399411845e-12,1.8430201748589788e-10,0,0,58.78787878787879,1492.0198072432534,HSP90AA1;SRC;UBC;AKT1;RPS27A;UBA52;RHOA;EGFR
Reactome_2022,InlA-mediated Entry Of Listeria Monocytogenes Into Host Cells R-HSA-8876493,5/8,3.3544869066147825e-11,6.366232759727621e-10,0,0,481.231884057971,11606.416603835018,SRC;UBC;CTNNB1;RPS27A;UBA52
Reactome_2022,Role Of GTSE1 In G2/M Progression After G2 Checkpoint R-HSA-8852276,8/59,4.536063863499489e-11,8.42549734645756e-10,0,0,47.23707664884135,1125.0159964346983,HSP90AA1;HSP90AB1;UBC;PLK1;CDK1;RPS27A;TP53;UBA52
Reactome_2022,ESR-mediated Signaling R-HSA-8939211,11/188,9.424426075892332e-11,1.714067492552918e-09,0,0,19.48157115953726,449.7346259128771,HSP90AA1;HSP90AB1;H3C13;SRC;HDAC1;MYC;BCL2;AKT1;EP300;EGFR;H3-3B
Reactome_2022,Signal Transduction R-HSA-162582,31/2465,1.675404617544056e-10,2.984955573706042e-09,0,0,5.180982591580516,116.62286241346848,APP;HSP90AB1;SRC;HDAC1;ADCY2;TNF;EGFR;CXCL5;CDC42;H3C13;MYC;UBC;RACK1;AKT1;EP300;NEFL;RPS27A;H3-3B;HSP90AA1;WNT7B;RPS6;PLK1;STAT3;FN1;RHOA;IL6;BCL2;CDK1;CTNNB1;TP53;UBA52
Reactome_2022,Signaling By NOTCH R-HSA-157118,11/203,2.146775581720628e-10,3.748270165684217e-09,0,0,17.94593253968254,399.5102674464764,H3C13;HDAC1;MYC;UBC;AKT1;EP300;RPS27A;TP53;UBA52;EGFR;H3-3B
Reactome_2022,Diseases Of Signal Transduction By Growth Factor Receptors And Second Messengers R-HSA-5663202,14/424,4.2878635099199004e-10,7.339813419921713e-09,0,0,11.106666666666667,239.57149236058436,HSP90AA1;SRC;HDAC1;RPS6;STAT3;FN1;EGFR;MYC;UBC;AKT1;CTNNB1;EP300;RPS27A;UBA52
Reactome_2022,Immune System R-HSA-168256,27/1943,4.818481360149396e-10,8.089488898866198e-09,0,0,5.399880069293297,115.8457445384918,APP;HSP90AB1;CALML5;SRC;TNF;CDC42;IL36B;H3C13;MYC;UBC;AKT1;EP300;PRSS3;RPS27A;CD74;HSP90AA1;MMP1;STAT3;FN1;RHOA;CD4;IL6;IL1B;BCL2;CTNNB1;TP53;UBA52
Reactome_2022,"Cell Cycle, Mitotic R-HSA-69278",15/523,6.610748339584672e-10,1.088902509520268e-08,0,0,9.718070198852262,205.41234704877823,HSP90AA1;HSP90AB1;SRC;HDAC1;PLK1;H3C13;MYC;UBC;CDK1;AKT1;EP300;RPS27A;TP53;UBA52;H3-3B
Reactome_2022,Signaling By WNT R-HSA-195721,12/294,7.926559726485887e-10,1.2814604891152184e-08,0,0,13.482498284145503,282.5342700378477,H3C13;HDAC1;MYC;WNT7B;UBC;AKT1;CTNNB1;EP300;RPS27A;UBA52;RHOA;H3-3B
Reactome_2022,Signaling By Non-Receptor Tyrosine Kinases R-HSA-9006927,7/52,8.313332072982971e-10,1.3195525272207518e-08,0,0,46.15820895522389,965.0753911000344,UBC;STAT3;AKT1;RPS27A;UBA52;RHOA;EGFR
Reactome_2022,Downregulation Of ERBB2 Signaling R-HSA-8863795,6/29,9.261989060880639e-10,1.4438779375265712e-08,0,0,76.3542199488491,1588.162590710374,HSP90AA1;UBC;AKT1;RPS27A;UBA52;EGFR
Reactome_2022,Cell Cycle R-HSA-1640170,16/654,1.6433926724687143e-09,2.51698561941261e-08,0,0,8.33985515079451,168.68610547067195,HSP90AA1;HSP90AB1;SRC;HDAC1;PLK1;BRCA1;H3C13;MYC;UBC;CDK1;AKT1;EP300;RPS27A;TP53;UBA52;H3-3B
Reactome_2022,Transcriptional Regulation By RUNX3 R-HSA-8878159,8/95,2.236885274528703e-09,3.3668980080406166e-08,0,0,27.640543364681296,550.5493578701844,SRC;MYC;UBC;CTNNB1;EP300;RPS27A;TP53;UBA52
Reactome_2022,Signaling By Nuclear Receptors R-HSA-9006931,11/260,2.942123682692272e-09,4.342229557673752e-08,0,0,13.797858099062918,271.04697582983505,HSP90AA1;HSP90AB1;H3C13;SRC;HDAC1;MYC;BCL2;AKT1;EP300;EGFR;H3-3B
Reactome_2022,TCF Dependent Signaling In Response To WNT R-HSA-201681,10/198,2.984350211459623e-09,4.342229557673752e-08,0,0,16.404587765957448,322.0201516064272,H3C13;HDAC1;MYC;UBC;AKT1;CTNNB1;EP300;RPS27A;UBA52;H3-3B
Reactome_2022,Signaling By Receptor Tyrosine Kinases R-HSA-9006934,14/496,3.2406249476573143e-09,4.6378124250898954e-08,0,0,9.412724757952974,183.99523382374252,HSP90AA1;SRC;HDAC1;STAT3;RHOA;EGFR;CDC42;MYC;UBC;AKT1;CTNNB1;EP300;RPS27A;UBA52
Reactome_2022,Regulation Of TP53 Degradation R-HSA-6804757,6/36,3.721134062092931e-09,5.1564286289002046e-08,0,0,58.51764705882353,1135.7829014969682,UBC;CDK1;AKT1;RPS27A;TP53;UBA52
Reactome_2022,SMAD2/SMAD3:SMAD4 Heterotrimer Regulates Transcription R-HSA-2173796,6/36,3.721134062092931e-09,5.1564286289002046e-08,0,0,58.51764705882353,1135.7829014969682,HDAC1;MYC;UBC;EP300;RPS27A;UBA52
Reactome_2022,Regulation Of TP53 Expression And Degradation R-HSA-6806003,6/37,4.428427289477538e-09,6.040651599552957e-08,0,0,56.62713472485768,1089.2354696927862,UBC;CDK1;AKT1;RPS27A;TP53;UBA52
Reactome_2022,Programmed Cell Death R-HSA-5357801,10/208,4.7976163729825875e-09,6.443567836328922e-08,0,0,15.568181818181818,298.21080551056656,HSP90AA1;IL1B;STAT3;UBC;BCL2;AKT1;CTNNB1;RPS27A;TP53;UBA52
Reactome_2022,Constitutive Signaling By Ligand-Responsive EGFR Cancer Variants R-HSA-1236382,5/18,4.9872222605406335e-09,6.596734899169654e-08,0,0,110.99777034559644,2121.876305580481,HSP90AA1;UBC;RPS27A;UBA52;EGFR
Reactome_2022,Ovarian Tumor Domain Proteases R-HSA-5689896,6/39,6.1787704814523664e-09,8.050845716877486e-08,0,0,53.18983957219251,1005.402141846059,UBC;CDK1;RPS27A;TP53;UBA52;RHOA
Reactome_2022,Regulation Of TP53 Activity R-HSA-5633007,9/157,6.426659774501081e-09,8.250697034028594e-08,0,0,18.503326403326405,349.02474713095694,HDAC1;UBC;CDK1;AKT1;EP300;BRCA1;RPS27A;TP53;UBA52
Reactome_2022,Listeria Monocytogenes Entry Into Host Cells R-HSA-8876384,5/19,6.748955873794593e-09,8.416912111175258e-08,0,0,103.06418219461698,1939.0369530084297,SRC;UBC;CTNNB1;RPS27A;UBA52
Reactome_2022,Regulation Of TP53 Activity Thru Methylation R-HSA-6804760,5/19,6.748955873794593e-09,8.416912111175258e-08,0,0,103.06418219461698,1939.0369530084297,UBC;EP300;RPS27A;TP53;UBA52
Reactome_2022,Chaperone Mediated Autophagy R-HSA-9613829,5/20,8.972789983926064e-09,1.103274036051754e-07,0,0,96.18840579710144,1782.2816247743351,HSP90AA1;HSP90AB1;UBC;RPS27A;UBA52
Reactome_2022,Deactivation Of Beta-Catenin Transactivating Complex R-HSA-3769402,6/42,9.847998316802397e-09,1.1940697959122906e-07,0,0,48.75,898.7548839253717,HDAC1;UBC;AKT1;CTNNB1;RPS27A;UBA52
Reactome_2022,Estrogen-dependent Gene Expression R-HSA-9018519,8/119,1.3449244417894622e-08,1.6083822434002745e-07,0,0,21.63800163800164,392.1745615652984,HSP90AA1;HSP90AB1;H3C13;HDAC1;MYC;BCL2;EP300;H3-3B
Reactome_2022,DDX58/IFIH1-mediated Induction Of Interferon-Alpha/Beta R-HSA-168928,7/81,1.9844858844256e-08,2.3099415694713985e-07,0,0,28.02823719241629,497.0897798499621,APP;HSP90AA1;HSP90AB1;UBC;EP300;RPS27A;UBA52
Reactome_2022,Senescence-Associated Secretory Phenotype (SASP) R-HSA-2559582,7/81,1.9844858844256e-08,2.3099415694713985e-07,0,0,28.02823719241629,497.0897798499621,IL6;H3C13;STAT3;UBC;RPS27A;UBA52;H3-3B
Reactome_2022,Downregulation Of ERBB4 Signaling R-HSA-1253288,4/9,2.144729723194293e-08,2.431622140712492e-07,0,0,227.66857142857145,4020.095866796268,SRC;UBC;RPS27A;UBA52
Reactome_2022,PTK6 Regulates RTKs And Their Effectors AKT1 And DOK1 R-HSA-8849469,4/9,2.144729723194293e-08,2.431622140712492e-07,0,0,227.66857142857145,4020.095866796268,UBC;AKT1;RPS27A;UBA52
Reactome_2022,NOTCH1 Intracellular Domain Regulates Transcription R-HSA-2122947,6/48,2.263807928868129e-08,2.5337234896177906e-07,0,0,41.77310924369748,735.3584603454555,HDAC1;MYC;UBC;EP300;RPS27A;UBA52
Reactome_2022,G2/M Transition R-HSA-69275,9/182,2.332410941755781e-08,2.57746171158582e-07,0,0,15.809426411738553,277.83135437367207,HSP90AA1;HSP90AB1;PLK1;UBC;CDK1;EP300;RPS27A;TP53;UBA52
Reactome_2022,MAPK Family Signaling Cascades R-HSA-5683057,11/318,2.3684751661359732e-08,2.584598525045881e-07,0,0,11.158109715112971,195.91893730109012,CDC42;IL6;SRC;MYC;UBC;FN1;CDK1;NEFL;RPS27A;UBA52;EGFR
Reactome_2022,Signaling By EGFR In Cancer R-HSA-1643713,5/24,2.431763888071535e-08,2.620901079365988e-07,0,0,75.92295957284516,1331.0861764349868,HSP90AA1;UBC;RPS27A;UBA52;EGFR
Reactome_2022,Mitotic G2-G2/M Phases R-HSA-453274,9/184,2.5641033432689644e-08,2.705436511773624e-07,0,0,15.627164835164836,273.14833775042126,HSP90AA1;HSP90AB1;PLK1;UBC;CDK1;EP300;RPS27A;TP53;UBA52
Reactome_2022,Signaling By EGFR R-HSA-177929,6/49,2.5721790432670196e-08,2.705436511773624e-07,0,0,40.79958960328317,713.0106629001106,CDC42;SRC;UBC;RPS27A;UBA52;EGFR
Reactome_2022,Transcriptional Activity Of SMAD2/SMAD3:SMAD4 Heterotrimer R-HSA-2173793,6/51,3.2933976279192225e-08,3.422781106158906e-07,0,0,38.98235294117647,671.6176419789499,HDAC1;MYC;UBC;EP300;RPS27A;UBA52
Reactome_2022,Signaling By ALK R-HSA-201556,5/26,3.741873291758519e-08,3.843123980829632e-07,0,0,68.68530020703933,1174.5938012064007,HDAC1;SRC;MYC;STAT3;EP300
Reactome_2022,Signaling By TGF-beta Receptor Complex R-HSA-170834,7/91,4.4857469990882286e-08,4.553554802562817e-07,0,0,24.67910447761194,417.56491241895,HDAC1;MYC;UBC;EP300;RPS27A;UBA52;RHOA
Reactome_2022,Regulated Necrosis R-HSA-5218859,6/57,6.520989643746363e-08,6.543475814931696e-07,0,0,34.38581314878893,568.9357872827312,HSP90AA1;IL1B;UBC;RPS27A;TP53;UBA52
Reactome_2022,Mitotic G1 Phase And G1/S Transition R-HSA-453279,8/147,7.036274998437404e-08,6.980304629131651e-07,0,0,17.254850664922607,284.18052014528814,SRC;HDAC1;MYC;UBC;CDK1;AKT1;RPS27A;UBA52
Reactome_2022,Constitutive Signaling By NOTCH1 HD+PEST Domain Mutants R-HSA-2894862,6/58,7.252240098585924e-08,7.113714164118551e-07,0,0,33.72285067873303,554.3824313528085,HDAC1;MYC;UBC;EP300;RPS27A;UBA52
Reactome_2022,Formation Of beta-catenin:TCF Transactivating Complex R-HSA-201722,6/60,8.918131144174487e-08,8.650587209849252e-07,0,0,32.47058823529412,527.0818865545616,H3C13;HDAC1;MYC;EP300;CTNNB1;H3-3B
Reactome_2022,Interleukin-1 Family Signaling R-HSA-446652,8/152,9.11974676334758e-08,8.74894387296971e-07,0,0,16.651515151515152,269.9250354464221,APP;IL36B;IL1B;STAT3;UBC;RPS27A;TP53;UBA52
Reactome_2022,EGFR Downregulation R-HSA-182971,5/31,9.527420497177169e-08,8.943481821543728e-07,0,0,55.46265328874024,896.6373579214192,CDC42;UBC;RPS27A;UBA52;EGFR
Reactome_2022,Metalloprotease DUBs R-HSA-5689901,5/31,9.527420497177169e-08,8.943481821543728e-07,0,0,55.46265328874024,896.6373579214192,UBC;EP300;BRCA1;RPS27A;UBA52
Reactome_2022,Downregulation Of ERBB2:ERBB3 Signaling R-HSA-1358803,4/13,1.203512135693031e-07,1.117729887723421e-06,0,0,126.45714285714286,2014.822889524644,UBC;AKT1;RPS27A;UBA52
Reactome_2022,Innate Immune System R-HSA-168249,17/1035,1.6845403588531339e-07,1.530380133051804e-06,0,0,5.539516768345225,86.39764334046853,APP;HSP90AA1;HSP90AB1;CALML5;SRC;RHOA;CDC42;CD4;IL1B;UBC;BCL2;CTNNB1;EP300;PRSS3;RPS27A;TP53;UBA52
Reactome_2022,Metabolism R-HSA-1430728,24/2049,1.6928845865768698e-07,1.530380133051804e-06,0,0,4.2432,66.15853901490316,RPL4;RPL5;HSP90AA1;RPS9;HSP90AB1;RPL23;RPS5;RPS6;RPL11;ADCY2;RPS14;RPS16;ALB;UBC;RPS3;AKT1;EP300;FAU;RPS2;PRSS3;RPS27A;RPS11;UBA52;RPS23
Reactome_2022,Hemostasis R-HSA-109582,13/576,1.7149949787373417e-07,1.530380133051804e-06,0,0,7.329557697347349,114.18487420784612,CD74;APP;MMP1;SRC;HDAC1;FN1;RHOA;CDC42;H3C13;ALB;AKT1;TP53;H3-3B
Reactome_2022,Cellular Senescence R-HSA-2559583,8/165,1.7179524975839268e-07,1.530380133051804e-06,0,0,15.26269060027022,237.7463587878297,IL6;H3C13;STAT3;UBC;RPS27A;TP53;UBA52;H3-3B
Reactome_2022,Regulation Of TNFR1 Signaling R-HSA-5357905,5/35,1.799500718162396e-07,1.5868324514704765e-06,0,0,48.05797101449275,746.3684712093797,UBC;RACK1;RPS27A;TNF;UBA52
Reactome_2022,Signaling By TGFB Family Members R-HSA-9006936,7/119,2.85963901060376e-07,2.4717473824327543e-06,0,0,18.48320895522388,278.49390730966223,HDAC1;MYC;UBC;EP300;RPS27A;UBA52;RHOA
Reactome_2022,Transcriptional Regulation By RUNX2 R-HSA-8878166,7/119,2.85963901060376e-07,2.4717473824327543e-06,0,0,18.48320895522388,278.49390730966223,MMP13;SRC;UBC;CDK1;AKT1;RPS27A;UBA52
Reactome_2022,Spry Regulation Of FGF Signaling R-HSA-1295596,4/16,3.037879522680051e-07,2.5748241002909555e-06,0,0,94.82857142857142,1423.0862933304468,SRC;UBC;RPS27A;UBA52
Reactome_2022,TGF-beta Receptor Signaling In EMT (Epithelial To Mesenchymal Transition) R-HSA-2173791,4/16,3.037879522680051e-07,2.5748241002909555e-06,0,0,94.82857142857142,1423.0862933304468,UBC;RPS27A;UBA52;RHOA
Reactome_2022,Apoptosis R-HSA-109581,8/178,3.0721255806818776e-07,2.5788131076300765e-06,0,0,14.08627450980392,211.2339123094498,STAT3;UBC;BCL2;AKT1;CTNNB1;RPS27A;TP53;UBA52
Reactome_2022,Signaling By NOTCH1 R-HSA-1980143,6/74,3.168014264153969e-07,2.633977573910871e-06,0,0,25.76730103806228,385.60741974015264,HDAC1;MYC;UBC;EP300;RPS27A;UBA52
Reactome_2022,Cellular Response To Chemical Stress R-HSA-9711123,8/182,3.6398615944370827e-07,2.997735067871296e-06,0,0,13.759665621734587,204.00286636877735,MYC;ALB;STAT3;UBC;AKT1;EP300;RPS27A;UBA52
Reactome_2022,Amyloid Fiber Formation R-HSA-977225,6/79,4.684732512081102e-07,3.822216339296077e-06,0,0,23.99637389202256,349.7180378298132,APP;H3C13;UBC;RPS27A;UBA52;H3-3B
Reactome_2022,G1/S Transition R-HSA-69206,7/129,4.954775411066767e-07,4.005110123945637e-06,0,0,16.959628089062882,246.2155357085672,HDAC1;MYC;UBC;CDK1;AKT1;RPS27A;UBA52
Reactome_2022,Regulation Of NF-kappa B Signaling R-HSA-9758274,4/18,5.079138521927329e-07,4.067970577653723e-06,0,0,81.2734693877551,1177.8926521230856,UBC;RPS27A;TP53;UBA52
Reactome_2022,TNF Signaling R-HSA-75893,5/44,5.866244084755883e-07,4.655664623628988e-06,0,0,36.95094760312151,530.2047526247495,UBC;RACK1;RPS27A;TNF;UBA52
Reactome_2022,TAK1-dependent IKK And NF-kappa-B Activation R-HSA-445989,5/45,6.580586546369885e-07,5.175542391874694e-06,0,0,36.02536231884058,512.7839902074636,APP;UBC;RPS27A;TP53;UBA52
Reactome_2022,Degradation Of Beta-Catenin By Destruction Complex R-HSA-195253,6/84,6.751663633353815e-07,5.26268067135525e-06,0,0,22.452488687782804,319.01184572913115,HDAC1;MYC;UBC;CTNNB1;RPS27A;UBA52
Reactome_2022,Death Receptor Signaling R-HSA-73887,7/139,8.213214306056554e-07,6.311970443623096e-06,0,0,15.666892808683851,219.5300057054221,HDAC1;UBC;RACK1;RPS27A;TNF;UBA52;RHOA
Reactome_2022,MAPK1/MAPK3 Signaling R-HSA-5684996,9/277,8.288333143054132e-07,6.311970443623096e-06,0,0,10.15625717566016,142.22057549458967,IL6;SRC;UBC;FN1;CDK1;NEFL;RPS27A;UBA52;EGFR
Reactome_2022,Regulation Of PLK1 Activity At G2/M Transition R-HSA-2565942,6/87,8.314737697785293e-07,6.311970443623096e-06,0,0,21.61764705882353,302.6484874144343,HSP90AA1;PLK1;UBC;CDK1;RPS27A;UBA52
Reactome_2022,Transcriptional Regulation By RUNX1 R-HSA-8878171,8/204,8.646656461499362e-07,6.507354388697365e-06,0,0,12.20160791589363,170.34570786986416,H3C13;SRC;HDAC1;UBC;EP300;RPS27A;UBA52;H3-3B
Reactome_2022,Deubiquitination R-HSA-5688426,9/279,8.799252360415961e-07,6.565595992002679e-06,0,0,10.08,140.5497632326404,MYC;UBC;CDK1;EP300;BRCA1;RPS27A;TP53;UBA52;RHOA
Reactome_2022,Signaling By NOTCH3 R-HSA-9012852,5/49,1.0153399467171075e-06,7.455266839772686e-06,0,0,32.7437417654809,451.8730363934952,UBC;EP300;RPS27A;UBA52;EGFR
Reactome_2022,MAPK6/MAPK4 Signaling R-HSA-5687128,6/90,1.0162391224890602e-06,7.455266839772686e-06,0,0,20.84243697478992,287.61316396785065,CDC42;MYC;UBC;CDK1;RPS27A;UBA52
Reactome_2022,Generic Transcription Pathway R-HSA-212436,17/1190,1.1885731717121551e-06,8.64686982420593e-06,0,0,4.768115942028985,65.05024707628002,SRC;HDAC1;BRCA1;EGFR;IL6;MMP13;H3C13;MYC;UBC;CDK1;AKT1;CTNNB1;EP300;RPS27A;TP53;UBA52;H3-3B
Reactome_2022,Oxidative Stress Induced Senescence R-HSA-2559580,6/93,1.233317888867036e-06,8.825299319515758e-06,0,0,20.120689655172413,273.7581306100723,H3C13;UBC;RPS27A;TP53;UBA52;H3-3B
Reactome_2022,VEGFA-VEGFR2 Pathway R-HSA-4420097,6/93,1.233317888867036e-06,8.825299319515758e-06,0,0,20.120689655172413,273.7581306100723,CDC42;HSP90AA1;SRC;AKT1;CTNNB1;RHOA
Reactome_2022,Regulation Of RUNX3 Expression And Activity R-HSA-8941858,5/54,1.6598929805119627e-06,1.1758897820138117e-05,0,0,29.395149364093463,391.2129124243604,SRC;UBC;EP300;RPS27A;UBA52
Reactome_2022,FLT3 Signaling By CBL Mutants R-HSA-9706377,3/7,1.6836909822649076e-06,1.1758897820138117e-05,0,0,210.44366197183095,2797.74792776874,UBC;RPS27A;UBA52
Reactome_2022,Modulation By Mtb Of Host Immune System R-HSA-9637628,3/7,1.6836909822649076e-06,1.1758897820138117e-05,0,0,210.44366197183095,2797.74792776874,UBC;RPS27A;UBA52
Reactome_2022,APC/C:Cdc20 Mediated Degradation Of Cyclin B R-HSA-174048,4/24,1.7343899918953546e-06,1.1922224117516888e-05,0,0,56.87428571428571,754.4291416303844,UBC;CDK1;RPS27A;UBA52
Reactome_2022,Aggrephagy R-HSA-9646399,4/24,1.7343899918953546e-06,1.1922224117516888e-05,0,0,56.87428571428571,754.4291416303844,HSP90AA1;UBC;RPS27A;UBA52
Reactome_2022,Intracellular Signaling By Second Messengers R-HSA-9006925,9/306,1.8882241720020964e-06,1.278917366567462e-05,0,0,9.151048951048953,120.60966996579506,SRC;HDAC1;UBC;AKT1;ADCY2;RPS27A;TP53;UBA52;EGFR
Reactome_2022,KEAP1-NFE2L2 Pathway R-HSA-9755511,6/100,1.8898091670928128e-06,1.278917366567462e-05,0,0,18.61576971214017,245.33787507392185,MYC;UBC;AKT1;EP300;RPS27A;UBA52
Reactome_2022,Inactivation Of CSF3 (G-CSF) Signaling R-HSA-9705462,4/25,2.058980730713448e-06,1.3721299068036943e-05,0,0,54.16326530612245,709.1758539296596,UBC;STAT3;RPS27A;UBA52
Reactome_2022,NOTCH3 Activation And Transmission Of Signal To Nucleus R-HSA-9013507,4/25,2.058980730713448e-06,1.3721299068036943e-05,0,0,54.16326530612245,709.1758539296596,UBC;RPS27A;UBA52;EGFR
Reactome_2022,Signaling By VEGF R-HSA-194138,6/102,2.1223359139650646e-06,1.4036357976450768e-05,0,0,18.22610294117647,238.08745932362731,CDC42;HSP90AA1;SRC;AKT1;CTNNB1;RHOA
Reactome_2022,Signaling By ERBB4 R-HSA-1236394,5/57,2.178809176437925e-06,1.4301506849851944e-05,0,0,27.695094760312152,361.05353031353854,SRC;UBC;RPS27A;UBA52;EGFR
Reactome_2022,Transcriptional Regulation Of Granulopoiesis R-HSA-9616222,5/59,2.590207069862552e-06,1.687500576111946e-05,0,0,26.666666666666668,343.03393961852686,H3C13;MYC;STAT3;EP300;H3-3B
Reactome_2022,Myoclonic Epilepsy Of Lafora R-HSA-3785653,3/8,2.686751421572928e-06,1.7374325859504934e-05,0,0,168.34647887323945,2159.410207103829,UBC;RPS27A;UBA52
Reactome_2022,Recruitment And ATM-mediated Phosphorylation Of Repair And Signal Proteins At DNA Double Strand Breaks R-HSA-5693565,5/60,2.817575521027541e-06,1.8086348748948847e-05,0,0,26.180500658761527,334.5772107825006,UBC;BRCA1;RPS27A;TP53;UBA52
Reactome_2022,DNA Double Strand Break Response R-HSA-5693606,5/61,3.0603418192539438e-06,1.935998846528038e-05,0,0,25.711697722567287,326.4610131204232,UBC;BRCA1;RPS27A;TP53;UBA52
Reactome_2022,Selective Autophagy R-HSA-9663891,5/61,3.0603418192539438e-06,1.935998846528038e-05,0,0,25.711697722567287,326.4610131204232,HSP90AA1;SRC;UBC;RPS27A;UBA52
Reactome_2022,Mitophagy R-HSA-5205647,4/28,3.3047634110508085e-06,2.075581624350616e-05,0,0,47.385714285714286,598.0146170755667,SRC;UBC;RPS27A;UBA52
Reactome_2022,Cytosolic Sensors Of Pathogen-Associated DNA R-HSA-1834949,5/63,3.595047102525086e-06,2.225869589010213e-05,0,0,24.822588705647178,311.1748168860108,UBC;EP300;CTNNB1;RPS27A;UBA52
Reactome_2022,Signaling By MET R-HSA-6806834,5/63,3.595047102525086e-06,2.225869589010213e-05,0,0,24.822588705647178,311.1748168860108,SRC;UBC;STAT3;RPS27A;UBA52
Reactome_2022,Negative Regulation Of FGFR3 Signaling R-HSA-5654732,4/29,3.822815793163772e-06,2.317582074605537e-05,0,0,45.488,567.4411153361452,SRC;UBC;RPS27A;UBA52
Reactome_2022,Regulation Of TP53 Activity Thru Acetylation R-HSA-6804758,4/29,3.822815793163772e-06,2.317582074605537e-05,0,0,45.488,567.4411153361452,HDAC1;AKT1;EP300;TP53
Reactome_2022,Regulation Of Necroptotic Cell Death R-HSA-5675482,4/29,3.822815793163772e-06,2.317582074605537e-05,0,0,45.488,567.4411153361452,HSP90AA1;UBC;RPS27A;UBA52
Reactome_2022,Gene Expression (Transcription) R-HSA-74160,18/1449,3.976467415388306e-06,2.387044500438471e-05,0,0,4.154312668463612,51.65936291074658,HSP90AA1;SRC;HDAC1;BRCA1;EGFR;IL6;MMP13;H3C13;MYC;UBC;CDK1;AKT1;CTNNB1;EP300;RPS27A;TP53;UBA52;H3-3B
Reactome_2022,Prevention Of Phagosomal-Lysosomal Fusion R-HSA-9636383,3/9,4.019422011047598e-06,2.387044500438471e-05,0,0,140.28169014084506,1742.91196538602,UBC;RPS27A;UBA52
Reactome_2022,Regulation Of PTEN Localization R-HSA-8948747,3/9,4.019422011047598e-06,2.387044500438471e-05,0,0,140.28169014084506,1742.91196538602,UBC;RPS27A;UBA52
Reactome_2022,Interleukin-1 Signaling R-HSA-9020702,6/114,4.059025548174845e-06,2.394276556457189e-05,0,0,16.191176470588236,201.00645523737293,APP;IL1B;UBC;RPS27A;TP53;UBA52
Reactome_2022,Signaling By CSF3 (G-CSF) R-HSA-9674555,4/30,4.398619001279921e-06,2.5771774416895107e-05,0,0,43.73626373626374,539.4526958242939,UBC;STAT3;RPS27A;UBA52
Reactome_2022,RNA Polymerase II Transcription R-HSA-73857,17/1312,4.472342332807093e-06,2.6029032376937283e-05,0,0,4.290821648716386,52.85261733758063,SRC;HDAC1;BRCA1;EGFR;IL6;MMP13;H3C13;MYC;UBC;CDK1;AKT1;CTNNB1;EP300;RPS27A;TP53;UBA52;H3-3B
Reactome_2022,Downregulation Of SMAD2/3:SMAD4 Transcriptional Activity R-HSA-2173795,4/31,5.036158677574331e-06,2.8735728924982943e-05,0,0,42.114285714285714,513.7465674332775,HDAC1;UBC;RPS27A;UBA52
Reactome_2022,Negative Regulation Of FGFR4 Signaling R-HSA-5654733,4/31,5.036158677574331e-06,2.8735728924982943e-05,0,0,42.114285714285714,513.7465674332775,SRC;UBC;RPS27A;UBA52
Reactome_2022,RIPK1-mediated Regulated Necrosis R-HSA-5213460,4/31,5.036158677574331e-06,2.8735728924982943e-05,0,0,42.114285714285714,513.7465674332775,HSP90AA1;UBC;RPS27A;UBA52
Reactome_2022,IRAK2 Mediated Activation Of TAK1 Complex R-HSA-937042,3/10,5.72677708497646e-06,3.2119308859591564e-05,0,0,120.2354124748491,1451.2844306265506,UBC;RPS27A;UBA52
Reactome_2022,STAT3 Nuclear Events Downstream Of ALK Signaling R-HSA-9701898,3/10,5.72677708497646e-06,3.2119308859591564e-05,0,0,120.2354124748491,1451.2844306265506,HDAC1;STAT3;EP300
Reactome_2022,Signaling By NOTCH2 R-HSA-1980145,4/32,5.739532854634919e-06,3.2119308859591564e-05,0,0,40.608163265306125,490.0647044165441,UBC;EP300;RPS27A;UBA52
Reactome_2022,Transcriptional Regulation By TP53 R-HSA-3700989,9/354,6.184429881577061e-06,3.438858144341895e-05,0,0,7.858595317725753,94.2518722461798,HDAC1;UBC;CDK1;AKT1;EP300;BRCA1;RPS27A;TP53;UBA52
Reactome_2022,Negative Regulation Of FGFR1 Signaling R-HSA-5654726,4/33,6.5129500742911855e-06,3.575978248337236e-05,0,0,39.20591133004926,468.1859387605949,SRC;UBC;RPS27A;UBA52
Reactome_2022,Oncogene Induced Senescence R-HSA-2559585,4/33,6.5129500742911855e-06,3.575978248337236e-05,0,0,39.20591133004926,468.1859387605949,UBC;RPS27A;TP53;UBA52
Reactome_2022,PIP3 Activates AKT Signaling R-HSA-1257604,8/268,6.5714175894575685e-06,3.585529722247786e-05,0,0,9.168298368298368,109.40329640379464,SRC;HDAC1;UBC;AKT1;RPS27A;TP53;UBA52;EGFR
Reactome_2022,Negative Regulation Of FGFR2 Signaling R-HSA-5654727,4/34,7.360727517334719e-06,3.991251628964727e-05,0,0,37.89714285714286,447.91966298570935,SRC;UBC;RPS27A;UBA52
Reactome_2022,Extra-nuclear Estrogen Signaling R-HSA-9009391,5/73,7.4649880379024435e-06,4.022799109314095e-05,0,0,21.1615515771526,249.81818400724623,HSP90AA1;SRC;BCL2;AKT1;EGFR
Reactome_2022,Alpha-protein Kinase 1 Signaling Pathway R-HSA-9645460,3/11,7.853398109576729e-06,4.130130451602701e-05,0,0,105.20070422535213,1236.5884358717117,UBC;RPS27A;UBA52
Reactome_2022,Pexophagy R-HSA-9664873,3/11,7.853398109576729e-06,4.130130451602701e-05,0,0,105.20070422535213,1236.5884358717117,UBC;RPS27A;UBA52
Reactome_2022,Regulation Of BACH1 Activity R-HSA-9708530,3/11,7.853398109576729e-06,4.130130451602701e-05,0,0,105.20070422535213,1236.5884358717117,UBC;RPS27A;UBA52
Reactome_2022,"TICAM1,TRAF6-dependent Induction Of TAK1 Complex R-HSA-9014325",3/11,7.853398109576729e-06,4.130130451602701e-05,0,0,105.20070422535213,1236.5884358717117,UBC;RPS27A;UBA52
Reactome_2022,Autophagy R-HSA-9612973,6/128,7.924873281092472e-06,4.142763098439358e-05,0,0,14.32304725168756,168.23141205391903,HSP90AA1;HSP90AB1;SRC;UBC;RPS27A;UBA52
Reactome_2022,Activation Of APC/C And APC/C:Cdc20 Mediated Degradation Of Mitotic Proteins R-HSA-176814,5/76,9.103111178362927e-06,4.730366701613593e-05,0,0,20.264339661155336,235.20604881312127,PLK1;UBC;CDK1;RPS27A;UBA52
Reactome_2022,Nuclear Events Mediated By NFE2L2 R-HSA-9759194,5/78,1.03425227873813e-05,5.3006210757497135e-05,0,0,19.70716696446297,226.22343203955955,MYC;UBC;EP300;RPS27A;UBA52
Reactome_2022,FLT3 Signaling R-HSA-9607240,4/37,1.0394983859755683e-05,5.3006210757497135e-05,0,0,34.44675324675325,395.248494818547,UBC;AKT1;RPS27A;UBA52
Reactome_2022,Josephin Domain DUBs R-HSA-5689877,3/12,1.0443377148097949e-05,5.3006210757497135e-05,0,0,93.50704225352112,1072.4829994960912,UBC;RPS27A;UBA52
Reactome_2022,TICAM1-dependent Activation Of IRF3/IRF7 R-HSA-9013973,3/12,1.0443377148097949e-05,5.3006210757497135e-05,0,0,93.50704225352112,1072.4829994960912,UBC;RPS27A;UBA52
Reactome_2022,Regulation Of APC/C Activators Between G1/S And Early Anaphase R-HSA-176408,5/80,1.171001491542181e-05,5.909157815701295e-05,0,0,19.179710144927537,217.78687660149583,PLK1;UBC;CDK1;RPS27A;UBA52
Reactome_2022,Signaling By NOTCH4 R-HSA-9013694,5/81,1.2444641303771228e-05,6.243776929995565e-05,0,0,18.926392067124333,213.75884423606777,UBC;AKT1;EP300;RPS27A;UBA52
Reactome_2022,PTEN Regulation R-HSA-6807070,6/139,1.2707324538688248e-05,6.33913961272848e-05,0,0,13.131136665192392,148.03166310391782,HDAC1;UBC;AKT1;RPS27A;TP53;UBA52
Reactome_2022,Signaling By FGFR3 R-HSA-5654741,4/39,1.287349249979027e-05,6.38554485927097e-05,0,0,32.475102040816324,365.6806971932668,SRC;UBC;RPS27A;UBA52
Reactome_2022,Cyclin E Associated Events During G1/S Transition R-HSA-69202,5/82,1.3214753583000578e-05,6.517785241785031e-05,0,0,18.67965367965368,209.8505293259491,MYC;UBC;AKT1;RPS27A;UBA52
Reactome_2022,Glycogen Synthesis R-HSA-3322077,3/13,1.354032030247455e-05,6.530773272961482e-05,0,0,84.15211267605633,943.3316038712708,UBC;RPS27A;UBA52
Reactome_2022,NF-kB Is Activated And Signals Survival R-HSA-209560,3/13,1.354032030247455e-05,6.530773272961482e-05,0,0,84.15211267605633,943.3316038712708,UBC;RPS27A;UBA52
Reactome_2022,Suppression Of Phagosomal Maturation R-HSA-9637687,3/13,1.354032030247455e-05,6.530773272961482e-05,0,0,84.15211267605633,943.3316038712708,UBC;RPS27A;UBA52
Reactome_2022,p75NTR Recruits Signaling Complexes R-HSA-209543,3/13,1.354032030247455e-05,6.530773272961482e-05,0,0,84.15211267605633,943.3316038712708,UBC;RPS27A;UBA52
Reactome_2022,C-type Lectin Receptors (CLRs) R-HSA-5621481,6/141,1.3785868403210213e-05,6.612672041759623e-05,0,0,12.93529411764706,144.7700851516825,SRC;IL1B;UBC;EP300;RPS27A;UBA52
Reactome_2022,Signaling By FGFR4 R-HSA-5654743,4/40,1.4263944912787476e-05,6.80460322888714e-05,0,0,31.571428571428573,352.26691345775714,SRC;UBC;RPS27A;UBA52
Reactome_2022,Beta-catenin Independent WNT Signaling R-HSA-3858494,6/142,1.4352227781044422e-05,6.809508072202056e-05,0,0,12.83953287197232,143.1814038741431,MYC;UBC;CTNNB1;RPS27A;UBA52;RHOA
Reactome_2022,Cyclin A:Cdk2-associated Events At S Phase Entry R-HSA-69656,5/84,1.4866270241784564e-05,7.015272389771852e-05,0,0,18.204916529077234,202.3734190710854,MYC;UBC;AKT1;RPS27A;UBA52
Reactome_2022,APC/C-mediated Degradation Of Cell Cycle Proteins R-HSA-174143,5/87,1.7640507784313418e-05,8.279657685863233e-05,0,0,17.536231884057973,191.9395419337357,PLK1;UBC;CDK1;RPS27A;UBA52
Reactome_2022,G2/M Checkpoints R-HSA-69481,6/148,1.81586230953604e-05,8.477260942379479e-05,0,0,12.293289146644574,134.19803147864477,UBC;CDK1;BRCA1;RPS27A;TP53;UBA52
Reactome_2022,Condensation Of Prophase Chromosomes R-HSA-2299718,4/43,1.9100693786659792e-05,8.869630678592551e-05,0,0,29.138461538461534,316.6122845224734,H3C13;PLK1;CDK1;H3-3B
Reactome_2022,Regulation Of TP53 Activity Thru Phosphorylation R-HSA-6804756,5/90,2.080231742456564e-05,9.54381156380653e-05,0,0,16.914748508098892,182.3485356492097,UBC;BRCA1;RPS27A;TP53;UBA52
Reactome_2022,Constitutive Signaling By NOTCH1 HD Domain Mutants R-HSA-2691232,3/15,2.1427114163872624e-05,9.54381156380653e-05,0,0,70.11971830985915,753.84681346562,UBC;RPS27A;UBA52
Reactome_2022,Glycogen Storage Diseases R-HSA-3229121,3/15,2.1427114163872624e-05,9.54381156380653e-05,0,0,70.11971830985915,753.84681346562,UBC;RPS27A;UBA52
Reactome_2022,IRAK2 Mediated Activation Of TAK1 Complex Upon TLR7/8 Or 9 Stimulation R-HSA-975163,3/15,2.1427114163872624e-05,9.54381156380653e-05,0,0,70.11971830985915,753.84681346562,UBC;RPS27A;UBA52
Reactome_2022,InlB-mediated Entry Of Listeria Monocytogenes Into Host Cell R-HSA-8875360,3/15,2.1427114163872624e-05,9.54381156380653e-05,0,0,70.11971830985915,753.84681346562,UBC;RPS27A;UBA52
Reactome_2022,Membrane Binding And Targetting Of GAG Proteins R-HSA-174490,3/15,2.1427114163872624e-05,9.54381156380653e-05,0,0,70.11971830985915,753.84681346562,UBC;RPS27A;UBA52
Reactome_2022,Negative Regulation Of FLT3 R-HSA-9706369,3/15,2.1427114163872624e-05,9.54381156380653e-05,0,0,70.11971830985915,753.84681346562,UBC;RPS27A;UBA52
Reactome_2022,Regulation Of Innate Immune Responses To Cytosolic DNA R-HSA-3134975,3/15,2.1427114163872624e-05,9.54381156380653e-05,0,0,70.11971830985915,753.84681346562,UBC;RPS27A;UBA52
Reactome_2022,Interleukin-10 Signaling R-HSA-6783783,4/45,2.293204421437552e-05,0.00010162271370126818,0,0,27.714285714285715,296.07103015456613,IL6;IL1B;STAT3;TNF
Reactome_2022,MAP3K8 (TPL2)-dependent MAPK1/3 Activation R-HSA-5684264,3/16,2.63017780740697e-05,0.00011311060225942292,0,0,64.72264355362947,682.5568447493315,UBC;RPS27A;UBA52
Reactome_2022,NRIF Signals Cell Death From Nucleus R-HSA-205043,3/16,2.63017780740697e-05,0.00011311060225942292,0,0,64.72264355362947,682.5568447493315,UBC;RPS27A;UBA52
Reactome_2022,TRAF6-mediated Induction Of TAK1 Complex Within TLR4 Complex R-HSA-937072,3/16,2.63017780740697e-05,0.00011311060225942292,0,0,64.72264355362947,682.5568447493315,UBC;RPS27A;UBA52
Reactome_2022,Translesion Synthesis By REV1 R-HSA-110312,3/16,2.63017780740697e-05,0.00011311060225942292,0,0,64.72264355362947,682.5568447493315,UBC;RPS27A;UBA52
Reactome_2022,VLDLR Internalisation And Degradation R-HSA-8866427,3/16,2.63017780740697e-05,0.00011311060225942292,0,0,64.72264355362947,682.5568447493315,UBC;RPS27A;UBA52
Reactome_2022,p75NTR Signals Via NF-kB R-HSA-193639,3/16,2.63017780740697e-05,0.00011311060225942292,0,0,64.72264355362947,682.5568447493315,UBC;RPS27A;UBA52
Reactome_2022,P75 NTR Receptor-Mediated Signaling R-HSA-193704,5/95,2.7034173062839137e-05,0.00011569035825420866,0,0,15.971014492753625,167.98965975682876,HDAC1;UBC;RPS27A;UBA52;RHOA
Reactome_2022,Cyclin D Associated Events In G1 R-HSA-69231,4/47,2.729941470117131e-05,0.00011625555626401246,0,0,26.422591362126244,277.66564041307447,SRC;UBC;RPS27A;UBA52
Reactome_2022,MyD88 Cascade Initiated On Plasma Membrane R-HSA-975871,5/96,2.843787993841187e-05,0.00012051586983608523,0,0,15.794712533842969,165.33571023632018,APP;UBC;RPS27A;TP53;UBA52
Reactome_2022,RUNX1 Regulates Transcription Of Genes Involved In Differentiation Of HSCs R-HSA-8939236,5/98,3.14147047552024e-05,0.00013241763480130548,0,0,15.45348293595138,160.22533446372066,H3C13;UBC;RPS27A;UBA52;H3-3B
Reactome_2022,Activation Of IRF3/IRF7 Mediated By TBK1/IKK Epsilon R-HSA-936964,3/17,3.18530392992831e-05,0.00013241763480130548,0,0,60.096579476861166,622.2626856921862,UBC;RPS27A;UBA52
Reactome_2022,Translesion Synthesis By POLI R-HSA-5656121,3/17,3.18530392992831e-05,0.00013241763480130548,0,0,60.096579476861166,622.2626856921862,UBC;RPS27A;UBA52
Reactome_2022,Translesion Synthesis By POLK R-HSA-5655862,3/17,3.18530392992831e-05,0.00013241763480130548,0,0,60.096579476861166,622.2626856921862,UBC;RPS27A;UBA52
Reactome_2022,Signaling By FGFR1 R-HSA-5654736,4/49,3.224767634672601e-05,0.00013342285047721238,0,0,25.24571428571429,261.0928072228458,SRC;UBC;RPS27A;UBA52
Reactome_2022,CLEC7A (Dectin-1) Signaling R-HSA-5607764,5/99,3.299094607801039e-05,0.00013585422606652393,0,0,15.28831329016343,157.76434574919315,SRC;IL1B;UBC;RPS27A;UBA52
Reactome_2022,TRAF6 Mediated Induction Of NFkB And MAP Kinases Upon TLR7/8 Or 9 Activation R-HSA-975138,5/101,3.632706910418632e-05,0.00014888981844110168,0,0,14.968297101449275,153.02011377469046,APP;UBC;RPS27A;TP53;UBA52
Reactome_2022,Autodegradation Of E3 Ubiquitin Ligase COP1 R-HSA-349425,4/51,3.782302217151376e-05,0.00015266337311264997,0,0,24.16899696048632,246.10304932324303,UBC;RPS27A;TP53;UBA52
Reactome_2022,Vpu Mediated Degradation Of CD4 R-HSA-180534,4/51,3.782302217151376e-05,0.00015266337311264997,0,0,24.16899696048632,246.10304932324303,CD4;UBC;RPS27A;UBA52
Reactome_2022,MyD88 Dependent Cascade Initiated On Endosome R-HSA-975155,5/102,3.809021342052693e-05,0.00015266337311264997,0,0,14.813237711041388,150.7328880141764,APP;UBC;RPS27A;TP53;UBA52
Reactome_2022,Assembly Of HIV Virion R-HSA-175474,3/18,3.812212524462508e-05,0.00015266337311264997,0,0,56.08732394366197,570.6725771438854,UBC;RPS27A;UBA52
Reactome_2022,TP53 Regulates Transcription Of Genes Involved In G2 Cell Cycle Arrest R-HSA-6804114,3/18,3.812212524462508e-05,0.00015266337311264997,0,0,56.08732394366197,570.6725771438854,CDK1;EP300;TP53
Reactome_2022,Toll Like Receptor 3 (TLR3) Cascade R-HSA-168164,5/103,3.991895996793092e-05,0.00015840569114547134,0,0,14.66134279798876,148.49974402534653,APP;UBC;RPS27A;TP53;UBA52
Reactome_2022,Toll Like Receptor 7/8 (TLR7/8) Cascade R-HSA-168181,5/103,3.991895996793092e-05,0.00015840569114547134,0,0,14.66134279798876,148.49974402534653,APP;UBC;RPS27A;TP53;UBA52
Reactome_2022,Formation Of TC-NER Pre-Incision Complex R-HSA-6781823,4/52,4.08606358034806e-05,0.00016140875591148674,0,0,23.664285714285715,239.1357336516805,UBC;EP300;RPS27A;UBA52
Reactome_2022,Cargo Recognition For Clathrin-Mediated Endocytosis R-HSA-8856825,5/104,4.181499794970996e-05,0.00016443465409953512,0,0,14.512516469038207,146.31889870091905,CD4;UBC;RPS27A;UBA52;EGFR
Reactome_2022,"Platelet Activation, Signaling And Aggregation R-HSA-76002",7/254,4.277535651569666e-05,0.0001674568889605524,0,0,8.323947066287992,83.73514842188186,CDC42;APP;SRC;ALB;FN1;AKT1;RHOA
Reactome_2022,Negative Regulation Of NOTCH4 Signaling R-HSA-9604323,4/53,4.407291589281146e-05,0.00017176631952868035,0,0,23.180174927113704,232.4893918555219,UBC;AKT1;RPS27A;UBA52
Reactome_2022,Nuclear Events Stimulated By ALK Signaling In Cancer R-HSA-9725371,3/19,4.514979768815621e-05,0.00017363776820158752,0,0,52.57922535211268,526.0827410692776,RPS6;STAT3;FN1
Reactome_2022,"TICAM1, RIP1-mediated IKK Complex Recruitment R-HSA-168927",3/19,4.514979768815621e-05,0.00017363776820158752,0,0,52.57922535211268,526.0827410692776,UBC;RPS27A;UBA52
Reactome_2022,Translesion Synthesis By POLH R-HSA-110320,3/19,4.514979768815621e-05,0.00017363776820158752,0,0,52.57922535211268,526.0827410692776,UBC;RPS27A;UBA52
Reactome_2022,Toll Like Receptor 9 (TLR9) Cascade R-HSA-168138,5/106,4.581582053787233e-05,0.00017542636548053747,0,0,14.223704979193572,142.10734524716528,APP;UBC;RPS27A;TP53;UBA52
Reactome_2022,MyD88-independent TLR4 Cascade R-HSA-166166,5/107,4.792409898322628e-05,0.000182697547652212,0,0,14.083546462063088,140.07343307124182,APP;UBC;RPS27A;TP53;UBA52
Reactome_2022,Intrinsic Pathway For Apoptosis R-HSA-109606,4/55,5.104604166979091e-05,0.00019375301903359768,0,0,22.26890756302521,220.07877117519573,STAT3;BCL2;AKT1;TP53
Reactome_2022,Regulation Of FZD By Ubiquitination R-HSA-4641263,3/20,5.297635608106871e-05,0.00020020934570897395,0,0,49.48384424192212,487.20134617403886,UBC;RPS27A;UBA52
Reactome_2022,Assembly Of Pre-Replicative Complex R-HSA-68867,5/110,5.470184917045421e-05,0.00020539611264983385,0,0,13.679089026915111,134.24128649680387,H3C13;UBC;RPS27A;UBA52;H3-3B
Reactome_2022,Stabilization Of P53 R-HSA-69541,4/56,5.481935194434282e-05,0.00020539611264983385,0,0,21.83956043956044,214.27813285185877,UBC;RPS27A;TP53;UBA52
Reactome_2022,MyD88:MAL(TIRAP) Cascade Initiated On Plasma Membrane R-HSA-166058,5/112,5.961610899149993e-05,0.0002224139450836728,0,0,13.422050656914534,130.5641350869087,APP;UBC;RPS27A;TP53;UBA52
Reactome_2022,RHO GTPase Effectors R-HSA-195258,7/269,6.145569297652186e-05,0.00022515963364923985,0,0,7.841403668679503,76.03961325205343,CDC42;H3C13;SRC;PLK1;CTNNB1;RHOA;H3-3B
Reactome_2022,ER Quality Control Compartment (ERQC) R-HSA-901032,3/21,6.164164082722603e-05,0.00022515963364923985,0,0,46.732394366197184,453.0319123415984,UBC;RPS27A;UBA52
Reactome_2022,Inflammasomes R-HSA-622312,3/21,6.164164082722603e-05,0.00022515963364923985,0,0,46.732394366197184,453.0319123415984,APP;HSP90AB1;BCL2
Reactome_2022,NOTCH2 Activation And Transmission Of Signal To Nucleus R-HSA-2979096,3/21,6.164164082722603e-05,0.00022515963364923985,0,0,46.732394366197184,453.0319123415984,UBC;RPS27A;UBA52
Reactome_2022,Negative Regulation Of MET Activity R-HSA-6807004,3/21,6.164164082722603e-05,0.00022515963364923985,0,0,46.732394366197184,453.0319123415984,UBC;RPS27A;UBA52
Reactome_2022,Cell Cycle Checkpoints R-HSA-69620,7/271,6.438569589873034e-05,0.000233231172280463,0,0,7.781207598371777,75.0934703812177,PLK1;UBC;CDK1;BRCA1;RPS27A;TP53;UBA52
Reactome_2022,RAF/MAP Kinase Cascade R-HSA-5673001,7/271,6.438569589873034e-05,0.000233231172280463,0,0,7.781207598371777,75.0934703812177,SRC;UBC;FN1;NEFL;RPS27A;UBA52;EGFR
Reactome_2022,Macroautophagy R-HSA-1632852,5/114,6.48645116402179e-05,0.00023399470521450505,0,0,13.17444488764792,127.0439373653829,HSP90AA1;SRC;UBC;RPS27A;UBA52
Reactome_2022,PINK1-PRKN Mediated Mitophagy R-HSA-5205685,3/22,7.118503663493729e-05,0.0002546907253372961,0,0,44.27057079318013,422.79404127890905,UBC;RPS27A;UBA52
Reactome_2022,Response Of Mtb To Phagocytosis R-HSA-9637690,3/22,7.118503663493729e-05,0.0002546907253372961,0,0,44.27057079318013,422.79404127890905,UBC;RPS27A;UBA52
Reactome_2022,rRNA Modification In Nucleus And Cytosol R-HSA-6790901,4/60,7.197292321078192e-05,0.00025645862025719434,0,0,20.275510204081638,193.4125641316451,RPS14;RPS9;RPS6;RPS2
Reactome_2022,M Phase R-HSA-68886,8/380,7.967212623503687e-05,0.000282738887004826,0,0,6.371456500488758,60.13119904073075,HSP90AA1;H3C13;PLK1;UBC;CDK1;RPS27A;UBA52;H3-3B
Reactome_2022,IKK Complex Recruitment Mediated By RIP1 R-HSA-937041,3/23,8.16454756914462e-05,0.0002882210326381889,0,0,42.05492957746479,395.86827327793856,UBC;RPS27A;UBA52
Reactome_2022,Pre-NOTCH Transcription And Translation R-HSA-1912408,4/62,8.187722347568253e-05,0.0002882210326381889,0,0,19.5743842364532,184.20062650943277,H3C13;EP300;TP53;H3-3B
Reactome_2022,Gap-filling DNA Repair Synthesis And Ligation In TC-NER R-HSA-6782210,4/64,9.27376375566713e-05,0.00032239142052088016,0,0,18.92,175.68612801776888,UBC;EP300;RPS27A;UBA52
Reactome_2022,Regulation Of IGF Transport And Uptake By IGFBPs R-HSA-381426,5/123,9.303977633344936e-05,0.00032239142052088016,0,0,12.164087447801522,112.91294046405746,APP;IL6;MMP1;ALB;FN1
Reactome_2022,Estrogen-dependent Nuclear Events Downstream Of ESR-membrane Signaling R-HSA-9634638,3/24,9.306144097509942e-05,0.00032239142052088016,0,0,40.05030181086519,371.7569391075242,BCL2;AKT1;EGFR
Reactome_2022,Glycogen Metabolism R-HSA-8982491,3/24,9.306144097509942e-05,0.00032239142052088016,0,0,40.05030181086519,371.7569391075242,UBC;RPS27A;UBA52
Reactome_2022,Dual Incision In TC-NER R-HSA-6782135,4/65,9.854339481142582e-05,0.00033869442389911314,0,0,18.60889929742389,171.6673481756769,UBC;EP300;RPS27A;UBA52
Reactome_2022,p53-Dependent G1 DNA Damage Response R-HSA-69563,4/65,9.854339481142582e-05,0.00033869442389911314,0,0,18.60889929742389,171.6673481756769,UBC;RPS27A;TP53;UBA52
Reactome_2022,RUNX1 Regulates Genes Involved In Megakaryocyte Differentiation And Platelet Function R-HSA-8936459,4/66,0.00010460870573193737,0.0003581309807999267,0,0,18.30783410138249,167.7964949546756,H3C13;HDAC1;EP300;H3-3B
Reactome_2022,Gap-filling DNA Repair Synthesis And Ligation In GG-NER R-HSA-5696397,3/25,0.0001054709694470706,0.00035967248565348684,0,0,38.22791293213828,350.0558587039102,UBC;RPS27A;UBA52
Reactome_2022,DNA Replication Pre-Initiation R-HSA-69002,5/127,0.00010822432903373456,0.0003676258336437754,0,0,11.76288904727964,107.4105200952592,H3C13;UBC;RPS27A;UBA52;H3-3B
Reactome_2022,G1/S DNA Damage Checkpoints R-HSA-69615,4/67,0.000110940530740498,0.0003725041666786721,0,0,18.016326530612243,164.0659704841799,UBC;RPS27A;TP53;UBA52
Reactome_2022,HDR Thru Homologous Recombination (HRR) R-HSA-5685942,4/67,0.000110940530740498,0.0003725041666786721,0,0,18.016326530612243,164.0659704841799,UBC;BRCA1;RPS27A;UBA52
Reactome_2022,Regulation Of PTEN Stability And Activity R-HSA-8948751,4/67,0.000110940530740498,0.0003725041666786721,0,0,18.016326530612243,164.0659704841799,UBC;AKT1;RPS27A;UBA52
Reactome_2022,Vesicle-mediated Transport R-HSA-5653656,10/637,0.0001146128124555605,0.00038336009683411615,0,0,4.80936004784689,43.63989721545585,APP;HSP90AA1;CD4;SRC;ALB;UBC;AKT1;RPS27A;UBA52;EGFR
Reactome_2022,Costimulation By CD28 Family R-HSA-388841,4/68,0.000117545884743144,0.0003888010302431992,0,0,17.73392857142857,160.468676567687,CDC42;CD4;SRC;AKT1
Reactome_2022,APC-Cdc20 Mediated Degradation Of Nek2A R-HSA-179409,3/26,0.0001189116552977482,0.0003888010302431992,0,0,36.56399265156154,330.43354514929257,UBC;RPS27A;UBA52
Reactome_2022,Attenuation Phase R-HSA-3371568,3/26,0.0001189116552977482,0.0003888010302431992,0,0,36.56399265156154,330.43354514929257,HSP90AA1;HSP90AB1;EP300
Reactome_2022,Calnexin/calreticulin Cycle R-HSA-901042,3/26,0.0001189116552977482,0.0003888010302431992,0,0,36.56399265156154,330.43354514929257,UBC;RPS27A;UBA52
Reactome_2022,Downregulation Of TGF-beta Receptor Signaling R-HSA-2173788,3/26,0.0001189116552977482,0.0003888010302431992,0,0,36.56399265156154,330.43354514929257,UBC;RPS27A;UBA52
Reactome_2022,Infection With Mycobacterium Tuberculosis R-HSA-9635486,3/26,0.0001189116552977482,0.0003888010302431992,0,0,36.56399265156154,330.43354514929257,UBC;RPS27A;UBA52
Reactome_2022,Circadian Clock R-HSA-400253,4/69,0.00012443183594070122,0.0004053320625978813,0,0,17.46021978021978,156.99797476292625,UBC;EP300;RPS27A;UBA52
Reactome_2022,FLT3 Signaling In Disease R-HSA-9682385,3/27,0.00013342065307354783,0.000428221434313262,0,0,35.0387323943662,312.61569711645774,UBC;RPS27A;UBA52
Reactome_2022,G0 And Early G1 R-HSA-1538133,3/27,0.00013342065307354783,0.000428221434313262,0,0,35.0387323943662,312.61569711645774,HDAC1;MYC;CDK1
Reactome_2022,Integrin Signaling R-HSA-354192,3/27,0.00013342065307354783,0.000428221434313262,0,0,35.0387323943662,312.61569711645774,SRC;FN1;AKT1
Reactome_2022,VEGFR2 Mediated Vascular Permeability R-HSA-5218920,3/27,0.00013342065307354783,0.000428221434313262,0,0,35.0387323943662,312.61569711645774,HSP90AA1;AKT1;CTNNB1
Reactome_2022,LRR FLII-interacting Protein 1 (LRRFIP1) Activates Type I IFN Production R-HSA-3134973,2/5,0.0001340817157708724,0.0004287668053771854,0,0,184.47222222222223,1644.950081363305,CTNNB1;EP300
Reactome_2022,Post-translational Protein Modification R-HSA-597592,15/1383,0.00013839433846407398,0.00043989730063341553,0,0,3.44892952720785,30.645130225596496,APP;HDAC1;FN1;BRCA1;RHOA;IL6;MYC;ALB;UBC;CDK1;EP300;RPS2;RPS27A;TP53;UBA52
Reactome_2022,Diseases Of Programmed Cell Death R-HSA-9645723,4/71,0.0001390740606813547,0.00043989730063341553,0,0,16.937313432835822,150.4118789454885,APP;H3C13;TP53;H3-3B
Reactome_2022,"Plasma Lipoprotein Assembly, Remodeling, And Clearance R-HSA-174824",4/71,0.0001390740606813547,0.00043989730063341553,0,0,16.937313432835822,150.4118789454885,UBC;ALB;RPS27A;UBA52
Reactome_2022,Cdc20:Phospho-APC/C Mediated Degradation Of Cyclin A R-HSA-174184,4/72,0.00014684472483192742,0.0004611346934470239,0,0,16.687394957983194,147.28519774576606,UBC;CDK1;RPS27A;UBA52
Reactome_2022,Signaling By FGFR2 R-HSA-5654738,4/72,0.00014684472483192742,0.0004611346934470239,0,0,16.687394957983194,147.28519774576606,SRC;UBC;RPS27A;UBA52
Reactome_2022,Factors Involved In Megakaryocyte Development And Platelet Production R-HSA-983231,5/136,0.00014932191707026706,0.0004672330953489001,0,0,10.949773205000554,96.46099848611856,CDC42;H3C13;HDAC1;TP53;H3-3B
Reactome_2022,APC/C:Cdh1 Mediated Degradation Of Cdc20 And APC/C:Cdh1 Targets In Late Mitosis/Early G1 R-HSA-174178,4/73,0.0001549247647567582,0.0004796075164278365,0,0,16.44472049689441,144.26247727164107,UBC;PLK1;RPS27A;UBA52
Reactome_2022,APC:Cdc20 Mediated Degradation Of Cell Cycle Proteins Before Cycle Checkpoint Satisfied R-HSA-179419,4/73,0.0001549247647567582,0.0004796075164278365,0,0,16.44472049689441,144.26247727164107,UBC;CDK1;RPS27A;UBA52
Reactome_2022,Cellular Response To Hypoxia R-HSA-1234174,4/73,0.0001549247647567582,0.0004796075164278365,0,0,16.44472049689441,144.26247727164107,UBC;EP300;RPS27A;UBA52
Reactome_2022,Positive Epigenetic Regulation Of rRNA Expression R-HSA-5250913,4/74,0.0001633214951237132,0.0005038150715300411,0,0,16.208979591836734,141.3388971337554,H3C13;HDAC1;EP300;H3-3B
Reactome_2022,Budding And Maturation Of HIV Virion R-HSA-162588,3/29,0.00016579002364062602,0.0005096291923882624,0,0,32.34019501625136,281.5145572809918,UBC;RPS27A;UBA52
Reactome_2022,Toll Like Receptor 4 (TLR4) Cascade R-HSA-166016,5/140,0.00017101280132435082,0.0005238392124777483,0,0,10.623188405797102,92.14311566104442,APP;UBC;RPS27A;TP53;UBA52
Reactome_2022,APC/C:Cdc20 Mediated Degradation Of Mitotic Proteins R-HSA-176409,4/75,0.00017204227613825277,0.0005251500247157156,0,0,15.979879275653923,138.5099233003173,UBC;CDK1;RPS27A;UBA52
Reactome_2022,Clathrin-mediated Endocytosis R-HSA-8856828,5/142,0.00018272177855284464,0.0005492800476445533,0,0,10.467047498148736,90.095591754588,CD4;UBC;RPS27A;UBA52;EGFR
Reactome_2022,Activation Of BH3-only Proteins R-HSA-114452,3/30,0.00018372253598191249,0.0005492800476445533,0,0,31.140845070422536,267.87616185965635,BCL2;AKT1;TP53
Reactome_2022,Endosomal Sorting Complex Required For Transport (ESCRT) R-HSA-917729,3/30,0.00018372253598191249,0.0005492800476445533,0,0,31.140845070422536,267.87616185965635,UBC;RPS27A;UBA52
Reactome_2022,Recognition Of DNA Damage By PCNA-containing Replication Complex R-HSA-110314,3/30,0.00018372253598191249,0.0005492800476445533,0,0,31.140845070422536,267.87616185965635,UBC;RPS27A;UBA52
Reactome_2022,Synthesis Of Active Ubiquitin: Roles Of E1 And E2 Enzymes R-HSA-8866652,3/30,0.00018372253598191249,0.0005492800476445533,0,0,31.140845070422536,267.87616185965635,UBC;RPS27A;UBA52
Reactome_2022,Translation Of Structural Proteins R-HSA-9683701,3/30,0.00018372253598191249,0.0005492800476445533,0,0,31.140845070422536,267.87616185965635,UBC;RPS27A;UBA52
Reactome_2022,Transcription-Coupled Nucleotide Excision Repair (TC-NER) R-HSA-6781827,4/77,0.0001904856505531071,0.0005675562216138653,0,0,15.540508806262231,133.11896796529538,UBC;EP300;RPS27A;UBA52
Reactome_2022,Pre-NOTCH Expression And Processing R-HSA-1912422,4/78,0.0002002231805160617,0.0005897625684507803,0,0,15.32972972972973,130.54917273283502,H3C13;EP300;TP53;H3-3B
Reactome_2022,Phosphorylation Of Emi1 R-HSA-176417,2/6,0.0002006408738028428,0.0005897625684507803,0,0,138.34722222222223,1177.8874123699968,PLK1;CDK1
Reactome_2022,TNFR1-mediated Ceramide Production R-HSA-5626978,2/6,0.0002006408738028428,0.0005897625684507803,0,0,138.34722222222223,1177.8874123699968,RACK1;TNF
Reactome_2022,Uptake And Function Of Diphtheria Toxin R-HSA-5336415,2/6,0.0002006408738028428,0.0005897625684507803,0,0,138.34722222222223,1177.8874123699968,HSP90AA1;HSP90AB1
Reactome_2022,Activated NOTCH1 Transmits Signal To Nucleus R-HSA-2122948,3/31,0.0002028676455929105,0.0005923192461625782,0,0,30.027162977867203,255.3196691383704,UBC;RPS27A;UBA52
Reactome_2022,Late Endosomal Microautophagy R-HSA-9615710,3/31,0.0002028676455929105,0.0005923192461625782,0,0,30.027162977867203,255.3196691383704,UBC;RPS27A;UBA52
Reactome_2022,Processing Of DNA Double-Strand Break Ends R-HSA-5693607,4/80,0.0002207675734470675,0.0006424336387309664,0,0,14.924812030075188,125.64303929145116,UBC;BRCA1;RPS27A;UBA52
Reactome_2022,G-protein Beta:Gamma Signaling R-HSA-397795,3/32,0.0002232603561645472,0.0006453850693100984,0,0,28.990286546867413,243.72632391084213,CDC42;AKT1;RHOA
Reactome_2022,Termination Of Translesion DNA Synthesis R-HSA-5656169,3/32,0.0002232603561645472,0.0006453850693100984,0,0,28.990286546867413,243.72632391084213,UBC;RPS27A;UBA52
Reactome_2022,DNA Double-Strand Break Repair R-HSA-5693532,5/149,0.00022858460404675385,0.0006585952453228253,0,0,9.954710144927535,83.4563493601951,UBC;BRCA1;RPS27A;TP53;UBA52
Reactome_2022,Diseases Of Carbohydrate Metabolism R-HSA-5663084,3/33,0.00024493525063714006,0.0007033831375204713,0,0,28.02253521126761,232.99383602258573,UBC;RPS27A;UBA52
Reactome_2022,CD28 Co-Stimulation R-HSA-389356,3/34,0.0002679264940563978,0.0007643785271608997,0,0,27.117219445706496,223.0336493063672,CDC42;SRC;AKT1
Reactome_2022,EPHB-mediated Forward Signaling R-HSA-3928662,3/34,0.0002679264940563978,0.0007643785271608997,0,0,27.117219445706496,223.0336493063672,CDC42;SRC;RHOA
Reactome_2022,DNA Replication R-HSA-69306,5/155,0.00027445444463136166,0.0007804518897823412,0,0,9.553623188405798,78.34663908606801,H3C13;UBC;RPS27A;UBA52;H3-3B
Reactome_2022,"Activation Of NIMA Kinases NEK9, NEK6, NEK7 R-HSA-2980767",2/7,0.0002802244447482213,0.0007942725333285622,0,0,110.67222222222222,905.2898894159164,PLK1;CDK1
Reactome_2022,Signaling By FGFR R-HSA-190236,4/86,0.000291505057462192,0.0008177878893520896,0,0,13.82857142857143,112.57083857226326,SRC;UBC;RPS27A;UBA52
Reactome_2022,N-glycan Trimming In ER And Calnexin/Calreticulin Cycle R-HSA-532668,3/35,0.00029226783674438946,0.0008177878893520896,0,0,26.26848591549296,213.76873350460173,UBC;RPS27A;UBA52
Reactome_2022,Negative Regulators Of DDX58/IFIH1 Signaling R-HSA-936440,3/35,0.00029226783674438946,0.0008177878893520896,0,0,26.26848591549296,213.76873350460173,UBC;RPS27A;UBA52
Reactome_2022,Plasma Lipoprotein Clearance R-HSA-8964043,3/35,0.00029226783674438946,0.0008177878893520896,0,0,26.26848591549296,213.76873350460173,UBC;RPS27A;UBA52
Reactome_2022,Fcgamma Receptor (FCGR) Dependent Phagocytosis R-HSA-2029480,4/87,0.0003047034288735685,0.0008498597233438509,0,0,13.661273666092944,110.60401613151744,CDC42;HSP90AA1;HSP90AB1;SRC
Reactome_2022,Leishmania Infection R-HSA-9658195,6/247,0.00030669219456822374,0.0008526824390384055,0,0,7.207102758115695,58.30305368604182,CDC42;IL6;HSP90AB1;SRC;IL1B;ADCY2
Reactome_2022,HSF1-dependent Transactivation R-HSA-3371571,3/36,0.0003179926173270372,0.0008711530755430311,0,0,25.471190781049938,205.1317864433363,HSP90AA1;HSP90AB1;EP300
Reactome_2022,Platelet Aggregation (Plug Formation) R-HSA-76009,3/36,0.0003179926173270372,0.0008711530755430311,0,0,25.471190781049938,205.1317864433363,SRC;FN1;AKT1
Reactome_2022,Transcriptional Regulation By AP-2 (TFAP2) Family Of Transcription Factors R-HSA-8864260,3/36,0.0003179926173270372,0.0008711530755430311,0,0,25.471190781049938,205.1317864433363,MYC;EP300;EGFR
Reactome_2022,PCP/CE Pathway R-HSA-4086400,4/88,0.000318325121532906,0.0008711530755430311,0,0,13.49795918367347,108.69147004115148,UBC;RPS27A;UBA52;RHOA
Reactome_2022,Regulation Of mRNA Stability By Proteins That Bind AU-rich Elements R-HSA-450531,4/88,0.000318325121532906,0.0008711530755430311,0,0,13.49795918367347,108.69147004115148,UBC;AKT1;RPS27A;UBA52
Reactome_2022,S Phase R-HSA-69242,5/161,0.0003270038577418461,0.0008921073994019739,0,0,9.183389074693425,73.70164340374102,MYC;UBC;AKT1;RPS27A;UBA52
Reactome_2022,Toll-like Receptor Cascades R-HSA-168898,5/162,0.00033645449195173963,0.000915030440728563,0,0,9.12443459798763,72.96853832689925,APP;UBC;RPS27A;TP53;UBA52
Reactome_2022,DNA Damage Recognition In GG-NER R-HSA-5696394,3/37,0.00034513376572125416,0.0009357198058219096,0,0,24.72079536039768,197.0637605345997,UBC;RPS27A;UBA52
Reactome_2022,EPH-Ephrin Signaling R-HSA-2682334,4/91,0.00036180898264951447,0.000977892389637852,0,0,13.030541871921182,103.259149880806,CDC42;EFNA2;SRC;RHOA
Reactome_2022,Alpha-defensins R-HSA-1462054,2/8,0.0003727377657999936,0.0009946978129736228,0,0,92.22222222222224,728.0608226495283,CD4;PRSS3
Reactome_2022,Binding Of TCF/LEF:CTNNB1 To Target Gene Promoters R-HSA-4411364,2/8,0.0003727377657999936,0.0009946978129736228,0,0,92.22222222222224,728.0608226495283,MYC;CTNNB1
Reactome_2022,RUNX2 Regulates Genes Involved In Cell Migration R-HSA-8941332,2/8,0.0003727377657999936,0.0009946978129736228,0,0,92.22222222222224,728.0608226495283,MMP13;AKT1
Reactome_2022,RUNX3 Regulates WNT Signaling R-HSA-8951430,2/8,0.0003727377657999936,0.0009946978129736228,0,0,92.22222222222224,728.0608226495283,MYC;CTNNB1
Reactome_2022,Fanconi Anemia Pathway R-HSA-6783310,3/38,0.000373723806019872,0.0009946978129736228,0,0,24.01327967806841,189.51264761189864,UBC;RPS27A;UBA52
Reactome_2022,Transcriptional Regulation By VENTX R-HSA-8853884,3/39,0.00040379485977183534,0.0010682209472145,0,0,23.34507042253521,182.43247094144303,IL6;CTNNB1;TP53
Reactome_2022,Translesion Synthesis By Y Family DNA Polymerases Bypasses Lesions On DNA Template R-HSA-110313,3/39,0.00040379485977183534,0.0010682209472145,0,0,23.34507042253521,182.43247094144303,UBC;RPS27A;UBA52
Reactome_2022,Downstream TCR Signaling R-HSA-202424,4/94,0.0004093877414191586,0.0010797447077308,0,0,12.594285714285714,98.24610635926751,CD4;UBC;RPS27A;UBA52
Reactome_2022,Dual Incision In GG-NER R-HSA-5696400,3/41,0.00046850649699688233,0.001224569376881,0,0,22.114158636026687,169.52626855661205,UBC;RPS27A;UBA52
Reactome_2022,Negative Regulation Of MAPK Pathway R-HSA-5675221,3/41,0.00046850649699688233,0.001224569376881,0,0,22.114158636026687,169.52626855661205,UBC;RPS27A;UBA52
Reactome_2022,Regulation Of Beta-Cell Development R-HSA-186712,3/41,0.00046850649699688233,0.001224569376881,0,0,22.114158636026687,169.52626855661205,AKT1;EP300;FOXA2
Reactome_2022,BH3-only Proteins Associate With And Inactivate Anti-Apoptotic BCL-2 Members R-HSA-111453,2/9,0.0004780866757893366,0.0012421716308455,0,0,79.0436507936508,604.3455041138966,STAT3;BCL2
Reactome_2022,PI5P Regulates TP53 Acetylation R-HSA-6811555,2/9,0.0004780866757893366,0.0012421716308455,0,0,79.0436507936508,604.3455041138966,EP300;TP53
Reactome_2022,Hedgehog Off State R-HSA-5610787,4/98,0.0004795695415394584,0.0012423270319404,0,0,12.055927051671732,92.1388890341662,UBC;ADCY2;RPS27A;UBA52
Reactome_2022,Formation Of Incision Complex In GG-NER R-HSA-5696395,3/42,0.000503209336162456,0.0012997093209166,0,0,21.546045503791984,163.63153520862127,UBC;RPS27A;UBA52
Reactome_2022,TNFR2 Non-Canonical NF-kB Pathway R-HSA-5668541,4/100,0.0005176957720029004,0.0013331811473703,0,0,11.803571428571429,89.30727091866535,UBC;RPS27A;TNF;UBA52
Reactome_2022,TGF-beta Receptor Signaling Activates SMADs R-HSA-2173789,3/44,0.0005774617575108717,0.0014827179832558,0,0,20.492957746478872,152.8132877823754,UBC;RPS27A;UBA52
Reactome_2022,MAPK3 (ERK1) Activation R-HSA-110056,2/10,0.0005961775138681929,0.0015173847510406,0,0,69.15972222222223,513.5090074723809,IL6;CDK1
Reactome_2022,RHO GTPases Activate KTN1 R-HSA-5625970,2/10,0.0005961775138681929,0.0015173847510406,0,0,69.15972222222223,513.5090074723809,CDC42;RHOA
Reactome_2022,"Tetrahydrobiopterin (BH4) Synthesis, Recycling, Salvage And Regulation R-HSA-1474151",2/10,0.0005961775138681929,0.0015173847510406,0,0,69.15972222222223,513.5090074723809,HSP90AA1;AKT1
Reactome_2022,Signaling By Rho GTPases R-HSA-194315,9/644,0.000601581612824063,0.0015266882209168,0,0,4.206396123561478,31.194416390228653,CDC42;HSP90AA1;HSP90AB1;H3C13;SRC;PLK1;CTNNB1;RHOA;H3-3B
Reactome_2022,ERCC6 (CSB) And EHMT2 (G9a) Positively Regulate rRNA Expression R-HSA-427389,3/45,0.0006170712577368036,0.0015614585739253,0,0,20.004024144869216,147.84026154884708,H3C13;HDAC1;H3-3B
Reactome_2022,Post-translational Protein Phosphorylation R-HSA-8957275,4/106,0.0006449971271805387,0.0016274060463254,0,0,11.105882352941176,81.58675143803535,APP;IL6;ALB;FN1
Reactome_2022,Nucleotide Excision Repair R-HSA-5696398,4/108,0.0006919568981219764,0.0017408598618457,0,0,10.891208791208792,79.24429238367301,UBC;EP300;RPS27A;UBA52
Reactome_2022,"Signaling By Rho GTPases, Miro GTPases And RHOBTB3 R-HSA-9716542",9/660,0.0007166745352025529,0.0017978645667581,0,0,4.099610067352002,29.68482040057338,CDC42;HSP90AA1;HSP90AB1;H3C13;SRC;PLK1;CTNNB1;RHOA;H3-3B
Reactome_2022,Interleukin-6 Signaling R-HSA-1059683,2/11,0.0007269171181885319,0.0018079733452381,0,0,61.47222222222222,444.2411910549423,IL6;STAT3
Reactome_2022,RHO GTPases Activate IQGAPs R-HSA-5626467,2/11,0.0007269171181885319,0.0018079733452381,0,0,61.47222222222222,444.2411910549423,CDC42;CTNNB1
Reactome_2022,eNOS Activation R-HSA-203615,2/11,0.0007269171181885319,0.0018079733452381,0,0,61.47222222222222,444.2411910549423,HSP90AA1;AKT1
Reactome_2022,DNA Damage Bypass R-HSA-73893,3/48,0.0007461843943072846,0.0018506220915632,0,0,18.66760563380282,134.4168002060667,UBC;RPS27A;UBA52
Reactome_2022,Regulation Of Activated PAK-2p34 By Proteasome Mediated Degradation R-HSA-211733,3/49,0.0007927457467438177,0.0019502587595942,0,0,18.26086956521739,130.3827549606977,UBC;RPS27A;UBA52
Reactome_2022,TP53 Regulates Transcription Of Cell Cycle Genes R-HSA-6791312,3/49,0.0007927457467438177,0.0019502587595942,0,0,18.26086956521739,130.3827549606977,CDK1;EP300;TP53
Reactome_2022,Mitotic Prophase R-HSA-68875,4/112,0.0007930605494340886,0.0019502587595942,0,0,10.485714285714286,74.86392089300311,H3C13;PLK1;CDK1;H3-3B
Reactome_2022,HDR Thru Homologous Recombination (HRR) Or Single Strand Annealing (SSA) R-HSA-5693567,4/114,0.0008473366340297878,0.002072058491619,0,0,10.294025974025974,72.81389199482655,UBC;BRCA1;RPS27A;UBA52
Reactome_2022,Signaling By NTRK1 (TRKA) R-HSA-187037,4/114,0.0008473366340297878,0.002072058491619,0,0,10.294025974025974,72.81389199482655,SRC;STAT3;EP300;RHOA
Reactome_2022,GSK3B And BTRC:CUL1-mediated-degradation Of NFE2L2 R-HSA-9762114,3/51,0.0008913217677148334,0.0021614552867084,0,0,17.49823943661972,122.8867245386948,UBC;RPS27A;UBA52
Reactome_2022,Ubiquitin Mediated Degradation Of Phosphorylated Cdc25A R-HSA-69601,3/51,0.0008913217677148334,0.0021614552867084,0,0,17.49823943661972,122.8867245386948,UBC;RPS27A;UBA52
Reactome_2022,Ubiquitin-dependent Degradation Of Cyclin D R-HSA-75815,3/51,0.0008913217677148334,0.0021614552867084,0,0,17.49823943661972,122.8867245386948,UBC;RPS27A;UBA52
Reactome_2022,Ub-specific Processing Proteases R-HSA-5689880,5/201,0.0008958521194103486,0.0021664235463856,0,0,7.29443951493641,51.19044497677432,MYC;UBC;RPS27A;TP53;UBA52
Reactome_2022,Epigenetic Regulation Of Gene Expression R-HSA-212165,4/116,0.000904183857279816,0.0021745248137886,0,0,10.109183673469389,70.84998971864357,H3C13;HDAC1;EP300;H3-3B
Reactome_2022,TCR Signaling R-HSA-202403,4/116,0.000904183857279816,0.0021745248137886,0,0,10.109183673469389,70.84998971864357,CD4;UBC;RPS27A;UBA52
Reactome_2022,Regulation Of Apoptosis R-HSA-169911,3/52,0.00094339109874792,0.0022563847375532,0,0,17.140270192584076,119.3996298983047,UBC;RPS27A;UBA52
Reactome_2022,SARS-CoV-1 Infection R-HSA-9678108,3/52,0.00094339109874792,0.0022563847375532,0,0,17.140270192584076,119.3996298983047,UBC;RPS27A;UBA52
Reactome_2022,Signaling By GPCR R-HSA-372790,9/689,0.0009711076361186402,0.0023163305091026,0,0,3.918868778280543,27.18547975257317,CDC42;APP;SRC;WNT7B;AKT1;ADCY2;RHOA;EGFR;CXCL5
Reactome_2022,Homology Directed Repair R-HSA-5693538,4/119,0.0009944206352571162,0.0023532080211948,0,0,9.843975155279503,68.05484826334576,UBC;BRCA1;RPS27A;UBA52
Reactome_2022,RHO GTPases Activate Formins R-HSA-5663220,4/119,0.0009944206352571162,0.0023532080211948,0,0,9.843975155279503,68.05484826334576,CDC42;SRC;PLK1;RHOA
Reactome_2022,"Nucleotide-binding Domain, Leucine Rich Repeat Containing NLR Signaling Pathways R-HSA-168643",3/53,0.0009973504786278135,0.0023532080211948,0,0,16.79661971830986,116.07150059130709,APP;HSP90AB1;BCL2
Reactome_2022,Vif-mediated Degradation Of APOBEC3G R-HSA-180585,3/53,0.0009973504786278135,0.0023532080211948,0,0,16.79661971830986,116.07150059130709,UBC;RPS27A;UBA52
Reactome_2022,DNA Repair R-HSA-73894,6/310,0.0010110243661878,0.0023790411635633,0,0,5.695239938080495,39.2788809041622,UBC;EP300;BRCA1;RPS27A;TP53;UBA52
Reactome_2022,AUF1 (hnRNP D0) Binds And Destabilizes mRNA R-HSA-450408,3/54,0.0010532263323694,0.002451910901756,0,0,16.466445733222866,112.89225801743812,UBC;RPS27A;UBA52
Reactome_2022,Degradation Of AXIN R-HSA-4641257,3/54,0.0010532263323694,0.002451910901756,0,0,16.466445733222866,112.89225801743812,UBC;RPS27A;UBA52
Reactome_2022,FBXL7 Down-Regulates AURKA During Mitotic Entry And In Early Mitosis R-HSA-8854050,3/54,0.0010532263323694,0.002451910901756,0,0,16.466445733222866,112.89225801743812,UBC;RPS27A;UBA52
Reactome_2022,SCF-beta-TrCP Mediated Degradation Of Emi1 R-HSA-174113,3/54,0.0010532263323694,0.002451910901756,0,0,16.466445733222866,112.89225801743812,UBC;RPS27A;UBA52
Reactome_2022,Degradation Of DVL R-HSA-4641258,3/55,0.0011110447281842,0.0025659842531873,0,0,16.1489707475623,109.85263888946788,UBC;RPS27A;UBA52
Reactome_2022,Hh Mutants Are Degraded By ERAD R-HSA-5362768,3/55,0.0011110447281842,0.0025659842531873,0,0,16.1489707475623,109.85263888946788,UBC;RPS27A;UBA52
Reactome_2022,Signaling By ALK Fusions And Activated Point Mutants R-HSA-9725370,3/55,0.0011110447281842,0.0025659842531873,0,0,16.1489707475623,109.85263888946788,RPS6;STAT3;FN1
Reactome_2022,E3 Ubiquitin Ligases Ubiquitinate Target Proteins R-HSA-8866654,3/56,0.0011708313788273,0.0026898310360954,0,0,15.843475950039862,106.94411545074666,UBC;RPS27A;UBA52
Reactome_2022,Meiotic Recombination R-HSA-912446,3/56,0.0011708313788273,0.0026898310360954,0,0,15.843475950039862,106.94411545074666,H3C13;BRCA1;H3-3B
Reactome_2022,Constitutive Signaling By EGFRvIII R-HSA-5637810,2/14,0.0011941043543106,0.0027076703930212,0,0,46.09722222222222,310.2508484154788,HSP90AA1;EGFR
Reactome_2022,DCC Mediated Attractive Signaling R-HSA-418885,2/14,0.0011941043543106,0.0027076703930212,0,0,46.09722222222222,310.2508484154788,CDC42;SRC
Reactome_2022,Golgi Cisternae Pericentriolar Stack Reorganization R-HSA-162658,2/14,0.0011941043543106,0.0027076703930212,0,0,46.09722222222222,310.2508484154788,PLK1;CDK1
Reactome_2022,Regulation Of TP53 Activity Thru Association With Co-factors R-HSA-6804759,2/14,0.0011941043543106,0.0027076703930212,0,0,46.09722222222222,310.2508484154788,AKT1;TP53
Reactome_2022,Repression Of WNT Target Genes R-HSA-4641265,2/14,0.0011941043543106,0.0027076703930212,0,0,46.09722222222222,310.2508484154788,HDAC1;MYC
Reactome_2022,Hh Mutants Abrogate Ligand Secretion R-HSA-5387390,3/58,0.0012964105391455,0.0029169237130774,0,0,15.265813060179257,101.48950603726216,UBC;RPS27A;UBA52
Reactome_2022,Late SARS-CoV-2 Infection Events R-HSA-9772573,3/58,0.0012964105391455,0.0029169237130774,0,0,15.265813060179257,101.48950603726216,UBC;RPS27A;UBA52
Reactome_2022,NIK To Noncanonical NF-kB Signaling R-HSA-5676590,3/58,0.0012964105391455,0.0029169237130774,0,0,15.265813060179257,101.48950603726216,UBC;RPS27A;UBA52
Reactome_2022,B-WICH Complex Positively Regulates rRNA Expression R-HSA-5250924,3/59,0.0013622527246398,0.0029924030358395,0,0,14.99245472837022,98.92944466941825,H3C13;EP300;H3-3B
Reactome_2022,Degradation Of GLI1 By Proteasome R-HSA-5610780,3/59,0.0013622527246398,0.0029924030358395,0,0,14.99245472837022,98.92944466941825,UBC;RPS27A;UBA52
Reactome_2022,Degradation Of GLI2 By Proteasome R-HSA-5610783,3/59,0.0013622527246398,0.0029924030358395,0,0,14.99245472837022,98.92944466941825,UBC;RPS27A;UBA52
Reactome_2022,GLI3 Is Processed To GLI3R By Proteasome R-HSA-5610785,3/59,0.0013622527246398,0.0029924030358395,0,0,14.99245472837022,98.92944466941825,UBC;RPS27A;UBA52
Reactome_2022,Iron Uptake And Transport R-HSA-917937,3/59,0.0013622527246398,0.0029924030358395,0,0,14.99245472837022,98.92944466941825,UBC;RPS27A;UBA52
Reactome_2022,SCF(Skp2)-mediated Degradation Of P27/P21 R-HSA-187577,3/59,0.0013622527246398,0.0029924030358395,0,0,14.99245472837022,98.92944466941825,UBC;RPS27A;UBA52
Reactome_2022,Activation Of BAD And Translocation To Mitochondria R-HSA-111447,2/15,0.0013745173165769,0.0029924030358395,0,0,42.5491452991453,280.3840881601199,BCL2;AKT1
Reactome_2022,EPHA-mediated Growth Cone Collapse R-HSA-3928663,2/15,0.0013745173165769,0.0029924030358395,0,0,42.5491452991453,280.3840881601199,SRC;RHOA
Reactome_2022,ERBB2 Regulates Cell Motility R-HSA-6785631,2/15,0.0013745173165769,0.0029924030358395,0,0,42.5491452991453,280.3840881601199,EGFR;RHOA
Reactome_2022,GRB2:SOS Provides Linkage To MAPK Signaling For Integrins R-HSA-354194,2/15,0.0013745173165769,0.0029924030358395,0,0,42.5491452991453,280.3840881601199,SRC;FN1
Reactome_2022,Metabolism Of Nitric Oxide: NOS3 Activation And Regulation R-HSA-202131,2/15,0.0013745173165769,0.0029924030358395,0,0,42.5491452991453,280.3840881601199,HSP90AA1;AKT1
Reactome_2022,Signaling By ERBB2 ECD Mutants R-HSA-9665348,2/15,0.0013745173165769,0.0029924030358395,0,0,42.5491452991453,280.3840881601199,HSP90AA1;EGFR
Reactome_2022,p130Cas Linkage To MAPK Signaling For Integrins R-HSA-372708,2/15,0.0013745173165769,0.0029924030358395,0,0,42.5491452991453,280.3840881601199,SRC;FN1
Reactome_2022,Host Interactions Of HIV Factors R-HSA-162909,4/130,0.0013796775559779,0.0029961654387281,0,0,8.979591836734693,59.13874292590538,CD4;UBC;RPS27A;UBA52
Reactome_2022,Defective CFTR Causes Cystic Fibrosis R-HSA-5678895,3/60,0.0014301625226728,0.0030980940007281,0,0,14.728687916975538,96.47242259246596,UBC;RPS27A;UBA52
Reactome_2022,Signaling By NTRKs R-HSA-166520,4/132,0.0014594809059801,0.003153779284457,0,0,8.838392857142857,57.71182802128102,SRC;STAT3;EP300;RHOA
Reactome_2022,Dectin-1 Mediated Noncanonical NF-kB Signaling R-HSA-5607761,3/61,0.0015001639114984,0.0032336866536744,0,0,14.474016512870325,94.11267375262396,UBC;RPS27A;UBA52
Reactome_2022,Cell Surface Interactions At Vascular Wall R-HSA-202733,4/134,0.0015424514367866,0.0033154611200742,0,0,8.701538461538462,56.337086477419824,CD74;MMP1;SRC;FN1
Reactome_2022,Polo-like Kinase Mediated Events R-HSA-156711,2/16,0.0015671206512911,0.0033154611200742,0,0,39.507936507936506,255.1626133360455,PLK1;EP300
Reactome_2022,Sema3A PAK Dependent Axon Repulsion R-HSA-399954,2/16,0.0015671206512911,0.0033154611200742,0,0,39.507936507936506,255.1626133360455,HSP90AA1;HSP90AB1
Reactome_2022,NLRP3 Inflammasome R-HSA-844456,2/16,0.0015671206512911,0.0033154611200742,0,0,39.507936507936506,255.1626133360455,APP;HSP90AB1
Reactome_2022,Transcription Of E2F Targets Under Negative Control By P107 (RBL1) And P130 (RBL2) In Complex With HDAC1 R-HSA-1362300,2/16,0.0015671206512911,0.0033154611200742,0,0,39.507936507936506,255.1626133360455,HDAC1;CDK1
Reactome_2022,Asymmetric Localization Of PCP Proteins R-HSA-4608870,3/62,0.0015722805311692,0.0033154611200742,0,0,14.227978037717833,91.84484428909244,UBC;RPS27A;UBA52
Reactome_2022,MAP Kinase Activation R-HSA-450294,3/62,0.0015722805311692,0.0033154611200742,0,0,14.227978037717833,91.84484428909244,UBC;RPS27A;UBA52
Reactome_2022,RHO GTPases Activate PKNs R-HSA-5625740,3/62,0.0015722805311692,0.0033154611200742,0,0,14.227978037717833,91.84484428909244,H3C13;RHOA;H3-3B
Reactome_2022,Regulation Of Actin Dynamics For Phagocytic Cup Formation R-HSA-2029482,3/62,0.0015722805311692,0.0033154611200742,0,0,14.227978037717833,91.84484428909244,CDC42;HSP90AA1;HSP90AB1
Reactome_2022,Signaling By Hedgehog R-HSA-5358351,4/135,0.0015851449585384,0.0033345338525399,0,0,8.634678298800436,55.668456752849536,UBC;ADCY2;RPS27A;UBA52
Reactome_2022,Membrane Trafficking R-HSA-199991,8/599,0.0016387349962435,0.0034388173514952,0,0,3.965543762498077,25.43432624099757,APP;CD4;SRC;UBC;AKT1;RPS27A;UBA52;EGFR
Reactome_2022,Autodegradation Of Cdh1 By Cdh1:APC/C R-HSA-174084,3/63,0.0016465356849083,0.0034388173514952,0,0,13.990140845070425,89.66395683443241,UBC;RPS27A;UBA52
Reactome_2022,Peroxisomal Protein Import R-HSA-9033241,3/63,0.0016465356849083,0.0034388173514952,0,0,13.990140845070425,89.66395683443241,UBC;RPS27A;UBA52
Reactome_2022,Mitotic Anaphase R-HSA-68882,5/232,0.0016913528804854,0.0035239882211545,0,0,6.288386643682564,40.133908189548585,PLK1;UBC;CDK1;RPS27A;UBA52
Reactome_2022,Hedgehog Ligand Biogenesis R-HSA-5358346,3/64,0.0017229523421594,0.0035570656271118,0,0,13.760101593165553,87.56537841716808,UBC;RPS27A;UBA52
Reactome_2022,Oxygen-dependent Proline Hydroxylation Of Hypoxia-inducible Factor Alpha R-HSA-1234176,3/64,0.0017229523421594,0.0035570656271118,0,0,13.760101593165553,87.56537841716808,UBC;RPS27A;UBA52
Reactome_2022,Semaphorin Interactions R-HSA-373755,3/64,0.0017229523421594,0.0035570656271118,0,0,13.760101593165553,87.56537841716808,HSP90AA1;HSP90AB1;RHOA
Reactome_2022,Mitotic Metaphase And Anaphase R-HSA-2555396,5/233,0.0017235266440645,0.0035570656271118,0,0,6.26048817696415,39.8378822392923,PLK1;UBC;CDK1;RPS27A;UBA52
Reactome_2022,GAB1 Signalosome R-HSA-180292,2/17,0.0017718241486146,0.0036481190607089,0,0,36.87222222222222,233.61302231185692,SRC;EGFR
Reactome_2022,FOXO-mediated Transcription R-HSA-9614085,3/65,0.0018015531413776,0.0036919152404288,0,0,13.537482962289868,85.54479156914513,HDAC1;AKT1;EP300
Reactome_2022,Regulation Of RAS By GAPs R-HSA-5658442,3/65,0.0018015531413776,0.0036919152404288,0,0,13.537482962289868,85.54479156914513,UBC;RPS27A;UBA52
Reactome_2022,Activation Of NF-kappaB In B Cells R-HSA-1169091,3/66,0.0018823603915676,0.0038484792080529,0,0,13.321931589537224,83.5981682790728,UBC;RPS27A;UBA52
Reactome_2022,APC/C:Cdc20 Mediated Degradation Of Securin R-HSA-174154,3/67,0.0019653960760864,0.0040088569495875,0,0,13.113116197183098,81.72174644713759,UBC;RPS27A;UBA52
Reactome_2022,GPCR Downstream Signaling R-HSA-388396,8/619,0.0020125640067776,0.0040954973844216,0,0,3.831771065813619,23.78895959060005,CDC42;APP;SRC;AKT1;ADCY2;RHOA;EGFR;CXCL5
Reactome_2022,Interleukin-17 Signaling R-HSA-448424,3/69,0.0021382390639964,0.0043210247751594,0,0,12.714468629961589,78.16566257860474,UBC;RPS27A;UBA52
Reactome_2022,Loss Of Nlp From Mitotic Centrosomes R-HSA-380259,3/69,0.0021382390639964,0.0043210247751594,0,0,12.714468629961589,78.16566257860474,HSP90AA1;PLK1;CDK1
Reactome_2022,Orc1 Removal From Chromatin R-HSA-68949,3/69,0.0021382390639964,0.0043210247751594,0,0,12.714468629961589,78.16566257860474,UBC;RPS27A;UBA52
Reactome_2022,Metabolism Of Cofactors R-HSA-8978934,2/19,0.0022171732095937,0.0044496372689087,0,0,32.53104575163399,198.81420906422136,HSP90AA1;AKT1
Reactome_2022,Signaling By KIT In Disease R-HSA-9669938,2/19,0.0022171732095937,0.0044496372689087,0,0,32.53104575163399,198.81420906422136,SRC;STAT3
Reactome_2022,Transcription Of E2F Targets Under Negative Control By DREAM Complex R-HSA-1362277,2/19,0.0022171732095937,0.0044496372689087,0,0,32.53104575163399,198.81420906422136,HDAC1;MYC
Reactome_2022,HIV Life Cycle R-HSA-162587,4/149,0.0022722933191371,0.004549798320199,0,0,7.795467980295567,47.4507460924178,CD4;UBC;RPS27A;UBA52
Reactome_2022,AURKA Activation By TPX2 R-HSA-8854518,3/72,0.0024147478955665,0.0048019929677211,0,0,12.159828536436008,73.27707705596389,HSP90AA1;PLK1;CDK1
Reactome_2022,CDK-mediated Phosphorylation And Removal Of Cdc6 R-HSA-69017,3/72,0.0024147478955665,0.0048019929677211,0,0,12.159828536436008,73.27707705596389,UBC;RPS27A;UBA52
Reactome_2022,Regulation Of RUNX2 Expression And Activity R-HSA-8939902,3/72,0.0024147478955665,0.0048019929677211,0,0,12.159828536436008,73.27707705596389,UBC;RPS27A;UBA52
Reactome_2022,Phosphorylation Of APC/C R-HSA-176412,2/20,0.0024576407666974,0.0048651255993807,0,0,30.72222222222222,184.5961136225927,PLK1;CDK1
Reactome_2022,Regulation Of Gene Expression In Beta Cells R-HSA-210745,2/20,0.0024576407666974,0.0048651255993807,0,0,30.72222222222222,184.5961136225927,AKT1;FOXA2
Reactome_2022,"Cell Death Signaling Via NRAGE, NRIF And NADE R-HSA-204998",3/74,0.002610821238649,0.0051450269556222,0,0,11.816107915096213,70.28327872058756,UBC;RPS27A;UBA52
Reactome_2022,NoRC Negatively Regulates rRNA Expression R-HSA-427413,3/74,0.002610821238649,0.0051450269556222,0,0,11.816107915096213,70.28327872058756,H3C13;HDAC1;H3-3B
Reactome_2022,CTLA4 Inhibitory Signaling R-HSA-389513,2/21,0.0027098524673759,0.0053093226411963,0,0,29.103801169590643,172.0285257779773,SRC;AKT1
Reactome_2022,Signaling By ERBB2 TMD/JMD Mutants R-HSA-9665686,2/21,0.0027098524673759,0.0053093226411963,0,0,29.103801169590643,172.0285257779773,HSP90AA1;EGFR
Reactome_2022,ISG15 Antiviral Mechanism R-HSA-1169408,3/75,0.0027124374547234,0.0053093226411963,0,0,11.651408450704226,68.85874756962987,UBC;RPS27A;UBA52
Reactome_2022,Protein Ubiquitination R-HSA-8852135,3/76,0.0028164656784555,0.0055006141773864,0,0,11.49122130040517,67.47958266817787,UBC;RPS27A;UBA52
Reactome_2022,ABC Transporter Disorders R-HSA-5619084,3/77,0.0029229247656751,0.0056704740454097,0,0,11.335363532546632,66.14377925371814,UBC;RPS27A;UBA52
Reactome_2022,G2/M DNA Damage Checkpoint R-HSA-69473,3/77,0.0029229247656751,0.0056704740454097,0,0,11.335363532546632,66.14377925371814,CDK1;BRCA1;TP53
Reactome_2022,Negative Epigenetic Regulation Of rRNA Expression R-HSA-5250941,3/77,0.0029229247656751,0.0056704740454097,0,0,11.335363532546632,66.14377925371814,H3C13;HDAC1;H3-3B
Reactome_2022,FCERI Mediated NF-kB Activation R-HSA-2871837,3/78,0.0030318332718198,0.0058557310758822,0,0,11.183661971830986,64.84944589400301,UBC;RPS27A;UBA52
Reactome_2022,RNA Polymerase I Promoter Clearance R-HSA-73854,3/78,0.0030318332718198,0.0058557310758822,0,0,11.183661971830986,64.84944589400301,H3C13;HDAC1;H3-3B
Reactome_2022,Downstream Signaling Events Of B Cell Receptor (BCR) R-HSA-1168372,3/79,0.0031432094562319,0.0060441010028425,0,0,11.035952557449964,63.59479669728259,UBC;RPS27A;UBA52
Reactome_2022,RNA Polymerase I Transcription R-HSA-73864,3/79,0.0031432094562319,0.0060441010028425,0,0,11.035952557449964,63.59479669728259,H3C13;HDAC1;H3-3B
Reactome_2022,Protein Localization R-HSA-9609507,4/164,0.0032112880235052,0.0061614383396046,0,0,7.059285714285714,40.527946398688336,APP;UBC;RPS27A;UBA52
Reactome_2022,Long-term Potentiation R-HSA-9620244,2/23,0.0032491575363259,0.0061932631642194,0,0,26.32936507936508,150.85039888996042,SRC;NEFL
Reactome_2022,RAF-independent MAPK1/3 Activation R-HSA-112409,2/23,0.0032491575363259,0.0061932631642194,0,0,26.32936507936508,150.85039888996042,IL6;CDK1
Reactome_2022,RHOBTB2 GTPase Cycle R-HSA-9013418,2/23,0.0032491575363259,0.0061932631642194,0,0,26.32936507936508,150.85039888996042,HSP90AA1;HSP90AB1
Reactome_2022,Recruitment Of NuMA To Mitotic Centrosomes R-HSA-380320,3/80,0.0032570712823697,0.0061948218507817,0,0,10.89207975123468,62.37814416517428,HSP90AA1;PLK1;CDK1
Reactome_2022,Centrosome Maturation R-HSA-380287,3/81,0.0033734364216552,0.0064021956437065,0,0,10.751895991332612,61.19789260087335,HSP90AA1;PLK1;CDK1
Reactome_2022,Global Genome Nucleotide Excision Repair (GG-NER) R-HSA-5696399,3/82,0.0034923222543146,0.0066134432278019,0,0,10.61526118737743,60.05253204529107,UBC;RPS27A;UBA52
Reactome_2022,SUMO E3 Ligases SUMOylate Target Proteins R-HSA-3108232,4/168,0.0035004057220905,0.0066144030203138,0,0,6.885714285714286,38.93786318807054,HDAC1;EP300;BRCA1;TP53
Reactome_2022,Defective Intrinsic Pathway For Apoptosis R-HSA-9734009,2/24,0.0035360767017658,0.0066386988400894,0,0,25.13131313131313,141.85966421820362,APP;TP53
Reactome_2022,Interleukin-6 Family Signaling R-HSA-6783589,2/24,0.0035360767017658,0.0066386988400894,0,0,25.13131313131313,141.85966421820362,IL6;STAT3
Reactome_2022,Signaling By ERBB2 KD Mutants R-HSA-9664565,2/24,0.0035360767017658,0.0066386988400894,0,0,25.13131313131313,141.85966421820362,HSP90AA1;EGFR
Reactome_2022,Antiviral Mechanism By IFN-stimulated Genes R-HSA-1169410,3/83,0.0036137458741812,0.0067699573994855,0,0,10.482042253521128,58.94063267118688,UBC;RPS27A;UBA52
Reactome_2022,Separation Of Sister Chromatids R-HSA-2467813,4/170,0.0036514006076206,0.0068258516712052,0,0,6.802065404475043,38.177574687743615,PLK1;UBC;RPS27A;UBA52
Reactome_2022,Cell Recruitment (Pro-Inflammatory Response) R-HSA-9664424,2/25,0.0038343916039654,0.0070919997251309,0,0,24.03743961352657,133.7381724385966,HSP90AB1;IL1B
Reactome_2022,Cyclin A/B1/B2 Associated Events During G2/M Transition R-HSA-69273,2/25,0.0038343916039654,0.0070919997251309,0,0,24.03743961352657,133.7381724385966,PLK1;CDK1
Reactome_2022,G Beta:Gamma Signaling Thru PI3Kgamma R-HSA-392451,2/25,0.0038343916039654,0.0070919997251309,0,0,24.03743961352657,133.7381724385966,AKT1;RHOA
Reactome_2022,Interleukin-7 Signaling R-HSA-1266695,2/25,0.0038343916039654,0.0070919997251309,0,0,24.03743961352657,133.7381724385966,H3C13;STAT3
Reactome_2022,Signaling By ERBB2 In Cancer R-HSA-1227990,2/25,0.0038343916039654,0.0070919997251309,0,0,24.03743961352657,133.7381724385966,HSP90AA1;EGFR
Reactome_2022,Hedgehog On State R-HSA-5632684,3/85,0.0038642734193652,0.0071321579177713,0,0,10.225352112676056,56.81186823684754,UBC;RPS27A;UBA52
Reactome_2022,SUMOylation R-HSA-2990846,4/174,0.0039665629740472,0.0073055052243527,0,0,6.640672268907563,36.72195680069056,HDAC1;EP300;BRCA1;TP53
Reactome_2022,Pyroptosis R-HSA-5620971,2/26,0.0041440163140735,0.0076002652146769,0,0,23.03472222222222,126.370555486954,IL1B;TP53
Reactome_2022,TNFR1-induced NFkappaB Signaling Pathway R-HSA-5357956,2/26,0.0041440163140735,0.0076002652146769,0,0,23.03472222222222,126.370555486954,RACK1;TNF
Reactome_2022,Meiosis R-HSA-1500620,3/88,0.0042595091514628,0.0077957054281489,0,0,9.862966031483015,53.83799967473936,H3C13;BRCA1;H3-3B
Reactome_2022,ER-Phagosome Pathway R-HSA-1236974,3/89,0.0043965025995346,0.0080295957518697,0,0,9.747789059941042,52.90072404712182,UBC;RPS27A;UBA52
Reactome_2022,Switching Of Origins To A Post-Replicative State R-HSA-69052,3/90,0.0045361456089982,0.0082673384481324,0,0,9.635259834871295,51.98875577992752,UBC;RPS27A;UBA52
Reactome_2022,Activation Of HOX Genes During Differentiation R-HSA-5619507,3/91,0.0046784530503368,0.0085089364853002,0,0,9.5252880921895,51.10114904836328,H3C13;EP300;H3-3B
Reactome_2022,Downstream Signal Transduction R-HSA-186763,2/28,0.0047968537594536,0.0087061399833743,0,0,21.26068376068376,113.52769375100928,SRC;STAT3
Reactome_2022,G1/S-Specific Transcription R-HSA-69205,2/29,0.0051398969523133,0.009251814514164,0,0,20.47222222222222,107.90339713070315,HDAC1;CDK1
Reactome_2022,HSF1 Activation R-HSA-3371511,2/29,0.0051398969523133,0.009251814514164,0,0,20.47222222222222,107.90339713070315,HSP90AA1;HSP90AB1
Reactome_2022,Myogenesis R-HSA-525793,2/29,0.0051398969523133,0.009251814514164,0,0,20.47222222222222,107.90339713070315,CDC42;CTNNB1
Reactome_2022,Uptake And Actions Of Bacterial Toxins R-HSA-5339562,2/29,0.0051398969523133,0.009251814514164,0,0,20.47222222222222,107.90339713070315,HSP90AA1;HSP90AB1
Reactome_2022,UCH Proteinases R-HSA-5689603,3/95,0.0052746151791973,0.0094747717107804,0,0,9.109308022045315,47.776950117511504,UBC;RPS27A;UBA52
Reactome_2022,Anchoring Of Basal Body To Plasma Membrane R-HSA-5620912,3/97,0.0055890499358395,0.0099984438401392,0,0,8.914593946658675,46.23951709294446,HSP90AA1;PLK1;CDK1
Reactome_2022,Potential Therapeutics For SARS R-HSA-9679191,3/97,0.0055890499358395,0.0099984438401392,0,0,8.914593946658675,46.23951709294446,HSP90AA1;HSP90AB1;HDAC1
Reactome_2022,Adaptive Immune System R-HSA-1280218,8/733,0.0056067179448051,0.0100095393983945,0,0,3.210198537095089,16.640994327353617,CDC42;CD74;CD4;SRC;UBC;AKT1;RPS27A;UBA52
Reactome_2022,Cellular Response To Heat Stress R-HSA-3371556,3/99,0.0059145289618441,0.0105375179258977,0,0,8.727992957746478,44.77760123392785,HSP90AA1;HSP90AB1;EP300
Reactome_2022,Stimuli-sensing Channels R-HSA-2672351,3/100,0.006081441880416,0.010812828435037,0,0,8.637578045593147,44.07335823715741,UBC;RPS27A;UBA52
Reactome_2022,GPVI-mediated Activation Cascade R-HSA-114604,2/32,0.0062345167713737,0.0110400266560026,0,0,18.42222222222222,93.54167414021734,CDC42;RHOA
Reactome_2022,RNA Polymerase I Promoter Opening R-HSA-73728,2/32,0.0062345167713737,0.0110400266560026,0,0,18.42222222222222,93.54167414021734,H3C13;H3-3B
Reactome_2022,ABC-family Proteins Mediated Transport R-HSA-382556,3/102,0.0064236759494359,0.0113519617486995,0,0,8.46222791293214,42.71533574291149,UBC;RPS27A;UBA52
Reactome_2022,Activation Of Matrix Metalloproteinases R-HSA-1592389,2/33,0.0066209428786888,0.0116533934134986,0,0,17.82706093189964,89.4475900277032,MMP13;MMP1
Reactome_2022,Signaling By High-Kinase Activity BRAF Mutants R-HSA-6802948,2/33,0.0066209428786888,0.0116533934134986,0,0,17.82706093189964,89.4475900277032,SRC;FN1
Reactome_2022,Antigen processing-Cross Presentation R-HSA-1236975,3/104,0.0067772000148122,0.0119044177322556,0,0,8.293822339980476,41.42093487225617,UBC;RPS27A;UBA52
Reactome_2022,PI3K/AKT Signaling In Cancer R-HSA-2219528,3/105,0.0069582245172713,0.012197851412807,0,0,8.212096106048053,40.79630507905272,SRC;AKT1;EGFR
Reactome_2022,DNA Methylation R-HSA-5334118,2/34,0.0070180079073391,0.0122779978018178,0,0,17.26909722222222,85.64221723890843,H3C13;H3-3B
Reactome_2022,"PI5P, PP2A And IER3 Regulate PI3K/AKT Signaling R-HSA-6811558",3/106,0.0071421055029054,0.0124701162080728,0,0,8.131956789279366,40.18607841626066,SRC;AKT1;EGFR
Reactome_2022,RHOBTB GTPase Cycle R-HSA-9706574,2/35,0.0074256300335919,0.0129392714956602,0,0,16.744949494949495,82.09743552102753,HSP90AA1;HSP90AB1
Reactome_2022,Gene Silencing By RNA R-HSA-211000,3/108,0.0075184800135259,0.0130749662386616,0,0,7.97625754527163,39.00702040474886,HSP90AA1;H3C13;H3-3B
Reactome_2022,Signaling By B Cell Receptor (BCR) R-HSA-983705,3/109,0.0077109944953831,0.0133830978021261,0,0,7.900611214456551,38.43732770918759,UBC;RPS27A;UBA52
Reactome_2022,Activated PKN1 Stimulates Transcription Of Androgen Receptor Regulated KLK2 And KLK3 R-HSA-5625886,2/36,0.0078437278787706,0.0135864572185849,0,0,16.251633986928105,78.78858890769375,H3C13;H3-3B
Reactome_2022,MAP2K And MAPK Activation R-HSA-5674135,2/37,0.0082722205081363,0.0142720326158163,0,0,15.786507936507936,75.69397395776555,SRC;FN1
Reactome_2022,SIRT1 Negatively Regulates rRNA Expression R-HSA-427359,2/37,0.0082722205081363,0.0142720326158163,0,0,15.786507936507936,75.69397395776555,H3C13;H3-3B
Reactome_2022,Negative Regulation Of PI3K/AKT Network R-HSA-199418,3/113,0.0085101343355725,0.0146246993601473,0,0,7.611779769526248,36.28152962949603,SRC;AKT1;EGFR
Reactome_2022,Reproduction R-HSA-1474165,3/113,0.0085101343355725,0.0146246993601473,0,0,7.611779769526248,36.28152962949603,H3C13;BRCA1;H3-3B
Reactome_2022,Assembly Of ORC Complex At Origin Of Replication R-HSA-68616,2/38,0.0087110274267529,0.0148240291297375,0,0,15.34722222222222,72.79441551211283,H3C13;H3-3B
Reactome_2022,Association Of TriC/CCT With Target Proteins During Biosynthesis R-HSA-390471,2/38,0.0087110274267529,0.0148240291297375,0,0,15.34722222222222,72.79441551211283,STAT3;TP53
Reactome_2022,FCGR3A-mediated IL10 Synthesis R-HSA-9664323,2/38,0.0087110274267529,0.0148240291297375,0,0,15.34722222222222,72.79441551211283,SRC;ADCY2
Reactome_2022,HSP90 Chaperone Cycle For Steroid Hormone Receptors (SHR) In Presence Of Ligand R-HSA-3371497,2/38,0.0087110274267529,0.0148240291297375,0,0,15.34722222222222,72.79441551211283,HSP90AA1;HSP90AB1
Reactome_2022,Signaling By RAF1 Mutants R-HSA-9656223,2/38,0.0087110274267529,0.0148240291297375,0,0,15.34722222222222,72.79441551211283,SRC;FN1
Reactome_2022,RHOU GTPase Cycle R-HSA-9013420,2/39,0.00916006857935,0.0155578596688183,0,0,14.93168168168168,70.07291305616538,CDC42;SRC
Reactome_2022,Collagen Degradation R-HSA-1442490,2/40,0.0096192643478777,0.0163060539333927,0,0,14.538011695906432,67.51434442117609,MMP13;MMP1
Reactome_2022,Synthesis Of DNA R-HSA-69239,3/119,0.0097971110197129,0.0165753448066074,0,0,7.215881495871782,33.37827018381247,UBC;RPS27A;UBA52
Reactome_2022,Binding And Uptake Of Ligands By Scavenger Receptors R-HSA-2173782,2/41,0.0100885355513959,0.0169697332107295,0,0,14.164529914529917,65.1052163056749,HSP90AA1;ALB
Reactome_2022,MTOR Signaling R-HSA-165159,2/41,0.0100885355513959,0.0169697332107295,0,0,14.164529914529917,65.1052163056749,RPS6;AKT1
Reactome_2022,Paradoxical Activation Of RAF Signaling By Kinase Inactive BRAF R-HSA-6802955,2/41,0.0100885355513959,0.0169697332107295,0,0,14.164529914529917,65.1052163056749,SRC;FN1
Reactome_2022,HIV Infection R-HSA-162906,4/229,0.0103117645829645,0.017311866309477,0,0,5.003428571428572,22.88803311176125,CD4;UBC;RPS27A;UBA52
Reactome_2022,Defective Pyroptosis R-HSA-9710421,2/42,0.0105678034381815,0.0176399472304636,0,0,13.809722222222222,62.833453260785255,H3C13;H3-3B
Reactome_2022,PRC2 Methylates Histones And DNA R-HSA-212300,2/42,0.0105678034381815,0.0176399472304636,0,0,13.809722222222222,62.833453260785255,H3C13;H3-3B
Reactome_2022,Signaling By SCF-KIT R-HSA-1433557,2/42,0.0105678034381815,0.0176399472304636,0,0,13.809722222222222,62.833453260785255,SRC;STAT3
Reactome_2022,Defensins R-HSA-1461973,2/43,0.0110569896915747,0.0183861942871328,0,0,13.47222222222222,60.68821839901732,CD4;PRSS3
Reactome_2022,GPER1 Signaling R-HSA-9634597,2/43,0.0110569896915747,0.0183861942871328,0,0,13.47222222222222,60.68821839901732,SRC;ADCY2
Reactome_2022,Platelet Degranulation R-HSA-114608,3/125,0.0111916121084404,0.0185746718073545,0,0,6.858924036019396,30.814338337257315,APP;ALB;FN1
Reactome_2022,Chromatin Modifying Enzymes R-HSA-3247509,4/238,0.011748677749178,0.0194622308824144,0,0,4.808791208791209,21.370338228218305,H3C13;HDAC1;EP300;RPS2
Reactome_2022,Fc Epsilon Receptor (FCERI) Signaling R-HSA-2454202,3/130,0.0124369627102405,0.0205245150208695,0,0,6.587224132194743,28.898694901113068,UBC;RPS27A;UBA52
Reactome_2022,Response To Elevated Platelet Cytosolic Ca2+ R-HSA-76005,3/130,0.0124369627102405,0.0205245150208695,0,0,6.587224132194743,28.898694901113068,APP;ALB;FN1
Reactome_2022,Late Phase Of HIV Life Cycle R-HSA-162599,3/136,0.0140324424965098,0.0231138156593454,0,0,6.288149952345653,26.82765800140009,UBC;RPS27A;UBA52
Reactome_2022,EPH-ephrin Mediated Repulsion Of Cells R-HSA-3928665,2/49,0.0141960608091487,0.0232517093553224,0,0,11.748817966903074,49.98876213432602,EFNA2;SRC
Reactome_2022,Netrin-1 Signaling R-HSA-373752,2/49,0.0141960608091487,0.0232517093553224,0,0,11.748817966903074,49.98876213432602,CDC42;SRC
Reactome_2022,RMTs Methylate Histone Arginines R-HSA-3214858,2/49,0.0141960608091487,0.0232517093553224,0,0,11.748817966903074,49.98876213432602,H3C13;RPS2
Reactome_2022,Signaling By PDGF R-HSA-186797,2/52,0.0158932805077335,0.025982834987362,0,0,11.042222222222222,45.73532604079312,SRC;STAT3
Reactome_2022,Nuclear Envelope Breakdown R-HSA-2980766,2/53,0.0164774362415554,0.026887480072669,0,0,10.82516339869281,44.44555897199447,PLK1;CDK1
Reactome_2022,Interleukin-12 Family Signaling R-HSA-447115,2/54,0.0170706767020696,0.0278035461957216,0,0,10.616452991452991,43.21313700492695,CDC42;STAT3
Reactome_2022,Activation Of NOXA And Translocation To Mitochondria R-HSA-111448,1/5,0.018365284102935,0.0296905426330782,0,0,68.22602739726027,272.71943060410257,TP53
Reactome_2022,G2/M DNA Replication Checkpoint R-HSA-69478,1/5,0.018365284102935,0.0296905426330782,0,0,68.22602739726027,272.71943060410257,CDK1
Reactome_2022,TFAP2 (AP-2) Family Regulates Transcription Of Cell Cycle Factors R-HSA-8866911,1/5,0.018365284102935,0.0296905426330782,0,0,68.22602739726027,272.71943060410257,MYC
Reactome_2022,vRNP Assembly R-HSA-192905,1/5,0.018365284102935,0.0296905426330782,0,0,68.22602739726027,272.71943060410257,HSP90AA1
Reactome_2022,Cytoprotection By HMOX1 R-HSA-9707564,2/57,0.0189041754110768,0.0305052590274862,0,0,10.035858585858586,39.82602482552961,STAT3;ALB
Reactome_2022,RNA Polymerase I Promoter Escape R-HSA-73772,2/59,0.0201705983731153,0.0324888051286525,0,0,9.682748538011696,37.79689224469921,H3C13;H3-3B
Reactome_2022,FCGR3A-mediated Phagocytosis R-HSA-9664422,2/60,0.0208168219130684,0.0334064072244645,0,0,9.515325670498084,36.84328269874603,CDC42;SRC
Reactome_2022,HDACs Deacetylate Histones R-HSA-3214815,2/60,0.0208168219130684,0.0334064072244645,0,0,9.515325670498084,36.84328269874603,H3C13;HDAC1
Reactome_2022,Ca2+ Pathway R-HSA-4086398,2/61,0.0214716254913036,0.0342682432429763,0,0,9.353578154425612,35.92730844994776,MYC;CTNNB1
Reactome_2022,Post NMDA Receptor Activation Events R-HSA-438064,2/61,0.0214716254913036,0.0342682432429763,0,0,9.353578154425612,35.92730844994776,SRC;NEFL
Reactome_2022,Regulation Of PTEN Gene Transcription R-HSA-8943724,2/61,0.0214716254913036,0.0342682432429763,0,0,9.353578154425612,35.92730844994776,HDAC1;TP53
Reactome_2022,Activated NTRK2 Signals Thru FYN R-HSA-9032500,1/6,0.0219982256466627,0.0346026143955613,0,0,54.57808219178082,208.31326833148967,SRC
Reactome_2022,Activated NTRK3 Signals Thru PI3K R-HSA-9603381,1/6,0.0219982256466627,0.0346026143955613,0,0,54.57808219178082,208.31326833148967,SRC
Reactome_2022,Binding And Entry Of HIV Virion R-HSA-173107,1/6,0.0219982256466627,0.0346026143955613,0,0,54.57808219178082,208.31326833148967,CD4
Reactome_2022,CLEC7A/inflammasome Pathway R-HSA-5660668,1/6,0.0219982256466627,0.0346026143955613,0,0,54.57808219178082,208.31326833148967,IL1B
Reactome_2022,Fibronectin Matrix Formation R-HSA-1566977,1/6,0.0219982256466627,0.0346026143955613,0,0,54.57808219178082,208.31326833148967,FN1
Reactome_2022,PTK6 Promotes HIF1A Stabilization R-HSA-8857538,1/6,0.0219982256466627,0.0346026143955613,0,0,54.57808219178082,208.31326833148967,EGFR
Reactome_2022,Scavenging By Class F Receptors R-HSA-3000484,1/6,0.0219982256466627,0.0346026143955613,0,0,54.57808219178082,208.31326833148967,HSP90AA1
Reactome_2022,p75NTR Negatively Regulates Cell Cycle Via SC1 R-HSA-193670,1/6,0.0219982256466627,0.0346026143955613,0,0,54.57808219178082,208.31326833148967,HDAC1
Reactome_2022,Signaling By BRAF And RAF1 Fusions R-HSA-6802952,2/62,0.0221349386007329,0.0346926416489045,0,0,9.197222222222225,35.046916482830376,SRC;FN1
Reactome_2022,TP53 Regulates Transcription Of DNA Repair Genes R-HSA-6796648,2/62,0.0221349386007329,0.0346926416489045,0,0,9.197222222222225,35.046916482830376,BRCA1;TP53
Reactome_2022,Anti-inflammatory Response Favoring Leishmania Infection R-HSA-9662851,3/165,0.023325027816439,0.0364923822289449,0,0,5.154929577464789,19.373402427136565,IL6;SRC;ADCY2
Reactome_2022,RHO GTPase Cycle R-HSA-9012999,5/441,0.0237127836910016,0.0370326657643013,0,0,3.239263395825023,12.120484593231138,CDC42;HSP90AA1;HSP90AB1;SRC;RHOA
Reactome_2022,Aryl Hydrocarbon Receptor Signaling R-HSA-8937144,1/7,0.0256179044155202,0.0395830629287596,0,0,45.47945205479452,166.65780482203337,HSP90AB1
Reactome_2022,Inactivation Of CDC42 And RAC1 R-HSA-428543,1/7,0.0256179044155202,0.0395830629287596,0,0,45.47945205479452,166.65780482203337,CDC42
Reactome_2022,Insulin-like Growth Factor-2 mRNA Binding Proteins (IGF2BPs/IMPs/VICKZs) Bind RNA R-HSA-428359,1/7,0.0256179044155202,0.0395830629287596,0,0,45.47945205479452,166.65780482203337,MYC
Reactome_2022,Interleukin-36 Pathway R-HSA-9014826,1/7,0.0256179044155202,0.0395830629287596,0,0,45.47945205479452,166.65780482203337,IL36B
Reactome_2022,MECP2 Regulates Transcription Of Neuronal Ligands R-HSA-9022702,1/7,0.0256179044155202,0.0395830629287596,0,0,45.47945205479452,166.65780482203337,HDAC1
Reactome_2022,RUNX3 Regulates CDKN1A Transcription R-HSA-8941855,1/7,0.0256179044155202,0.0395830629287596,0,0,45.47945205479452,166.65780482203337,TP53
Reactome_2022,Ion Channel Transport R-HSA-983712,3/175,0.0271424469899812,0.0418645869651124,0,0,4.852767769407141,17.502266257830946,UBC;RPS27A;UBA52
Reactome_2022,Disorders Of Transmembrane Transporters R-HSA-5619115,3/176,0.0275414927518414,0.0424051555068035,0,0,4.82447284865261,17.329803583208477,UBC;RPS27A;UBA52
Reactome_2022,G Alpha (I) Signaling Events R-HSA-418594,4/312,0.028506963607774,0.0438144000520892,0,0,3.639703153988868,12.948632997941884,APP;SRC;ADCY2;CXCL5
Reactome_2022,Axonal Growth Inhibition (RHOA Activation) R-HSA-193634,1/8,0.0292243678788926,0.0443702141883013,0,0,38.98043052837573,137.70820955371116,RHOA
Reactome_2022,EGFR Transactivation By Gastrin R-HSA-2179392,1/8,0.0292243678788926,0.0443702141883013,0,0,38.98043052837573,137.70820955371116,EGFR
Reactome_2022,Formyl Peptide Receptors Bind Formyl Peptides And Many Other Ligands R-HSA-444473,1/8,0.0292243678788926,0.0443702141883013,0,0,38.98043052837573,137.70820955371116,APP
Reactome_2022,Inhibition Of Signaling By Overexpressed EGFR R-HSA-5638303,1/8,0.0292243678788926,0.0443702141883013,0,0,38.98043052837573,137.70820955371116,EGFR
Reactome_2022,Nef Mediated CD4 Down-regulation R-HSA-167590,1/8,0.0292243678788926,0.0443702141883013,0,0,38.98043052837573,137.70820955371116,CD4
Reactome_2022,Netrin Mediated Repulsion Signals R-HSA-418886,1/8,0.0292243678788926,0.0443702141883013,0,0,38.98043052837573,137.70820955371116,SRC
Reactome_2022,Sema4D Mediated Inhibition Of Cell Attachment And Migration R-HSA-416550,1/8,0.0292243678788926,0.0443702141883013,0,0,38.98043052837573,137.70820955371116,RHOA
Reactome_2022,Neutrophil Degranulation R-HSA-6798695,5/468,0.0296249802654979,0.0449003607148953,0,0,3.0461389175822458,10.719781224964278,HSP90AA1;HSP90AB1;CALML5;PRSS3;RHOA
Reactome_2022,Neurotransmitter Receptors And Postsynaptic Signal Transmission R-HSA-112314,3/182,0.0300016683325042,0.0453924721911199,0,0,4.661342355810842,16.34500763478933,SRC;NEFL;ADCY2
Reactome_2022,Activation Of NMDA Receptors And Postsynaptic Events R-HSA-442755,2/74,0.0307333036520228,0.0464189863117923,0,0,7.659722222222222,26.67428103022088,SRC;NEFL
Reactome_2022,Cilium Assembly R-HSA-5617833,3/186,0.0317043968036441,0.0476384482092621,0,0,4.558531516970676,15.732859401883504,HSP90AA1;PLK1;CDK1
Reactome_2022,Metabolism Of Vitamins And Cofactors R-HSA-196854,3/186,0.0317043968036441,0.0476384482092621,0,0,4.558531516970676,15.732859401883504,HSP90AA1;AKT1;PRSS3
Reactome_2022,Mitotic Prometaphase R-HSA-68877,3/186,0.0317043968036441,0.0476384482092621,0,0,4.558531516970676,15.732859401883504,HSP90AA1;PLK1;CDK1
Reactome_2022,Transcriptional Regulation By Small RNAs R-HSA-5578749,2/76,0.0322762594317919,0.048070168057994,0,0,7.451951951951952,25.58570561963577,H3C13;H3-3B
Reactome_2022,Activation Of PUMA And Translocation To Mitochondria R-HSA-139915,1/9,0.0328176634164541,0.048070168057994,0,0,34.10616438356164,116.5335464845532,TP53
Reactome_2022,Adenylate Cyclase Activating Pathway R-HSA-170660,1/9,0.0328176634164541,0.048070168057994,0,0,34.10616438356164,116.5335464845532,ADCY2
Reactome_2022,CD163 Mediating An Anti-Inflammatory Response R-HSA-9662834,1/9,0.0328176634164541,0.048070168057994,0,0,34.10616438356164,116.5335464845532,IL6
Reactome_2022,E2F-enabled Inhibition Of Pre-Replication Complex Formation R-HSA-113507,1/9,0.0328176634164541,0.048070168057994,0,0,34.10616438356164,116.5335464845532,CDK1
Reactome_2022,EGFR Interacts With Phospholipase C-gamma R-HSA-212718,1/9,0.0328176634164541,0.048070168057994,0,0,34.10616438356164,116.5335464845532,EGFR
Reactome_2022,GP1b-IX-V Activation Signaling R-HSA-430116,1/9,0.0328176634164541,0.048070168057994,0,0,34.10616438356164,116.5335464845532,SRC
Reactome_2022,Interleukin-1 Processing R-HSA-448706,1/9,0.0328176634164541,0.048070168057994,0,0,34.10616438356164,116.5335464845532,IL1B
Reactome_2022,Interleukin-23 Signaling R-HSA-9020933,1/9,0.0328176634164541,0.048070168057994,0,0,34.10616438356164,116.5335464845532,STAT3
Reactome_2022,Interleukin-9 Signaling R-HSA-8985947,1/9,0.0328176634164541,0.048070168057994,0,0,34.10616438356164,116.5335464845532,STAT3
Reactome_2022,MAPK1 (ERK2) Activation R-HSA-112411,1/9,0.0328176634164541,0.048070168057994,0,0,34.10616438356164,116.5335464845532,IL6
Reactome_2022,PI3K/AKT Activation R-HSA-198203,1/9,0.0328176634164541,0.048070168057994,0,0,34.10616438356164,116.5335464845532,RHOA
Reactome_2022,RHO GTPases Activate Rhotekin And Rhophilins R-HSA-5666185,1/9,0.0328176634164541,0.048070168057994,0,0,34.10616438356164,116.5335464845532,RHOA
Reactome_2022,Regulation Of Commissural Axon Pathfinding By SLIT And ROBO R-HSA-428542,1/9,0.0328176634164541,0.048070168057994,0,0,34.10616438356164,116.5335464845532,SRC
Reactome_2022,p75NTR Regulates Axonogenesis R-HSA-193697,1/9,0.0328176634164541,0.048070168057994,0,0,34.10616438356164,116.5335464845532,RHOA
Reactome_2022,Constitutive Signaling By Aberrant PI3K In Cancer R-HSA-2219530,2/78,0.0338492071614663,0.0494153141337126,0,0,7.255116959064328,24.564663042736274,SRC;EGFR
Reactome_2022,Oncogenic MAPK Signaling R-HSA-6802957,2/78,0.0338492071614663,0.0494153141337126,0,0,7.255116959064328,24.564663042736274,SRC;FN1
Reactome_2022,TP53 Regulates Metabolic Genes R-HSA-5628897,2/81,0.0362637403898826,0.052176211558984,0,0,6.978551336146273,23.14741460472713,AKT1;TP53
Reactome_2022,AKT Phosphorylates Targets In Nucleus R-HSA-198693,1/10,0.0363978383040335,0.052176211558984,0,0,30.315068493150687,100.4412761916998,AKT1
Reactome_2022,Condensation Of Prometaphase Chromosomes R-HSA-2514853,1/10,0.0363978383040335,0.052176211558984,0,0,30.315068493150687,100.4412761916998,CDK1
Reactome_2022,Constitutive Signaling By Overexpressed ERBB2 R-HSA-9634285,1/10,0.0363978383040335,0.052176211558984,0,0,30.315068493150687,100.4412761916998,HSP90AA1
Reactome_2022,HDL Remodeling R-HSA-8964058,1/10,0.0363978383040335,0.052176211558984,0,0,30.315068493150687,100.4412761916998,ALB
Reactome_2022,Interleukin-21 Signaling R-HSA-9020958,1/10,0.0363978383040335,0.052176211558984,0,0,30.315068493150687,100.4412761916998,STAT3
Reactome_2022,MASTL Facilitates Mitotic Progression R-HSA-2465910,1/10,0.0363978383040335,0.052176211558984,0,0,30.315068493150687,100.4412761916998,CDK1
Reactome_2022,RUNX3 Regulates p14-ARF R-HSA-8951936,1/10,0.0363978383040335,0.052176211558984,0,0,30.315068493150687,100.4412761916998,EP300
Reactome_2022,Receptor Mediated Mitophagy R-HSA-8934903,1/10,0.0363978383040335,0.052176211558984,0,0,30.315068493150687,100.4412761916998,SRC
Reactome_2022,Regulation Of FOXO Transcriptional Activity By Acetylation R-HSA-9617629,1/10,0.0363978383040335,0.052176211558984,0,0,30.315068493150687,100.4412761916998,EP300
Reactome_2022,Uptake Of Dietary Cobalamins Into Enterocytes R-HSA-9758881,1/10,0.0363978383040335,0.052176211558984,0,0,30.315068493150687,100.4412761916998,PRSS3
Reactome_2022,Interferon Signaling R-HSA-913531,3/200,0.0380555884306284,0.0544631618031781,0,0,4.231572174161721,13.83177100318916,UBC;RPS27A;UBA52
Reactome_2022,Transcriptional Regulation Of White Adipocyte Differentiation R-HSA-381340,2/84,0.0387428886768543,0.0553560422502353,0,0,6.722222222222222,21.852654167941846,EP300;TNF
Reactome_2022,Apoptotic Cleavage Of Cell Adhesion Proteins R-HSA-351906,1/11,0.0399649396748714,0.0566386239223421,0,0,27.28219178082192,87.84191112168185,CTNNB1
Reactome_2022,Interleukin-27 Signaling R-HSA-9020956,1/11,0.0399649396748714,0.0566386239223421,0,0,27.28219178082192,87.84191112168185,STAT3
Reactome_2022,Regulation Of Gene Expression By Hypoxia-inducible Factor R-HSA-1234158,1/11,0.0399649396748714,0.0566386239223421,0,0,27.28219178082192,87.84191112168185,EP300
Reactome_2022,Signaling By Leptin R-HSA-2586552,1/11,0.0399649396748714,0.0566386239223421,0,0,27.28219178082192,87.84191112168185,STAT3
Reactome_2022,Signaling By PDGFRA Extracellular Domain Mutants R-HSA-9673770,1/11,0.0399649396748714,0.0566386239223421,0,0,27.28219178082192,87.84191112168185,STAT3
Reactome_2022,Antimicrobial Peptides R-HSA-6803157,2/89,0.0430138350752527,0.0602093497373424,0,0,6.334291187739463,19.92915893790115,CD4;PRSS3
Reactome_2022,ALK Mutants Bind TKIs R-HSA-9700645,1/12,0.0435190145295109,0.0602093497373424,0,0,24.80074719800747,77.73936369017362,FN1
Reactome_2022,Activation Of TFAP2 (AP-2) Family Of Transcription Factors R-HSA-8866907,1/12,0.0435190145295109,0.0602093497373424,0,0,24.80074719800747,77.73936369017362,EP300
Reactome_2022,CD28 Dependent Vav1 Pathway R-HSA-389359,1/12,0.0435190145295109,0.0602093497373424,0,0,24.80074719800747,77.73936369017362,CDC42
Reactome_2022,Disorders Of Developmental Biology R-HSA-9675151,1/12,0.0435190145295109,0.0602093497373424,0,0,24.80074719800747,77.73936369017362,HDAC1
Reactome_2022,GRB2 Events In EGFR Signaling R-HSA-179812,1/12,0.0435190145295109,0.0602093497373424,0,0,24.80074719800747,77.73936369017362,EGFR
Reactome_2022,Interleukin-35 Signaling R-HSA-8984722,1/12,0.0435190145295109,0.0602093497373424,0,0,24.80074719800747,77.73936369017362,STAT3
Reactome_2022,NOTCH2 Intracellular Domain Regulates Transcription R-HSA-2197563,1/12,0.0435190145295109,0.0602093497373424,0,0,24.80074719800747,77.73936369017362,EP300
Reactome_2022,PECAM1 Interactions R-HSA-210990,1/12,0.0435190145295109,0.0602093497373424,0,0,24.80074719800747,77.73936369017362,SRC
Reactome_2022,"POU5F1 (OCT4), SOX2, NANOG Activate Genes Related To Proliferation R-HSA-2892247",1/12,0.0435190145295109,0.0602093497373424,0,0,24.80074719800747,77.73936369017362,STAT3
Reactome_2022,Regulation Of Localization Of FOXO Transcription Factors R-HSA-9614399,1/12,0.0435190145295109,0.0602093497373424,0,0,24.80074719800747,77.73936369017362,AKT1
Reactome_2022,Scavenging Of Heme From Plasma R-HSA-2168880,1/12,0.0435190145295109,0.0602093497373424,0,0,24.80074719800747,77.73936369017362,ALB
Reactome_2022,TP53 Regulates Transcription Of Caspase Activators And Caspases R-HSA-6803207,1/12,0.0435190145295109,0.0602093497373424,0,0,24.80074719800747,77.73936369017362,TP53
Reactome_2022,TP53 Regulates Transcription Of Death Receptors And Ligands R-HSA-6803211,1/12,0.0435190145295109,0.0602093497373424,0,0,24.80074719800747,77.73936369017362,TP53
Reactome_2022,p38MAPK Events R-HSA-171007,1/12,0.0435190145295109,0.0602093497373424,0,0,24.80074719800747,77.73936369017362,SRC
Reactome_2022,Chaperonin-mediated Protein Folding R-HSA-390466,2/90,0.0438883294917061,0.0606242272883852,0,0,6.26199494949495,19.575665226485317,STAT3;TP53
Reactome_2022,Adenylate Cyclase Inhibitory Pathway R-HSA-170670,1/13,0.0470601097064945,0.0637942170400151,0,0,22.732876712328768,69.47916318158998,ADCY2
Reactome_2022,Advanced Glycosylation Endproduct Receptor Signaling R-HSA-879415,1/13,0.0470601097064945,0.0637942170400151,0,0,22.732876712328768,69.47916318158998,APP
Reactome_2022,Chk1/Chk2(Cds1) Mediated Inactivation Of Cyclin B:Cdk1 Complex R-HSA-75035,1/13,0.0470601097064945,0.0637942170400151,0,0,22.732876712328768,69.47916318158998,CDK1
Reactome_2022,ERBB2 Activates PTK6 Signaling R-HSA-8847993,1/13,0.0470601097064945,0.0637942170400151,0,0,22.732876712328768,69.47916318158998,EGFR
Reactome_2022,FCGR Activation R-HSA-2029481,1/13,0.0470601097064945,0.0637942170400151,0,0,22.732876712328768,69.47916318158998,SRC
Reactome_2022,Mitotic Telophase/Cytokinesis R-HSA-68884,1/13,0.0470601097064945,0.0637942170400151,0,0,22.732876712328768,69.47916318158998,PLK1
Reactome_2022,"PTK6 Regulates RHO GTPases, RAS GTPase And MAP Kinases R-HSA-8849471",1/13,0.0470601097064945,0.0637942170400151,0,0,22.732876712328768,69.47916318158998,RHOA
Reactome_2022,SARS-CoV-2 Targets Host Intracellular Signaling And Regulatory Pathways R-HSA-9755779,1/13,0.0470601097064945,0.0637942170400151,0,0,22.732876712328768,69.47916318158998,AKT1
Reactome_2022,SHC1 Events In EGFR Signaling R-HSA-180336,1/13,0.0470601097064945,0.0637942170400151,0,0,22.732876712328768,69.47916318158998,EGFR
Reactome_2022,Signal Regulatory Protein Family Interactions R-HSA-391160,1/13,0.0470601097064945,0.0637942170400151,0,0,22.732876712328768,69.47916318158998,SRC
Reactome_2022,TFAP2 (AP-2) Family Regulates Transcription Of Growth Factors And Their Receptors R-HSA-8866910,1/13,0.0470601097064945,0.0637942170400151,0,0,22.732876712328768,69.47916318158998,EGFR
Reactome_2022,TNFR1-induced Proapoptotic Signaling R-HSA-5357786,1/13,0.0470601097064945,0.0637942170400151,0,0,22.732876712328768,69.47916318158998,TNF
Reactome_2022,HCMV Early Events R-HSA-9609690,2/96,0.0492724093905823,0.0665863984488829,0,0,5.860520094562648,17.642456958799208,H3C13;EGFR
Reactome_2022,Protein Folding R-HSA-391251,2/96,0.0492724093905823,0.0665863984488829,0,0,5.860520094562648,17.642456958799208,STAT3;TP53
Reactome_2022,AKT Phosphorylates Targets In Cytosol R-HSA-198323,1/14,0.0505882719129409,0.067735523588953,0,0,20.98314014752371,62.6144353100612,AKT1
Reactome_2022,Heme Biosynthesis R-HSA-189451,1/14,0.0505882719129409,0.067735523588953,0,0,20.98314014752371,62.6144353100612,ALB
Reactome_2022,Interleukin-15 Signaling R-HSA-8983432,1/14,0.0505882719129409,0.067735523588953,0,0,20.98314014752371,62.6144353100612,STAT3
Reactome_2022,RUNX3 Regulates NOTCH Signaling R-HSA-8941856,1/14,0.0505882719129409,0.067735523588953,0,0,20.98314014752371,62.6144353100612,EP300
Reactome_2022,TP53 Regulates Transcription Of Genes Involved In G1 Cell Cycle Arrest R-HSA-6804116,1/14,0.0505882719129409,0.067735523588953,0,0,20.98314014752371,62.6144353100612,TP53
Reactome_2022,TP53 Regulates Transcription Of Additional Cell Death Genes With Uncertain Roles In P53-Dependent Apoptosis R-HSA-6803205,1/14,0.0505882719129409,0.067735523588953,0,0,20.98314014752371,62.6144353100612,TP53
Reactome_2022,L1CAM Interactions R-HSA-373760,2/99,0.0520499600664898,0.0695859343614787,0,0,5.678407789232532,16.782825245925853,SRC;EGFR
Reactome_2022,CTNNB1 S33 Mutants Not Phosphorylated R-HSA-5358747,1/15,0.0541035476902397,0.0718910154240172,0,0,19.48336594911937,56.83016349252173,CTNNB1
Reactome_2022,Depolymerisation Of Nuclear Lamina R-HSA-4419969,1/15,0.0541035476902397,0.0718910154240172,0,0,19.48336594911937,56.83016349252173,CDK1
Reactome_2022,GRB2 Events In ERBB2 Signaling R-HSA-1963640,1/15,0.0541035476902397,0.0718910154240172,0,0,19.48336594911937,56.83016349252173,EGFR
Reactome_2022,TRAF3-dependent IRF Activation Pathway R-HSA-918233,1/15,0.0541035476902397,0.0718910154240172,0,0,19.48336594911937,56.83016349252173,EP300
Reactome_2022,Early Phase Of HIV Life Cycle R-HSA-162594,1/16,0.0576059834084244,0.075624095512112,0,0,18.183561643835617,51.89822766625515,CD4
Reactome_2022,FOXO-mediated Transcription Of Cell Death Genes R-HSA-9614657,1/16,0.0576059834084244,0.075624095512112,0,0,18.183561643835617,51.89822766625515,EP300
Reactome_2022,Heme Degradation R-HSA-189483,1/16,0.0576059834084244,0.075624095512112,0,0,18.183561643835617,51.89822766625515,ALB
Reactome_2022,PI3K Events In ERBB2 Signaling R-HSA-1963642,1/16,0.0576059834084244,0.075624095512112,0,0,18.183561643835617,51.89822766625515,EGFR
Reactome_2022,PKA Activation In Glucagon Signaling R-HSA-164378,1/16,0.0576059834084244,0.075624095512112,0,0,18.183561643835617,51.89822766625515,ADCY2
Reactome_2022,Regulation Of KIT Signaling R-HSA-1433559,1/16,0.0576059834084244,0.075624095512112,0,0,18.183561643835617,51.89822766625515,SRC
Reactome_2022,Regulation Of Gene Expression In Late Stage (Branching Morphogenesis) Pancreatic Bud Precursor Cells R-HSA-210744,1/16,0.0576059834084244,0.075624095512112,0,0,18.183561643835617,51.89822766625515,EP300
Reactome_2022,Signaling By NTRK3 (TRKC) R-HSA-9034015,1/16,0.0576059834084244,0.075624095512112,0,0,18.183561643835617,51.89822766625515,SRC
Reactome_2022,Neddylation R-HSA-8951664,3/237,0.0576984516520436,0.0756317541925437,0,0,3.5557963163596966,10.14299767497694,UBC;RPS27A;UBA52
Reactome_2022,HATs Acetylate Histones R-HSA-3214847,2/106,0.0587419442365898,0.0767690379020103,0,0,5.294337606837607,15.007336023342026,H3C13;EP300
Reactome_2022,Resolution Of Sister Chromatid Cohesion R-HSA-2500257,2/106,0.0587419442365898,0.0767690379020103,0,0,5.294337606837607,15.007336023342026,PLK1;CDK1
Reactome_2022,Beta-catenin Phosphorylation Cascade R-HSA-196299,1/17,0.0610956253164146,0.0784360013253382,0,0,17.046232876712327,47.64959069441307,CTNNB1
Reactome_2022,Butyrate Response Factor 1 Binds And Destabilizes mRNA R-HSA-450385,1/17,0.0610956253164146,0.0784360013253382,0,0,17.046232876712327,47.64959069441307,AKT1
Reactome_2022,Formation Of Senescence-Associated Heterochromatin Foci (SAHF) R-HSA-2559584,1/17,0.0610956253164146,0.0784360013253382,0,0,17.046232876712327,47.64959069441307,TP53
Reactome_2022,Gastrin-CREB Signaling Pathway Via PKC And MAPK R-HSA-881907,1/17,0.0610956253164146,0.0784360013253382,0,0,17.046232876712327,47.64959069441307,EGFR
Reactome_2022,Gastrulation R-HSA-9758941,1/17,0.0610956253164146,0.0784360013253382,0,0,17.046232876712327,47.64959069441307,CTNNB1
Reactome_2022,KSRP (KHSRP) Binds And Destabilizes mRNA R-HSA-450604,1/17,0.0610956253164146,0.0784360013253382,0,0,17.046232876712327,47.64959069441307,AKT1
Reactome_2022,MET Activates PTK2 Signaling R-HSA-8874081,1/17,0.0610956253164146,0.0784360013253382,0,0,17.046232876712327,47.64959069441307,SRC
Reactome_2022,PKA Activation R-HSA-163615,1/17,0.0610956253164146,0.0784360013253382,0,0,17.046232876712327,47.64959069441307,ADCY2
Reactome_2022,Protein Methylation R-HSA-8876725,1/17,0.0610956253164146,0.0784360013253382,0,0,17.046232876712327,47.64959069441307,RPS2
Reactome_2022,Regulation Of RUNX1 Expression And Activity R-HSA-8934593,1/17,0.0610956253164146,0.0784360013253382,0,0,17.046232876712327,47.64959069441307,SRC
Reactome_2022,Signaling By Cytosolic FGFR1 Fusion Mutants R-HSA-1839117,1/17,0.0610956253164146,0.0784360013253382,0,0,17.046232876712327,47.64959069441307,STAT3
Reactome_2022,Translocation Of ZAP-70 To Immunological Synapse R-HSA-202430,1/17,0.0610956253164146,0.0784360013253382,0,0,17.046232876712327,47.64959069441307,CD4
Reactome_2022,Degradation Of Extracellular Matrix R-HSA-1474228,2/109,0.0616967676108083,0.0790914509900671,0,0,5.145119418483905,14.331852276301952,MMP13;MMP1
Reactome_2022,Transmission Across Chemical Synapses R-HSA-112315,3/246,0.0630796209377053,0.0807456144847752,0,0,3.422535211267605,9.457688434523192,SRC;NEFL;ADCY2
Reactome_2022,Diseases Of Metabolism R-HSA-5668914,3/247,0.0636915586430747,0.0814095617795083,0,0,3.4083352574463173,9.385543850169627,UBC;RPS27A;UBA52
Reactome_2022,Ephrin Signaling R-HSA-3928664,1/18,0.0645725194547735,0.0819357695988623,0,0,16.042707493956488,43.95647876269956,SRC
Reactome_2022,MECP2 Regulates Neuronal Receptors And Channels R-HSA-9022699,1/18,0.0645725194547735,0.0819357695988623,0,0,16.042707493956488,43.95647876269956,HDAC1
Reactome_2022,RORA Activates Gene Expression R-HSA-1368082,1/18,0.0645725194547735,0.0819357695988623,0,0,16.042707493956488,43.95647876269956,EP300
Reactome_2022,Recycling Of Bile Acids And Salts R-HSA-159418,1/18,0.0645725194547735,0.0819357695988623,0,0,16.042707493956488,43.95647876269956,ALB
Reactome_2022,VEGFR2 Mediated Cell Proliferation R-HSA-5218921,1/18,0.0645725194547735,0.0819357695988623,0,0,16.042707493956488,43.95647876269956,SRC
Reactome_2022,Initiation Of Nuclear Envelope (NE) Reformation R-HSA-2995383,1/19,0.068036711755515,0.0853391513829951,0,0,15.150684931506849,40.72061468284932,CDK1
Reactome_2022,PKA-mediated Phosphorylation Of CREB R-HSA-111931,1/19,0.068036711755515,0.0853391513829951,0,0,15.150684931506849,40.72061468284932,ADCY2
Reactome_2022,RHO GTPases Activate ROCKs R-HSA-5627117,1/19,0.068036711755515,0.0853391513829951,0,0,15.150684931506849,40.72061468284932,RHOA
Reactome_2022,RHO GTPases Activate CIT R-HSA-5625900,1/19,0.068036711755515,0.0853391513829951,0,0,15.150684931506849,40.72061468284932,RHOA
Reactome_2022,Ras Activation Upon Ca2+ Influx Thru NMDA Receptor R-HSA-442982,1/19,0.068036711755515,0.0853391513829951,0,0,15.150684931506849,40.72061468284932,NEFL
Reactome_2022,SUMOylation Of Transcription Factors R-HSA-3232118,1/19,0.068036711755515,0.0853391513829951,0,0,15.150684931506849,40.72061468284932,TP53
Reactome_2022,Signaling By PDGFR In Disease R-HSA-9671555,1/19,0.068036711755515,0.0853391513829951,0,0,15.150684931506849,40.72061468284932,STAT3
Reactome_2022,Signaling To RAS R-HSA-167044,1/19,0.068036711755515,0.0853391513829951,0,0,15.150684931506849,40.72061468284932,SRC
Reactome_2022,CD209 (DC-SIGN) Signaling R-HSA-5621575,1/20,0.0714882479432861,0.0886494892819443,0,0,14.352559480894016,37.865241152955655,EP300
Reactome_2022,G Beta:Gamma Signaling Thru CDC42 R-HSA-8964616,1/20,0.0714882479432861,0.0886494892819443,0,0,14.352559480894016,37.865241152955655,CDC42
Reactome_2022,NOTCH4 Intracellular Domain Regulates Transcription R-HSA-9013695,1/20,0.0714882479432861,0.0886494892819443,0,0,14.352559480894016,37.865241152955655,EP300
Reactome_2022,Nef-mediated Downmodulation Of Cell Surface Receptors By Recruitment To Clathrin Adapters R-HSA-164938,1/20,0.0714882479432861,0.0886494892819443,0,0,14.352559480894016,37.865241152955655,CD4
Reactome_2022,Phosphorylation Of CD3 And TCR Zeta Chains R-HSA-202427,1/20,0.0714882479432861,0.0886494892819443,0,0,14.352559480894016,37.865241152955655,CD4
Reactome_2022,Sema4D Induced Cell Migration And Growth-Cone Collapse R-HSA-416572,1/20,0.0714882479432861,0.0886494892819443,0,0,14.352559480894016,37.865241152955655,RHOA
Reactome_2022,Signal Transduction By L1 R-HSA-445144,1/20,0.0714882479432861,0.0886494892819443,0,0,14.352559480894016,37.865241152955655,EGFR
Reactome_2022,TP53 Regulates Transcription Of Genes Involved In Cytochrome C Release R-HSA-6803204,1/20,0.0714882479432861,0.0886494892819443,0,0,14.352559480894016,37.865241152955655,TP53
Reactome_2022,Cell-Cell Communication R-HSA-1500931,2/120,0.0729479130920933,0.0903312455736134,0,0,4.662900188323917,12.207517511878212,SRC;CTNNB1
Reactome_2022,HCMV Infection R-HSA-9609646,2/121,0.0740016621820597,0.0912293201661802,0,0,4.623482726423903,12.038012747772363,H3C13;EGFR
Reactome_2022,SARS-CoV-2 Activates/Modulates Innate And Adaptive Immune Responses R-HSA-9705671,2/121,0.0740016621820597,0.0912293201661802,0,0,4.623482726423903,12.038012747772363,HSP90AA1;HSP90AB1
Reactome_2022,"Cobalamin (Cbl, Vitamin B12) Transport And Metabolism R-HSA-196741",1/21,0.0749271736072752,0.0912293201661802,0,0,13.634246575342466,35.329586768183,PRSS3
Reactome_2022,Deregulated CDK5 Triggers Neurodegenerative Pathways In Alzheimers Disease Models R-HSA-8862803,1/21,0.0749271736072752,0.0912293201661802,0,0,13.634246575342466,35.329586768183,APP
Reactome_2022,Interleukin-37 Signaling R-HSA-9008059,1/21,0.0749271736072752,0.0912293201661802,0,0,13.634246575342466,35.329586768183,STAT3
Reactome_2022,Negative Regulation Of NMDA Receptor-Mediated Neuronal Transmission R-HSA-9617324,1/21,0.0749271736072752,0.0912293201661802,0,0,13.634246575342466,35.329586768183,NEFL
Reactome_2022,PD-1 Signaling R-HSA-389948,1/21,0.0749271736072752,0.0912293201661802,0,0,13.634246575342466,35.329586768183,CD4
Reactome_2022,RHO GTPases Activate PAKs R-HSA-5627123,1/21,0.0749271736072752,0.0912293201661802,0,0,13.634246575342466,35.329586768183,CDC42
Reactome_2022,SHC1 Events In ERBB2 Signaling R-HSA-1250196,1/21,0.0749271736072752,0.0912293201661802,0,0,13.634246575342466,35.329586768183,EGFR
Reactome_2022,"Synthesis, Secretion, And Inactivation Of Glucagon-like Peptide-1 (GLP-1) R-HSA-381771",1/21,0.0749271736072752,0.0912293201661802,0,0,13.634246575342466,35.329586768183,CTNNB1
Reactome_2022,TP53 Regulates Transcription Of Additional Cell Cycle Genes With Uncertain Roles In P53 Pathway R-HSA-6804115,1/21,0.0749271736072752,0.0912293201661802,0,0,13.634246575342466,35.329586768183,TP53
Reactome_2022,"Unblocking Of NMDA Receptors, Glutamate Binding And Activation R-HSA-438066",1/21,0.0749271736072752,0.0912293201661802,0,0,13.634246575342466,35.329586768183,NEFL
Reactome_2022,E2F Mediated Regulation Of DNA Replication R-HSA-113510,1/22,0.078353534197411,0.095135793260556,0,0,12.984344422700588,33.06494733744324,CDK1
Reactome_2022,Insertion Of Tail-Anchored Proteins Into Endoplasmic Reticulum Membrane R-HSA-9609523,1/22,0.078353534197411,0.095135793260556,0,0,12.984344422700588,33.06494733744324,APP
Reactome_2022,CD28 Dependent PI3K/Akt Signaling R-HSA-389357,1/23,0.0817673749589197,0.099005434589649,0,0,12.393524283935244,31.031859834177094,AKT1
Reactome_2022,Signaling By NTRK2 (TRKB) R-HSA-9006115,1/23,0.0817673749589197,0.099005434589649,0,0,12.393524283935244,31.031859834177094,SRC
Reactome_2022,Organelle Biogenesis And Maintenance R-HSA-1852241,3/275,0.0819238419140347,0.0990574986024271,0,0,3.0531275890637946,7.638819041360549,HSP90AA1;PLK1;CDK1
Reactome_2022,ADORA2B Mediated Anti-Inflammatory Cytokine Production R-HSA-9660821,2/131,0.0848023477498424,0.1018524806795477,0,0,4.262919896640827,10.51846518312765,IL6;ADCY2
Reactome_2022,Growth Hormone Receptor Signaling R-HSA-982772,1/24,0.0851687410035164,0.1018524806795477,0,0,11.854079809410363,29.198030568281716,STAT3
Reactome_2022,Impaired BRCA2 Binding To PALB2 R-HSA-9709603,1/24,0.0851687410035164,0.1018524806795477,0,0,11.854079809410363,29.198030568281716,BRCA1
Reactome_2022,"Incretin Synthesis, Secretion, And Inactivation R-HSA-400508",1/24,0.0851687410035164,0.1018524806795477,0,0,11.854079809410363,29.198030568281716,CTNNB1
Reactome_2022,Other Interleukin Signaling R-HSA-449836,1/24,0.0851687410035164,0.1018524806795477,0,0,11.854079809410363,29.198030568281716,CD4
Reactome_2022,RUNX2 Regulates Osteoblast Differentiation R-HSA-8940973,1/24,0.0851687410035164,0.1018524806795477,0,0,11.854079809410363,29.198030568281716,SRC
Reactome_2022,Sema4D In Semaphorin Signaling R-HSA-400685,1/24,0.0851687410035164,0.1018524806795477,0,0,11.854079809410363,29.198030568281716,RHOA
Reactome_2022,mTORC1-mediated Signaling R-HSA-166208,1/24,0.0851687410035164,0.1018524806795477,0,0,11.854079809410363,29.198030568281716,RPS6
Reactome_2022,Asparagine N-linked Glycosylation R-HSA-446203,3/282,0.0868006451673562,0.1036620564036962,0,0,2.975465697410268,7.272458373244541,UBC;RPS27A;UBA52
Reactome_2022,ADP Signaling Thru P2Y Purinoceptor 1 R-HSA-418592,1/25,0.0885576772971073,0.1048993925106848,0,0,11.35958904109589,27.536793634757636,SRC
Reactome_2022,Assembly And Cell Surface Presentation Of NMDA Receptors R-HSA-9609736,1/25,0.0885576772971073,0.1048993925106848,0,0,11.35958904109589,27.536793634757636,NEFL
Reactome_2022,Basigin Interactions R-HSA-210991,1/25,0.0885576772971073,0.1048993925106848,0,0,11.35958904109589,27.536793634757636,MMP1
Reactome_2022,Defective HDR Thru Homologous Recombination (HRR) Due To BRCA1 Loss-Of-Function R-HSA-9701192,1/25,0.0885576772971073,0.1048993925106848,0,0,11.35958904109589,27.536793634757636,BRCA1
Reactome_2022,NOTCH3 Intracellular Domain Regulates Transcription R-HSA-9013508,1/25,0.0885576772971073,0.1048993925106848,0,0,11.35958904109589,27.536793634757636,EP300
Reactome_2022,TRAF6 Mediated NF-kB Activation R-HSA-933542,1/25,0.0885576772971073,0.1048993925106848,0,0,11.35958904109589,27.536793634757636,APP
Reactome_2022,Metabolism Of Carbohydrates R-HSA-71387,3/285,0.088928031252209,0.1051953540422472,0,0,2.943362301468385,7.12272447657289,UBC;RPS27A;UBA52
Reactome_2022,Constitutive Signaling By AKT1 E17K In Cancer R-HSA-5674400,1/26,0.0919342286311367,0.1081652043059061,0,0,10.904657534246576,26.025948367758343,AKT1
Reactome_2022,HDMs Demethylate Histones R-HSA-3214842,1/26,0.0919342286311367,0.1081652043059061,0,0,10.904657534246576,26.025948367758343,H3C13
Reactome_2022,Interleukin-20 Family Signaling R-HSA-8854691,1/26,0.0919342286311367,0.1081652043059061,0,0,10.904657534246576,26.025948367758343,STAT3
Reactome_2022,WNT Ligand Biogenesis And Trafficking R-HSA-3238698,1/26,0.0919342286311367,0.1081652043059061,0,0,10.904657534246576,26.025948367758343,WNT7B
Reactome_2022,Extracellular Matrix Organization R-HSA-1474244,3/291,0.0932486476619109,0.1095640234304821,0,0,2.881161971830986,6.835515643383073,MMP13;MMP1;FN1
Reactome_2022,CREB1 Phosphorylation Thru NMDA Receptor-Mediated Activation Of RAS Signaling R-HSA-442742,1/27,0.0952984396193821,0.1113728752178321,0,0,10.484720758693362,24.64687178715262,NEFL
Reactome_2022,Gap Junction Trafficking And Regulation R-HSA-157858,1/27,0.0952984396193821,0.1113728752178321,0,0,10.484720758693362,24.64687178715262,SRC
Reactome_2022,Resolution Of D-loop Structures Thru Synthesis-Dependent Strand Annealing (SDSA) R-HSA-5693554,1/27,0.0952984396193821,0.1113728752178321,0,0,10.484720758693362,24.64687178715262,BRCA1
Reactome_2022,Role Of Nef In HIV-1 Replication And Disease Pathogenesis R-HSA-164952,1/27,0.0952984396193821,0.1113728752178321,0,0,10.484720758693362,24.64687178715262,CD4
Reactome_2022,MET Promotes Cell Motility R-HSA-8875878,1/28,0.0986503547422002,0.1145236166089638,0,0,10.095890410958903,23.383833329549716,SRC
Reactome_2022,Metabolism Of Porphyrins R-HSA-189445,1/28,0.0986503547422002,0.1145236166089638,0,0,10.095890410958903,23.383833329549716,ALB
Reactome_2022,Notch-HLH Transcription Pathway R-HSA-350054,1/28,0.0986503547422002,0.1145236166089638,0,0,10.095890410958903,23.383833329549716,HDAC1
Reactome_2022,Recycling Pathway Of L1 R-HSA-437239,1/28,0.0986503547422002,0.1145236166089638,0,0,10.095890410958903,23.383833329549716,SRC
Reactome_2022,TRAF6 Mediated IRF7 Activation R-HSA-933541,1/28,0.0986503547422002,0.1145236166089638,0,0,10.095890410958903,23.383833329549716,EP300
Reactome_2022,Adherens Junctions Interactions R-HSA-418990,1/29,0.101990018350818,0.1177741878574922,0,0,9.734833659491194,22.22346027505055,CTNNB1
Reactome_2022,Disassembly Of Destruction Complex And Recruitment Of AXIN To Membrane R-HSA-4641262,1/29,0.101990018350818,0.1177741878574922,0,0,9.734833659491194,22.22346027505055,CTNNB1
Reactome_2022,"FOXO-mediated Transcription Of Oxidative Stress, Metabolic And Neuronal Genes R-HSA-9615017",1/29,0.101990018350818,0.1177741878574922,0,0,9.734833659491194,22.22346027505055,HDAC1
Reactome_2022,PIWI-interacting RNA (piRNA) Biogenesis R-HSA-5601884,1/29,0.101990018350818,0.1177741878574922,0,0,9.734833659491194,22.22346027505055,HSP90AA1
Reactome_2022,Antigen Processing: Ubiquitination And Proteasome Degradation R-HSA-983168,3/307,0.1051854613139014,0.1211359094779706,0,0,2.7272979985174204,6.141957426153102,UBC;RPS27A;UBA52
Reactome_2022,FGFR1 Mutant Receptor Activation R-HSA-1839124,1/30,0.1053174745633215,0.1211359094779706,0,0,9.398677373641949,21.15431674384753,STAT3
Reactome_2022,Transcriptional Regulation Of Pluripotent Stem Cells R-HSA-452723,1/30,0.1053174745633215,0.1211359094779706,0,0,9.398677373641949,21.15431674384753,STAT3
Reactome_2022,RUNX2 Regulates Bone Development R-HSA-8941326,1/31,0.1086327674174716,0.124620769980884,0,0,9.084931506849315,20.166569167475306,SRC
Reactome_2022,Regulation Of MECP2 Expression And Activity R-HSA-9022692,1/31,0.1086327674174716,0.124620769980884,0,0,9.084931506849315,20.166569167475306,HDAC1
Reactome_2022,G Alpha (S) Signaling Events R-HSA-418555,2/153,0.11006634961923,0.1260996367684879,0,0,3.637785136129507,8.027398298783927,SRC;ADCY2
Reactome_2022,Generation Of Second Messenger Molecules R-HSA-202433,1/32,0.1119359407458519,0.127405575320898,0,0,8.791427308882016,19.25171833112302,CD4
Reactome_2022,Glucagon Signaling In Metabolic Regulation R-HSA-163359,1/32,0.1119359407458519,0.127405575320898,0,0,8.791427308882016,19.25171833112302,ADCY2
Reactome_2022,Nuclear Signaling By ERBB4 R-HSA-1251985,1/32,0.1119359407458519,0.127405575320898,0,0,8.791427308882016,19.25171833112302,SRC
Reactome_2022,RAF Activation R-HSA-5673000,1/32,0.1119359407458519,0.127405575320898,0,0,8.791427308882016,19.25171833112302,SRC
Reactome_2022,Thrombin Signaling Thru Proteinase Activated Receptors (PARs) R-HSA-456926,1/32,0.1119359407458519,0.127405575320898,0,0,8.791427308882016,19.25171833112302,SRC
Reactome_2022,CaM Pathway R-HSA-111997,1/33,0.1152270382535114,0.1301335115075232,0,0,8.51626712328767,18.40238306238578,ADCY2
Reactome_2022,Plasma Lipoprotein Remodeling R-HSA-8963899,1/33,0.1152270382535114,0.1301335115075232,0,0,8.51626712328767,18.40238306238578,ALB
Reactome_2022,Resolution Of D-loop Structures Thru Holliday Junction Intermediates R-HSA-5693568,1/33,0.1152270382535114,0.1301335115075232,0,0,8.51626712328767,18.40238306238578,BRCA1
Reactome_2022,Signal Amplification R-HSA-392518,1/33,0.1152270382535114,0.1301335115075232,0,0,8.51626712328767,18.40238306238578,SRC
Reactome_2022,Signaling By WNT In Cancer R-HSA-4791275,1/33,0.1152270382535114,0.1301335115075232,0,0,8.51626712328767,18.40238306238578,CTNNB1
Reactome_2022,Signaling To ERKs R-HSA-187687,1/33,0.1152270382535114,0.1301335115075232,0,0,8.51626712328767,18.40238306238578,SRC
Reactome_2022,Lysosome Vesicle Biogenesis R-HSA-432720,1/34,0.1185061034725714,0.1333193664066428,0,0,8.257783312577834,17.612124390060146,APP
Reactome_2022,Resolution Of D-Loop Structures R-HSA-5693537,1/34,0.1185061034725714,0.1333193664066428,0,0,8.257783312577834,17.612124390060146,BRCA1
Reactome_2022,Transcriptional Regulation By E2F6 R-HSA-8953750,1/34,0.1185061034725714,0.1333193664066428,0,0,8.257783312577834,17.612124390060146,BRCA1
Reactome_2022,Transport Of Small Molecules R-HSA-382551,5/706,0.1203461289283765,0.1352151487187551,0,0,1.9873265934792943,4.207932101698808,ALB;UBC;ADCY2;RPS27A;UBA52
Reactome_2022,Ca-dependent Events R-HSA-111996,1/35,0.1217731797892206,0.1361177797131749,0,0,8.01450443190975,16.875301635263398,ADCY2
Reactome_2022,Gene And Protein Expression By JAK-STAT Signaling After Interleukin-12 Stimulation R-HSA-8950505,1/35,0.1217731797892206,0.1361177797131749,0,0,8.01450443190975,16.875301635263398,CDC42
Reactome_2022,Impaired BRCA2 Binding To RAD51 R-HSA-9709570,1/35,0.1217731797892206,0.1361177797131749,0,0,8.01450443190975,16.875301635263398,BRCA1
Reactome_2022,RUNX1 Interacts With Co-Factors Whose Precise Effect On RUNX1 Targets Is Not Known R-HSA-8939243,1/35,0.1217731797892206,0.1361177797131749,0,0,8.01450443190975,16.875301635263398,EP300
Reactome_2022,NR1H3 And NR1H2 Regulate Gene Expression Linked To Cholesterol Transport And Efflux R-HSA-9029569,1/36,0.1250283104430781,0.1390442229513468,0,0,7.785127201565558,16.186953906631256,EP300
Reactome_2022,Nuclear Pore Complex (NPC) Disassembly R-HSA-3301854,1/36,0.1250283104430781,0.1390442229513468,0,0,7.785127201565558,16.186953906631256,CDK1
Reactome_2022,RHO GTPases Activate WASPs And WAVEs R-HSA-5663213,1/36,0.1250283104430781,0.1390442229513468,0,0,7.785127201565558,16.186953906631256,CDC42
Reactome_2022,Signaling By FGFR1 In Disease R-HSA-5655302,1/36,0.1250283104430781,0.1390442229513468,0,0,7.785127201565558,16.186953906631256,STAT3
Reactome_2022,HDR Thru Single Strand Annealing (SSA) R-HSA-5685938,1/37,0.1282715384991091,0.1422885045866865,0,0,7.568493150684931,15.542701942518896,BRCA1
Reactome_2022,RHOV GTPase Cycle R-HSA-9013424,1/37,0.1282715384991091,0.1422885045866865,0,0,7.568493150684931,15.542701942518896,CDC42
Reactome_2022,Apoptotic Cleavage Of Cellular Proteins R-HSA-111465,1/38,0.1315029068906738,0.1456878651212668,0,0,7.363569048500556,14.938666352381896,CTNNB1
Reactome_2022,DAG And IP3 Signaling R-HSA-1489509,1/39,0.1347224583842793,0.1488768432525011,0,0,7.169430425378515,14.37139917131711,ADCY2
Reactome_2022,NGF-stimulated Transcription R-HSA-9031628,1/39,0.1347224583842793,0.1488768432525011,0,0,7.169430425378515,14.37139917131711,EP300
Reactome_2022,Presynaptic Phase Of Homologous DNA Pairing And Strand Exchange R-HSA-5693616,1/40,0.1379302356066979,0.1520367369755647,0,0,6.985247629083245,13.837826271244433,BRCA1
Reactome_2022,RET Signaling R-HSA-8853659,1/40,0.1379302356066979,0.1520367369755647,0,0,6.985247629083245,13.837826271244433,SRC
Reactome_2022,Defective Homologous Recombination Repair (HRR) Due To BRCA2 Loss Of Function R-HSA-9701190,1/41,0.1411262810281268,0.1553634846627424,0,0,6.81027397260274,13.335198686800542,BRCA1
Reactome_2022,Activation Of GABAB Receptors R-HSA-991365,1/42,0.1443106369676458,0.1584694164437167,0,0,6.6438356164383565,12.86105129184786,ADCY2
Reactome_2022,Vasopressin Regulates Renal Water Homeostasis Via Aquaporins R-HSA-432040,1/42,0.1443106369676458,0.1584694164437167,0,0,6.6438356164383565,12.86105129184786,ADCY2
Reactome_2022,Homologous DNA Pairing And Strand Exchange R-HSA-5693579,1/43,0.1474833455711862,0.1615470021124788,0,0,6.485322896281801,12.413167572325236,BRCA1
Reactome_2022,SUMOylation Of Transcription Cofactors R-HSA-3899300,1/43,0.1474833455711862,0.1615470021124788,0,0,6.485322896281801,12.413167572325236,EP300
Reactome_2022,Aspirin ADME R-HSA-9749641,1/44,0.150644448918388,0.1641855229784678,0,0,6.334182860783689,11.989549470419256,ALB
Reactome_2022,Interleukin-12 Signaling R-HSA-9020591,1/44,0.150644448918388,0.1641855229784678,0,0,6.334182860783689,11.989549470419256,CDC42
Reactome_2022,Interleukin-2 Family Signaling R-HSA-451927,1/44,0.150644448918388,0.1641855229784678,0,0,6.334182860783689,11.989549470419256,STAT3
Reactome_2022,TP53 Regulates Transcription Of Cell Death Genes R-HSA-5633008,1/44,0.150644448918388,0.1641855229784678,0,0,6.334182860783689,11.989549470419256,TP53
Reactome_2022,Bile Acid And Bile Salt Metabolism R-HSA-194068,1/45,0.1537939887986985,0.1672006876977133,0,0,6.189912826899128,11.588391491255946,ALB
Reactome_2022,Heme Signaling R-HSA-9707616,1/45,0.1537939887986985,0.1672006876977133,0,0,6.189912826899128,11.588391491255946,EP300
Reactome_2022,NR1H2 And NR1H3-mediated Signaling R-HSA-9024446,1/46,0.1569320069882256,0.1701883752803987,0,0,6.052054794520548,11.20805835747445,EP300
Reactome_2022,RNA Polymerase I Transcription Initiation R-HSA-73762,1/46,0.1569320069882256,0.1701883752803987,0,0,6.052054794520548,11.20805835747445,HDAC1
Reactome_2022,G Alpha (Z) Signaling Events R-HSA-418597,1/47,0.1600585450176406,0.1729345418321785,0,0,5.920190589636689,10.847065697257714,ADCY2
Reactome_2022,PKMTs Methylate Histone Lysines R-HSA-3214841,1/47,0.1600585450176406,0.1729345418321785,0,0,5.920190589636689,10.847065697257714,H3C13
Reactome_2022,PLC Beta Mediated Events R-HSA-112043,1/47,0.1600585450176406,0.1729345418321785,0,0,5.920190589636689,10.847065697257714,ADCY2
Reactome_2022,Inhibition Of DNA Recombination At Telomere R-HSA-9670095,1/48,0.163173644335187,0.1760823133555231,0,0,5.793937627513844,10.50406326706721,H3-3B
Reactome_2022,Peptide Ligand-Binding Receptors R-HSA-375276,2/196,0.1639431111312623,0.1766942419970271,0,0,2.825315005727377,5.108835724607984,APP;CXCL5
Reactome_2022,Class I MHC Mediated Antigen Processing And Presentation R-HSA-983169,3/378,0.1644822474386182,0.1770567225818911,0,0,2.202929577464789,3.9761835409528543,UBC;RPS27A;UBA52
Reactome_2022,mRNA Splicing - Minor Pathway R-HSA-72165,1/49,0.1662773462428849,0.1787686247167962,0,0,5.6729452054794525,10.17782035237302,EFTUD2
Reactome_2022,Aquaporin-mediated Transport R-HSA-445717,1/50,0.1693696918266344,0.1818693000795226,0,0,5.556891249650545,9.867213018330611,ADCY2
Reactome_2022,Neuronal System R-HSA-112316,3/386,0.1717083982894806,0.1841540930057942,0,0,2.156032802559482,3.7988383816674944,SRC;NEFL;ADCY2
Reactome_2022,Diseases Of DNA Repair R-HSA-9675135,1/51,0.172450722085823,0.1842710898175318,0,0,5.445479452054794,9.571212937670028,BRCA1
Reactome_2022,Nonhomologous End-Joining (NHEJ) R-HSA-5693571,1/51,0.172450722085823,0.1842710898175318,0,0,5.445479452054794,9.571212937670028,BRCA1
Reactome_2022,Translocation Of SLC2A4 (GLUT4) To Plasma Membrane R-HSA-1445148,1/51,0.172450722085823,0.1842710898175318,0,0,5.445479452054794,9.571212937670028,AKT1
Reactome_2022,Apoptotic Execution Phase R-HSA-75153,1/52,0.1755204778772005,0.1870932566383346,0,0,5.338436744560838,9.288877585674427,CTNNB1
Reactome_2022,G-protein Mediated Events R-HSA-112040,1/52,0.1755204778772005,0.1870932566383346,0,0,5.338436744560838,9.288877585674427,ADCY2
Reactome_2022,RHOJ GTPase Cycle R-HSA-9013409,1/54,0.1816263285841169,0.1933655912852855,0,0,5.136469371930732,8.761809189641154,CDC42
Reactome_2022,G Alpha (Q) Signaling Events R-HSA-416476,2/212,0.1850429742241381,0.1967631138826706,0,0,2.607936507936508,4.400024903994195,APP;EGFR
Reactome_2022,Chemokine Receptors Bind Chemokines R-HSA-380108,1/56,0.1876875677853095,0.1993324168814784,0,0,4.949190535491906,8.279879816628936,CXCL5
Reactome_2022,Assembly Of Collagen Fibrils And Other Multimeric Structures R-HSA-2022090,1/57,0.1907015586433087,0.201796922055283,0,0,4.860567514677104,8.054181980332732,MMP13
Reactome_2022,NCAM Signaling For Neurite Out-Growth R-HSA-375165,1/57,0.1907015586433087,0.201796922055283,0,0,4.860567514677104,8.054181980332732,SRC
Reactome_2022,SUMOylation Of Chromatin Organization Proteins R-HSA-4551638,1/57,0.1907015586433087,0.201796922055283,0,0,4.860567514677104,8.054181980332732,HDAC1
Reactome_2022,GABA Receptor Activation R-HSA-977443,1/59,0.1966964826946481,0.2076372785881835,0,0,4.69248937175248,7.630426162714218,ADCY2
Reactome_2022,RHOQ GTPase Cycle R-HSA-9013406,1/59,0.1966964826946481,0.2076372785881835,0,0,4.69248937175248,7.630426162714218,CDC42
Reactome_2022,Meiotic Synapsis R-HSA-1221632,1/60,0.1996774954269293,0.2102755772107471,0,0,4.61272347341537,7.431336163287547,BRCA1
Reactome_2022,Transcriptional Regulation By MECP2 R-HSA-8986944,1/60,0.1996774954269293,0.2102755772107471,0,0,4.61272347341537,7.431336163287547,HDAC1
Reactome_2022,Cell-cell Junction Organization R-HSA-421270,1/61,0.2026475947456451,0.2123785716842115,0,0,4.535616438356165,7.240144627667939,CTNNB1
Reactome_2022,DNA Damage/Telomere Stress Induced Senescence R-HSA-2559586,1/61,0.2026475947456451,0.2123785716842115,0,0,4.535616438356165,7.240144627667939,TP53
Reactome_2022,Nuclear Events (Kinase And Transcription Factor Activation) R-HSA-198725,1/61,0.2026475947456451,0.2123785716842115,0,0,4.535616438356165,7.240144627667939,EP300
Reactome_2022,Signaling By FGFR In Disease R-HSA-1226099,1/61,0.2026475947456451,0.2123785716842115,0,0,4.535616438356165,7.240144627667939,STAT3
Reactome_2022,Integrin Cell Surface Interactions R-HSA-216083,1/66,0.2173357643309063,0.2274989475550134,0,0,4.185669125395153,6.388636261597497,FN1
Reactome_2022,trans-Golgi Network Vesicle Budding R-HSA-199992,1/71,0.2317569502606374,0.2423039731467502,0,0,3.8857142857142857,5.681171071777849,APP
Reactome_2022,RHOC GTPase Cycle R-HSA-9013106,1/73,0.2374517444684713,0.2479609723935113,0,0,3.7773972602739727,5.431107245351442,RHOA
Reactome_2022,GPCR Ligand Binding R-HSA-500792,3/458,0.2402365641164893,0.2503192120688693,0,0,1.8081721095805603,2.578690583213365,APP;WNT7B;CXCL5
Reactome_2022,RHOG GTPase Cycle R-HSA-9013408,1/74,0.2402835048267039,0.2503192120688693,0,0,3.725464439857384,5.31227305189252,CDC42
Reactome_2022,Nuclear Envelope (NE) Reassembly R-HSA-2995410,1/75,0.2431048908837223,0.2529565789529077,0,0,3.674935209181784,5.197322244292198,CDK1
Reactome_2022,SUMOylation Of DNA Damage Response And Repair Proteins R-HSA-3108214,1/76,0.2459159400992828,0.255576923460326,0,0,3.625753424657534,5.086081845921824,BRCA1
Reactome_2022,G Alpha (12/13) Signaling Events R-HSA-416482,1/78,0.2515071773906676,0.2610770105375182,0,0,3.531222202455079,4.874088629044393,RHOA
Reactome_2022,Cell Junction Organization R-HSA-446728,1/86,0.2734660599102547,0.2835342877691833,0,0,3.1975825946817085,4.1459144787075015,CTNNB1
Reactome_2022,RAC2 GTPase Cycle R-HSA-9013404,1/87,0.2761658404686026,0.2859938063215778,0,0,3.1602421153233515,4.066453305744402,CDC42
Reactome_2022,Opioid Signaling R-HSA-111885,1/88,0.2788557237745623,0.2884372593071005,0,0,3.1237600377893244,3.98923133668098,ADCY2
Reactome_2022,Peptide Hormone Metabolism R-HSA-2980736,1/89,0.2815357456587105,0.290520929030797,0,0,3.088107098381071,3.914162952127173,CTNNB1
Reactome_2022,RAB GEFs Exchange GTP For GDP On RABs R-HSA-8876198,1/89,0.2815357456587105,0.290520929030797,0,0,3.088107098381071,3.914162952127173,AKT1
Reactome_2022,Collagen Formation R-HSA-1474290,1/90,0.2842059417186365,0.2929300910512039,0,0,3.053255348622441,3.841166689361435,MMP13
Reactome_2022,HCMV Late Events R-HSA-9610379,1/91,0.286866347500591,0.2953234921792641,0,0,3.0191780821917806,3.7701649960105934,H3C13
Reactome_2022,Class B/2 (Secretin Family Receptors) R-HSA-373080,1/92,0.2895169984081981,0.2973509877768905,0,0,2.9858497666716843,3.701084003618975,WNT7B
Reactome_2022,Telomere Maintenance R-HSA-157579,1/92,0.2895169984081981,0.2973509877768905,0,0,2.9858497666716843,3.701084003618975,H3-3B
Reactome_2022,Unattached Kinetochores Signal Amplification Via A MAD2 Inhibitory Signal R-HSA-141444,1/93,0.2921579297266615,0.2993590054593609,0,0,2.953245979749851,3.633853315435277,PLK1
Reactome_2022,RAC3 GTPase Cycle R-HSA-9013423,1/93,0.2921579297266615,0.2993590054593609,0,0,2.953245979749851,3.633853315435277,CDC42
Reactome_2022,Drug ADME R-HSA-9748784,1/95,0.2974107741565851,0.3043840631168802,0,0,2.890119498688429,3.504677450402544,ALB
Reactome_2022,EML4 And NUDC In Mitotic Spindle Formation R-HSA-9648025,1/97,0.3026251604494351,0.3093580387264132,0,0,2.829623287671233,3.382136474591229,PLK1
Reactome_2022,MHC Class II Antigen Presentation R-HSA-2132295,1/104,0.3205766467621665,0.3269432390459946,0,0,2.636387817528927,2.9992441119233257,CD74
Reactome_2022,Phase I - Functionalization Of Compounds R-HSA-211945,1/104,0.3205766467621665,0.3269432390459946,0,0,2.636387817528927,2.9992441119233257,HSP90AB1
Reactome_2022,Integration Of Energy Metabolism R-HSA-163685,1/105,0.3231036494986545,0.3291359230015465,0,0,2.610906217070601,2.949755137427598,ADCY2
Reactome_2022,Mitotic Spindle Checkpoint R-HSA-69618,1/110,0.3356002491615161,0.3414673863846195,0,0,2.4905114993087847,2.719226531887658,PLK1
Reactome_2022,Class A/1 (Rhodopsin-like Receptors) R-HSA-373076,2/327,0.3416974636200489,0.3472664560422616,0,0,1.6752991452991453,1.7989857151079784,APP;CXCL5
Reactome_2022,PPARA Activates Gene Expression R-HSA-1989781,1/116,0.3502960358991624,0.3555912085348474,0,0,2.359857057772484,2.4754349866820884,EP300
Reactome_2022,Chromosome Maintenance R-HSA-73886,1/118,0.3551230076602557,0.3596547397765698,0,0,2.319283456269757,2.4011334025385085,H3-3B
Reactome_2022,Regulation Of Lipid Metabolism By PPARalpha R-HSA-400206,1/118,0.3551230076602557,0.3596547397765698,0,0,2.319283456269757,2.4011334025385085,EP300
Reactome_2022,Metabolism Of Water-Soluble Vitamins And Cofactors R-HSA-196849,1/122,0.364671064114854,0.3684697210327171,0,0,2.24216008151251,2.26180034087487,PRSS3
Reactome_2022,Rab Regulation Of Trafficking R-HSA-9007101,1/122,0.364671064114854,0.3684697210327171,0,0,2.24216008151251,2.26180034087487,AKT1
Reactome_2022,RHOA GTPase Cycle R-HSA-8980692,1/147,0.4212646860881174,0.4251607756704352,0,0,1.8558829048601988,1.604399514961926,RHOA
Reactome_2022,CDC42 GTPase Cycle R-HSA-9013148,1/149,0.4255710971179253,0.4290110482493635,0,0,1.830618289522399,1.5639397742440195,CDC42
Reactome_2022,Metabolism Of Steroids R-HSA-8957322,1/153,0.434089304493139,0.4370933827249255,0,0,1.782083633741889,1.4871576944500675,ALB
Reactome_2022,RAC1 GTPase Cycle R-HSA-9013149,1/178,0.4845745998671843,0.4873659282074331,0,0,1.5284420710471325,1.10733165209022,CDC42
Reactome_2022,mRNA Splicing - Major Pathway R-HSA-72163,1/181,0.4903259504626924,0.492582916862981,0,0,1.5027397260273974,1.0709799173843637,EFTUD2
Reactome_2022,mRNA Splicing R-HSA-72172,1/189,0.5053551915734217,0.5070977956822955,0,0,1.4382104342757214,0.9815696286816826,EFTUD2
Reactome_2022,Biological Oxidations R-HSA-211859,1/218,0.5562608723837134,0.557538164857614,0,0,1.2441765040085853,0.7297317901543514,HSP90AB1
Reactome_2022,Processing Of Capped Intron-Containing Pre-mRNA R-HSA-72203,1/242,0.5944526054201883,0.5951343171236518,0,0,1.118910930483715,0.5819615616958931,EFTUD2
Reactome_2022,Metabolism Of Lipids R-HSA-556833,2/732,0.7591486031685991,0.7591486031685991,0,0,0.730441400304414,0.2012787761012648,ALB;EP300
