Gene_set,Term,Overlap,P-value,Adjusted P-value,Old P-value,Old Adjusted P-value,Odds Ratio,Combined Score,Genes
GO_Biological_Process_2023,Cytoplasmic Translation (GO:0002181),17/93,8.79427167913709e-25,1.3103464801914265e-21,0,0,77.89704524469067,4314.758369219256,RPL4;RPL5;RPS9;RPS5;RPS6;RPL11;RPS14;RPS16;RPS18;RPS3;RACK1;FAU;RPS2;RPS27A;RPS11;UBA52;RPS23
GO_Biological_Process_2023,Translation (GO:0006412),17/234,1.0201672879842187e-17,7.600246295482429e-15,0,0,27.08812353464306,1059.7952023023252,RPL4;RPL5;RPS9;RPS5;RPS6;RPL11;RPS14;RPS16;RPS18;RPS3;RACK1;FAU;RPS2;RPS27A;RPS11;UBA52;RPS23
GO_Biological_Process_2023,Peptide Biosynthetic Process (GO:0043043),15/158,1.8070397608712788e-17,8.974964145660687e-15,0,0,35.17186203626881,1355.95464911663,RPL4;RPL5;RPS9;RPS5;RPS6;RPL11;RPS14;RPS16;RPS18;RPS3;FAU;RPS2;RPS27A;RPS11;RPS23
GO_Biological_Process_2023,Macromolecule Biosynthetic Process (GO:0009059),15/183,1.6806703211844502e-16,6.260496946412077e-14,0,0,29.900121065375306,1086.0372436805824,RPL4;RPL5;RPS9;RPS5;RPS6;RPL11;RPS14;RPS16;RPS18;RPS3;FAU;RPS2;RPS27A;RPS11;RPS23
GO_Biological_Process_2023,Positive Regulation Of Gene Expression (GO:0010628),19/480,7.45286267527519e-15,2.2209530772320066e-12,0,0,14.586274896470124,474.49412143187993,MED1;CD74;APP;RPL5;HDAC1;RPL11;STAT3;FN1;BRCA1;TNF;IL6;IL36B;IL1B;MYC;RPS3;AKT1;EP300;TP53;GAPDH
GO_Biological_Process_2023,Positive Regulation Of Macromolecule Metabolic Process (GO:0010604),17/364,1.6242194240282524e-14,4.033478236336827e-12,0,0,16.8281005106426,534.311778381229,MED1;CD74;APP;RPL5;HDAC1;RPL11;STAT3;FN1;BRCA1;TNF;IL6;IL36B;IL1B;MYC;RPS3;AKT1;TP53
GO_Biological_Process_2023,Gene Expression (GO:0010467),15/296,2.0916062342928186e-13,4.4521332701375713e-11,0,0,17.77399119367875,518.9236508803075,RPL4;RPL5;RPS9;RPS5;RPS6;RPL11;RPS14;RPS16;RPS18;RPS3;FAU;RPS2;RPS27A;RPS11;RPS23
GO_Biological_Process_2023,Regulation Of Apoptotic Process (GO:0042981),20/705,6.626503121187039e-13,1.2341862063210858e-10,0,0,10.403352257366857,291.7363071306561,MED1;CD74;HSP90AA1;SRC;HDAC1;RPS6;PLK1;TNF;EGFR;ACTB;IL6;MYC;ALB;BCL2;CDK1;RPS3;RACK1;AKT1;CTNNB1;TP53
GO_Biological_Process_2023,Positive Regulation Of Intracellular Signal Transduction (GO:1902533),17/525,5.94301072420633e-12,9.838984421186035e-10,0,0,11.4002624671916,294.68316437072144,CD74;APP;HSP90AA1;HSP90AB1;SRC;FN1;TNF;RHOA;EGFR;CD4;IL6;IL1B;RPS3;RACK1;EP300;TP53;GAPDH
GO_Biological_Process_2023,Positive Regulation Of Nucleic Acid-Templated Transcription (GO:1903508),17/557,1.5107366184649436e-11,2.2509975615127653e-09,0,0,10.70701754385965,266.7743216981924,MED1;CD74;HDAC1;STAT3;BRCA1;TNF;EGFR;CD4;IL6;CDH1;IL1B;MYC;AKT1;CTNNB1;EP300;TP53;FOXA2
GO_Biological_Process_2023,Ribonucleoprotein Complex Biogenesis (GO:0022613),10/118,1.8139176797901787e-11,2.457033948079424e-09,0,0,28.671875,709.139966278405,RPL5;RPS14;RPS9;RPS16;RPS5;RPS6;MRTO4;RPL11;RPS11;RPS23
GO_Biological_Process_2023,Positive Regulation Of Protein Phosphorylation (GO:0001934),14/377,9.204807126452329e-11,1.1429302182011644e-08,0,0,12.574931129476584,290.59043877312376,CD74;APP;HSP90AA1;HSP90AB1;SRC;PLK1;TNF;EGFR;CD4;IL6;IL1B;RACK1;AKT1;TP53
GO_Biological_Process_2023,Negative Regulation Of Programmed Cell Death (GO:0043069),14/381,1.0577420706959476e-10,1.2123351425668938e-08,0,0,12.435331516802906,285.6360136059911,MED1;CD74;SRC;HDAC1;PLK1;EGFR;IL6;MYC;ALB;BCL2;CDK1;AKT1;CTNNB1;TP53
GO_Biological_Process_2023,Negative Regulation Of Apoptotic Process (GO:0043066),15/482,2.1432224342269162e-10,2.281001019284361e-08,0,0,10.593583275868326,235.8506694879391,MED1;CD74;SRC;HDAC1;PLK1;TNF;EGFR;IL6;MYC;ALB;BCL2;CDK1;AKT1;CTNNB1;TP53
GO_Biological_Process_2023,Regulation Of Cell Population Proliferation (GO:0042127),18/766,2.500825276269497e-10,2.484153107761033e-08,0,0,8.241119174942705,182.2048004667293,APP;RPS9;HDAC1;RPS6;STAT3;FN1;RHOA;EGFR;CXCL5;ACTB;IL6;IL1B;MYC;BCL2;SCGB3A1;AKT1;CTNNB1;TP53
GO_Biological_Process_2023,Ribosome Biogenesis (GO:0042254),10/155,2.7396192201879444e-10,2.5512703988000236e-08,0,0,21.31573275862069,469.3304857681547,RPL5;RPS14;RPS9;RPS16;RPS5;RPS6;MRTO4;RPL11;RPS11;RPS23
GO_Biological_Process_2023,Positive Regulation Of Cellular Process (GO:0048522),16/594,4.0905414598178285e-10,3.585239279487391e-08,0,0,9.234220260112158,199.61774226081636,RPS9;HSP90AB1;HDAC1;RPS6;FN1;TNF;EGFR;CXCL5;ACTB;CDC42;IL6;IL1B;MYC;BCL2;AKT1;CTNNB1
GO_Biological_Process_2023,Positive Regulation Of NIK/NF-kappaB Signaling (GO:1901224),7/53,9.550347615910652e-10,7.905565526503819e-08,0,0,45.15249837767684,937.78458243968,APP;IL1B;RPS3;EP300;TNF;RHOA;EGFR
GO_Biological_Process_2023,Regulation Of Peptidyl-Serine Phosphorylation (GO:0033135),8/93,1.8852231544806103e-09,1.4784118421979524e-07,0,0,28.293761140819964,568.3995819632282,APP;HSP90AA1;IL6;HSP90AB1;RACK1;AKT1;TNF;EGFR
GO_Biological_Process_2023,Positive Regulation Of Cell Population Proliferation (GO:0008284),14/483,2.3070231076160354e-09,1.7187322151739464e-07,0,0,9.680099502487565,192.51111874231907,CD74;RPS9;HDAC1;RPS6;FN1;TNF;EGFR;CXCL5;ACTB;IL6;IL1B;MYC;BCL2;AKT1
GO_Biological_Process_2023,Positive Regulation Of Transferase Activity (GO:0051347),9/143,2.822451349978594e-09,2.0025964340324319e-07,0,0,20.45097588978186,402.590959191014,CD74;HSP90AA1;CD4;HSP90AB1;MYC;PLK1;CTNNB1;RPS2;EGFR
GO_Biological_Process_2023,Cellular Response To Organic Cyclic Compound (GO:0071407),9/152,4.835647336303341e-09,3.275052059587264e-07,0,0,19.155137170521787,366.7682161161808,MED1;CDH1;IL1B;CTNNB1;ADCY2;BRCA1;TNF;EGFR;ACTB
GO_Biological_Process_2023,Regulation Of Protein-Containing Complex Assembly (GO:0043254),8/119,1.3449244417894622e-08,8.712771383766514e-07,0,0,21.63800163800164,392.1745615652984,CDC42;HSP90AA1;MMP1;SRC;RPS3;RACK1;EP300;TNF
GO_Biological_Process_2023,Regulation Of Telomerase Activity (GO:0051972),6/45,1.5157716347955802e-08,9.41041556602256e-07,0,0,44.99321266968326,810.0918204871278,HSP90AA1;HSP90AB1;SRC;MYC;CTNNB1;TP53
GO_Biological_Process_2023,Regulation Of Gene Expression (GO:0010468),19/1127,1.7629539763493008e-08,1.0507205699041832e-06,0,0,5.86711519527404,104.74965557495128,MED1;CD74;APP;RPL5;HDAC1;RPL11;STAT3;FN1;BRCA1;TNF;IL6;IL36B;CDH1;IL1B;MYC;RPS3;RACK1;AKT1;TP53
GO_Biological_Process_2023,Regulation Of NIK/NF-kappaB Signaling (GO:1901222),7/83,2.3556800499912238e-08,1.3499858748026626e-06,0,0,27.28790259230165,479.2806631361629,APP;IL1B;RPS3;EP300;TNF;RHOA;EGFR
GO_Biological_Process_2023,Ribosomal Small Subunit Biogenesis (GO:0042274),7/84,2.5623028381194386e-08,1.414011566221468e-06,0,0,26.93215739484396,470.76803385006633,RPS14;RPS9;RPS16;RPS5;RPS6;RPS11;RPS23
GO_Biological_Process_2023,Cytokine-Mediated Signaling Pathway (GO:0019221),10/257,3.5963037847699414e-08,1.9137473711811477e-06,0,0,12.44876012145749,213.38138571915405,CD4;IL6;IL36B;SRC;IL1B;STAT3;AKT1;TP53;TNF;CXCL5
GO_Biological_Process_2023,Positive Regulation Of Peptidyl-Serine Phosphorylation (GO:0033138),7/89,3.841113276440717e-08,1.9735375109988515e-06,0,0,25.28358208955224,431.7151036589539,APP;HSP90AA1;IL6;HSP90AB1;AKT1;TNF;EGFR
GO_Biological_Process_2023,Positive Regulation Of Nitric Oxide Biosynthetic Process (GO:0045429),5/27,4.5791188655469614e-08,2.274295703221657e-06,0,0,65.55994729907773,1107.9089667879955,HSP90AA1;HSP90AB1;IL1B;AKT1;TNF
GO_Biological_Process_2023,Regulation Of Protein Phosphorylation (GO:0001932),10/265,4.7991150724510986e-08,2.3066714380490765e-06,0,0,12.053308823529411,203.12536401412424,CD74;APP;HSP90AA1;CD4;IL1B;FN1;RACK1;AKT1;TNF;EGFR
GO_Biological_Process_2023,Positive Regulation Of Nitric Oxide Metabolic Process (GO:1904407),5/28,5.5585798379136216e-08,2.58821373702853e-06,0,0,62.70636420919975,1047.5310147070095,HSP90AA1;HSP90AB1;IL1B;AKT1;TNF
GO_Biological_Process_2023,Positive Regulation Of Protein-Containing Complex Assembly (GO:0031334),7/98,7.511242058109526e-08,3.3914395959343e-06,0,0,22.77267508610792,373.56933628947286,HSP90AA1;MMP1;SRC;RPS3;RACK1;TP53;TNF
GO_Biological_Process_2023,Positive Regulation Of DNA-templated Transcription (GO:0045893),19/1243,8.366829695928933e-08,3.6666400726276792e-06,0,0,5.278342245989305,86.01800666991494,MED1;CD74;APP;HDAC1;STAT3;BRCA1;TNF;EGFR;ACTB;CD4;IL6;CDH1;IL1B;MYC;AKT1;CTNNB1;EP300;TP53;FOXA2
GO_Biological_Process_2023,Positive Regulation Of Protein Modification Process (GO:0031401),9/225,1.4415634444974537e-07,6.136941520860588e-06,0,0,12.634615384615383,199.0251035087689,CD74;APP;HSP90AA1;CD4;IL1B;RACK1;AKT1;TNF;EGFR
GO_Biological_Process_2023,Cellular Response To Lipid (GO:0071396),9/228,1.6132937869306049e-07,6.677243729240557e-06,0,0,12.459641728134878,194.86652562696665,MED1;IL6;IL36B;IL1B;WNT7B;ADCY2;RHOA;EGFR;CXCL5
GO_Biological_Process_2023,Positive Regulation Of Phosphorylation (GO:0042327),9/231,1.80256766934162e-07,7.258988722483821e-06,0,0,12.28939708939709,190.84061592673112,CD74;APP;HSP90AA1;CD4;IL1B;RACK1;AKT1;TNF;EGFR
GO_Biological_Process_2023,Cellular Response To Cytokine Stimulus (GO:0071345),10/308,1.9499329144850458e-07,7.645789585743995e-06,0,0,10.291526845637584,159.0071842399445,CD4;IL6;IL36B;IL1B;STAT3;RPS3;AKT1;BRCA1;GAPDH;RHOA
GO_Biological_Process_2023,Negative Regulation Of Extrinsic Apoptotic Signaling Pathway (GO:2001237),6/70,2.26853774356667e-07,8.666977533113688e-06,0,0,27.38327205882353,418.93558917815886,SRC;IL1B;BCL2;AKT1;BRCA1;TNF
GO_Biological_Process_2023,Positive Regulation Of Cellular Biosynthetic Process (GO:0031328),8/174,2.582057560098768e-07,9.618164411367907e-06,0,0,14.428623585250092,218.87513628559972,RPL5;HSP90AA1;IL6;HSP90AB1;IL1B;AKT1;CTNNB1;TNF
GO_Biological_Process_2023,Positive Regulation Of Cytokine Production (GO:0001819),10/320,2.7743560540207825e-07,9.922083477122436e-06,0,0,9.887096774193548,149.27219339933652,CD74;APP;CD4;IL6;IL1B;STAT3;RPS3;BRCA1;TNF;GAPDH
GO_Biological_Process_2023,Cellular Response To Oxygen-Containing Compound (GO:1901701),11/406,2.79682889959156e-07,9.922083477122436e-06,0,0,8.63335342575849,130.2739311056189,IL6;IL36B;CDH1;IL1B;WNT7B;RPS3;AKT1;RHOA;EGFR;CXCL5;ACTB
GO_Biological_Process_2023,Positive Regulation Of DNA-binding Transcription Factor Activity (GO:0051091),9/246,3.068167184925093e-07,1.0631556059391602e-05,0,0,11.50282375851996,172.50802362144267,APP;IL6;IL1B;STAT3;RPS3;AKT1;CTNNB1;EP300;TNF
GO_Biological_Process_2023,Regulation Of Nitric Oxide Biosynthetic Process (GO:0045428),5/39,3.155055395515519e-07,1.0684164862086644e-05,0,0,42.39556692242114,634.6230397820457,HSP90AA1;HSP90AB1;IL1B;AKT1;TNF
GO_Biological_Process_2023,Positive Regulation Of Interleukin-6 Production (GO:0032755),6/76,3.716920706934854e-07,1.2307137451850965e-05,0,0,25.02857142857143,370.5530080272888,CD74;APP;IL6;IL1B;STAT3;TNF
GO_Biological_Process_2023,Response To Cytokine (GO:0034097),7/125,3.999640982417002e-07,1.295535883435072e-05,0,0,17.538072350113836,258.3689710584194,CD74;APP;SRC;IL1B;BCL2;RHOA;FOXA2
GO_Biological_Process_2023,Positive Regulation Of miRNA Transcription (GO:1902895),5/43,5.214589628725139e-07,1.653135861021374e-05,0,0,37.92524790236461,548.6507284030585,MYC;STAT3;TNF;TP53;EGFR
GO_Biological_Process_2023,Regulation Of Cell Migration (GO:0030334),11/434,5.415063210992838e-07,1.6809258717456934e-05,0,0,8.05032083755488,116.15736366949864,CDC42;CD74;CDH1;SRC;HDAC1;IL1B;STAT3;RACK1;AKT1;RHOA;EGFR
GO_Biological_Process_2023,Positive Regulation Of Protein Metabolic Process (GO:0051247),8/196,6.39116890174432e-07,1.943437074203885e-05,0,0,12.725983236621534,181.51297014296085,APP;RPL5;HSP90AA1;IL6;IL1B;PLK1;AKT1;TNF
GO_Biological_Process_2023,Regulation Of Fibroblast Proliferation (GO:0048145),5/46,7.361911039331965e-07,2.193849489720925e-05,0,0,35.14492753623188,496.3087977117033,CD74;MYC;FN1;CTNNB1;TP53
GO_Biological_Process_2023,Positive Regulation Of miRNA Metabolic Process (GO:2000630),5/49,1.0153399467171075e-06,2.9119159471321148e-05,0,0,32.7437417654809,451.8730363934952,MYC;STAT3;TNF;TP53;EGFR
GO_Biological_Process_2023,Regulation Of Peptidyl-Tyrosine Phosphorylation (GO:0050730),6/90,1.0162391224890602e-06,2.9119159471321148e-05,0,0,20.84243697478992,287.61316396785065,CD74;APP;IL6;SRC;TP53;EGFR
GO_Biological_Process_2023,Positive Regulation Of NF-kappaB Transcription Factor Activity (GO:0051092),7/152,1.4980751910467115e-06,4.167951380354172e-05,0,0,14.252907874420998,191.1504435496481,APP;IL6;IL1B;STAT3;RPS3;EP300;TNF
GO_Biological_Process_2023,Positive Regulation Of Chemokine Production (GO:0032722),5/53,1.5105327150276865e-06,4.167951380354172e-05,0,0,30.00905797101449,402.2128497602407,APP;CD74;IL6;IL1B;TNF
GO_Biological_Process_2023,Negative Regulation Of Protein Modification By Small Protein Conjugation Or Removal (GO:1903321),5/54,1.6598929805119627e-06,4.416500966005044e-05,0,0,29.395149364093463,391.2129124243604,RPL5;RPL11;RPS3;AKT1;CTNNB1
GO_Biological_Process_2023,Regulation Of Smooth Muscle Cell Proliferation (GO:0048660),5/54,1.6598929805119627e-06,4.416500966005044e-05,0,0,29.395149364093463,391.2129124243604,IL6;HDAC1;AKT1;CTNNB1;TNF
GO_Biological_Process_2023,Regulation Of Cell Growth (GO:0001558),8/227,1.92668929814778e-06,5.036433428491566e-05,0,0,10.907430469074304,143.53859365054544,CDC42;BCL2;RACK1;SCGB3A1;AKT1;BRCA1;TP53;EGFR
GO_Biological_Process_2023,rRNA Processing (GO:0006364),6/101,2.003320526569763e-06,5.146461352739564e-05,0,0,18.41888544891641,241.66875302573504,RPL5;RPS14;RPS16;RPS6;MRTO4;RPL11
GO_Biological_Process_2023,Regulation Of miRNA Transcription (GO:1902893),5/59,2.590207069862552e-06,6.541370396771529e-05,0,0,26.666666666666668,343.03393961852686,MYC;STAT3;TNF;TP53;EGFR
GO_Biological_Process_2023,Regulation Of Glial Cell Proliferation (GO:0060251),3/8,2.686751421572928e-06,6.67209936357277e-05,0,0,168.34647887323945,2159.410207103829,IL6;IL1B;TNF
GO_Biological_Process_2023,Positive Regulation Of Interleukin-8 Production (GO:0032757),5/61,3.0603418192539438e-06,7.47526116506291e-05,0,0,25.711697722567287,326.4610131204232,CD74;IL6;IL1B;STAT3;TNF
GO_Biological_Process_2023,Regulation Of Nitric-Oxide Synthase Activity (GO:0050999),4/28,3.3047634110508085e-06,7.942092713654363e-05,0,0,47.385714285714286,598.0146170755667,IL1B;AKT1;TNF;EGFR
GO_Biological_Process_2023,Regulation Of Protein Ubiquitination (GO:0031396),6/113,3.856609473284001e-06,9.121187484433592e-05,0,0,16.343320505772404,203.731292192809,HSP90AA1;HSP90AB1;RPS3;AKT1;CTNNB1;BRCA1
GO_Biological_Process_2023,Regulation Of Interleukin-6 Production (GO:0032675),6/114,4.059025548174845e-06,9.44991885434456e-05,0,0,16.191176470588236,201.00645523737293,CD74;APP;IL6;IL1B;STAT3;TNF
GO_Biological_Process_2023,Positive Regulation Of Protein Serine/Threonine Kinase Activity (GO:0071902),6/117,4.718745308102079e-06,0.00010816816167803228,0,0,15.751192368839428,193.172113160416,SRC;IL1B;AKT1;TNF;RHOA;EGFR
GO_Biological_Process_2023,Regulation Of Mitochondrial Depolarization (GO:0051900),3/10,5.72677708497646e-06,0.0001292863311608322,0,0,120.2354124748491,1451.2844306265506,SRC;BCL2;RACK1
GO_Biological_Process_2023,Positive Regulation Of Telomerase Activity (GO:0051973),4/33,6.5129500742911855e-06,0.0001446463513894416,0,0,39.20591133004926,468.1859387605949,HSP90AA1;HSP90AB1;MYC;CTNNB1
GO_Biological_Process_2023,Cellular Response To Lipopolysaccharide (GO:0071222),6/124,6.601309996296664e-06,0.0001446463513894416,0,0,14.811565304087736,176.67594192733185,IL6;IL36B;IL1B;TNF;RHOA;CXCL5
GO_Biological_Process_2023,Positive Regulation Of Apoptotic Process (GO:0043065),8/270,6.938690854608984e-06,0.000148439773292651,0,0,9.09738607448531,108.0623674478899,IL6;RPS6;BCL2;RPS3;RACK1;CTNNB1;TP53;TNF
GO_Biological_Process_2023,Negative Regulation Of Catabolic Process (GO:0009895),5/72,6.97368062448696e-06,0.000148439773292651,0,0,21.478477179320787,255.02185086993904,RPL5;IL1B;RPL11;TNF;EGFR
GO_Biological_Process_2023,Regulation Of Programmed Cell Death (GO:0043067),7/195,7.792212519431814e-06,0.00016352671343596343,0,0,10.969037789774532,129.02205343800543,HSP90AA1;ALB;RPS3;AKT1;TP53;TNF;ACTB
GO_Biological_Process_2023,Positive Regulation Of Cell Differentiation (GO:0045597),8/283,9.775819798244782e-06,0.00020230515971367675,0,0,8.661597796143251,99.91671531378182,IL6;HSP90AB1;IL1B;WNT7B;AKT1;CTNNB1;RHOA;ACTB
GO_Biological_Process_2023,Regulation Of Leukocyte Adhesion To Vascular Endothelial Cell (GO:1904994),3/12,1.0443377148097949e-05,0.0002077777876902054,0,0,93.50704225352112,1072.4829994960912,IL6;TNF;RHOA
GO_Biological_Process_2023,Positive Regulation Of Neuroinflammatory Response (GO:0150078),3/12,1.0443377148097949e-05,0.0002077777876902054,0,0,93.50704225352112,1072.4829994960912,IL6;IL1B;TNF
GO_Biological_Process_2023,Regulation Of MAPK Cascade (GO:0043408),7/204,1.0458613474339198e-05,0.0002077777876902054,0,0,10.463141147056596,119.99218851691444,CD74;CD4;IL6;IL1B;FN1;TNF;EGFR
GO_Biological_Process_2023,Regulation Of Protein Kinase B Signaling (GO:0051896),6/136,1.1218365928058806e-05,0.0002199390162211529,0,0,13.436199095022625,153.14523709884415,HSP90AA1;HSP90AB1;SRC;RACK1;TNF;EGFR
GO_Biological_Process_2023,Regulation Of Interleukin-8 Production (GO:0032677),5/81,1.2444641303771228e-05,0.0002408118901638848,0,0,18.926392067124333,213.75884423606777,CD74;IL6;IL1B;STAT3;TNF
GO_Biological_Process_2023,Positive Regulation Of Multicellular Organismal Process (GO:0051240),9/387,1.2627150732505207e-05,0.00024121095630042,0,0,7.160439560439561,80.76733258744757,MED1;IL6;HDAC1;IL1B;CTNNB1;TNF;GAPDH;ACTB;FOXA2
GO_Biological_Process_2023,Positive Regulation Of Intrinsic Apoptotic Signaling Pathway (GO:2001244),4/39,1.287349249979027e-05,0.0002428038458821203,0,0,32.475102040816324,365.6806971932668,MYC;RACK1;RPS3;TP53
GO_Biological_Process_2023,Interleukin-6-Mediated Signaling Pathway (GO:0070102),3/13,1.354032030247455e-05,0.0002521884656335885,0,0,84.15211267605633,943.3316038712708,IL6;SRC;STAT3
GO_Biological_Process_2023,Regulation Of Cell Cycle (GO:0051726),8/298,1.4210963270892269e-05,0.00026141154658801825,0,0,8.207314524555905,91.6059150479268,HSP90AB1;MYC;PLK1;STAT3;RACK1;BRCA1;TP53;ACTB
GO_Biological_Process_2023,Positive Regulation Of Protein Localization (GO:1903829),5/85,1.5750149235752675e-05,0.00028295398780911474,0,0,17.97644927536232,198.79545344071124,HSP90AB1;PLK1;CDK1;AKT1;TNF
GO_Biological_Process_2023,Regulation Of Chemokine Production (GO:0032642),4/41,1.5761866435004378e-05,0.00028295398780911474,0,0,30.71660231660232,339.66164053409784,APP;CD74;IL6;TNF
GO_Biological_Process_2023,Positive Regulation Of Acute Inflammatory Response (GO:0002675),3/14,1.7187351153282155e-05,0.0003048708716475049,0,0,76.49807938540333,839.2861967605106,IL6;IL1B;TNF
GO_Biological_Process_2023,Negative Regulation Of Protein Metabolic Process (GO:0051248),6/147,1.7473247270379177e-05,0.0003062957462689997,0,0,12.3811013767209,135.63297933311293,HSP90AB1;RPS3;RACK1;AKT1;GAPDH;EGFR
GO_Biological_Process_2023,protein-RNA Complex Assembly (GO:0022618),6/150,1.9594484300671356e-05,0.0003394858326511665,0,0,12.121323529411764,131.39832823428006,RPL5;RPS14;HSP90AA1;HSP90AB1;RPS5;RPL11
GO_Biological_Process_2023,Regulation Of Monocyte Differentiation (GO:0045655),3/15,2.1427114163872624e-05,0.0003635333658884493,0,0,70.11971830985915,753.84681346562,CD74;CD4;MYC
GO_Biological_Process_2023,Apoptotic Process (GO:0006915),7/228,2.1470426978646663e-05,0.0003635333658884493,0,0,9.315526440197203,100.1310478783705,APP;IL1B;MYC;BCL2;AKT1;EP300;GAPDH
GO_Biological_Process_2023,rRNA Metabolic Process (GO:0016072),5/91,2.194869390660113e-05,0.0003674556620318616,0,0,16.71722278395686,179.3223542289006,RPL5;RPS16;RPS6;MRTO4;RPL11
GO_Biological_Process_2023,Cellular Response To Growth Factor Stimulus (GO:0071363),6/155,2.358806725762288e-05,0.0003905135579317566,0,0,11.711606790367153,124.7844719793672,MED1;HDAC1;RACK1;AKT1;CTNNB1;EGFR
GO_Biological_Process_2023,Positive Regulation Of Protein Kinase B Signaling (GO:0051897),5/93,2.438853617534344e-05,0.0003993287791347442,0,0,16.335638998682477,173.50731301535853,HSP90AA1;HSP90AB1;SRC;TNF;EGFR
GO_Biological_Process_2023,Positive Regulation Of Smooth Muscle Cell Proliferation (GO:0048661),4/47,2.729941470117131e-05,0.0004409284299447567,0,0,26.422591362126244,277.66564041307447,IL6;HDAC1;AKT1;TNF
GO_Biological_Process_2023,Negative Regulation Of Cellular Process (GO:0048523),10/537,2.7521036231451253e-05,0.0004409284299447567,0,0,5.751601043643264,60.39503123279666,APP;IL6;IL1B;MYC;RACK1;SCGB3A1;CTNNB1;BRCA1;TP53;ACTB
GO_Biological_Process_2023,Regulation Of Intrinsic Apoptotic Signaling Pathway (GO:2001242),4/48,2.9698077437941963e-05,0.00047074612109078217,0,0,25.820779220779222,269.1668602681278,SRC;RACK1;BCL2;TP53
GO_Biological_Process_2023,Regulation Of Ubiquitin Protein Ligase Activity (GO:1904666),3/17,3.18530392992831e-05,0.0004943857141242898,0,0,60.096579476861166,622.2626856921862,RPL5;PLK1;RPL11
GO_Biological_Process_2023,Positive Regulation Of Leukocyte Adhesion To Vascular Endothelial Cell (GO:1904996),3/17,3.18530392992831e-05,0.0004943857141242898,0,0,60.096579476861166,622.2626856921862,IL6;TNF;RHOA
GO_Biological_Process_2023,Intrinsic Apoptotic Signaling Pathway In Response To DNA Damage (GO:0008630),4/49,3.224767634672601e-05,0.0004953509047074408,0,0,25.24571428571429,261.0928072228458,BCL2;EP300;BRCA1;TP53
GO_Biological_Process_2023,Regulation Of ERK1 And ERK2 Cascade (GO:0070372),7/244,3.31376717533515e-05,0.0005038278664540178,0,0,8.67957679954657,89.52844424786281,CD74;APP;CD4;IL1B;FN1;TNF;EGFR
GO_Biological_Process_2023,Positive Regulation Of Programmed Cell Death (GO:0043068),7/245,3.401243577011342e-05,0.0005119043363380707,0,0,8.642669007901668,88.92255756397905,IL6;RPS6;BCL2;RACK1;CTNNB1;TP53;TNF
GO_Biological_Process_2023,ncRNA Processing (GO:0034470),5/100,3.462786095496357e-05,0.0005156584098092799,0,0,15.126620900076276,155.36328407117355,RPL5;RPS16;RPS6;MRTO4;RPL11
GO_Biological_Process_2023,Ribosome Assembly (GO:0042255),4/50,3.4954026436736424e-05,0.0005156584098092799,0,0,24.695652173913043,253.41386407327417,RPL5;RPS14;RPS5;RPL11
GO_Biological_Process_2023,Positive Regulation Of Transcription By RNA Polymerase II (GO:0045944),13/938,3.583171053328994e-05,0.0005234240068098236,0,0,4.37772264067346,44.81333392690208,MED1;APP;HDAC1;STAT3;BRCA1;TNF;EGFR;IL6;MYC;CTNNB1;EP300;TP53;FOXA2
GO_Biological_Process_2023,Positive Regulation Of Protein Localization To Plasma Membrane (GO:1903078),4/51,3.782302217151376e-05,0.0005308595010700128,0,0,24.16899696048632,246.10304932324303,RACK1;AKT1;TNF;EGFR
GO_Biological_Process_2023,Negative Regulation Of Lipid Catabolic Process (GO:0050995),3/18,3.812212524462508e-05,0.0005308595010700128,0,0,56.08732394366197,570.6725771438854,IL1B;AKT1;TNF
GO_Biological_Process_2023,Negative Regulation Of Nervous System Development (GO:0051961),3/18,3.812212524462508e-05,0.0005308595010700128,0,0,56.08732394366197,570.6725771438854,IL6;IL1B;TNF
GO_Biological_Process_2023,Positive Regulation Of Cyclin-Dependent Protein Kinase Activity (GO:1904031),3/18,3.812212524462508e-05,0.0005308595010700128,0,0,56.08732394366197,570.6725771438854,HSP90AB1;AKT1;EGFR
GO_Biological_Process_2023,Positive Regulation Of Cytokine Production Involved In Inflammatory Response (GO:1900017),3/18,3.812212524462508e-05,0.0005308595010700128,0,0,56.08732394366197,570.6725771438854,IL6;STAT3;TNF
GO_Biological_Process_2023,Cellular Response To Alcohol (GO:0097306),4/53,4.407291589281146e-05,0.0006080430062989729,0,0,23.180174927113704,232.4893918555219,CDH1;CTNNB1;ADCY2;BRCA1
GO_Biological_Process_2023,Regulation Of Neuroinflammatory Response (GO:0150077),3/19,4.514979768815621e-05,0.0006171853078472729,0,0,52.57922535211268,526.0827410692776,IL6;IL1B;TNF
GO_Biological_Process_2023,Mitotic DNA Damage Checkpoint Signaling (GO:0044773),4/56,5.481935194434282e-05,0.0007425530399733709,0,0,21.83956043956044,214.27813285185877,PLK1;CDK1;BRCA1;TP53
GO_Biological_Process_2023,Positive Regulation Of Signal Transduction (GO:0009967),7/266,5.726617713567335e-05,0.0007687081435329126,0,0,7.933440903590157,77.49226711555589,CD74;IL6;SRC;IL1B;STAT3;RPS3;KLK6
GO_Biological_Process_2023,Positive Regulation Of Interleukin-1 Beta Production (GO:0032731),4/57,5.879225481582187e-05,0.0007821469613890588,0,0,21.42641509433962,208.72543190961235,APP;IL6;STAT3;TNF
GO_Biological_Process_2023,Response To Organic Cyclic Compound (GO:0014070),4/58,6.297115724040981e-05,0.0008303276485682355,0,0,21.02857142857143,203.4058755965021,IL1B;STAT3;CTNNB1;TNF
GO_Biological_Process_2023,Negative Regulation Of Macromolecule Metabolic Process (GO:0010605),6/186,6.542965678811391e-05,0.0008537443053219905,0,0,9.679411764705884,93.25663079322769,APP;HSP90AB1;HDAC1;STAT3;RACK1;TNF
GO_Biological_Process_2023,Positive Regulation Of Cell Migration (GO:0030335),7/272,6.589301685371068e-05,0.0008537443053219905,0,0,7.751450295691354,74.62691787099463,CDC42;SRC;IL1B;STAT3;FN1;RACK1;EGFR
GO_Biological_Process_2023,Negative Regulation Of Extrinsic Apoptotic Signaling Pathway In Absence Of Ligand (GO:2001240),3/22,7.118503663493729e-05,0.0008988619032716657,0,0,44.27057079318013,422.79404127890905,IL1B;BCL2;TNF
GO_Biological_Process_2023,Negative Regulation Of Signal Transduction In Absence Of Ligand (GO:1901099),3/22,7.118503663493729e-05,0.0008988619032716657,0,0,44.27057079318013,422.79404127890905,IL1B;BCL2;TNF
GO_Biological_Process_2023,Negative Regulation Of Cell Development (GO:0010721),3/22,7.118503663493729e-05,0.0008988619032716657,0,0,44.27057079318013,422.79404127890905,IL6;IL1B;TNF
GO_Biological_Process_2023,Cellular Response To Molecule Of Bacterial Origin (GO:0071219),5/117,7.339750614116238e-05,0.00091901079117926,0,0,12.819616977225673,122.03788985024453,IL6;IL36B;IL1B;RHOA;CXCL5
GO_Biological_Process_2023,Regulation Of Protein Binding (GO:0043393),5/118,7.642586495740167e-05,0.0009489544898877374,0,0,12.705527767089906,120.43810378209334,APP;RPL11;PLK1;RACK1;AKT1
GO_Biological_Process_2023,Cellular Response To Tumor Necrosis Factor (GO:0071356),5/119,7.95496043813383e-05,0.0009795777729602816,0,0,12.59344012204424,118.87111564330338,RPS3;AKT1;BRCA1;TP53;TNF
GO_Biological_Process_2023,Cellular Response To Interleukin-6 (GO:0071354),3/23,8.16454756914462e-05,0.0009838472820868304,0,0,42.05492957746479,395.86827327793856,IL6;SRC;STAT3
GO_Biological_Process_2023,Cell Junction Organization (GO:0034330),4/62,8.187722347568253e-05,0.0009838472820868304,0,0,19.5743842364532,184.20062650943277,CDC42;APP;WNT7B;RHOA
GO_Biological_Process_2023,Positive Regulation Of Apoptotic Signaling Pathway (GO:2001235),4/62,8.187722347568253e-05,0.0009838472820868304,0,0,19.5743842364532,184.20062650943277,RACK1;RPS3;TNF;TP53
GO_Biological_Process_2023,Positive Regulation Of Interleukin-1 Production (GO:0032732),4/64,9.27376375566713e-05,0.0010832933363507,0,0,18.92,175.68612801776888,APP;IL6;STAT3;TNF
GO_Biological_Process_2023,Positive Regulation Of Vascular Endothelial Growth Factor Production (GO:0010575),3/24,9.306144097509942e-05,0.0010832933363507,0,0,40.05030181086519,371.7569391075242,IL6;IL1B;BRCA1
GO_Biological_Process_2023,Protein Kinase B Signaling (GO:0043491),3/24,9.306144097509942e-05,0.0010832933363507,0,0,40.05030181086519,371.7569391075242,IL1B;AKT1;TNF
GO_Biological_Process_2023,Negative Regulation Of Cell Junction Assembly (GO:1901889),3/24,9.306144097509942e-05,0.0010832933363507,0,0,40.05030181086519,371.7569391075242,SRC;IL1B;TNF
GO_Biological_Process_2023,Positive Regulation Of DNA Biosynthetic Process (GO:2000573),4/65,9.854339481142582e-05,0.0011382144051862,0,0,18.60889929742389,171.6673481756769,HSP90AA1;HSP90AB1;MYC;CTNNB1
GO_Biological_Process_2023,Regulation Of Translation (GO:0006417),6/202,0.00010314070830571031,0.0011821511951962,0,0,8.882052821128452,81.53206134920775,APP;RPL5;IL6;RPS3;RACK1;GAPDH
GO_Biological_Process_2023,Negative Regulation Of Proteolysis Involved In Protein Catabolic Process (GO:1903051),3/25,0.0001054709694470706,0.0011905435187586,0,0,38.22791293213828,350.0558587039102,RPL5;HSP90AB1;RPL11
GO_Biological_Process_2023,Positive Regulation Of Interleukin-2 Production (GO:0032743),3/25,0.0001054709694470706,0.0011905435187586,0,0,38.22791293213828,350.0558587039102,CD4;IL1B;RPS3
GO_Biological_Process_2023,Regulation Of Neurogenesis (GO:0050767),4/67,0.000110940530740498,0.0012428676000251,0,0,18.016326530612243,164.0659704841799,IL6;IL1B;CTNNB1;TNF
GO_Biological_Process_2023,Regulation Of Intracellular Signal Transduction (GO:1902531),7/297,0.0001140767775563746,0.001268465660888,0,0,7.07421513124035,64.22424431612448,RPL5;IL1B;RPL11;AKT1;EP300;TNF;EGFR
GO_Biological_Process_2023,Negative Regulation Of Cell Differentiation (GO:0045596),6/207,0.0001179303211953836,0.001283901205751,0,0,8.65891132572432,78.32346029780169,MED1;IL6;TNF;EGFR;ACTB;FOXA2
GO_Biological_Process_2023,Regulation Of Vascular Endothelial Growth Factor Production (GO:0010574),3/26,0.0001189116552977482,0.001283901205751,0,0,36.56399265156154,330.43354514929257,IL6;IL1B;BRCA1
GO_Biological_Process_2023,Cellular Response To Xenobiotic Stimulus (GO:0071466),3/26,0.0001189116552977482,0.001283901205751,0,0,36.56399265156154,330.43354514929257,MYC;IL1B;TP53
GO_Biological_Process_2023,Positive Regulation Of Monooxygenase Activity (GO:0032770),3/26,0.0001189116552977482,0.001283901205751,0,0,36.56399265156154,330.43354514929257,IL1B;AKT1;TNF
GO_Biological_Process_2023,Positive Regulation Of Peptidyl-Tyrosine Phosphorylation (GO:0050731),5/130,0.00012080905743829718,0.0012886454213965,0,0,11.478840579710145,103.5540564461507,CD74;IL6;SRC;TP53;TNF
GO_Biological_Process_2023,Protein Stabilization (GO:0050821),6/208,0.00012108077784933616,0.0012886454213965,0,0,8.615608619685498,77.70462774904921,RPL5;HSP90AA1;HSP90AB1;RPL11;EP300;GAPDH
GO_Biological_Process_2023,Regulation Of Extrinsic Apoptotic Signaling Pathway In Absence Of Ligand (GO:2001239),3/27,0.00013342065307354783,0.0013683681951958,0,0,35.0387323943662,312.61569711645774,IL1B;BCL2;TNF
GO_Biological_Process_2023,Negative Regulation Of Neurogenesis (GO:0050768),3/27,0.00013342065307354783,0.0013683681951958,0,0,35.0387323943662,312.61569711645774,IL6;IL1B;TNF
GO_Biological_Process_2023,Myeloid Cell Development (GO:0061515),3/27,0.00013342065307354783,0.0013683681951958,0,0,35.0387323943662,312.61569711645774,APP;MED1;SRC
GO_Biological_Process_2023,Inflammatory Response To Wounding (GO:0090594),2/5,0.0001340817157708724,0.0013683681951958,0,0,184.47222222222223,1644.950081363305,IL6;TNF
GO_Biological_Process_2023,Positive Regulation Of Tau-Protein Kinase Activity (GO:1902949),2/5,0.0001340817157708724,0.0013683681951958,0,0,184.47222222222223,1644.950081363305,HSP90AA1;HSP90AB1
GO_Biological_Process_2023,Regulation Of Calcidiol 1-Monooxygenase Activity (GO:0060558),2/5,0.0001340817157708724,0.0013683681951958,0,0,184.47222222222223,1644.950081363305,IL1B;TNF
GO_Biological_Process_2023,Positive Regulation Of Protein Localization To Nucleus (GO:1900182),4/72,0.00014684472483192742,0.001488426122446,0,0,16.687394957983194,147.28519774576606,CDH1;PLK1;CDK1;EP300
GO_Biological_Process_2023,Positive Regulation Of MAPK Cascade (GO:0043410),7/310,0.00014866100451142275,0.0014903468089387,0,0,6.766218412886064,59.63637990405952,CD74;APP;CD4;IL6;IL1B;TNF;EGFR
GO_Biological_Process_2023,Positive Regulation Of Fibroblast Proliferation (GO:0048146),3/28,0.00014903468089387292,0.0014903468089387,0,0,33.63549295774648,296.373479337283,CD74;MYC;FN1
GO_Biological_Process_2023,Negative Regulation Of Cellular Biosynthetic Process (GO:0031327),5/137,0.00015453497385848749,0.0015287278111759,0,0,10.86627140974967,95.35251088054127,RPS3;RACK1;EP300;BRCA1;GAPDH
GO_Biological_Process_2023,Cellular Response To Reactive Oxygen Species (GO:0034614),4/73,0.0001549247647567582,0.0015287278111759,0,0,16.44472049689441,144.26247727164107,IL6;RPS3;AKT1;EGFR
GO_Biological_Process_2023,Positive Regulation Of Lymphocyte Proliferation (GO:0050671),4/74,0.0001633214951237132,0.0016009804456206,0,0,16.208979591836734,141.3388971337554,CD74;IL6;IL1B;BCL2
GO_Biological_Process_2023,Regulation Of Protein Modification By Small Protein Conjugation Or Removal (GO:1903320),3/29,0.00016579002364062602,0.001614556439376,0,0,32.34019501625136,281.5145572809918,HSP90AA1;HSP90AB1;CTNNB1
GO_Biological_Process_2023,Regulation Of DNA-templated Transcription (GO:0006355),18/1922,0.00017249609682942326,0.0016689557420509,0,0,3.0424294717887155,26.36306498776003,MED1;CD74;HDAC1;STAT3;BRCA1;TNF;EGFR;ACTB;CD4;IL6;CDH1;IL1B;MYC;AKT1;CTNNB1;EP300;TP53;FOXA2
GO_Biological_Process_2023,Positive Regulation Of Phosphate Metabolic Process (GO:0045937),3/30,0.00018372253598191249,0.00175478576034,0,0,31.140845070422536,267.87616185965635,APP;SRC;EGFR
GO_Biological_Process_2023,Mitotic G2 DNA Damage Checkpoint Signaling (GO:0007095),3/30,0.00018372253598191249,0.00175478576034,0,0,31.140845070422536,267.87616185965635,PLK1;CDK1;BRCA1
GO_Biological_Process_2023,Negative Regulation Of miRNA Processing (GO:1903799),2/6,0.0002006408738028428,0.0018544343063401,0,0,138.34722222222223,1177.8874123699968,IL6;STAT3
GO_Biological_Process_2023,Regulation Of Prostaglandin Biosynthetic Process (GO:0031392),2/6,0.0002006408738028428,0.0018544343063401,0,0,138.34722222222223,1177.8874123699968,CD74;IL1B
GO_Biological_Process_2023,Positive Regulation Of Gliogenesis (GO:0014015),2/6,0.0002006408738028428,0.0018544343063401,0,0,138.34722222222223,1177.8874123699968,IL6;TNF
GO_Biological_Process_2023,Positive Regulation Of Unsaturated Fatty Acid Biosynthetic Process (GO:2001280),2/6,0.0002006408738028428,0.0018544343063401,0,0,138.34722222222223,1177.8874123699968,CD74;IL1B
GO_Biological_Process_2023,Positive Regulation Of Protein Kinase Activity (GO:0045860),5/145,0.00020142155091900743,0.0018544343063401,0,0,10.24120082815735,87.15375149757118,HSP90AA1;CD4;HSP90AB1;SRC;RHOA
GO_Biological_Process_2023,Regulation Of Protein Localization To Cell Surface (GO:2000008),3/31,0.0002028676455929105,0.0018544343063401,0,0,30.027162977867203,255.3196691383704,HSP90AB1;CTNNB1;TNF
GO_Biological_Process_2023,Response To Estradiol (GO:0032355),3/31,0.0002028676455929105,0.0018544343063401,0,0,30.027162977867203,255.3196691383704,STAT3;CTNNB1;EGFR
GO_Biological_Process_2023,Cellular Response To UV (GO:0034644),4/79,0.00021031463177662767,0.0018992048566495,0,0,15.124571428571429,128.05832309292995,MMP1;MYC;EP300;TP53
GO_Biological_Process_2023,Negative Regulation Of Cellular Component Organization (GO:0051129),4/79,0.00021031463177662767,0.0018992048566495,0,0,15.124571428571429,128.05832309292995,CDC42;SRC;EP300;TNF
GO_Biological_Process_2023,Regulation Of I-kappaB kinase/NF-kappaB Signaling (GO:0043122),6/232,0.00021909597737770697,0.0019665843752577,0,0,7.691306611140031,64.80695466853442,CD74;CD4;IL1B;TNF;GAPDH;RHOA
GO_Biological_Process_2023,Regulation Of Protein Localization To Plasma Membrane (GO:1903076),4/80,0.0002207675734470675,0.0019697226612941,0,0,14.924812030075188,125.64303929145116,AKT1;TNF;EGFR;ACTB
GO_Biological_Process_2023,Positive Regulation Of Developmental Process (GO:0051094),6/233,0.00022423482847188877,0.0019887493715661,0,0,7.65703550142524,64.34066588986494,HSP90AB1;SRC;HDAC1;CTNNB1;TNF;FOXA2
GO_Biological_Process_2023,Positive Regulation Of Growth (GO:0045927),4/81,0.0002315896128409624,0.0020418255806688,0,0,14.730241187384044,123.3001270230926,CDC42;BCL2;AKT1;EGFR
GO_Biological_Process_2023,Cellular Response To Organic Substance (GO:0071310),4/82,0.00024278839423062608,0.0021082740318814,0,0,14.54065934065934,121.0265650601216,IL1B;STAT3;TNF;RHOA
GO_Biological_Process_2023,Negative Regulation Of Apoptotic Signaling Pathway (GO:2001234),4/82,0.00024278839423062608,0.0021082740318814,0,0,14.54065934065934,121.0265650601216,SRC;BCL2;AKT1;TNF
GO_Biological_Process_2023,Negative Regulation Of Gene Expression (GO:0010629),7/336,0.00024337123052590903,0.0021082740318814,0,0,6.22324547475389,51.783143808746686,APP;HDAC1;STAT3;RPS3;RACK1;TNF;GAPDH
GO_Biological_Process_2023,Positive Regulation Of Nitrogen Compound Metabolic Process (GO:0051173),3/33,0.00024493525063714006,0.0021095579390135,0,0,28.02253521126761,232.99383602258573,APP;AKT1;TNF
GO_Biological_Process_2023,Regulation Of Epithelial To Mesenchymal Transition (GO:0010717),4/83,0.00025437159783655346,0.0021782395446923,0,0,14.355877034358048,118.81949383689388,IL6;IL1B;CTNNB1;FOXA2
GO_Biological_Process_2023,Regulation Of Cysteine-Type Endopeptidase Activity Involved In Apoptotic Process (GO:0043281),4/84,0.00026634693852823575,0.0022548689682219,0,0,14.175714285714283,116.67620493615328,SRC;MYC;AKT1;TNF
GO_Biological_Process_2023,Regulation Of Interleukin-1 Beta Production (GO:0032651),4/84,0.00026634693852823575,0.0022548689682219,0,0,14.175714285714283,116.67620493615328,APP;IL6;STAT3;TNF
GO_Biological_Process_2023,T-helper 17 Cell Lineage Commitment (GO:0072540),2/7,0.0002802244447482213,0.0023589515405358,0,0,110.67222222222222,905.2898894159164,IL6;STAT3
GO_Biological_Process_2023,Regulation Of Insulin Secretion (GO:0050796),4/87,0.0003047034288735685,0.002550607354054,0,0,13.661273666092944,110.60401613151744,IL6;IL1B;TNF;FOXA2
GO_Biological_Process_2023,Response To Lipopolysaccharide (GO:0032496),5/159,0.0003087075939076171,0.0025696889101807,0,0,9.303594955768869,75.20203749683398,IL6;IL36B;IL1B;RHOA;CXCL5
GO_Biological_Process_2023,Positive Regulation Of DNA Repair (GO:0045739),4/89,0.00033237800706200363,0.0027513512806799,0,0,13.338487394957983,106.8311155877434,RPS3;BRCA1;EGFR;ACTB
GO_Biological_Process_2023,Positive Regulation Of Receptor Signaling Pathway Via JAK-STAT (GO:0046427),3/37,0.00034513376572125416,0.0028242419559624,0,0,24.72079536039768,197.0637605345997,IL6;EP300;TNF
GO_Biological_Process_2023,Positive Regulation Of Receptor Signaling Pathway Via STAT (GO:1904894),3/37,0.00034513376572125416,0.0028242419559624,0,0,24.72079536039768,197.0637605345997,IL6;EP300;TNF
GO_Biological_Process_2023,Regulation Of Phosphatidylinositol 3-Kinase Signaling (GO:0014066),4/90,0.0003468699851953889,0.0028242419559624,0,0,13.182724252491694,105.02097071650702,SRC;FN1;TNF;EGFR
GO_Biological_Process_2023,Positive Regulation Of MAP Kinase Activity (GO:0043406),4/91,0.00036180898264951447,0.0029298662181944,0,0,13.030541871921182,103.259149880806,IL1B;RPS3;TNF;EGFR
GO_Biological_Process_2023,Regulation Of Endothelial Cell Development (GO:1901550),2/8,0.0003727377657999936,0.0029385146615978,0,0,92.22222222222224,728.0608226495283,IL1B;TNF
GO_Biological_Process_2023,T-helper 17 Cell Differentiation (GO:0072539),2/8,0.0003727377657999936,0.0029385146615978,0,0,92.22222222222224,728.0608226495283,IL6;STAT3
GO_Biological_Process_2023,Negative Regulation Of Ubiquitin Protein Ligase Activity (GO:1904667),2/8,0.0003727377657999936,0.0029385146615978,0,0,92.22222222222224,728.0608226495283,RPL5;RPL11
GO_Biological_Process_2023,Modification-Dependent Macromolecule Catabolic Process (GO:0043632),2/8,0.0003727377657999936,0.0029385146615978,0,0,92.22222222222224,728.0608226495283,RPS27A;UBA52
GO_Biological_Process_2023,Regulation Of RNA Biosynthetic Process (GO:2001141),2/8,0.0003727377657999936,0.0029385146615978,0,0,92.22222222222224,728.0608226495283,MED1;IL1B
GO_Biological_Process_2023,Positive Regulation Of Cellular Component Biogenesis (GO:0044089),4/93,0.00039305987121728816,0.0030824168848092,0,0,12.736436597110757,99.8733867407092,MMP1;RPS3;RACK1;TNF
GO_Biological_Process_2023,Negative Regulation Of Ubiquitin-Dependent Protein Catabolic Process (GO:2000059),3/39,0.00040379485977183534,0.0031336163596876,0,0,23.34507042253521,182.43247094144303,RPL5;HSP90AB1;RPL11
GO_Biological_Process_2023,Neuron Projection Extension (GO:1990138),3/39,0.00040379485977183534,0.0031336163596876,0,0,23.34507042253521,182.43247094144303,HSP90AA1;HSP90AB1;CTNNB1
GO_Biological_Process_2023,Cell Junction Assembly (GO:0034329),4/95,0.00042619458704046113,0.0032903105424367,0,0,12.455259026687598,96.6604642882214,CDC42;CDH1;FN1;RHOA
GO_Biological_Process_2023,Positive Regulation Of Myeloid Leukocyte Differentiation (GO:0002763),3/40,0.0004353786484560862,0.0033438875577297,0,0,22.712980586220024,175.7824445775828,CD74;CD4;TNF
GO_Biological_Process_2023,Regulation Of Protein Localization (GO:0032880),4/97,0.0004612774101638421,0.0035027383181068,0,0,12.186175115207371,93.60823744649902,HSP90AA1;HSP90AB1;RACK1;CTNNB1
GO_Biological_Process_2023,Negative Regulation Of Lipid Localization (GO:1905953),2/9,0.0004780866757893366,0.0035027383181068,0,0,79.0436507936508,604.3455041138966,IL6;TNF
GO_Biological_Process_2023,Negative Regulation Of Telomerase Activity (GO:0051974),2/9,0.0004780866757893366,0.0035027383181068,0,0,79.0436507936508,604.3455041138966,SRC;TP53
GO_Biological_Process_2023,Negative Regulation Of Transforming Growth Factor Beta Production (GO:0071635),2/9,0.0004780866757893366,0.0035027383181068,0,0,79.0436507936508,604.3455041138966,HSP90AB1;FN1
GO_Biological_Process_2023,Regulation Of Tau-Protein Kinase Activity (GO:1902947),2/9,0.0004780866757893366,0.0035027383181068,0,0,79.0436507936508,604.3455041138966,HSP90AA1;HSP90AB1
GO_Biological_Process_2023,Regulation Of Transmembrane Transporter Activity (GO:0022898),2/9,0.0004780866757893366,0.0035027383181068,0,0,79.0436507936508,604.3455041138966,BCL2;ACTB
GO_Biological_Process_2023,Endothelial Tube Morphogenesis (GO:0061154),2/9,0.0004780866757893366,0.0035027383181068,0,0,79.0436507936508,604.3455041138966,CTNNB1;RHOA
GO_Biological_Process_2023,Positive Regulation Of Monocyte Differentiation (GO:0045657),2/9,0.0004780866757893366,0.0035027383181068,0,0,79.0436507936508,604.3455041138966,CD74;CD4
GO_Biological_Process_2023,Positive Regulation Of I-kappaB kinase/NF-kappaB Signaling (GO:0043123),5/175,0.0004791042644737023,0.0035027383181068,0,0,8.421142369991475,64.36777908683139,CD74;CD4;TNF;GAPDH;RHOA
GO_Biological_Process_2023,MAPK Cascade (GO:0000165),4/98,0.0004795695415394584,0.0035027383181068,0,0,12.055927051671732,92.1388890341662,IL1B;MYC;CDK1;TNF
GO_Biological_Process_2023,Modulation By Host Of Symbiont Process (GO:0051851),3/42,0.000503209336162456,0.00365747273601,0,0,21.546045503791984,163.63153520862127,CDC42;HDAC1;EP300
GO_Biological_Process_2023,Antimicrobial Humoral Response (GO:0019730),4/100,0.0005176957720029004,0.0037264091801174,0,0,11.803571428571429,89.30727091866535,FAU;PRSS3;GAPDH;CXCL5
GO_Biological_Process_2023,Response To UV (GO:0009411),4/100,0.0005176957720029004,0.0037264091801174,0,0,11.803571428571429,89.30727091866535,MYC;EP300;TP53;EGFR
GO_Biological_Process_2023,Positive Regulation Of ERK1 And ERK2 Cascade (GO:0070374),5/179,0.0005310132053654726,0.0038038926730507,0,0,8.225887056471764,62.02914121843013,CD74;APP;CD4;TNF;EGFR
GO_Biological_Process_2023,Positive Regulation Of Leukocyte Cell-Cell Adhesion (GO:1903039),3/44,0.0005774617575108717,0.0040972286604342,0,0,20.492957746478872,152.8132877823754,IL6;TNF;RHOA
GO_Biological_Process_2023,Positive Regulation Of Nucleocytoplasmic Transport (GO:0046824),3/44,0.0005774617575108717,0.0040972286604342,0,0,20.492957746478872,152.8132877823754,CDH1;IL1B;EP300
GO_Biological_Process_2023,T-helper Cell Lineage Commitment (GO:0002295),2/10,0.0005961775138681929,0.0041704436416131,0,0,69.15972222222223,513.5090074723809,IL6;STAT3
GO_Biological_Process_2023,Response To Corticosteroid (GO:0031960),2/10,0.0005961775138681929,0.0041704436416131,0,0,69.15972222222223,513.5090074723809,IL6;TNF
GO_Biological_Process_2023,Establishment Of Epithelial Cell Apical/Basal Polarity (GO:0045198),2/10,0.0005961775138681929,0.0041704436416131,0,0,69.15972222222223,513.5090074723809,CDC42;RHOA
GO_Biological_Process_2023,Positive Regulation Of Inflammatory Response (GO:0050729),4/104,0.0006003441399176902,0.0041799662078381,0,0,11.329142857142855,84.03966669016508,APP;IL6;IL1B;TNF
GO_Biological_Process_2023,Epidermal Growth Factor Receptor Signaling Pathway (GO:0007173),3/45,0.0006170712577368036,0.0042566489538325,0,0,20.004024144869216,147.84026154884708,SRC;AKT1;EGFR
GO_Biological_Process_2023,Regulation Of Apoptotic Signaling Pathway (GO:2001233),3/45,0.0006170712577368036,0.0042566489538325,0,0,20.004024144869216,147.84026154884708,RPS3;BCL2;TNF
GO_Biological_Process_2023,Cellular Response To Organonitrogen Compound (GO:0071417),4/105,0.0006223863983410444,0.0042735287259362,0,0,11.216407355021216,82.79895198091808,CDH1;CTNNB1;BRCA1;ACTB
GO_Biological_Process_2023,Transmembrane Receptor Protein Tyrosine Kinase Signaling Pathway (GO:0007169),6/284,0.0006416345926994917,0.0043854841427625,0,0,6.236140499365214,45.84493441370941,CD4;EFNA2;SRC;STAT3;AKT1;EGFR
GO_Biological_Process_2023,Positive Regulation Of Cell Growth (GO:0030307),4/106,0.0006449971271805387,0.0043883366187169,0,0,11.105882352941176,81.58675143803535,CDC42;BCL2;AKT1;EGFR
GO_Biological_Process_2023,Regulation Of Cytokine Production Involved In Inflammatory Response (GO:1900015),3/46,0.0006583755905513038,0.0044188271618083,0,0,19.537831641008843,143.12897674797932,IL6;STAT3;TNF
GO_Biological_Process_2023,Positive Regulation Of Cell-Cell Adhesion (GO:0022409),3/46,0.0006583755905513038,0.0044188271618083,0,0,19.537831641008843,143.12897674797932,IL1B;TNF;FOXA2
GO_Biological_Process_2023,Mitotic G2/M Transition Checkpoint (GO:0044818),3/46,0.0006583755905513038,0.0044188271618083,0,0,19.537831641008843,143.12897674797932,PLK1;CDK1;BRCA1
GO_Biological_Process_2023,Positive Regulation Of T Cell Activation (GO:0050870),4/107,0.0006681845493218657,0.0044645514730474,0,0,10.99750346740638,80.40215564722348,IL6;IL36B;IL1B;ACTB
GO_Biological_Process_2023,Positive Regulation Of DNA Metabolic Process (GO:0051054),4/108,0.0006919568981219764,0.0046027490098292,0,0,10.891208791208792,79.24429238367301,MYC;RPS3;BRCA1;EGFR
GO_Biological_Process_2023,Regulation Of Interleukin-2 Production (GO:0032663),3/47,0.0007014037601929577,0.0046039277651432,0,0,19.09282970550576,138.66027927312084,CD4;IL1B;RPS3
GO_Biological_Process_2023,Regulation Of Signal Transduction By P53 Class Mediator (GO:1901796),3/47,0.0007014037601929577,0.0046039277651432,0,0,19.09282970550576,138.66027927312084,RPL5;RPL11;EP300
GO_Biological_Process_2023,Positive Regulation Of Epithelial To Mesenchymal Transition (GO:0010718),3/47,0.0007014037601929577,0.0046039277651432,0,0,19.09282970550576,138.66027927312084,IL6;IL1B;CTNNB1
GO_Biological_Process_2023,Regulation Of Proteasomal Ubiquitin-Dependent Protein Catabolic Process (GO:0032434),4/109,0.0007163224167889381,0.0046607877773603,0,0,10.786938775510205,78.11232475520976,HSP90AB1;RPL11;PLK1;RACK1
GO_Biological_Process_2023,Positive Regulation Of Cysteine-Type Endopeptidase Activity Involved In Apoptotic Process (GO:0043280),4/109,0.0007163224167889381,0.0046607877773603,0,0,10.786938775510205,78.11232475520976,MYC;RPS3;RACK1;TNF
GO_Biological_Process_2023,Central Nervous System Neuron Axonogenesis (GO:0021955),2/11,0.0007269171181885319,0.0047091587221778,0,0,61.47222222222222,444.2411910549423,HSP90AA1;HSP90AB1
GO_Biological_Process_2023,Regulation Of JNK Cascade (GO:0046328),4/110,0.0007412893570993315,0.0047814768055324,0,0,10.684636118598382,77.00544946479401,APP;IL1B;WNT7B;EGFR
GO_Biological_Process_2023,Regulation Of Cell Differentiation (GO:0045595),5/193,0.0007465353987021706,0.0047945592416648,0,0,7.607924761023743,54.77757198583927,HSP90AB1;HDAC1;CTNNB1;TNF;KLK6
GO_Biological_Process_2023,Regulation Of Protein Serine/Threonine Kinase Activity (GO:0071900),4/112,0.0007930605494340886,0.0050715030843639,0,0,10.485714285714286,74.86392089300311,SRC;AKT1;RHOA;ACTB
GO_Biological_Process_2023,Positive Regulation Of Cellular Component Organization (GO:0051130),4/113,0.0008198813415334122,0.005220611961046,0,0,10.388990825688074,73.82781465353834,MMP1;RPS3;RACK1;TNF
GO_Biological_Process_2023,Negative Regulation Of Intrinsic Apoptotic Signaling Pathway In Response To DNA Damage By P53 Class Mediator (GO:1902166),2/12,0.0008702128240442448,0.005425176183372,0,0,55.32222222222222,389.8431280744211,CD74;BCL2
GO_Biological_Process_2023,Regulation Of Monooxygenase Activity (GO:0032768),2/12,0.0008702128240442448,0.005425176183372,0,0,55.32222222222222,389.8431280744211,IL1B;EGFR
GO_Biological_Process_2023,Astrocyte Activation (GO:0048143),2/12,0.0008702128240442448,0.005425176183372,0,0,55.32222222222222,389.8431280744211,APP;TNF
GO_Biological_Process_2023,Positive Regulation Of Histone H3-K4 Methylation (GO:0051571),2/12,0.0008702128240442448,0.005425176183372,0,0,55.32222222222222,389.8431280744211,CTNNB1;BRCA1
GO_Biological_Process_2023,Positive Regulation Of Protein Localization To Cell Surface (GO:2000010),2/12,0.0008702128240442448,0.005425176183372,0,0,55.32222222222222,389.8431280744211,HSP90AB1;TNF
GO_Biological_Process_2023,Positive Regulation Of Protein Localization To Cell Periphery (GO:1904377),3/51,0.0008913217677148334,0.0055336226412295,0,0,17.49823943661972,122.8867245386948,AKT1;TNF;EGFR
GO_Biological_Process_2023,Cellular Response To Oxidative Stress (GO:0034599),4/117,0.0009335923653574354,0.0057608718735016,0,0,10.01921618204804,69.89876767678355,RPS3;AKT1;TP53;EGFR
GO_Biological_Process_2023,Regulation Of Peptide Hormone Secretion (GO:0090276),3/52,0.00094339109874792,0.0057608718735016,0,0,17.140270192584076,119.3996298983047,IL6;IL1B;TNF
GO_Biological_Process_2023,Positive Regulation Of B Cell Activation (GO:0050871),3/52,0.00094339109874792,0.0057608718735016,0,0,17.140270192584076,119.3996298983047,CD74;IL6;BCL2
GO_Biological_Process_2023,Regulation Of Cell Development (GO:0060284),3/52,0.00094339109874792,0.0057608718735016,0,0,17.140270192584076,119.3996298983047,IL1B;AKT1;CTNNB1
GO_Biological_Process_2023,Regulation Of Receptor Signaling Pathway Via JAK-STAT (GO:0046425),3/53,0.0009973504786278135,0.0060655192373691,0,0,16.79661971830986,116.07150059130709,IL6;EP300;TNF
GO_Biological_Process_2023,ERBB2 Signaling Pathway (GO:0038128),2/13,0.0010259724616446,0.0061393532845404,0,0,50.29040404040404,346.10431247527185,SRC;EGFR
GO_Biological_Process_2023,Regulation Of Gastrulation (GO:0010470),2/13,0.0010259724616446,0.0061393532845404,0,0,50.29040404040404,346.10431247527185,RACK1;FOXA2
GO_Biological_Process_2023,Regulation Of Intrinsic Apoptotic Signaling Pathway In Response To DNA Damage By P53 Class Mediator (GO:1902165),2/13,0.0010259724616446,0.0061393532845404,0,0,50.29040404040404,346.10431247527185,CD74;BCL2
GO_Biological_Process_2023,Response To UV-A (GO:0070141),2/13,0.0010259724616446,0.0061393532845404,0,0,50.29040404040404,346.10431247527185,MMP1;EGFR
GO_Biological_Process_2023,ERBB Signaling Pathway (GO:0038127),3/54,0.0010532263323694,0.0062274096636129,0,0,16.466445733222866,112.89225801743812,SRC;AKT1;EGFR
GO_Biological_Process_2023,Ribosomal Large Subunit Biogenesis (GO:0042273),3/54,0.0010532263323694,0.0062274096636129,0,0,16.466445733222866,112.89225801743812,RPL5;MRTO4;RPL11
GO_Biological_Process_2023,Epidermal Cell Differentiation (GO:0009913),3/54,0.0010532263323694,0.0062274096636129,0,0,16.466445733222866,112.89225801743812,MED1;HDAC1;CTNNB1
GO_Biological_Process_2023,Positive Regulation Of Macromolecule Biosynthetic Process (GO:0010557),4/122,0.001090815587613,0.0063988788407221,0,0,9.59225181598063,65.42711528036077,RPL5;IL6;IL1B;AKT1
GO_Biological_Process_2023,Protein Localization To Nucleus (GO:0034504),4/122,0.001090815587613,0.0063988788407221,0,0,9.59225181598063,65.42711528036077,RPL11;PLK1;STAT3;AKT1
GO_Biological_Process_2023,Nervous System Development (GO:0007399),7/433,0.0010968892876902,0.0064092746614058,0,0,4.782425898675636,32.59355735378472,APP;CDH1;STAT3;FN1;EP300;EGFR;KLK6
GO_Biological_Process_2023,Protein Ubiquitination (GO:0016567),7/434,0.0011116153959877,0.00646994898446,0,0,4.770981159774896,32.45193240811876,PLK1;BCL2;RACK1;CTNNB1;BRCA1;RPS27A;UBA52
GO_Biological_Process_2023,Positive Regulation Of Epithelial Cell Proliferation (GO:0050679),4/123,0.0011243544251421,0.0065186307138594,0,0,9.511164465786315,64.58600221868173,MYC;AKT1;TNF;EGFR
GO_Biological_Process_2023,Negative Regulation Of Growth (GO:0045926),4/124,0.0011586106740959,0.0066637284191867,0,0,9.43142857142857,63.76149056819061,RACK1;SCGB3A1;BRCA1;TP53
GO_Biological_Process_2023,Cellular Response To Peptide (GO:1901653),3/56,0.0011708313788273,0.0066637284191867,0,0,15.843475950039862,106.94411545074666,APP;SRC;TP53
GO_Biological_Process_2023,Negative Regulation Of Cell Growth (GO:0030308),4/125,0.0011935926210577,0.0066637284191867,0,0,9.353010625737898,62.95312710644592,RACK1;SCGB3A1;BRCA1;TP53
GO_Biological_Process_2023,Regulation Of Histone H3-K4 Methylation (GO:0051569),2/14,0.0011941043543106,0.0066637284191867,0,0,46.09722222222222,310.2508484154788,CTNNB1;BRCA1
GO_Biological_Process_2023,Polarized Epithelial Cell Differentiation (GO:0030859),2/14,0.0011941043543106,0.0066637284191867,0,0,46.09722222222222,310.2508484154788,CDC42;RHOA
GO_Biological_Process_2023,Contractile Actin Filament Bundle Assembly (GO:0030038),2/14,0.0011941043543106,0.0066637284191867,0,0,46.09722222222222,310.2508484154788,SRC;RHOA
GO_Biological_Process_2023,Positive Regulation Of Heterotypic Cell-Cell Adhesion (GO:0034116),2/14,0.0011941043543106,0.0066637284191867,0,0,46.09722222222222,310.2508484154788,IL1B;TNF
GO_Biological_Process_2023,Establishment Of Apical/Basal Cell Polarity (GO:0035089),2/14,0.0011941043543106,0.0066637284191867,0,0,46.09722222222222,310.2508484154788,CDC42;RHOA
GO_Biological_Process_2023,Stress Fiber Assembly (GO:0043149),2/14,0.0011941043543106,0.0066637284191867,0,0,46.09722222222222,310.2508484154788,SRC;RHOA
GO_Biological_Process_2023,Positive Regulation Of Membrane Protein Ectodomain Proteolysis (GO:0051044),2/14,0.0011941043543106,0.0066637284191867,0,0,46.09722222222222,310.2508484154788,IL1B;TNF
GO_Biological_Process_2023,Regulation Of Calcium Ion Transport (GO:0051924),3/57,0.0012326116453931,0.0068529528046111,0,0,15.549295774647888,104.15882477611731,CD4;BCL2;CTNNB1
GO_Biological_Process_2023,Regulation Of Phagocytosis (GO:0050764),3/58,0.0012964105391455,0.0071808613506574,0,0,15.265813060179257,101.48950603726216,IL1B;RACK1;TNF
GO_Biological_Process_2023,Negative Regulation Of DNA-templated Transcription (GO:0045892),11/1025,0.0013094846081228,0.0072264150596408,0,0,3.2565041795811025,21.617070891593727,MED1;RPS14;HDAC1;MYC;PLK1;STAT3;CTNNB1;EP300;BRCA1;TP53;TNF
GO_Biological_Process_2023,Regulation Of DNA Repair (GO:0006282),4/129,0.0013409429754626,0.0073670172723009,0,0,9.051885714285714,59.872631740275416,RPS3;BRCA1;EGFR;ACTB
GO_Biological_Process_2023,Protein-Containing Complex Assembly (GO:0065003),6/328,0.0013500656084833,0.0073670172723009,0,0,5.371940080379978,35.495642496221365,CD74;HSP90AA1;HSP90AB1;SRC;FN1;TP53
GO_Biological_Process_2023,Negative Regulation Of Protein-Containing Complex Assembly (GO:0031333),3/59,0.0013622527246398,0.0073670172723009,0,0,14.99245472837022,98.92944466941825,CDC42;SRC;EP300
GO_Biological_Process_2023,Positive Regulation Of Proteolysis (GO:0045862),3/59,0.0013622527246398,0.0073670172723009,0,0,14.99245472837022,98.92944466941825,IL1B;PLK1;TNF
GO_Biological_Process_2023,Positive Regulation Of Cell Motility (GO:2000147),5/221,0.0013659228721703,0.0073670172723009,0,0,6.61231884057971,43.6143590293149,CDC42;IL1B;STAT3;RACK1;EGFR
GO_Biological_Process_2023,Astrocyte Development (GO:0014002),2/15,0.0013745173165769,0.0073670172723009,0,0,42.5491452991453,280.3840881601199,APP;TNF
GO_Biological_Process_2023,Positive Regulation Of Cyclin-Dependent Protein Serine/Threonine Kinase Activity (GO:0045737),2/15,0.0013745173165769,0.0073670172723009,0,0,42.5491452991453,280.3840881601199,AKT1;EGFR
GO_Biological_Process_2023,Regulation Of Amyloid-Beta Clearance (GO:1900221),2/15,0.0013745173165769,0.0073670172723009,0,0,42.5491452991453,280.3840881601199,HDAC1;TNF
GO_Biological_Process_2023,Regulation Of Cell Cycle Process (GO:0010564),4/130,0.0013796775559779,0.0073681704602404,0,0,8.979591836734693,59.13874292590538,CDC42;MYC;PLK1;CTNNB1
GO_Biological_Process_2023,Synapse Organization (GO:0050808),4/131,0.0014191874510033,0.0075521046499819,0,0,8.90843644544432,58.41859345173709,CDC42;APP;CDH1;WNT7B
GO_Biological_Process_2023,Negative Regulation Of Intrinsic Apoptotic Signaling Pathway (GO:2001243),3/61,0.0015001639114984,0.0079546057940665,0,0,14.474016512870325,94.11267375262396,SRC;BCL2;AKT1
GO_Biological_Process_2023,Negative Regulation Of Intrinsic Apoptotic Signaling Pathway By P53 Class Mediator (GO:1902254),2/16,0.0015671206512911,0.0082218653888163,0,0,39.507936507936506,255.1626133360455,CD74;BCL2
GO_Biological_Process_2023,Regulation Of Establishment Of Endothelial Barrier (GO:1903140),2/16,0.0015671206512911,0.0082218653888163,0,0,39.507936507936506,255.1626133360455,IL1B;TNF
GO_Biological_Process_2023,Positive Regulation Of Lymphocyte Migration (GO:2000403),2/16,0.0015671206512911,0.0082218653888163,0,0,39.507936507936506,255.1626133360455,APP;RHOA
GO_Biological_Process_2023,Positive Regulation Of Mitotic Cell Cycle Phase Transition (GO:1901992),3/63,0.0016465356849083,0.0086082041070648,0,0,13.990140845070425,89.66395683443241,CDK1;AKT1;EGFR
GO_Biological_Process_2023,Negative Regulation Of Multicellular Organismal Process (GO:0051241),5/231,0.0016596230877159,0.0086462881143243,0,0,6.316531999486982,40.43316202781649,HDAC1;IL1B;TNF;EGFR;FOXA2
GO_Biological_Process_2023,Negative Regulation Of Fibroblast Proliferation (GO:0048147),2/17,0.0017718241486146,0.0090722267403292,0,0,36.87222222222222,233.61302231185692,MYC;TP53
GO_Biological_Process_2023,Negative Regulation Of Ubiquitin-Protein Transferase Activity (GO:0051444),2/17,0.0017718241486146,0.0090722267403292,0,0,36.87222222222222,233.61302231185692,RPL5;RPL11
GO_Biological_Process_2023,Central Nervous System Neuron Development (GO:0021954),2/17,0.0017718241486146,0.0090722267403292,0,0,36.87222222222222,233.61302231185692,HSP90AA1;HSP90AB1
GO_Biological_Process_2023,Ribosomal Small Subunit Assembly (GO:0000028),2/17,0.0017718241486146,0.0090722267403292,0,0,36.87222222222222,233.61302231185692,RPS14;RPS5
GO_Biological_Process_2023,Positive Regulation Of Nitric-Oxide Synthase Activity (GO:0051000),2/17,0.0017718241486146,0.0090722267403292,0,0,36.87222222222222,233.61302231185692,AKT1;TNF
GO_Biological_Process_2023,Antimicrobial Humoral Immune Response Mediated By Antimicrobial Peptide (GO:0061844),3/65,0.0018015531413776,0.0090993701039073,0,0,13.537482962289868,85.54479156914513,FAU;GAPDH;CXCL5
GO_Biological_Process_2023,Cellular Response To Light Stimulus (GO:0071482),3/65,0.0018015531413776,0.0090993701039073,0,0,13.537482962289868,85.54479156914513,MYC;EP300;TP53
GO_Biological_Process_2023,Positive Regulation Of T Cell Proliferation (GO:0042102),3/65,0.0018015531413776,0.0090993701039073,0,0,13.537482962289868,85.54479156914513,IL6;IL1B;RPS3
GO_Biological_Process_2023,Positive Regulation Of Cell Cycle (GO:0045787),3/65,0.0018015531413776,0.0090993701039073,0,0,13.537482962289868,85.54479156914513,APP;AKT1;EGFR
GO_Biological_Process_2023,Inflammatory Response (GO:0006954),5/236,0.0018227492865978,0.0091753258007798,0,0,6.178242047807265,38.96870147766779,IL6;IL1B;STAT3;TNF;CXCL5
GO_Biological_Process_2023,Response To Reactive Oxygen Species (GO:0000302),3/66,0.0018823603915676,0.00944349152672,0,0,13.321931589537224,83.5981682790728,RPS3;AKT1;EGFR
GO_Biological_Process_2023,Regulation Of Inflammatory Response (GO:0050727),5/240,0.0019614898558842,0.009794439128526,0,0,6.071847055195806,37.852203987336125,APP;IL6;IL1B;STAT3;TNF
GO_Biological_Process_2023,Negative Regulation Of Transcription By RNA Polymerase II (GO:0000122),9/763,0.0019654612747847,0.009794439128526,0,0,3.52066925117323,21.9409104637786,MED1;RPS14;HDAC1;MYC;PLK1;STAT3;EP300;TP53;TNF
GO_Biological_Process_2023,Negative Regulation Of Lipid Storage (GO:0010888),2/18,0.0019885380825574,0.0098435938306,0,0,34.56597222222222,215.01263688059672,IL6;TNF
GO_Biological_Process_2023,Regulation Of Protein Neddylation (GO:2000434),2/18,0.0019885380825574,0.0098435938306,0,0,34.56597222222222,215.01263688059672,RPL5;RPL11
GO_Biological_Process_2023,Regulation Of Autophagy (GO:0010506),5/241,0.0019973508363109,0.0098544792917327,0,0,6.045811839842791,37.58036470245049,STAT3;BCL2;AKT1;EP300;GAPDH
GO_Biological_Process_2023,Regulation Of Endopeptidase Activity (GO:0052548),3/69,0.0021382390639964,0.010480184886035,0,0,12.714468629961589,78.16566257860474,HDAC1;AKT1;GAPDH
GO_Biological_Process_2023,Positive Regulation Of Phosphatidylinositol 3-Kinase Signaling (GO:0014068),3/69,0.0021382390639964,0.010480184886035,0,0,12.714468629961589,78.16566257860474,SRC;FN1;TNF
GO_Biological_Process_2023,RNA-templated DNA Biosynthetic Process (GO:0006278),2/19,0.0022171732095937,0.0105545945121233,0,0,32.53104575163399,198.81420906422136,HSP90AA1;HSP90AB1
GO_Biological_Process_2023,Neuron Apoptotic Process (GO:0051402),2/19,0.0022171732095937,0.0105545945121233,0,0,32.53104575163399,198.81420906422136,BCL2;GAPDH
GO_Biological_Process_2023,Cellular Response To Lectin (GO:1990858),2/19,0.0022171732095937,0.0105545945121233,0,0,32.53104575163399,198.81420906422136,SRC;EP300
GO_Biological_Process_2023,Dopaminergic Neuron Differentiation (GO:0071542),2/19,0.0022171732095937,0.0105545945121233,0,0,32.53104575163399,198.81420906422136,CTNNB1;FOXA2
GO_Biological_Process_2023,Positive Regulation Of Histone Methylation (GO:0031062),2/19,0.0022171732095937,0.0105545945121233,0,0,32.53104575163399,198.81420906422136,CTNNB1;BRCA1
GO_Biological_Process_2023,Establishment Of Epithelial Cell Polarity (GO:0090162),2/19,0.0022171732095937,0.0105545945121233,0,0,32.53104575163399,198.81420906422136,CDC42;RHOA
GO_Biological_Process_2023,Stimulatory C-type Lectin Receptor Signaling Pathway (GO:0002223),2/19,0.0022171732095937,0.0105545945121233,0,0,32.53104575163399,198.81420906422136,SRC;EP300
GO_Biological_Process_2023,Telomere Maintenance Via Telomerase (GO:0007004),2/19,0.0022171732095937,0.0105545945121233,0,0,32.53104575163399,198.81420906422136,HSP90AA1;HSP90AB1
GO_Biological_Process_2023,Intrinsic Apoptotic Signaling Pathway In Response To DNA Damage By P53 Class Mediator (GO:0042771),2/19,0.0022171732095937,0.0105545945121233,0,0,32.53104575163399,198.81420906422136,EP300;TP53
GO_Biological_Process_2023,Regulation Of Notch Signaling Pathway (GO:0008593),3/70,0.0022280887243422,0.0105727777046812,0,0,12.524069791885642,76.47962405033152,SRC;STAT3;AKT1
GO_Biological_Process_2023,Cell-Cell Junction Assembly (GO:0007043),3/71,0.0023202515386528,0.0109404265588376,0,0,12.33927091963546,74.85100055889224,CDH1;CTNNB1;RHOA
GO_Biological_Process_2023,Myeloid Leukocyte Differentiation (GO:0002573),3/71,0.0023202515386528,0.0109404265588376,0,0,12.33927091963546,74.85100055889224,CDC42;CD4;EFNA2
GO_Biological_Process_2023,Regulation Of Cellular Localization (GO:0060341),3/72,0.0024147478955665,0.0113143847936922,0,0,12.159828536436008,73.27707705596389,HSP90AA1;HSP90AB1;RACK1
GO_Biological_Process_2023,Response To Ionizing Radiation (GO:0010212),3/72,0.0024147478955665,0.0113143847936922,0,0,12.159828536436008,73.27707705596389,MYC;BRCA1;TP53
GO_Biological_Process_2023,Regulation Of Protein Localization To Cell Periphery (GO:1904375),2/20,0.0024576407666974,0.0113371044655703,0,0,30.72222222222222,184.5961136225927,PLK1;ACTB
GO_Biological_Process_2023,Positive Regulation Of Embryonic Development (GO:0040019),2/20,0.0024576407666974,0.0113371044655703,0,0,30.72222222222222,184.5961136225927,RACK1;FOXA2
GO_Biological_Process_2023,Transport Along Microtubule (GO:0010970),2/20,0.0024576407666974,0.0113371044655703,0,0,30.72222222222222,184.5961136225927,CDC42;APP
GO_Biological_Process_2023,Lipopolysaccharide-Mediated Signaling Pathway (GO:0031663),2/20,0.0024576407666974,0.0113371044655703,0,0,30.72222222222222,184.5961136225927,IL1B;TNF
GO_Biological_Process_2023,Microglial Cell Activation (GO:0001774),2/20,0.0024576407666974,0.0113371044655703,0,0,30.72222222222222,184.5961136225927,APP;TNF
GO_Biological_Process_2023,Regulation Of Transcription By RNA Polymerase II (GO:0006357),16/2028,0.0026537443234256,0.0122039476601983,0,0,2.4561595941591827,14.56940740599642,MED1;APP;HDAC1;PLK1;STAT3;BRCA1;TNF;EGFR;ACTB;RPS14;IL6;MYC;CTNNB1;EP300;TP53;FOXA2
GO_Biological_Process_2023,Regulation Of Lipid Storage (GO:0010883),2/21,0.0027098524673759,0.0122100658838005,0,0,29.103801169590643,172.0285257779773,IL6;TNF
GO_Biological_Process_2023,Regulation Of Membrane Protein Ectodomain Proteolysis (GO:0051043),2/21,0.0027098524673759,0.0122100658838005,0,0,29.103801169590643,172.0285257779773,IL1B;TNF
GO_Biological_Process_2023,Chaperone-Mediated Protein Complex Assembly (GO:0051131),2/21,0.0027098524673759,0.0122100658838005,0,0,29.103801169590643,172.0285257779773,HSP90AA1;HSP90AB1
GO_Biological_Process_2023,Positive Regulation Of T Cell Cytokine Production (GO:0002726),2/21,0.0027098524673759,0.0122100658838005,0,0,29.103801169590643,172.0285257779773,IL6;IL1B
GO_Biological_Process_2023,Macrophage Differentiation (GO:0030225),2/21,0.0027098524673759,0.0122100658838005,0,0,29.103801169590643,172.0285257779773,CDC42;CD4
GO_Biological_Process_2023,Regulation Of Anoikis (GO:2000209),2/21,0.0027098524673759,0.0122100658838005,0,0,29.103801169590643,172.0285257779773,SRC;BCL2
GO_Biological_Process_2023,Regulation Of Fat Cell Differentiation (GO:0045598),3/75,0.0027124374547234,0.0122100658838005,0,0,11.651408450704226,68.85874756962987,IL6;AKT1;TNF
GO_Biological_Process_2023,Negative Regulation Of Cell Population Proliferation (GO:0008285),6/379,0.0027897018352887,0.0125200473933138,0,0,4.625374546601482,27.205623096335582,APP;IL6;IL1B;MYC;CTNNB1;TP53
GO_Biological_Process_2023,Positive Regulation Of JNK Cascade (GO:0046330),3/77,0.0029229247656751,0.0130393949127422,0,0,11.335363532546632,66.14377925371814,APP;IL1B;WNT7B
GO_Biological_Process_2023,Positive Regulation Of Response To Stimulus (GO:0048584),3/77,0.0029229247656751,0.0130393949127422,0,0,11.335363532546632,66.14377925371814,RPS3;BRCA1;EGFR
GO_Biological_Process_2023,Cellular Response To Cadmium Ion (GO:0071276),2/22,0.002973720502906,0.0130426561047179,0,0,27.647222222222226,160.8499191916803,AKT1;EGFR
GO_Biological_Process_2023,Response To Gamma Radiation (GO:0010332),2/22,0.002973720502906,0.0130426561047179,0,0,27.647222222222226,160.8499191916803,MYC;TP53
GO_Biological_Process_2023,Ribosomal Large Subunit Assembly (GO:0000027),2/22,0.002973720502906,0.0130426561047179,0,0,27.647222222222226,160.8499191916803,RPL5;RPL11
GO_Biological_Process_2023,Positive Regulation Of Viral Life Cycle (GO:1903902),2/22,0.002973720502906,0.0130426561047179,0,0,27.647222222222226,160.8499191916803,CD74;CD4
GO_Biological_Process_2023,Negative Regulation Of Cell Communication (GO:0010648),2/22,0.002973720502906,0.0130426561047179,0,0,27.647222222222226,160.8499191916803,HSP90AB1;IL1B
GO_Biological_Process_2023,DNA Damage Response (GO:0006974),6/384,0.0029761765608081,0.0130426561047179,0,0,4.563025210084033,26.54364620755995,MYC;BCL2;CDK1;RPS3;BRCA1;TP53
GO_Biological_Process_2023,Positive Regulation Of Tumor Necrosis Factor Production (GO:0032760),3/78,0.0030318332718198,0.0132475999267203,0,0,11.183661971830986,64.84944589400301,APP;IL6;STAT3
GO_Biological_Process_2023,Negative Regulation Of Signal Transduction (GO:0009968),5/267,0.0031086394121849,0.0135357863866636,0,0,5.438654718442305,31.40045446546095,IL1B;BCL2;RACK1;AKT1;TNF
GO_Biological_Process_2023,Regulation Of Cyclin-Dependent Protein Serine/Threonine Kinase Activity (GO:0000079),3/79,0.0031432094562319,0.0135357863866636,0,0,11.035952557449964,63.59479669728259,PLK1;AKT1;EGFR
GO_Biological_Process_2023,Positive Regulation Of Catabolic Process (GO:0009896),3/79,0.0031432094562319,0.0135357863866636,0,0,11.035952557449964,63.59479669728259,HSP90AA1;IL1B;TNF
GO_Biological_Process_2023,Positive Regulation Of Endocytosis (GO:0045807),3/79,0.0031432094562319,0.0135357863866636,0,0,11.035952557449964,63.59479669728259,CDC42;IL1B;TNF
GO_Biological_Process_2023,Positive Regulation Of Protein Localization To Membrane (GO:1905477),3/79,0.0031432094562319,0.0135357863866636,0,0,11.035952557449964,63.59479669728259,AKT1;TNF;EGFR
GO_Biological_Process_2023,Regulation Of Lipid Catabolic Process (GO:0050994),2/23,0.0032491575363259,0.0137870346895766,0,0,26.32936507936508,150.85039888996042,IL1B;TNF
GO_Biological_Process_2023,Axon Extension (GO:0048675),2/23,0.0032491575363259,0.0137870346895766,0,0,26.32936507936508,150.85039888996042,HSP90AA1;HSP90AB1
GO_Biological_Process_2023,Positive Regulation Of Neuron Apoptotic Process (GO:0043525),2/23,0.0032491575363259,0.0137870346895766,0,0,26.32936507936508,150.85039888996042,CTNNB1;TNF
GO_Biological_Process_2023,Regulation Of T Cell Migration (GO:2000404),2/23,0.0032491575363259,0.0137870346895766,0,0,26.32936507936508,150.85039888996042,APP;RHOA
GO_Biological_Process_2023,Regulation Of Cytokinesis (GO:0032465),3/80,0.0032570712823697,0.0137870346895766,0,0,10.89207975123468,62.37814416517428,CDC42;PLK1;RHOA
GO_Biological_Process_2023,Negative Regulation Of Protein Serine/Threonine Kinase Activity (GO:0071901),3/80,0.0032570712823697,0.0137870346895766,0,0,10.89207975123468,62.37814416517428,IL1B;PLK1;AKT1
GO_Biological_Process_2023,Regulation Of Phosphorylation (GO:0042325),3/82,0.0034923222543146,0.0146761957817022,0,0,10.61526118737743,60.05253204529107,APP;FN1;EGFR
GO_Biological_Process_2023,Positive Regulation Of Tumor Necrosis Factor Superfamily Cytokine Production (GO:1903557),3/82,0.0034923222543146,0.0146761957817022,0,0,10.61526118737743,60.05253204529107,APP;IL6;STAT3
GO_Biological_Process_2023,ERK1 And ERK2 Cascade (GO:0070371),2/24,0.0035360767017658,0.0146761957817022,0,0,25.13131313131313,141.85966421820362,MYC;CDK1
GO_Biological_Process_2023,Regulation Of Heterotypic Cell-Cell Adhesion (GO:0034114),2/24,0.0035360767017658,0.0146761957817022,0,0,25.13131313131313,141.85966421820362,IL1B;TNF
GO_Biological_Process_2023,Positive Regulation Of Cellular Response To Transforming Growth Factor Beta Stimulus (GO:1903846),2/24,0.0035360767017658,0.0146761957817022,0,0,25.13131313131313,141.85966421820362,HSP90AB1;EP300
GO_Biological_Process_2023,Positive Regulation Of Lipid Metabolic Process (GO:0045834),2/24,0.0035360767017658,0.0146761957817022,0,0,25.13131313131313,141.85966421820362,IL1B;AKT1
GO_Biological_Process_2023,Positive Regulation Of Transforming Growth Factor Beta Receptor Signaling Pathway (GO:0030511),2/24,0.0035360767017658,0.0146761957817022,0,0,25.13131313131313,141.85966421820362,HSP90AB1;EP300
GO_Biological_Process_2023,Regulation Of Cell Division (GO:0051302),3/83,0.0036137458741812,0.0149568926459169,0,0,10.482042253521128,58.94063267118688,MYC;PLK1;RACK1
GO_Biological_Process_2023,Positive Regulation Of Protein Ubiquitination (GO:0031398),3/84,0.0037377240879609,0.0154271714433843,0,0,10.352112676056338,57.860839623689245,PLK1;BRCA1;RPS2
GO_Biological_Process_2023,Negative Regulation Of Intrinsic Apoptotic Signaling Pathway In Response To DNA Damage (GO:1902230),2/25,0.0038343916039654,0.0155195886653752,0,0,24.03743961352657,133.7381724385966,CD74;BCL2
GO_Biological_Process_2023,Osteoclast Differentiation (GO:0030316),2/25,0.0038343916039654,0.0155195886653752,0,0,24.03743961352657,133.7381724385966,EFNA2;SRC
GO_Biological_Process_2023,Cellular Response To Steroid Hormone Stimulus (GO:0071383),2/25,0.0038343916039654,0.0155195886653752,0,0,24.03743961352657,133.7381724385966,MED1;SRC
GO_Biological_Process_2023,Positive Regulation Of T Cell Migration (GO:2000406),2/25,0.0038343916039654,0.0155195886653752,0,0,24.03743961352657,133.7381724385966,APP;RHOA
GO_Biological_Process_2023,Regulation Of Cell Cycle Phase Transition (GO:1901987),2/25,0.0038343916039654,0.0155195886653752,0,0,24.03743961352657,133.7381724385966,PLK1;TP53
GO_Biological_Process_2023,Regulation Of Kinase Activity (GO:0043549),3/85,0.0038642734193652,0.0155195886653752,0,0,10.225352112676056,56.81186823684754,CD74;CD4;EGFR
GO_Biological_Process_2023,Positive Regulation Of Amide Metabolic Process (GO:0034250),3/85,0.0038642734193652,0.0155195886653752,0,0,10.225352112676056,56.81186823684754,RPL5;IL6;TNF
GO_Biological_Process_2023,Response To Interleukin-1 (GO:0070555),3/85,0.0038642734193652,0.0155195886653752,0,0,10.225352112676056,56.81186823684754,APP;SRC;IL1B
GO_Biological_Process_2023,Defense Response To Gram-positive Bacterium (GO:0050830),3/85,0.0038642734193652,0.0155195886653752,0,0,10.225352112676056,56.81186823684754,IL6;IL1B;FAU
GO_Biological_Process_2023,Integrin-Mediated Signaling Pathway (GO:0007229),3/85,0.0038642734193652,0.0155195886653752,0,0,10.225352112676056,56.81186823684754,CDC42;SRC;FN1
GO_Biological_Process_2023,Glucose Homeostasis (GO:0042593),3/87,0.0041251501262488,0.0163348791216128,0,0,9.980885311871228,54.80157653900647,IL6;RPS6;STAT3
GO_Biological_Process_2023,Negative Regulation Of Lipid Metabolic Process (GO:0045833),2/26,0.0041440163140735,0.0163348791216128,0,0,23.03472222222222,126.370555486954,IL1B;TNF
GO_Biological_Process_2023,"Wnt Signaling Pathway, Planar Cell Polarity Pathway (GO:0060071)",2/26,0.0041440163140735,0.0163348791216128,0,0,23.03472222222222,126.370555486954,CDC42;RHOA
GO_Biological_Process_2023,Plasma Membrane Invagination (GO:0099024),2/26,0.0041440163140735,0.0163348791216128,0,0,23.03472222222222,126.370555486954,CDC42;RHOA
GO_Biological_Process_2023,Response To Glucocorticoid (GO:0051384),2/26,0.0041440163140735,0.0163348791216128,0,0,23.03472222222222,126.370555486954,IL6;TNF
GO_Biological_Process_2023,Positive Regulation Of Erythrocyte Differentiation (GO:0045648),2/26,0.0041440163140735,0.0163348791216128,0,0,23.03472222222222,126.370555486954,MED1;STAT3
GO_Biological_Process_2023,Telomere Maintenance Via Telomere Lengthening (GO:0010833),2/26,0.0041440163140735,0.0163348791216128,0,0,23.03472222222222,126.370555486954,HSP90AA1;HSP90AB1
GO_Biological_Process_2023,Cellular Response To Epidermal Growth Factor Stimulus (GO:0071364),2/27,0.0044648653663884,0.0174610220365321,0,0,22.112222222222226,119.6606491762807,MED1;EGFR
GO_Biological_Process_2023,Positive Regulation Of Ubiquitin-Protein Transferase Activity (GO:0051443),2/27,0.0044648653663884,0.0174610220365321,0,0,22.112222222222226,119.6606491762807,PLK1;RPS2
GO_Biological_Process_2023,Regulation Of Androgen Receptor Signaling Pathway (GO:0060765),2/27,0.0044648653663884,0.0174610220365321,0,0,22.112222222222226,119.6606491762807,HDAC1;EP300
GO_Biological_Process_2023,Negative Regulation Of Signaling (GO:0023057),2/28,0.0047968537594536,0.0185644470171065,0,0,21.26068376068376,113.52769375100928,HSP90AB1;IL1B
GO_Biological_Process_2023,Cell-Substrate Junction Assembly (GO:0007044),2/28,0.0047968537594536,0.0185644470171065,0,0,21.26068376068376,113.52769375100928,SRC;FN1
GO_Biological_Process_2023,Positive Regulation Of Protein Import Into Nucleus (GO:0042307),2/28,0.0047968537594536,0.0185644470171065,0,0,21.26068376068376,113.52769375100928,CDH1;EP300
GO_Biological_Process_2023,Regulation Of Bone Resorption (GO:0045124),2/28,0.0047968537594536,0.0185644470171065,0,0,21.26068376068376,113.52769375100928,IL6;SRC
GO_Biological_Process_2023,Positive Regulation Of Protein Catabolic Process (GO:0045732),3/92,0.0048234395240537,0.0186189764011403,0,0,9.417787624624149,50.237003262353774,HSP90AA1;IL1B;TNF
GO_Biological_Process_2023,Negative Regulation Of Amide Metabolic Process (GO:0034249),3/93,0.0049711193657684,0.0191394518216924,0,0,9.312676056338027,49.39546042973084,RPS3;RACK1;GAPDH
GO_Biological_Process_2023,Cellular Response To Hormone Stimulus (GO:0032870),3/94,0.0051215066475239,0.019637042202428,0,0,9.209874632409845,48.5757027073943,MED1;SRC;STAT3
GO_Biological_Process_2023,Regulation Of Establishment Of Planar Polarity (GO:0090175),2/29,0.0051398969523133,0.019637042202428,0,0,20.47222222222222,107.90339713070315,CDC42;RHOA
GO_Biological_Process_2023,Positive Regulation Of B Cell Proliferation (GO:0030890),2/29,0.0051398969523133,0.019637042202428,0,0,20.47222222222222,107.90339713070315,CD74;BCL2
GO_Biological_Process_2023,Axonogenesis (GO:0007409),4/188,0.005214105923226,0.0198696108071784,0,0,6.131055900621118,32.22720650841462,APP;HSP90AA1;EFNA2;HSP90AB1
GO_Biological_Process_2023,Regulation Of Protein Metabolic Process (GO:0051246),3/96,0.0054304585113902,0.0205161082279017,0,0,9.010904134484326,46.99845841376069,APP;HSP90AB1;AKT1
GO_Biological_Process_2023,Regulation Of Vasculature Development (GO:1901342),2/30,0.0054939108610287,0.0205161082279017,0,0,19.740079365079364,102.72964147129716,IL6;CTNNB1
GO_Biological_Process_2023,Positive Regulation Of JUN Kinase Activity (GO:0043507),2/30,0.0054939108610287,0.0205161082279017,0,0,19.740079365079364,102.72964147129716,RPS3;TNF
GO_Biological_Process_2023,Response To Epidermal Growth Factor (GO:0070849),2/30,0.0054939108610287,0.0205161082279017,0,0,19.740079365079364,102.72964147129716,MED1;EGFR
GO_Biological_Process_2023,Positive Regulation Of Interleukin-10 Production (GO:0032733),2/30,0.0054939108610287,0.0205161082279017,0,0,19.740079365079364,102.72964147129716,IL6;STAT3
GO_Biological_Process_2023,Extrinsic Apoptotic Signaling Pathway Via Death Domain Receptors (GO:0008625),2/30,0.0054939108610287,0.0205161082279017,0,0,19.740079365079364,102.72964147129716,BCL2;TNF
GO_Biological_Process_2023,Innate Immune Response Activating Cell Surface Receptor Signaling Pathway (GO:0002220),2/30,0.0054939108610287,0.0205161082279017,0,0,19.740079365079364,102.72964147129716,SRC;EP300
GO_Biological_Process_2023,"Maturation Of SSU-rRNA From Tricistronic rRNA Transcript (SSU-rRNA, 5.8S rRNA, LSU-rRNA) (GO:0000462)",2/30,0.0054939108610287,0.0205161082279017,0,0,19.740079365079364,102.72964147129716,RPS14;RPS16
GO_Biological_Process_2023,Negative Regulation Of Macromolecule Biosynthetic Process (GO:0010558),3/98,0.0057504024912356,0.0214202492798527,0,0,8.820311341734618,45.499447528056784,RPS3;RACK1;GAPDH
GO_Biological_Process_2023,Negative Regulation Of Intracellular Steroid Hormone Receptor Signaling Pathway (GO:0033144),2/31,0.0058588118588584,0.0215015509105888,0,0,19.058429118773947,97.95667503624674,HDAC1;BRCA1
GO_Biological_Process_2023,Regulation Of Macrophage Activation (GO:0043030),2/31,0.0058588118588584,0.0215015509105888,0,0,19.058429118773947,97.95667503624674,CD74;IL6
GO_Biological_Process_2023,Positive Regulation Of G1/S Transition Of Mitotic Cell Cycle (GO:1900087),2/31,0.0058588118588584,0.0215015509105888,0,0,19.058429118773947,97.95667503624674,AKT1;EGFR
GO_Biological_Process_2023,Positive Regulation Of Lamellipodium Organization (GO:1902745),2/31,0.0058588118588584,0.0215015509105888,0,0,19.058429118773947,97.95667503624674,CDC42;SRC
GO_Biological_Process_2023,Positive Regulation Of Leukocyte Migration (GO:0002687),2/31,0.0058588118588584,0.0215015509105888,0,0,19.058429118773947,97.95667503624674,IL6;TNF
GO_Biological_Process_2023,Negative Regulation Of DNA Biosynthetic Process (GO:2000279),2/31,0.0058588118588584,0.0215015509105888,0,0,19.058429118773947,97.95667503624674,SRC;TP53
GO_Biological_Process_2023,Negative Regulation Of Fat Cell Differentiation (GO:0045599),2/32,0.0062345167713737,0.0226571463154802,0,0,18.42222222222222,93.54167414021734,IL6;TNF
GO_Biological_Process_2023,Negative Regulation Of Proteasomal Ubiquitin-Dependent Protein Catabolic Process (GO:0032435),2/32,0.0062345167713737,0.0226571463154802,0,0,18.42222222222222,93.54167414021734,HSP90AB1;RPL11
GO_Biological_Process_2023,Regulation Of Transmembrane Transport (GO:0034762),2/32,0.0062345167713737,0.0226571463154802,0,0,18.42222222222222,93.54167414021734,BCL2;ACTB
GO_Biological_Process_2023,Regulation Of Ubiquitin-Protein Transferase Activity (GO:0051438),2/32,0.0062345167713737,0.0226571463154802,0,0,18.42222222222222,93.54167414021734,PLK1;RPS2
GO_Biological_Process_2023,Supramolecular Fiber Organization (GO:0097435),5/316,0.0063179552456661,0.0229045092847751,0,0,4.570343445640524,23.145862979594064,CDC42;APP;HSP90AB1;NEFL;RHOA
GO_Biological_Process_2023,Regulation Of Protein Secretion (GO:0050708),3/102,0.0064236759494359,0.0232312552540279,0,0,8.46222791293214,42.71533574291149,IL6;IL1B;TNF
GO_Biological_Process_2023,Positive Regulation Of Notch Signaling Pathway (GO:0045747),2/33,0.0066209428786888,0.0237715780463767,0,0,17.82706093189964,89.4475900277032,SRC;STAT3
GO_Biological_Process_2023,Positive Regulation Of Small Molecule Metabolic Process (GO:0062013),2/33,0.0066209428786888,0.0237715780463767,0,0,17.82706093189964,89.4475900277032,APP;AKT1
GO_Biological_Process_2023,Negative Regulation Of Blood Vessel Endothelial Cell Migration (GO:0043537),2/33,0.0066209428786888,0.0237715780463767,0,0,17.82706093189964,89.4475900277032,TNF;RHOA
GO_Biological_Process_2023,Positive Regulation Of Kinase Activity (GO:0033674),3/104,0.0067772000148122,0.0242741058222841,0,0,8.293822339980476,41.42093487225617,CD74;CD4;EGFR
GO_Biological_Process_2023,Regulation Of Neuron Apoptotic Process (GO:0043523),3/105,0.0069582245172713,0.024604310075142,0,0,8.212096106048053,40.79630507905272,BCL2;CTNNB1;TNF
GO_Biological_Process_2023,Positive Regulation Of Stress-Activated MAPK Cascade (GO:0032874),3/105,0.0069582245172713,0.024604310075142,0,0,8.212096106048053,40.79630507905272,APP;IL1B;WNT7B
GO_Biological_Process_2023,Intrinsic Apoptotic Signaling Pathway (GO:0097193),3/105,0.0069582245172713,0.024604310075142,0,0,8.212096106048053,40.79630507905272,BCL2;BRCA1;TP53
GO_Biological_Process_2023,Regulation Of Metal Ion Transport (GO:0010959),2/34,0.0070180079073391,0.024604310075142,0,0,17.26909722222222,85.64221723890843,CD4;BCL2
GO_Biological_Process_2023,Cellular Response To Hydrogen Peroxide (GO:0070301),2/34,0.0070180079073391,0.024604310075142,0,0,17.26909722222222,85.64221723890843,IL6;RPS3
GO_Biological_Process_2023,Response To Estrogen (GO:0043627),2/34,0.0070180079073391,0.024604310075142,0,0,17.26909722222222,85.64221723890843,EP300;BRCA1
GO_Biological_Process_2023,Embryonic Limb Morphogenesis (GO:0030326),2/34,0.0070180079073391,0.024604310075142,0,0,17.26909722222222,85.64221723890843,HDAC1;CTNNB1
GO_Biological_Process_2023,Transcription Initiation-Coupled Chromatin Remodeling (GO:0045815),2/34,0.0070180079073391,0.024604310075142,0,0,17.26909722222222,85.64221723890843,EP300;TP53
GO_Biological_Process_2023,Positive Regulation Of Neuron Death (GO:1901216),2/34,0.0070180079073391,0.024604310075142,0,0,17.26909722222222,85.64221723890843,CTNNB1;TNF
GO_Biological_Process_2023,Regulation Of Angiogenesis (GO:0045765),4/205,0.0070527511465993,0.0246680732592325,0,0,5.607675906183369,27.78231905631381,IL6;IL1B;CTNNB1;BRCA1
GO_Biological_Process_2023,Negative Regulation Of Translation (GO:0017148),3/107,0.0073288538033543,0.0255737521475364,0,0,8.053358613217767,39.58979670286096,RPS3;RACK1;GAPDH
GO_Biological_Process_2023,Adherens Junction Organization (GO:0034332),2/35,0.0074256300335919,0.0257306715117489,0,0,16.744949494949495,82.09743552102753,CDH1;CTNNB1
GO_Biological_Process_2023,Intrinsic Apoptotic Signaling Pathway By P53 Class Mediator (GO:0072332),2/35,0.0074256300335919,0.0257306715117489,0,0,16.744949494949495,82.09743552102753,EP300;TP53
GO_Biological_Process_2023,Macrophage Activation (GO:0042116),2/35,0.0074256300335919,0.0257306715117489,0,0,16.744949494949495,82.09743552102753,APP;TNF
GO_Biological_Process_2023,Response To Tumor Necrosis Factor (GO:0034612),3/108,0.0075184800135259,0.0259919610676419,0,0,7.97625754527163,39.00702040474886,RPS3;AKT1;BRCA1
GO_Biological_Process_2023,Extracellular Structure Organization (GO:0043062),3/109,0.0077109944953831,0.0265957911993538,0,0,7.900611214456551,38.43732770918759,APP;MMP13;MMP1
GO_Biological_Process_2023,Regulation Of Erythrocyte Differentiation (GO:0045646),2/36,0.0078437278787706,0.026805400319652,0,0,16.251633986928105,78.78858890769375,MED1;STAT3
GO_Biological_Process_2023,Substrate Adhesion-Dependent Cell Spreading (GO:0034446),2/36,0.0078437278787706,0.026805400319652,0,0,16.251633986928105,78.78858890769375,FN1;RHOA
GO_Biological_Process_2023,Positive Regulation Of Myeloid Cell Differentiation (GO:0045639),2/36,0.0078437278787706,0.026805400319652,0,0,16.251633986928105,78.78858890769375,MED1;STAT3
GO_Biological_Process_2023,Protein Destabilization (GO:0031648),2/36,0.0078437278787706,0.026805400319652,0,0,16.251633986928105,78.78858890769375,PLK1;EP300
GO_Biological_Process_2023,Response To Lipid (GO:0033993),3/110,0.0079064073810863,0.026896226022417,0,0,7.826378833750165,37.880313654091154,IL1B;STAT3;CTNNB1
GO_Biological_Process_2023,External Encapsulating Structure Organization (GO:0045229),3/110,0.0079064073810863,0.026896226022417,0,0,7.826378833750165,37.880313654091154,APP;MMP13;MMP1
GO_Biological_Process_2023,Regulation Of Transforming Growth Factor Beta Receptor Signaling Pathway (GO:0017015),3/111,0.0081047285713881,0.0274455581167461,0,0,7.753521126760563,37.33558931225635,HSP90AB1;HDAC1;EP300
GO_Biological_Process_2023,Mitotic Cell Cycle Phase Transition (GO:0044772),3/111,0.0081047285713881,0.0274455581167461,0,0,7.753521126760563,37.33558931225635,MYC;PLK1;CDK1
GO_Biological_Process_2023,Negative Regulation Of Transferase Activity (GO:0051348),2/37,0.0082722205081363,0.0279492257531138,0,0,15.786507936507936,75.69397395776555,SRC;TP53
GO_Biological_Process_2023,G2/M Transition Of Mitotic Cell Cycle (GO:0000086),2/38,0.0087110274267529,0.0290574586070045,0,0,15.34722222222222,72.79441551211283,PLK1;CDK1
GO_Biological_Process_2023,Regulation Of Protein Import Into Nucleus (GO:0042306),2/38,0.0087110274267529,0.0290574586070045,0,0,15.34722222222222,72.79441551211283,CDH1;EP300
GO_Biological_Process_2023,Response To Peptide (GO:1901652),2/38,0.0087110274267529,0.0290574586070045,0,0,15.34722222222222,72.79441551211283,MMP13;STAT3
GO_Biological_Process_2023,Tumor Necrosis Factor-Mediated Signaling Pathway (GO:0033209),2/38,0.0087110274267529,0.0290574586070045,0,0,15.34722222222222,72.79441551211283,TNF;TP53
GO_Biological_Process_2023,Maturation Of SSU-rRNA (GO:0030490),2/38,0.0087110274267529,0.0290574586070045,0,0,15.34722222222222,72.79441551211283,RPS14;RPS16
GO_Biological_Process_2023,Regulation Of MAP Kinase Activity (GO:0043405),3/114,0.0087172375821013,0.0290574586070045,0,0,7.542824514655501,35.77148986016245,IL1B;TNF;EGFR
GO_Biological_Process_2023,Negative Regulation Of Proteasomal Protein Catabolic Process (GO:1901799),2/39,0.00916006857935,0.0303300048516257,0,0,14.93168168168168,70.07291305616538,HSP90AB1;RPL11
GO_Biological_Process_2023,Regulation Of Mitochondrial Membrane Potential (GO:0051881),2/39,0.00916006857935,0.0303300048516257,0,0,14.93168168168168,70.07291305616538,BCL2;AKT1
GO_Biological_Process_2023,Positive Regulation Of Cytokinesis (GO:0032467),2/39,0.00916006857935,0.0303300048516257,0,0,14.93168168168168,70.07291305616538,CDC42;RHOA
GO_Biological_Process_2023,Positive Regulation Of Cell Cycle Process (GO:0090068),3/118,0.0095751938475749,0.0312941132714799,0,0,7.2789957134109,33.83699024625454,CDC42;IL1B;RHOA
GO_Biological_Process_2023,Regulation Of Glycolytic Process (GO:0006110),2/40,0.0096192643478777,0.0312941132714799,0,0,14.538011695906432,67.51434442117609,APP;EP300
GO_Biological_Process_2023,Cell Cycle G2/M Phase Transition (GO:0044839),2/40,0.0096192643478777,0.0312941132714799,0,0,14.538011695906432,67.51434442117609,PLK1;CDK1
GO_Biological_Process_2023,Cellular Response To Heat (GO:0034605),2/40,0.0096192643478777,0.0312941132714799,0,0,14.538011695906432,67.51434442117609,HSP90AA1;HSP90AB1
GO_Biological_Process_2023,Positive Regulation Of Cell Cycle G1/S Phase Transition (GO:1902808),2/40,0.0096192643478777,0.0312941132714799,0,0,14.538011695906432,67.51434442117609,AKT1;EGFR
GO_Biological_Process_2023,Endothelial Cell Migration (GO:0043542),2/40,0.0096192643478777,0.0312941132714799,0,0,14.538011695906432,67.51434442117609,PRSS3;RHOA
GO_Biological_Process_2023,Establishment Or Maintenance Of Epithelial Cell Apical/Basal Polarity (GO:0045197),2/40,0.0096192643478777,0.0312941132714799,0,0,14.538011695906432,67.51434442117609,CDC42;RHOA
GO_Biological_Process_2023,Negative Regulation Of Cell-Cell Adhesion (GO:0022408),2/40,0.0096192643478777,0.0312941132714799,0,0,14.538011695906432,67.51434442117609,CDH1;AKT1
GO_Biological_Process_2023,Protein Localization (GO:0008104),5/351,0.0097053886718006,0.0315055100675011,0,0,4.100695317081343,19.0070263057861,CD74;CTNNB1;TP53;EGFR;ACTB
GO_Biological_Process_2023,Non-Canonical Wnt Signaling Pathway (GO:0035567),2/41,0.0100885355513959,0.0326071973353143,0,0,14.164529914529917,65.1052163056749,CDC42;RHOA
GO_Biological_Process_2023,Stem Cell Differentiation (GO:0048863),2/41,0.0100885355513959,0.0326071973353143,0,0,14.164529914529917,65.1052163056749,CTNNB1;TP53
GO_Biological_Process_2023,Protein Phosphorylation (GO:0006468),6/500,0.010475384097409,0.0337287650277766,0,0,3.470826387235056,15.822550469971569,APP;SRC;PLK1;CDK1;AKT1;EGFR
GO_Biological_Process_2023,Regulation Of Protein Catabolic Process (GO:0042176),3/122,0.0104808175891681,0.0337287650277766,0,0,7.032903302165937,32.05744023682602,HSP90AA1;TNF;EGFR
GO_Biological_Process_2023,Branching Morphogenesis Of An Epithelial Tube (GO:0048754),2/42,0.0105678034381815,0.0337897577744431,0,0,13.809722222222222,62.833453260785255,MYC;CTNNB1
GO_Biological_Process_2023,Regulation Of Ubiquitin-Dependent Protein Catabolic Process (GO:2000058),2/42,0.0105678034381815,0.0337897577744431,0,0,13.809722222222222,62.833453260785255,RPL5;RPL11
GO_Biological_Process_2023,Substantia Nigra Development (GO:0021762),2/42,0.0105678034381815,0.0337897577744431,0,0,13.809722222222222,62.833453260785255,CDC42;RHOA
GO_Biological_Process_2023,Modulation Of Chemical Synaptic Transmission (GO:0050804),3/123,0.0107147298033856,0.0341861828844637,0,0,6.973943661971831,31.634755979815356,APP;IL1B;TNF
GO_Biological_Process_2023,Positive Regulation Of Defense Response (GO:0031349),3/124,0.0109516590148388,0.0346111652110218,0,0,6.915958561285065,31.220465013243807,APP;IL1B;TNF
GO_Biological_Process_2023,Response To Amyloid-Beta (GO:1904645),2/43,0.0110569896915747,0.0346111652110218,0,0,13.47222222222222,60.68821839901732,APP;MMP13
GO_Biological_Process_2023,Positive Regulation Of Cell Division (GO:0051781),2/43,0.0110569896915747,0.0346111652110218,0,0,13.47222222222222,60.68821839901732,CDC42;RHOA
GO_Biological_Process_2023,Ephrin Receptor Signaling Pathway (GO:0048013),2/43,0.0110569896915747,0.0346111652110218,0,0,13.47222222222222,60.68821839901732,EFNA2;SRC
GO_Biological_Process_2023,Positive Regulation Of Stress Fiber Assembly (GO:0051496),2/43,0.0110569896915747,0.0346111652110218,0,0,13.47222222222222,60.68821839901732,CDC42;RHOA
GO_Biological_Process_2023,Intracellular Steroid Hormone Receptor Signaling Pathway (GO:0030518),2/43,0.0110569896915747,0.0346111652110218,0,0,13.47222222222222,60.68821839901732,MED1;SRC
GO_Biological_Process_2023,mRNA Transcription (GO:0009299),2/43,0.0110569896915747,0.0346111652110218,0,0,13.47222222222222,60.68821839901732,MED1;TP53
GO_Biological_Process_2023,Regulation Of JUN Kinase Activity (GO:0043506),2/43,0.0110569896915747,0.0346111652110218,0,0,13.47222222222222,60.68821839901732,RPS3;TNF
GO_Biological_Process_2023,Regulation Of Cell-Cell Adhesion (GO:0022407),2/43,0.0110569896915747,0.0346111652110218,0,0,13.47222222222222,60.68821839901732,SRC;CDH1
GO_Biological_Process_2023,Protein Modification By Small Protein Conjugation (GO:0032446),5/364,0.0112322250834861,0.0350859861098414,0,0,3.949578135723225,17.729531414636114,PLK1;RACK1;BRCA1;RPS27A;UBA52
GO_Biological_Process_2023,Positive Regulation Of Intracellular Protein Transport (GO:0090316),3/126,0.011434595765477,0.0355019885869726,0,0,6.802816901408451,30.4161549399588,CDH1;IL1B;EP300
GO_Biological_Process_2023,Bone Development (GO:0060348),2/44,0.0115560164192494,0.0355019885869726,0,0,13.15079365079365,58.65976046162832,MMP13;TP53
GO_Biological_Process_2023,Cellular Response To Ketone (GO:1901655),2/44,0.0115560164192494,0.0355019885869726,0,0,13.15079365079365,58.65976046162832,SRC;ADCY2
GO_Biological_Process_2023,Regulation Of Viral Entry Into Host Cell (GO:0046596),2/44,0.0115560164192494,0.0355019885869726,0,0,13.15079365079365,58.65976046162832,CD74;CD4
GO_Biological_Process_2023,Response To Unfolded Protein (GO:0006986),2/44,0.0115560164192494,0.0355019885869726,0,0,13.15079365079365,58.65976046162832,HSP90AA1;HSP90AB1
GO_Biological_Process_2023,Extracellular Matrix Disassembly (GO:0022617),2/44,0.0115560164192494,0.0355019885869726,0,0,13.15079365079365,58.65976046162832,MMP13;MMP1
GO_Biological_Process_2023,Positive Regulation Of Osteoblast Differentiation (GO:0045669),2/44,0.0115560164192494,0.0355019885869726,0,0,13.15079365079365,58.65976046162832,IL6;WNT7B
GO_Biological_Process_2023,Regulation Of B Cell Proliferation (GO:0030888),2/44,0.0115560164192494,0.0355019885869726,0,0,13.15079365079365,58.65976046162832,CD74;BCL2
GO_Biological_Process_2023,Regulation Of Tumor Necrosis Factor Production (GO:0032680),3/127,0.0116806164684981,0.0358109434939552,0,0,6.747614720581554,30.02570145632868,APP;IL6;STAT3
GO_Biological_Process_2023,Regulation Of Interleukin-10 Production (GO:0032653),2/46,0.0125832818729366,0.0381855193292782,0,0,12.551767676767676,54.91883084672332,IL6;STAT3
GO_Biological_Process_2023,Regulation Of Nervous System Development (GO:0051960),2/46,0.0125832818729366,0.0381855193292782,0,0,12.551767676767676,54.91883084672332,IL1B;CTNNB1
GO_Biological_Process_2023,Cellular Component Disassembly (GO:0022411),2/46,0.0125832818729366,0.0381855193292782,0,0,12.551767676767676,54.91883084672332,MMP13;MMP1
GO_Biological_Process_2023,Response To Hydrogen Peroxide (GO:0042542),2/46,0.0125832818729366,0.0381855193292782,0,0,12.551767676767676,54.91883084672332,IL6;RPS3
GO_Biological_Process_2023,Epithelial Cell Migration (GO:0010631),2/46,0.0125832818729366,0.0381855193292782,0,0,12.551767676767676,54.91883084672332,PRSS3;RHOA
GO_Biological_Process_2023,Epithelial Cell Differentiation (GO:0030855),3/132,0.0129564887504972,0.0392381468256928,0,0,6.484441532918441,28.18241103952436,HDAC1;CDK1;AKT1
GO_Biological_Process_2023,Regulation Of T Cell Differentiation (GO:0045580),2/47,0.0131113669466945,0.0396266465528903,0,0,12.272222222222222,53.1911947979084,IL36B;ACTB
GO_Biological_Process_2023,Negative Regulation Of Cell Motility (GO:2000146),3/133,0.0132208568565304,0.0398766735146363,0,0,6.434236186348862,27.83424600161923,CD74;CDH1;HDAC1
GO_Biological_Process_2023,Cellular Response To Radiation (GO:0071478),2/48,0.0136489851835901,0.0410848240879785,0,0,12.004830917874395,51.54982566431914,BRCA1;TP53
GO_Biological_Process_2023,Cellular Response To Metal Ion (GO:0071248),3/135,0.0137588288804694,0.0413319657901197,0,0,6.3361075544174135,27.15702940177069,CDH1;AKT1;EGFR
GO_Biological_Process_2023,Erythrocyte Differentiation (GO:0030218),2/49,0.0141960608091487,0.0424741578426338,0,0,11.748817966903074,49.98876213432602,RPS14;MED1
GO_Biological_Process_2023,Negative Regulation Of Cysteine-Type Endopeptidase Activity Involved In Apoptotic Process (GO:0043154),2/49,0.0141960608091487,0.0424741578426338,0,0,11.748817966903074,49.98876213432602,SRC;TNF
GO_Biological_Process_2023,Positive Regulation Of Transport (GO:0051050),2/50,0.0147525184670075,0.0440506062441708,0,0,11.50347222222222,48.50256694786101,TNF;ACTB
GO_Biological_Process_2023,Regulation Of Stress-Activated MAPK Cascade (GO:0032872),2/51,0.0153182832101411,0.0454666174962356,0,0,11.26814058956916,47.08627128826748,MYC;EGFR
GO_Biological_Process_2023,Regulation Of Telomere Maintenance Via Telomerase (GO:0032210),2/51,0.0153182832101411,0.0454666174962356,0,0,11.26814058956916,47.08627128826748,SRC;CTNNB1
GO_Biological_Process_2023,Positive Regulation Of Actin Filament Bundle Assembly (GO:0032233),2/51,0.0153182832101411,0.0454666174962356,0,0,11.26814058956916,47.08627128826748,CDC42;RHOA
GO_Biological_Process_2023,Cellular Component Assembly (GO:0022607),4/260,0.0157865167131056,0.0467080630306171,0,0,4.390625,18.21494281747916,CDC42;CD74;TP53;RHOA
GO_Biological_Process_2023,Rho Protein Signal Transduction (GO:0007266),2/52,0.0158932805077335,0.0467080630306171,0,0,11.042222222222222,45.73532604079312,CDC42;RHOA
GO_Biological_Process_2023,Regulation Of Protein Localization To Nucleus (GO:1900180),2/52,0.0158932805077335,0.0467080630306171,0,0,11.042222222222222,45.73532604079312,PLK1;CDK1
GO_Biological_Process_2023,Cellular Response To Ionizing Radiation (GO:0071479),2/52,0.0158932805077335,0.0467080630306171,0,0,11.042222222222222,45.73532604079312,BRCA1;TP53
GO_Biological_Process_2023,Positive Regulation Of Transcription Initiation By RNA Polymerase II (GO:0060261),2/52,0.0158932805077335,0.0467080630306171,0,0,11.042222222222222,45.73532604079312,MED1;TP53
GO_Biological_Process_2023,Mitochondrial Transport (GO:0006839),2/53,0.0164774362415554,0.0482345383102508,0,0,10.82516339869281,44.44555897199447,HSP90AA1;BCL2
GO_Biological_Process_2023,Negative Regulation Of Cysteine-Type Endopeptidase Activity (GO:2000117),2/53,0.0164774362415554,0.0482345383102508,0,0,10.82516339869281,44.44555897199447,SRC;TNF
GO_Biological_Process_2023,Neuron Projection Morphogenesis (GO:0048812),3/146,0.0169392617736493,0.0492932331125655,0,0,5.845464394760169,23.83851209438587,CDC42;APP;CTNNB1
GO_Biological_Process_2023,Positive Regulation Of Cellular Catabolic Process (GO:0031331),3/146,0.0169392617736493,0.0492932331125655,0,0,5.845464394760169,23.83851209438587,APP;IL1B;TNF
GO_Biological_Process_2023,Regulation Of Focal Adhesion Assembly (GO:0051893),2/54,0.0170706767020696,0.0492932331125655,0,0,10.616452991452991,43.21313700492695,SRC;RHOA
GO_Biological_Process_2023,Negative Regulation Of Protein Catabolic Process (GO:0042177),2/54,0.0170706767020696,0.0492932331125655,0,0,10.616452991452991,43.21313700492695,HSP90AB1;EGFR
GO_Biological_Process_2023,Negative Regulation Of Protein Ubiquitination (GO:0031397),2/54,0.0170706767020696,0.0492932331125655,0,0,10.616452991452991,43.21313700492695,RPS3;AKT1
GO_Biological_Process_2023,Peptidyl-Tyrosine Modification (GO:0018212),2/54,0.0170706767020696,0.0492932331125655,0,0,10.616452991452991,43.21313700492695,SRC;EGFR
GO_Biological_Process_2023,Regulation Of Blood Vessel Endothelial Cell Migration (GO:0043535),2/54,0.0170706767020696,0.0492932331125655,0,0,10.616452991452991,43.21313700492695,AKT1;TNF
GO_Biological_Process_2023,Response To Peptide Hormone (GO:0043434),2/55,0.0176729285808792,0.0495729589010383,0,0,10.415618448637316,42.034532902180224,SRC;STAT3
GO_Biological_Process_2023,Positive Regulation Of Tyrosine Phosphorylation Of STAT Protein (GO:0042531),2/55,0.0176729285808792,0.0495729589010383,0,0,10.415618448637316,42.034532902180224,IL6;TNF
GO_Biological_Process_2023,Regulation Of Reactive Oxygen Species Metabolic Process (GO:2000377),2/56,0.0182841189821684,0.0495729589010383,0,0,10.22222222222222,40.90649575777209,BRCA1;TP53
GO_Biological_Process_2023,Regulation Of Stem Cell Population Maintenance (GO:2000036),2/56,0.0182841189821684,0.0495729589010383,0,0,10.22222222222222,40.90649575777209,HDAC1;MYC
GO_Biological_Process_2023,Positive Regulation Of Cellular Metabolic Process (GO:0031325),2/56,0.0182841189821684,0.0495729589010383,0,0,10.22222222222222,40.90649575777209,CDK1;TP53
GO_Biological_Process_2023,ERBB2-EGFR Signaling Pathway (GO:0038134),1/5,0.018365284102935,0.0495729589010383,0,0,68.22602739726027,272.71943060410257,EGFR
GO_Biological_Process_2023,Negative Regulation Of Morphogenesis Of An Epithelium (GO:1905331),1/5,0.018365284102935,0.0495729589010383,0,0,68.22602739726027,272.71943060410257,TNF
GO_Biological_Process_2023,Regulation Of Glucagon Secretion (GO:0070092),1/5,0.018365284102935,0.0495729589010383,0,0,68.22602739726027,272.71943060410257,IL6
GO_Biological_Process_2023,Regulation Of Immature T Cell Proliferation In Thymus (GO:0033084),1/5,0.018365284102935,0.0495729589010383,0,0,68.22602739726027,272.71943060410257,IL1B
GO_Biological_Process_2023,Regulation Of Interleukin-1-Mediated Signaling Pathway (GO:2000659),1/5,0.018365284102935,0.0495729589010383,0,0,68.22602739726027,272.71943060410257,IL6
GO_Biological_Process_2023,Regulation Of Long-Chain Fatty Acid Import Across Plasma Membrane (GO:0010746),1/5,0.018365284102935,0.0495729589010383,0,0,68.22602739726027,272.71943060410257,AKT1
GO_Biological_Process_2023,Astrocyte Differentiation (GO:0048708),1/5,0.018365284102935,0.0495729589010383,0,0,68.22602739726027,272.71943060410257,STAT3
GO_Biological_Process_2023,Regulation Of Nitric Oxide Mediated Signal Transduction (GO:0010749),1/5,0.018365284102935,0.0495729589010383,0,0,68.22602739726027,272.71943060410257,EGFR
GO_Biological_Process_2023,Axo-Dendritic Transport (GO:0008088),1/5,0.018365284102935,0.0495729589010383,0,0,68.22602739726027,272.71943060410257,APP
GO_Biological_Process_2023,Regulation Of Pentose-Phosphate Shunt (GO:0043456),1/5,0.018365284102935,0.0495729589010383,0,0,68.22602739726027,272.71943060410257,TP53
GO_Biological_Process_2023,Photoreceptor Cell Differentiation (GO:0046530),1/5,0.018365284102935,0.0495729589010383,0,0,68.22602739726027,272.71943060410257,STAT3
GO_Biological_Process_2023,Regulation Of Thymocyte Apoptotic Process (GO:0070243),1/5,0.018365284102935,0.0495729589010383,0,0,68.22602739726027,272.71943060410257,TP53
GO_Biological_Process_2023,Regulation Of Type 2 Immune Response (GO:0002828),1/5,0.018365284102935,0.0495729589010383,0,0,68.22602739726027,272.71943060410257,CD74
GO_Biological_Process_2023,Positive Regulation Of I-kappaB Phosphorylation (GO:1903721),1/5,0.018365284102935,0.0495729589010383,0,0,68.22602739726027,272.71943060410257,TNF
GO_Biological_Process_2023,Regulation Of Vitamin D Biosynthetic Process (GO:0060556),1/5,0.018365284102935,0.0495729589010383,0,0,68.22602739726027,272.71943060410257,TNF
GO_Biological_Process_2023,Positive Regulation Of T-helper 1 Cell Cytokine Production (GO:2000556),1/5,0.018365284102935,0.0495729589010383,0,0,68.22602739726027,272.71943060410257,IL1B
GO_Biological_Process_2023,Response To Lithium Ion (GO:0010226),1/5,0.018365284102935,0.0495729589010383,0,0,68.22602739726027,272.71943060410257,CDH1
GO_Biological_Process_2023,Response To Peptidoglycan (GO:0032494),1/5,0.018365284102935,0.0495729589010383,0,0,68.22602739726027,272.71943060410257,IL6
GO_Biological_Process_2023,Signal Complex Assembly (GO:0007172),1/5,0.018365284102935,0.0495729589010383,0,0,68.22602739726027,272.71943060410257,SRC
GO_Biological_Process_2023,Positive Regulation Of Fever Generation (GO:0031622),1/5,0.018365284102935,0.0495729589010383,0,0,68.22602739726027,272.71943060410257,TNF
GO_Biological_Process_2023,Positive Regulation Of Intrinsic Apoptotic Signaling Pathway By P53 Class Mediator (GO:1902255),1/5,0.018365284102935,0.0495729589010383,0,0,68.22602739726027,272.71943060410257,MYC
GO_Biological_Process_2023,Positive Regulation Of Podosome Assembly (GO:0071803),1/5,0.018365284102935,0.0495729589010383,0,0,68.22602739726027,272.71943060410257,TNF
GO_Biological_Process_2023,Intracellular Oxygen Homeostasis (GO:0032364),1/5,0.018365284102935,0.0495729589010383,0,0,68.22602739726027,272.71943060410257,WNT7B
GO_Biological_Process_2023,Kidney Morphogenesis (GO:0060993),1/5,0.018365284102935,0.0495729589010383,0,0,68.22602739726027,272.71943060410257,WNT7B
GO_Biological_Process_2023,Leukocyte Apoptotic Process (GO:0071887),1/5,0.018365284102935,0.0495729589010383,0,0,68.22602739726027,272.71943060410257,IL6
GO_Biological_Process_2023,Metanephric Collecting Duct Development (GO:0072205),1/5,0.018365284102935,0.0495729589010383,0,0,68.22602739726027,272.71943060410257,WNT7B
GO_Biological_Process_2023,Radial Glial Cell Differentiation (GO:0060019),1/5,0.018365284102935,0.0495729589010383,0,0,68.22602739726027,272.71943060410257,STAT3
GO_Biological_Process_2023,Morphogenesis Of An Endothelium (GO:0003159),1/5,0.018365284102935,0.0495729589010383,0,0,68.22602739726027,272.71943060410257,CTNNB1
GO_Biological_Process_2023,Regulation Of T-helper 1 Cell Cytokine Production (GO:2000554),1/5,0.018365284102935,0.0495729589010383,0,0,68.22602739726027,272.71943060410257,IL1B
GO_Biological_Process_2023,Regulation Of Apoptotic DNA Fragmentation (GO:1902510),1/5,0.018365284102935,0.0495729589010383,0,0,68.22602739726027,272.71943060410257,IL6
GO_Biological_Process_2023,Negative Regulation Of Cell Size (GO:0045792),1/5,0.018365284102935,0.0495729589010383,0,0,68.22602739726027,272.71943060410257,RHOA
GO_Biological_Process_2023,Peptidyl-Threonine Phosphorylation (GO:0018107),2/58,0.0195330257721004,0.0526296716101803,0,0,9.856150793650794,38.79034623649447,CDK1;AKT1
GO_Biological_Process_2023,Positive Regulation Of Response To External Stimulus (GO:0032103),3/155,0.0198225903626917,0.0533134650548928,0,0,5.496849518161601,21.552779024889656,APP;IL1B;TNF
GO_Biological_Process_2023,Cellular Response To Chemokine (GO:1990869),2/59,0.0201705983731153,0.053860558379824,0,0,9.682748538011696,37.79689224469921,CXCL5;RHOA
GO_Biological_Process_2023,Chordate Embryonic Development (GO:0043009),2/59,0.0201705983731153,0.053860558379824,0,0,9.682748538011696,37.79689224469921,WNT7B;BRCA1
GO_Biological_Process_2023,Positive Regulation Of Protein Binding (GO:0032092),2/59,0.0201705983731153,0.053860558379824,0,0,9.682748538011696,37.79689224469921,APP;RPL11
GO_Biological_Process_2023,Microtubule Cytoskeleton Organization Involved In Mitosis (GO:1902850),2/59,0.0201705983731153,0.053860558379824,0,0,9.682748538011696,37.79689224469921,PLK1;CDK1
GO_Biological_Process_2023,Regulation Of Extrinsic Apoptotic Signaling Pathway (GO:2001236),2/60,0.0208168219130684,0.0551905064955016,0,0,9.515325670498084,36.84328269874603,SRC;TNF
GO_Biological_Process_2023,Negative Regulation Of Peptidase Activity (GO:0010466),2/60,0.0208168219130684,0.0551905064955016,0,0,9.515325670498084,36.84328269874603,AKT1;GAPDH
GO_Biological_Process_2023,Positive Regulation Of Phagocytosis (GO:0050766),2/60,0.0208168219130684,0.0551905064955016,0,0,9.515325670498084,36.84328269874603,IL1B;TNF
GO_Biological_Process_2023,protein-DNA Complex Organization (GO:0071824),2/60,0.0208168219130684,0.0551905064955016,0,0,9.515325670498084,36.84328269874603,HDAC1;MYC
GO_Biological_Process_2023,Phosphorylation (GO:0016310),5/429,0.0213528749439912,0.0556491616528479,0,0,3.332991523106372,12.82058150533071,APP;PLK1;STAT3;CDK1;AKT1
GO_Biological_Process_2023,Negative Regulation Of Autophagy (GO:0010507),2/61,0.0214716254913036,0.0556491616528479,0,0,9.353578154425612,35.92730844994776,STAT3;BCL2
GO_Biological_Process_2023,DNA Strand Resection Involved In Replication Fork Processing (GO:0110025),1/6,0.0219982256466627,0.0556491616528479,0,0,54.57808219178082,208.31326833148967,BRCA1
GO_Biological_Process_2023,Negative Regulation Of Low-Density Lipoprotein Receptor Activity (GO:1905598),1/6,0.0219982256466627,0.0556491616528479,0,0,54.57808219178082,208.31326833148967,APP
GO_Biological_Process_2023,Negative Regulation Of Protein Sumoylation (GO:0033234),1/6,0.0219982256466627,0.0556491616528479,0,0,54.57808219178082,208.31326833148967,CTNNB1
GO_Biological_Process_2023,Negative Regulation Of Stress-Activated Protein Kinase Signaling Cascade (GO:0070303),1/6,0.0219982256466627,0.0556491616528479,0,0,54.57808219178082,208.31326833148967,MYC
GO_Biological_Process_2023,Angiotensin-Activated Signaling Pathway (GO:0038166),1/6,0.0219982256466627,0.0556491616528479,0,0,54.57808219178082,208.31326833148967,SRC
GO_Biological_Process_2023,Regulation Of Myosin-Light-Chain-Phosphatase Activity (GO:0035507),1/6,0.0219982256466627,0.0556491616528479,0,0,54.57808219178082,208.31326833148967,TNF
GO_Biological_Process_2023,Cellular Response To Interleukin-9 (GO:0071355),1/6,0.0219982256466627,0.0556491616528479,0,0,54.57808219178082,208.31326833148967,STAT3
GO_Biological_Process_2023,Cleavage Furrow Formation (GO:0036089),1/6,0.0219982256466627,0.0556491616528479,0,0,54.57808219178082,208.31326833148967,RHOA
GO_Biological_Process_2023,Detection Of Muscle Stretch (GO:0035995),1/6,0.0219982256466627,0.0556491616528479,0,0,54.57808219178082,208.31326833148967,CTNNB1
GO_Biological_Process_2023,Positive Regulation Of Chemokine (C-X-C Motif) Ligand 2 Production (GO:2000343),1/6,0.0219982256466627,0.0556491616528479,0,0,54.57808219178082,208.31326833148967,TNF
GO_Biological_Process_2023,Positive Regulation Of Gastrulation (GO:2000543),1/6,0.0219982256466627,0.0556491616528479,0,0,54.57808219178082,208.31326833148967,RACK1
GO_Biological_Process_2023,Positive Regulation Of Humoral Immune Response (GO:0002922),1/6,0.0219982256466627,0.0556491616528479,0,0,54.57808219178082,208.31326833148967,IL1B
GO_Biological_Process_2023,Positive Regulation Of Icosanoid Secretion (GO:0032305),1/6,0.0219982256466627,0.0556491616528479,0,0,54.57808219178082,208.31326833148967,IL1B
GO_Biological_Process_2023,Positive Regulation Of Kidney Development (GO:0090184),1/6,0.0219982256466627,0.0556491616528479,0,0,54.57808219178082,208.31326833148967,MYC
GO_Biological_Process_2023,Positive Regulation Of Lamellipodium Morphogenesis (GO:2000394),1/6,0.0219982256466627,0.0556491616528479,0,0,54.57808219178082,208.31326833148967,SRC
GO_Biological_Process_2023,Positive Regulation Of Membrane Depolarization (GO:1904181),1/6,0.0219982256466627,0.0556491616528479,0,0,54.57808219178082,208.31326833148967,RACK1
GO_Biological_Process_2023,Positive Regulation Of Pinocytosis (GO:0048549),1/6,0.0219982256466627,0.0556491616528479,0,0,54.57808219178082,208.31326833148967,CDC42
GO_Biological_Process_2023,Hyaluronan Biosynthetic Process (GO:0030213),1/6,0.0219982256466627,0.0556491616528479,0,0,54.57808219178082,208.31326833148967,IL1B
GO_Biological_Process_2023,Interleukin-9-Mediated Signaling Pathway (GO:0038113),1/6,0.0219982256466627,0.0556491616528479,0,0,54.57808219178082,208.31326833148967,STAT3
GO_Biological_Process_2023,Metanephric Nephron Tubule Development (GO:0072234),1/6,0.0219982256466627,0.0556491616528479,0,0,54.57808219178082,208.31326833148967,WNT7B
GO_Biological_Process_2023,Mitotic Nuclear Membrane Disassembly (GO:0007077),1/6,0.0219982256466627,0.0556491616528479,0,0,54.57808219178082,208.31326833148967,PLK1
GO_Biological_Process_2023,Regulation Of I-kappaB Phosphorylation (GO:1903719),1/6,0.0219982256466627,0.0556491616528479,0,0,54.57808219178082,208.31326833148967,TNF
GO_Biological_Process_2023,Regulation Of Adiponectin Secretion (GO:0070163),1/6,0.0219982256466627,0.0556491616528479,0,0,54.57808219178082,208.31326833148967,IL1B
GO_Biological_Process_2023,Negative Regulation Of Cardiocyte Differentiation (GO:1905208),1/6,0.0219982256466627,0.0556491616528479,0,0,54.57808219178082,208.31326833148967,EGFR
GO_Biological_Process_2023,Regulation Of Cell Adhesion Molecule Production (GO:0060353),1/6,0.0219982256466627,0.0556491616528479,0,0,54.57808219178082,208.31326833148967,IL1B
GO_Biological_Process_2023,Regulation Of Embryonic Development (GO:0045995),2/62,0.0221349386007329,0.0558055135619154,0,0,9.197222222222225,35.046916482830376,CDK1;FOXA2
GO_Biological_Process_2023,Fat Cell Differentiation (GO:0045444),2/62,0.0221349386007329,0.0558055135619154,0,0,9.197222222222225,35.046916482830376,MED1;EP300
GO_Biological_Process_2023,Regulation Of Macromolecule Metabolic Process (GO:0060255),3/162,0.0222412215214532,0.0558843508717797,0,0,5.25298963592878,19.991869384552704,APP;CDH1;MYC
GO_Biological_Process_2023,Protein Autophosphorylation (GO:0046777),3/162,0.0222412215214532,0.0558843508717797,0,0,5.25298963592878,19.991869384552704,SRC;AKT1;EGFR
GO_Biological_Process_2023,Negative Regulation Of Cell Migration (GO:0030336),3/163,0.0225993392738351,0.0566885783131554,0,0,5.219894366197183,19.78253632330613,CD74;CDH1;HDAC1
GO_Biological_Process_2023,DNA Repair (GO:0006281),4/291,0.0228134722782871,0.0571295356212569,0,0,3.910204081632653,14.782151261012816,CDK1;RPS3;BRCA1;TP53
GO_Biological_Process_2023,Cellular Response To Virus (GO:0098586),2/64,0.0234868133390836,0.0584229580554835,0,0,8.899641577060931,33.38536917576271,HSP90AA1;IL6
GO_Biological_Process_2023,Positive Regulation Of Cysteine-Type Endopeptidase Activity (GO:2001056),2/64,0.0234868133390836,0.0584229580554835,0,0,8.899641577060931,33.38536917576271,MYC;TNF
GO_Biological_Process_2023,Positive Regulation Of Type I Interferon Production (GO:0032481),2/64,0.0234868133390836,0.0584229580554835,0,0,8.899641577060931,33.38536917576271,HSP90AA1;GAPDH
GO_Biological_Process_2023,Negative Regulation Of Cell Death (GO:0060548),2/64,0.0234868133390836,0.0584229580554835,0,0,8.899641577060931,33.38536917576271,ALB;AKT1
GO_Biological_Process_2023,Regulation Of Cytokine Production (GO:0001817),3/167,0.0240633200831071,0.0597572448730493,0,0,5.091549295774648,18.9765432519613,IL6;TNF;GAPDH
GO_Biological_Process_2023,Canonical Wnt Signaling Pathway (GO:0060070),2/65,0.0241752359004936,0.0598286482431429,0,0,8.757936507936508,32.60077476428439,WNT7B;CTNNB1
GO_Biological_Process_2023,Regulation Of Tyrosine Phosphorylation Of STAT Protein (GO:0042509),2/65,0.0241752359004936,0.0598286482431429,0,0,8.757936507936508,32.60077476428439,IL6;TNF
GO_Biological_Process_2023,Negative Regulation Of Endopeptidase Activity (GO:0010951),2/66,0.0248718898609494,0.0598286482431429,0,0,8.620659722222221,31.84486386225891,AKT1;GAPDH
GO_Biological_Process_2023,Negative Regulation Of Immune Response (GO:0050777),2/66,0.0248718898609494,0.0598286482431429,0,0,8.620659722222221,31.84486386225891,SRC;AKT1
GO_Biological_Process_2023,Peptidyl-Threonine Modification (GO:0018210),2/66,0.0248718898609494,0.0598286482431429,0,0,8.620659722222221,31.84486386225891,CDK1;AKT1
GO_Biological_Process_2023,Activation Of Cysteine-Type Endopeptidase Activity Involved In Apoptotic Process (GO:0006919),2/67,0.0255767066523957,0.0598286482431429,0,0,8.487606837606837,31.116188282817543,RACK1;TNF
GO_Biological_Process_2023,Peptidyl-Tyrosine Phosphorylation (GO:0018108),2/67,0.0255767066523957,0.0598286482431429,0,0,8.487606837606837,31.116188282817543,SRC;EGFR
GO_Biological_Process_2023,Extrinsic Apoptotic Signaling Pathway (GO:0097191),2/67,0.0255767066523957,0.0598286482431429,0,0,8.487606837606837,31.116188282817543,BCL2;TNF
GO_Biological_Process_2023,Negative Regulation Of Cellular Catabolic Process (GO:0031330),2/67,0.0255767066523957,0.0598286482431429,0,0,8.487606837606837,31.116188282817543,STAT3;BCL2
GO_Biological_Process_2023,Negative Regulation Of Fatty Acid Oxidation (GO:0046322),1/7,0.0256179044155202,0.0598286482431429,0,0,45.47945205479452,166.65780482203337,AKT1
GO_Biological_Process_2023,Regulation Of Cyclic-Nucleotide Phosphodiesterase Activity (GO:0051342),1/7,0.0256179044155202,0.0598286482431429,0,0,45.47945205479452,166.65780482203337,RACK1
GO_Biological_Process_2023,Negative Regulation Of Inflammatory Response To Wounding (GO:0106015),1/7,0.0256179044155202,0.0598286482431429,0,0,45.47945205479452,166.65780482203337,STAT3
GO_Biological_Process_2023,ER Overload Response (GO:0006983),1/7,0.0256179044155202,0.0598286482431429,0,0,45.47945205479452,166.65780482203337,TP53
GO_Biological_Process_2023,Regulation Of Endodeoxyribonuclease Activity (GO:0032071),1/7,0.0256179044155202,0.0598286482431429,0,0,45.47945205479452,166.65780482203337,RPS3
GO_Biological_Process_2023,Negative Regulation Of Keratinocyte Proliferation (GO:0010839),1/7,0.0256179044155202,0.0598286482431429,0,0,45.47945205479452,166.65780482203337,MED1
GO_Biological_Process_2023,Regulation Of Lipase Activity (GO:0060191),1/7,0.0256179044155202,0.0598286482431429,0,0,45.47945205479452,166.65780482203337,RHOA
GO_Biological_Process_2023,Regulation Of Protein Localization To Cell Cortex (GO:1904776),1/7,0.0256179044155202,0.0598286482431429,0,0,45.47945205479452,166.65780482203337,PLK1
GO_Biological_Process_2023,Cellular Response To Interleukin-2 (GO:0071352),1/7,0.0256179044155202,0.0598286482431429,0,0,45.47945205479452,166.65780482203337,STAT3
GO_Biological_Process_2023,Cellular Response To Leptin Stimulus (GO:0044320),1/7,0.0256179044155202,0.0598286482431429,0,0,45.47945205479452,166.65780482203337,STAT3
GO_Biological_Process_2023,Regulation Of Transforming Growth Factor Beta Activation (GO:1901388),1/7,0.0256179044155202,0.0598286482431429,0,0,45.47945205479452,166.65780482203337,HSP90AB1
GO_Biological_Process_2023,Regulation Of Vascular Wound Healing (GO:0061043),1/7,0.0256179044155202,0.0598286482431429,0,0,45.47945205479452,166.65780482203337,TNF
GO_Biological_Process_2023,Positive Regulation Of T-helper 2 Cell Cytokine Production (GO:2000553),1/7,0.0256179044155202,0.0598286482431429,0,0,45.47945205479452,166.65780482203337,IL6
GO_Biological_Process_2023,Collecting Duct Development (GO:0072044),1/7,0.0256179044155202,0.0598286482431429,0,0,45.47945205479452,166.65780482203337,WNT7B
GO_Biological_Process_2023,Positive Regulation Of Execution Phase Of Apoptosis (GO:1900119),1/7,0.0256179044155202,0.0598286482431429,0,0,45.47945205479452,166.65780482203337,TP53
GO_Biological_Process_2023,Positive Regulation Of Extracellular Matrix Disassembly (GO:0090091),1/7,0.0256179044155202,0.0598286482431429,0,0,45.47945205479452,166.65780482203337,IL6
GO_Biological_Process_2023,Establishment Of Golgi Localization (GO:0051683),1/7,0.0256179044155202,0.0598286482431429,0,0,45.47945205479452,166.65780482203337,CDC42
GO_Biological_Process_2023,Stress-Induced Premature Senescence (GO:0090400),1/7,0.0256179044155202,0.0598286482431429,0,0,45.47945205479452,166.65780482203337,TP53
GO_Biological_Process_2023,Growth Hormone Receptor Signaling Pathway Via JAK-STAT (GO:0060397),1/7,0.0256179044155202,0.0598286482431429,0,0,45.47945205479452,166.65780482203337,STAT3
GO_Biological_Process_2023,Histone H2A K63-linked Deubiquitination (GO:0070537),1/7,0.0256179044155202,0.0598286482431429,0,0,45.47945205479452,166.65780482203337,BRCA1
GO_Biological_Process_2023,Interleukin-2-Mediated Signaling Pathway (GO:0038110),1/7,0.0256179044155202,0.0598286482431429,0,0,45.47945205479452,166.65780482203337,STAT3
GO_Biological_Process_2023,Intermediate Filament Bundle Assembly (GO:0045110),1/7,0.0256179044155202,0.0598286482431429,0,0,45.47945205479452,166.65780482203337,NEFL
GO_Biological_Process_2023,Positive Regulation Of Steroid Biosynthetic Process (GO:0010893),1/7,0.0256179044155202,0.0598286482431429,0,0,45.47945205479452,166.65780482203337,TNF
GO_Biological_Process_2023,Kidney Epithelium Development (GO:0072073),1/7,0.0256179044155202,0.0598286482431429,0,0,45.47945205479452,166.65780482203337,WNT7B
GO_Biological_Process_2023,Lens Fiber Cell Development (GO:0070307),1/7,0.0256179044155202,0.0598286482431429,0,0,45.47945205479452,166.65780482203337,WNT7B
GO_Biological_Process_2023,Leukocyte Aggregation (GO:0070486),1/7,0.0256179044155202,0.0598286482431429,0,0,45.47945205479452,166.65780482203337,IL1B
GO_Biological_Process_2023,Myeloid Leukocyte Mediated Immunity (GO:0002444),1/7,0.0256179044155202,0.0598286482431429,0,0,45.47945205479452,166.65780482203337,IL6
GO_Biological_Process_2023,Regulation Of Golgi To Plasma Membrane Protein Transport (GO:0042996),1/7,0.0256179044155202,0.0598286482431429,0,0,45.47945205479452,166.65780482203337,RACK1
GO_Biological_Process_2023,Negative Regulation Of Amyloid-Beta Clearance (GO:1900222),1/7,0.0256179044155202,0.0598286482431429,0,0,45.47945205479452,166.65780482203337,TNF
GO_Biological_Process_2023,Neuron Differentiation (GO:0030182),3/173,0.0263537849051086,0.0614509225486882,0,0,4.910356255178128,17.85475936442431,WNT7B;CTNNB1;FOXA2
GO_Biological_Process_2023,Negative Regulation Of Nucleic Acid-Templated Transcription (GO:1903507),5/456,0.0268927892781448,0.062609775038181,0,0,3.129117259552042,11.314565977069648,HDAC1;CTNNB1;BRCA1;TP53;TNF
GO_Biological_Process_2023,Response To Molecule Of Bacterial Origin (GO:0002237),2/69,0.0270105563679365,0.0627858486555778,0,0,8.233416252072969,29.73520931868793,IL6;IL1B
GO_Biological_Process_2023,Positive Regulation Of Hydrolase Activity (GO:0051345),3/176,0.0275414927518414,0.0638208774498348,0,0,4.82447284865261,17.329803583208477,RPS3;RACK1;RHOA
GO_Biological_Process_2023,Extracellular Matrix Organization (GO:0030198),3/176,0.0275414927518414,0.0638208774498348,0,0,4.82447284865261,17.329803583208477,APP;MMP13;MMP1
GO_Biological_Process_2023,Positive Regulation Of Protein Polymerization (GO:0032273),2/70,0.0277394540605363,0.0638822048689323,0,0,8.111928104575163,29.080447370153504,HSP90AA1;RPS3
GO_Biological_Process_2023,Positive Regulation Of Protein Transport (GO:0051222),2/70,0.0277394540605363,0.0638822048689323,0,0,8.111928104575163,29.080447370153504,RACK1;TNF
GO_Biological_Process_2023,Regulation Of Actin Filament-Based Process (GO:0032970),2/70,0.0277394540605363,0.0638822048689323,0,0,8.111928104575163,29.080447370153504,CDC42;RHOA
GO_Biological_Process_2023,Regulation Of Cellular Biosynthetic Process (GO:0031326),2/70,0.0277394540605363,0.0638822048689323,0,0,8.111928104575163,29.080447370153504,APP;MED1
GO_Biological_Process_2023,Negative Regulation Of Cytokine Production (GO:0001818),3/178,0.0283490059990918,0.0639417153297357,0,0,4.768853118712274,16.9922024690185,IL6;FN1;TNF
GO_Biological_Process_2023,Negative Regulation Of Protein Binding (GO:0032091),2/71,0.0284762441229522,0.0639417153297357,0,0,7.993961352657005,28.44799098652668,RACK1;AKT1
GO_Biological_Process_2023,Positive Regulation Of Cell-Substrate Adhesion (GO:0010811),2/71,0.0284762441229522,0.0639417153297357,0,0,7.993961352657005,28.44799098652668,CDC42;FN1
GO_Biological_Process_2023,Cellular Response To Hypoxia (GO:0071456),2/72,0.029220859882625,0.0639417153297357,0,0,7.87936507936508,27.83679177466677,MYC;TP53
GO_Biological_Process_2023,Transforming Growth Factor Beta Receptor Signaling Pathway (GO:0007179),2/72,0.029220859882625,0.0639417153297357,0,0,7.87936507936508,27.83679177466677,SRC;STAT3
GO_Biological_Process_2023,Negative Regulation Of Cell Adhesion (GO:0007162),2/72,0.029220859882625,0.0639417153297357,0,0,7.87936507936508,27.83679177466677,CDH1;RHOA
GO_Biological_Process_2023,"DNA Damage Response, Signal Transduction By P53 Class Mediator Resulting In Transcription Of P21 Class Mediator (GO:0006978)",1/8,0.0292243678788926,0.0639417153297357,0,0,38.98043052837573,137.70820955371116,TP53
GO_Biological_Process_2023,Negative Regulation Of Long-Term Synaptic Potentiation (GO:1900272),1/8,0.0292243678788926,0.0639417153297357,0,0,38.98043052837573,137.70820955371116,APP
GO_Biological_Process_2023,Regulation Of Gap Junction Assembly (GO:1903596),1/8,0.0292243678788926,0.0639417153297357,0,0,38.98043052837573,137.70820955371116,IL1B
GO_Biological_Process_2023,Regulation Of Helicase Activity (GO:0051095),1/8,0.0292243678788926,0.0639417153297357,0,0,38.98043052837573,137.70820955371116,TP53
GO_Biological_Process_2023,Negative Regulation Of Oxidative Stress-Induced Neuron Death (GO:1903204),1/8,0.0292243678788926,0.0639417153297357,0,0,38.98043052837573,137.70820955371116,RACK1
GO_Biological_Process_2023,Negative Regulation Of Production Of Molecular Mediator Of Immune Response (GO:0002701),1/8,0.0292243678788926,0.0639417153297357,0,0,38.98043052837573,137.70820955371116,TNF
GO_Biological_Process_2023,Regulation Of Intrinsic Apoptotic Signaling Pathway By P53 Class Mediator (GO:1902253),1/8,0.0292243678788926,0.0639417153297357,0,0,38.98043052837573,137.70820955371116,MYC
GO_Biological_Process_2023,Negative Regulation Of Protein-Containing Complex Disassembly (GO:0043242),1/8,0.0292243678788926,0.0639417153297357,0,0,38.98043052837573,137.70820955371116,TNF
GO_Biological_Process_2023,Androgen Biosynthetic Process (GO:0006702),1/8,0.0292243678788926,0.0639417153297357,0,0,38.98043052837573,137.70820955371116,MED1
GO_Biological_Process_2023,Regulation Of Mitotic Sister Chromatid Segregation (GO:0033047),1/8,0.0292243678788926,0.0639417153297357,0,0,38.98043052837573,137.70820955371116,CDK1
GO_Biological_Process_2023,Regulation Of Nephron Tubule Epithelial Cell Differentiation (GO:0072182),1/8,0.0292243678788926,0.0639417153297357,0,0,38.98043052837573,137.70820955371116,CTNNB1
GO_Biological_Process_2023,Nuclear Membrane Disassembly (GO:0051081),1/8,0.0292243678788926,0.0639417153297357,0,0,38.98043052837573,137.70820955371116,PLK1
GO_Biological_Process_2023,Bone Resorption (GO:0045453),1/8,0.0292243678788926,0.0639417153297357,0,0,38.98043052837573,137.70820955371116,SRC
GO_Biological_Process_2023,Regulation Of Pinocytosis (GO:0048548),1/8,0.0292243678788926,0.0639417153297357,0,0,38.98043052837573,137.70820955371116,CDC42
GO_Biological_Process_2023,Regulation Of Podosome Assembly (GO:0071801),1/8,0.0292243678788926,0.0639417153297357,0,0,38.98043052837573,137.70820955371116,TNF
GO_Biological_Process_2023,Regulation Of Sister Chromatid Cohesion (GO:0007063),1/8,0.0292243678788926,0.0639417153297357,0,0,38.98043052837573,137.70820955371116,CTNNB1
GO_Biological_Process_2023,Cellular Response To Platelet-Derived Growth Factor Stimulus (GO:0036120),1/8,0.0292243678788926,0.0639417153297357,0,0,38.98043052837573,137.70820955371116,HDAC1
GO_Biological_Process_2023,Response To Leptin (GO:0044321),1/8,0.0292243678788926,0.0639417153297357,0,0,38.98043052837573,137.70820955371116,STAT3
GO_Biological_Process_2023,Positive Regulation Of Cell-Cell Adhesion Mediated By Cadherin (GO:2000049),1/8,0.0292243678788926,0.0639417153297357,0,0,38.98043052837573,137.70820955371116,FOXA2
GO_Biological_Process_2023,Embryonic Placenta Development (GO:0001892),1/8,0.0292243678788926,0.0639417153297357,0,0,38.98043052837573,137.70820955371116,WNT7B
GO_Biological_Process_2023,Sympathetic Ganglion Development (GO:0061549),1/8,0.0292243678788926,0.0639417153297357,0,0,38.98043052837573,137.70820955371116,CTNNB1
GO_Biological_Process_2023,Positive Regulation Of Monocyte Chemotactic Protein-1 Production (GO:0071639),1/8,0.0292243678788926,0.0639417153297357,0,0,38.98043052837573,137.70820955371116,IL1B
GO_Biological_Process_2023,Integrin Activation (GO:0033622),1/8,0.0292243678788926,0.0639417153297357,0,0,38.98043052837573,137.70820955371116,FN1
GO_Biological_Process_2023,Internal Protein Amino Acid Acetylation (GO:0006475),1/8,0.0292243678788926,0.0639417153297357,0,0,38.98043052837573,137.70820955371116,EP300
GO_Biological_Process_2023,Intestinal Epithelial Cell Differentiation (GO:0060575),1/8,0.0292243678788926,0.0639417153297357,0,0,38.98043052837573,137.70820955371116,SRC
GO_Biological_Process_2023,Positive Regulation Of Ubiquitin Protein Ligase Activity (GO:1904668),1/8,0.0292243678788926,0.0639417153297357,0,0,38.98043052837573,137.70820955371116,PLK1
GO_Biological_Process_2023,Leptin-Mediated Signaling Pathway (GO:0033210),1/8,0.0292243678788926,0.0639417153297357,0,0,38.98043052837573,137.70820955371116,STAT3
GO_Biological_Process_2023,Regulation Of DNA Methylation (GO:0044030),1/8,0.0292243678788926,0.0639417153297357,0,0,38.98043052837573,137.70820955371116,MYC
GO_Biological_Process_2023,Cellular Response To Decreased Oxygen Levels (GO:0036294),2/73,0.0299732350303105,0.0654840472069834,0,0,7.767996870109546,27.24586420461107,MYC;TP53
GO_Biological_Process_2023,Import Into Nucleus (GO:0051170),2/74,0.0307333036520228,0.0670462993287175,0,0,7.659722222222222,26.67428103022088,STAT3;AKT1
GO_Biological_Process_2023,Regulation Of Stress Fiber Assembly (GO:0051492),2/75,0.0315010001812454,0.0686205998100229,0,0,7.5544140030441405,26.12116912026119,CDC42;RHOA
GO_Biological_Process_2023,Wnt Signaling Pathway (GO:0016055),2/76,0.0322762594317919,0.0686774136102761,0,0,7.451951951951952,25.58570561963577,WNT7B;CTNNB1
GO_Biological_Process_2023,Intracellular Protein Transport (GO:0006886),4/325,0.0324205458815699,0.0686774136102761,0,0,3.4899866488651536,11.967034827750595,CD74;RPL11;STAT3;AKT1
GO_Biological_Process_2023,Regulation Of Complement Activation (GO:0030449),1/9,0.0328176634164541,0.0686774136102761,0,0,34.10616438356164,116.5335464845532,IL1B
GO_Biological_Process_2023,"DNA Damage Response, Signal Transduction Resulting In Transcription (GO:0042772)",1/9,0.0328176634164541,0.0686774136102761,0,0,34.10616438356164,116.5335464845532,TP53
GO_Biological_Process_2023,Negative Regulation Of Hormone Secretion (GO:0046888),1/9,0.0328176634164541,0.0686774136102761,0,0,34.10616438356164,116.5335464845532,IL1B
GO_Biological_Process_2023,Regulation Of Endoplasmic Reticulum Unfolded Protein Response (GO:1900101),1/9,0.0328176634164541,0.0686774136102761,0,0,34.10616438356164,116.5335464845532,RACK1
GO_Biological_Process_2023,Regulation Of Inflammatory Response To Wounding (GO:0106014),1/9,0.0328176634164541,0.0686774136102761,0,0,34.10616438356164,116.5335464845532,STAT3
GO_Biological_Process_2023,Adherens Junction Assembly (GO:0034333),1/9,0.0328176634164541,0.0686774136102761,0,0,34.10616438356164,116.5335464845532,CTNNB1
GO_Biological_Process_2023,Neuron Remodeling (GO:0016322),1/9,0.0328176634164541,0.0686774136102761,0,0,34.10616438356164,116.5335464845532,APP
GO_Biological_Process_2023,cAMP Biosynthetic Process (GO:0006171),1/9,0.0328176634164541,0.0686774136102761,0,0,34.10616438356164,116.5335464845532,ADCY2
GO_Biological_Process_2023,Peptidyl-Lysine Acetylation (GO:0018394),1/9,0.0328176634164541,0.0686774136102761,0,0,34.10616438356164,116.5335464845532,EP300
GO_Biological_Process_2023,Cellular Response To Oxidised Low-Density Lipoprotein Particle Stimulus (GO:0140052),1/9,0.0328176634164541,0.0686774136102761,0,0,34.10616438356164,116.5335464845532,AKT1
GO_Biological_Process_2023,Positive Regulation Of RNA Biosynthetic Process (GO:1902680),1/9,0.0328176634164541,0.0686774136102761,0,0,34.10616438356164,116.5335464845532,IL1B
GO_Biological_Process_2023,Positive Regulation Of T Cell Apoptotic Process (GO:0070234),1/9,0.0328176634164541,0.0686774136102761,0,0,34.10616438356164,116.5335464845532,TP53
GO_Biological_Process_2023,Response To Platelet-Derived Growth Factor (GO:0036119),1/9,0.0328176634164541,0.0686774136102761,0,0,34.10616438356164,116.5335464845532,HDAC1
GO_Biological_Process_2023,Positive Regulation Of Hippo Signaling (GO:0035332),1/9,0.0328176634164541,0.0686774136102761,0,0,34.10616438356164,116.5335464845532,SRC
GO_Biological_Process_2023,Positive Regulation Of Lipase Activity (GO:0060193),1/9,0.0328176634164541,0.0686774136102761,0,0,34.10616438356164,116.5335464845532,RHOA
GO_Biological_Process_2023,Positive Regulation Of Mesenchymal Cell Proliferation (GO:0002053),1/9,0.0328176634164541,0.0686774136102761,0,0,34.10616438356164,116.5335464845532,MYC
GO_Biological_Process_2023,Positive Regulation Of Myoblast Fusion (GO:1901741),1/9,0.0328176634164541,0.0686774136102761,0,0,34.10616438356164,116.5335464845532,SCGB3A1
GO_Biological_Process_2023,Hematopoietic Stem Cell Differentiation (GO:0060218),1/9,0.0328176634164541,0.0686774136102761,0,0,34.10616438356164,116.5335464845532,TP53
GO_Biological_Process_2023,Homologous Recombination (GO:0035825),1/9,0.0328176634164541,0.0686774136102761,0,0,34.10616438356164,116.5335464845532,BRCA1
GO_Biological_Process_2023,Positive Regulation Of Vascular Endothelial Growth Factor Receptor Signaling Pathway (GO:0030949),1/9,0.0328176634164541,0.0686774136102761,0,0,34.10616438356164,116.5335464845532,IL1B
GO_Biological_Process_2023,Lung Epithelium Development (GO:0060428),1/9,0.0328176634164541,0.0686774136102761,0,0,34.10616438356164,116.5335464845532,WNT7B
GO_Biological_Process_2023,Protein K6-linked Ubiquitination (GO:0085020),1/9,0.0328176634164541,0.0686774136102761,0,0,34.10616438356164,116.5335464845532,BRCA1
GO_Biological_Process_2023,Protein Localization To Nuclear Envelope (GO:0090435),1/9,0.0328176634164541,0.0686774136102761,0,0,34.10616438356164,116.5335464845532,PLK1
GO_Biological_Process_2023,Regulation Of RNA Polymerase II Regulatory Region Sequence-Specific DNA Binding (GO:1903025),1/9,0.0328176634164541,0.0686774136102761,0,0,34.10616438356164,116.5335464845532,EP300
GO_Biological_Process_2023,Regulation Of Attachment Of Spindle Microtubules To Kinetochore (GO:0051988),1/9,0.0328176634164541,0.0686774136102761,0,0,34.10616438356164,116.5335464845532,CDC42
GO_Biological_Process_2023,Negative Regulation Of Bone Resorption (GO:0045779),1/9,0.0328176634164541,0.0686774136102761,0,0,34.10616438356164,116.5335464845532,IL6
GO_Biological_Process_2023,Defense Response To Virus (GO:0051607),3/189,0.0330142013656057,0.0687000483920525,0,0,4.484325306678782,15.295215077788216,IL6;BCL2;TNF
GO_Biological_Process_2023,Actomyosin Structure Organization (GO:0031032),2/77,0.033059016575236,0.0687000483920525,0,0,7.352222222222222,25.06711444252765,SRC;RHOA
GO_Biological_Process_2023,Embryonic Organ Development (GO:0048568),2/77,0.033059016575236,0.0687000483920525,0,0,7.352222222222222,25.06711444252765,WNT7B;TNF
GO_Biological_Process_2023,Positive Regulation Of Synaptic Transmission (GO:0050806),2/77,0.033059016575236,0.0687000483920525,0,0,7.352222222222222,25.06711444252765,APP;TNF
GO_Biological_Process_2023,Regulation Of T Cell Proliferation (GO:0042129),2/77,0.033059016575236,0.0687000483920525,0,0,7.352222222222222,25.06711444252765,IL6;IL1B
GO_Biological_Process_2023,Proteolysis Involved In Protein Catabolic Process (GO:0051603),2/78,0.0338492071614663,0.0702441764214274,0,0,7.255116959064328,24.564663042736274,RPS27A;UBA52
GO_Biological_Process_2023,Neuron Projection Development (GO:0031175),3/192,0.034351996337427,0.071188420782707,0,0,4.412474849094568,14.874872538855,CDC42;APP;IL6
GO_Biological_Process_2023,Regulation Of Neuron Differentiation (GO:0045664),2/79,0.0346467670856509,0.0716001150591122,0,0,7.160533910533911,24.077659456780683,MED1;RHOA
GO_Biological_Process_2023,Protein Import Into Nucleus (GO:0006606),2/79,0.0346467670856509,0.0716001150591122,0,0,7.160533910533911,24.077659456780683,STAT3;AKT1
GO_Biological_Process_2023,Response To Type II Interferon (GO:0034341),2/80,0.0354516326235369,0.0726980952721313,0,0,7.068376068376068,23.60544956845152,CD74;GAPDH
GO_Biological_Process_2023,Cytoskeleton-Dependent Cytokinesis (GO:0061640),2/81,0.0362637403898826,0.0726980952721313,0,0,6.978551336146273,23.14741460472713,PLK1;RHOA
GO_Biological_Process_2023,Spindle Assembly (GO:0051225),2/81,0.0362637403898826,0.0726980952721313,0,0,6.978551336146273,23.14741460472713,RPS3;RHOA
GO_Biological_Process_2023,Histone Modification (GO:0016570),2/81,0.0362637403898826,0.0726980952721313,0,0,6.978551336146273,23.14741460472713,HDAC1;EP300
GO_Biological_Process_2023,Regulation Of Coagulation (GO:0050818),1/10,0.0363978383040335,0.0726980952721313,0,0,30.315068493150687,100.4412761916998,FOXA2
GO_Biological_Process_2023,Negative Regulation Of Hydrogen Peroxide-Induced Cell Death (GO:1903206),1/10,0.0363978383040335,0.0726980952721313,0,0,30.315068493150687,100.4412761916998,RACK1
GO_Biological_Process_2023,Negative Regulation Of Lymphocyte Migration (GO:2000402),1/10,0.0363978383040335,0.0726980952721313,0,0,30.315068493150687,100.4412761916998,AKT1
GO_Biological_Process_2023,Regulation Of Lamellipodium Morphogenesis (GO:2000392),1/10,0.0363978383040335,0.0726980952721313,0,0,30.315068493150687,100.4412761916998,SRC
GO_Biological_Process_2023,Negative Regulation Of Transmembrane Transport (GO:0034763),1/10,0.0363978383040335,0.0726980952721313,0,0,30.315068493150687,100.4412761916998,IL1B
GO_Biological_Process_2023,Neuron Projection Maintenance (GO:1990535),1/10,0.0363978383040335,0.0726980952721313,0,0,30.315068493150687,100.4412761916998,APP
GO_Biological_Process_2023,Cellular Response To UV-A (GO:0071492),1/10,0.0363978383040335,0.0726980952721313,0,0,30.315068493150687,100.4412761916998,MMP1
GO_Biological_Process_2023,Cellular Response To Forskolin (GO:1904322),1/10,0.0363978383040335,0.0726980952721313,0,0,30.315068493150687,100.4412761916998,ADCY2
GO_Biological_Process_2023,Cellular Response To Interleukin-15 (GO:0071350),1/10,0.0363978383040335,0.0726980952721313,0,0,30.315068493150687,100.4412761916998,STAT3
GO_Biological_Process_2023,Response To Forskolin (GO:1904321),1/10,0.0363978383040335,0.0726980952721313,0,0,30.315068493150687,100.4412761916998,ADCY2
GO_Biological_Process_2023,Positive Regulation Of Cellular Senescence (GO:2000774),1/10,0.0363978383040335,0.0726980952721313,0,0,30.315068493150687,100.4412761916998,TP53
GO_Biological_Process_2023,Steroid Hormone Mediated Signaling Pathway (GO:0043401),1/10,0.0363978383040335,0.0726980952721313,0,0,30.315068493150687,100.4412761916998,MED1
GO_Biological_Process_2023,Positive Regulation Of Integrin Activation (GO:0033625),1/10,0.0363978383040335,0.0726980952721313,0,0,30.315068493150687,100.4412761916998,SRC
GO_Biological_Process_2023,Interleukin-15-Mediated Signaling Pathway (GO:0035723),1/10,0.0363978383040335,0.0726980952721313,0,0,30.315068493150687,100.4412761916998,STAT3
GO_Biological_Process_2023,Positive Regulation Of Transcription From RNA Polymerase II Promoter In Response To Endoplasmic Reticulum Stress (GO:1990440),1/10,0.0363978383040335,0.0726980952721313,0,0,30.315068493150687,100.4412761916998,TP53
GO_Biological_Process_2023,Lens Fiber Cell Differentiation (GO:0070306),1/10,0.0363978383040335,0.0726980952721313,0,0,30.315068493150687,100.4412761916998,WNT7B
GO_Biological_Process_2023,Progesterone Receptor Signaling Pathway (GO:0050847),1/10,0.0363978383040335,0.0726980952721313,0,0,30.315068493150687,100.4412761916998,SRC
GO_Biological_Process_2023,Megakaryocyte Development (GO:0035855),1/10,0.0363978383040335,0.0726980952721313,0,0,30.315068493150687,100.4412761916998,MED1
GO_Biological_Process_2023,Protein Localization To Condensed Chromosome (GO:1903083),1/10,0.0363978383040335,0.0726980952721313,0,0,30.315068493150687,100.4412761916998,CDK1
GO_Biological_Process_2023,Mitotic G1/S Transition Checkpoint Signaling (GO:0044819),1/10,0.0363978383040335,0.0726980952721313,0,0,30.315068493150687,100.4412761916998,TP53
GO_Biological_Process_2023,Regulation Of T-helper 2 Cell Cytokine Production (GO:2000551),1/10,0.0363978383040335,0.0726980952721313,0,0,30.315068493150687,100.4412761916998,IL6
GO_Biological_Process_2023,Epigenetic Regulation Of Gene Expression (GO:0040029),2/83,0.0379094309024424,0.0754139546657399,0,0,6.805555555555555,22.27155732045081,EP300;TP53
GO_Biological_Process_2023,Positive Regulation Of Proteasomal Ubiquitin-Dependent Protein Catabolic Process (GO:0032436),2/83,0.0379094309024424,0.0754139546657399,0,0,6.805555555555555,22.27155732045081,PLK1;RACK1
GO_Biological_Process_2023,Positive Regulation Of Ubiquitin-Dependent Protein Catabolic Process (GO:2000060),2/83,0.0379094309024424,0.0754139546657399,0,0,6.805555555555555,22.27155732045081,PLK1;RACK1
GO_Biological_Process_2023,Regulation Of Osteoblast Differentiation (GO:0045667),2/85,0.0395833387474662,0.0763742959732168,0,0,6.640896921017403,21.445760469223195,IL6;WNT7B
GO_Biological_Process_2023,Epidermis Development (GO:0008544),2/85,0.0395833387474662,0.0763742959732168,0,0,6.640896921017403,21.445760469223195,CALML5;HDAC1
GO_Biological_Process_2023,Establishment Of Protein Localization To Organelle (GO:0072594),2/85,0.0395833387474662,0.0763742959732168,0,0,6.640896921017403,21.445760469223195,STAT3;AKT1
GO_Biological_Process_2023,Mitotic Spindle Organization (GO:0007052),2/85,0.0395833387474662,0.0763742959732168,0,0,6.640896921017403,21.445760469223195,PLK1;RHOA
GO_Biological_Process_2023,Negative Regulation Of Cell Cycle (GO:0045786),2/85,0.0395833387474662,0.0763742959732168,0,0,6.640896921017403,21.445760469223195,PLK1;BRCA1
GO_Biological_Process_2023,Negative Regulation Of Glucose Transmembrane Transport (GO:0010829),1/11,0.0399649396748714,0.0763742959732168,0,0,27.28219178082192,87.84191112168185,IL1B
GO_Biological_Process_2023,Regulation Of Cytoplasmic Transport (GO:1903649),1/11,0.0399649396748714,0.0763742959732168,0,0,27.28219178082192,87.84191112168185,SRC
GO_Biological_Process_2023,Regulation Of Epithelial Cell Apoptotic Process (GO:1904035),1/11,0.0399649396748714,0.0763742959732168,0,0,27.28219178082192,87.84191112168185,TNF
GO_Biological_Process_2023,Negative Regulation Of Myotube Differentiation (GO:0010832),1/11,0.0399649396748714,0.0763742959732168,0,0,27.28219178082192,87.84191112168185,HDAC1
GO_Biological_Process_2023,Negative Regulation Of Nitrogen Compound Metabolic Process (GO:0051172),1/11,0.0399649396748714,0.0763742959732168,0,0,27.28219178082192,87.84191112168185,HSP90AB1
GO_Biological_Process_2023,Regulation Of Leukocyte Cell-Cell Adhesion (GO:1903037),1/11,0.0399649396748714,0.0763742959732168,0,0,27.28219178082192,87.84191112168185,AKT1
GO_Biological_Process_2023,Regulation Of Mesenchymal Cell Proliferation (GO:0010464),1/11,0.0399649396748714,0.0763742959732168,0,0,27.28219178082192,87.84191112168185,MYC
GO_Biological_Process_2023,Regulation Of Monocyte Chemotactic Protein-1 Production (GO:0071637),1/11,0.0399649396748714,0.0763742959732168,0,0,27.28219178082192,87.84191112168185,IL1B
GO_Biological_Process_2023,Regulation Of Pseudopodium Assembly (GO:0031272),1/11,0.0399649396748714,0.0763742959732168,0,0,27.28219178082192,87.84191112168185,CDC42
GO_Biological_Process_2023,Cellular Response To Growth Hormone Stimulus (GO:0071378),1/11,0.0399649396748714,0.0763742959732168,0,0,27.28219178082192,87.84191112168185,STAT3
GO_Biological_Process_2023,Cellular Response To Thyroid Hormone Stimulus (GO:0097067),1/11,0.0399649396748714,0.0763742959732168,0,0,27.28219178082192,87.84191112168185,MED1
GO_Biological_Process_2023,Erythrocyte Development (GO:0048821),1/11,0.0399649396748714,0.0763742959732168,0,0,27.28219178082192,87.84191112168185,MED1
GO_Biological_Process_2023,Ganglion Development (GO:0061548),1/11,0.0399649396748714,0.0763742959732168,0,0,27.28219178082192,87.84191112168185,CTNNB1
GO_Biological_Process_2023,Visual Learning (GO:0008542),1/11,0.0399649396748714,0.0763742959732168,0,0,27.28219178082192,87.84191112168185,APP
GO_Biological_Process_2023,Positive Regulation Of Platelet Aggregation (GO:1901731),1/11,0.0399649396748714,0.0763742959732168,0,0,27.28219178082192,87.84191112168185,IL6
GO_Biological_Process_2023,Histone H2A Ubiquitination (GO:0033522),1/11,0.0399649396748714,0.0763742959732168,0,0,27.28219178082192,87.84191112168185,BRCA1
GO_Biological_Process_2023,Positive Regulation Of Pseudopodium Assembly (GO:0031274),1/11,0.0399649396748714,0.0763742959732168,0,0,27.28219178082192,87.84191112168185,CDC42
GO_Biological_Process_2023,Intracellular Copper Ion Homeostasis (GO:0006878),1/11,0.0399649396748714,0.0763742959732168,0,0,27.28219178082192,87.84191112168185,APP
GO_Biological_Process_2023,Protein Localization To Kinetochore (GO:0034501),1/11,0.0399649396748714,0.0763742959732168,0,0,27.28219178082192,87.84191112168185,CDK1
GO_Biological_Process_2023,Regulation Of T Cell Mediated Immunity (GO:0002709),1/11,0.0399649396748714,0.0763742959732168,0,0,27.28219178082192,87.84191112168185,IL1B
GO_Biological_Process_2023,Regulation Of Astrocyte Differentiation (GO:0048710),1/11,0.0399649396748714,0.0763742959732168,0,0,27.28219178082192,87.84191112168185,IL6
GO_Biological_Process_2023,Negative Regulation Of Bone Remodeling (GO:0046851),1/11,0.0399649396748714,0.0763742959732168,0,0,27.28219178082192,87.84191112168185,IL6
GO_Biological_Process_2023,Negative Regulation Of Cell Division (GO:0051782),1/11,0.0399649396748714,0.0763742959732168,0,0,27.28219178082192,87.84191112168185,MYC
GO_Biological_Process_2023,Regulation Of Cell Activation (GO:0050865),1/11,0.0399649396748714,0.0763742959732168,0,0,27.28219178082192,87.84191112168185,IL6
GO_Biological_Process_2023,Regulation Of Cell Cycle Checkpoint (GO:1901976),1/11,0.0399649396748714,0.0763742959732168,0,0,27.28219178082192,87.84191112168185,BRCA1
GO_Biological_Process_2023,Defense Response To Bacterium (GO:0042742),3/204,0.0399811750732276,0.0763742959732168,0,0,4.14652091654404,13.349087843731937,IL6;IL1B;FAU
GO_Biological_Process_2023,Negative Regulation Of Angiogenesis (GO:0016525),2/86,0.0404307195028843,0.0770355141423244,0,0,6.561507936507937,21.050402728648404,CTNNB1;TNF
GO_Biological_Process_2023,Negative Regulation Of Binding (GO:0051100),2/86,0.0404307195028843,0.0770355141423244,0,0,6.561507936507937,21.050402728648404,RACK1;AKT1
GO_Biological_Process_2023,Negative Regulation Of Neuron Death (GO:1901215),2/88,0.0421460283962055,0.0802012545470578,0,0,6.40826873385013,20.292518771664906,BCL2;AKT1
GO_Biological_Process_2023,Cellular Response To Peptide Hormone Stimulus (GO:0071375),2/89,0.0430138350752527,0.0807513470099269,0,0,6.334291187739463,19.92915893790115,SRC;AKT1
GO_Biological_Process_2023,Regulation Of Chemokine (C-X-C Motif) Ligand 2 Production (GO:2000341),1/12,0.0435190145295109,0.0807513470099269,0,0,24.80074719800747,77.73936369017362,TNF
GO_Biological_Process_2023,Negative Regulation Of Mononuclear Cell Migration (GO:0071676),1/12,0.0435190145295109,0.0807513470099269,0,0,24.80074719800747,77.73936369017362,AKT1
GO_Biological_Process_2023,Regulation Of Lymphocyte Migration (GO:2000401),1/12,0.0435190145295109,0.0807513470099269,0,0,24.80074719800747,77.73936369017362,AKT1
GO_Biological_Process_2023,Adult Locomotory Behavior (GO:0008344),1/12,0.0435190145295109,0.0807513470099269,0,0,24.80074719800747,77.73936369017362,FOXA2
GO_Biological_Process_2023,Neutrophil Mediated Immunity (GO:0002446),1/12,0.0435190145295109,0.0807513470099269,0,0,24.80074719800747,77.73936369017362,IL6
GO_Biological_Process_2023,Axonal Transport Of Mitochondrion (GO:0019896),1/12,0.0435190145295109,0.0807513470099269,0,0,24.80074719800747,77.73936369017362,NEFL
GO_Biological_Process_2023,cAMP Metabolic Process (GO:0046058),1/12,0.0435190145295109,0.0807513470099269,0,0,24.80074719800747,77.73936369017362,ADCY2
GO_Biological_Process_2023,Regulation Of Transcription From RNA Polymerase II Promoter In Response To Stress (GO:0043618),1/12,0.0435190145295109,0.0807513470099269,0,0,24.80074719800747,77.73936369017362,TP53
GO_Biological_Process_2023,Positive Regulation By Symbiont Of Entry Into Host (GO:0075294),1/12,0.0435190145295109,0.0807513470099269,0,0,24.80074719800747,77.73936369017362,CD74
GO_Biological_Process_2023,Positive Regulation Of T-helper 1 Type Immune Response (GO:0002827),1/12,0.0435190145295109,0.0807513470099269,0,0,24.80074719800747,77.73936369017362,IL1B
GO_Biological_Process_2023,Response To Interleukin-6 (GO:0070741),1/12,0.0435190145295109,0.0807513470099269,0,0,24.80074719800747,77.73936369017362,FOXA2
GO_Biological_Process_2023,Response To Iron Ion (GO:0010039),1/12,0.0435190145295109,0.0807513470099269,0,0,24.80074719800747,77.73936369017362,BCL2
GO_Biological_Process_2023,Response To Thyroid Hormone (GO:0097066),1/12,0.0435190145295109,0.0807513470099269,0,0,24.80074719800747,77.73936369017362,MED1
GO_Biological_Process_2023,Eye Photoreceptor Cell Differentiation (GO:0001754),1/12,0.0435190145295109,0.0807513470099269,0,0,24.80074719800747,77.73936369017362,STAT3
GO_Biological_Process_2023,Positive Regulation Of Protein Export From Nucleus (GO:0046827),1/12,0.0435190145295109,0.0807513470099269,0,0,24.80074719800747,77.73936369017362,IL1B
GO_Biological_Process_2023,Histone Monoubiquitination (GO:0010390),1/12,0.0435190145295109,0.0807513470099269,0,0,24.80074719800747,77.73936369017362,BRCA1
GO_Biological_Process_2023,Positive Regulation Of Viral Entry Into Host Cell (GO:0046598),1/12,0.0435190145295109,0.0807513470099269,0,0,24.80074719800747,77.73936369017362,CD74
GO_Biological_Process_2023,Negative Regulation By Host Of Viral Transcription (GO:0043922),1/12,0.0435190145295109,0.0807513470099269,0,0,24.80074719800747,77.73936369017362,HDAC1
GO_Biological_Process_2023,Regulation Of Actomyosin Structure Organization (GO:0110020),1/12,0.0435190145295109,0.0807513470099269,0,0,24.80074719800747,77.73936369017362,CDC42
GO_Biological_Process_2023,Positive Regulation Of Proteasomal Protein Catabolic Process (GO:1901800),2/90,0.0438883294917061,0.081335336993336,0,0,6.26199494949495,19.575665226485317,PLK1;RACK1
GO_Biological_Process_2023,Regulation Of Epithelial Cell Proliferation (GO:0050678),2/91,0.0447694517782037,0.0826598304207231,0,0,6.191323345817728,19.23166968597553,MYC;EGFR
GO_Biological_Process_2023,Positive Regulation Of Binding (GO:0051099),2/91,0.0447694517782037,0.0826598304207231,0,0,6.191323345817728,19.23166968597553,APP;RPL11
GO_Biological_Process_2023,Regulation Of Actin Cytoskeleton Organization (GO:0032956),2/91,0.0447694517782037,0.0826598304207231,0,0,6.191323345817728,19.23166968597553,CDC42;RHOA
GO_Biological_Process_2023,Negative Regulation Of Endoplasmic Reticulum Unfolded Protein Response (GO:1900102),1/13,0.0470601097064945,0.0847878639210119,0,0,22.732876712328768,69.47916318158998,RACK1
GO_Biological_Process_2023,Regulation Of Fatty Acid Beta-Oxidation (GO:0031998),1/13,0.0470601097064945,0.0847878639210119,0,0,22.732876712328768,69.47916318158998,AKT1
GO_Biological_Process_2023,Regulation Of Lamellipodium Organization (GO:1902743),1/13,0.0470601097064945,0.0847878639210119,0,0,22.732876712328768,69.47916318158998,CDC42
GO_Biological_Process_2023,Acute-Phase Response (GO:0006953),1/13,0.0470601097064945,0.0847878639210119,0,0,22.732876712328768,69.47916318158998,IL6
GO_Biological_Process_2023,Regulation Of Myoblast Fusion (GO:1901739),1/13,0.0470601097064945,0.0847878639210119,0,0,22.732876712328768,69.47916318158998,SCGB3A1
GO_Biological_Process_2023,Regulation Of Nitrogen Compound Metabolic Process (GO:0051171),1/13,0.0470601097064945,0.0847878639210119,0,0,22.732876712328768,69.47916318158998,TNF
GO_Biological_Process_2023,Branching Involved In Blood Vessel Morphogenesis (GO:0001569),1/13,0.0470601097064945,0.0847878639210119,0,0,22.732876712328768,69.47916318158998,CTNNB1
GO_Biological_Process_2023,Peptidyl-Tyrosine Autophosphorylation (GO:0038083),1/13,0.0470601097064945,0.0847878639210119,0,0,22.732876712328768,69.47916318158998,EGFR
GO_Biological_Process_2023,Positive Regulation Of T Cell Receptor Signaling Pathway (GO:0050862),1/13,0.0470601097064945,0.0847878639210119,0,0,22.732876712328768,69.47916318158998,RPS3
GO_Biological_Process_2023,Response To Chemokine (GO:1990868),1/13,0.0470601097064945,0.0847878639210119,0,0,22.732876712328768,69.47916318158998,RHOA
GO_Biological_Process_2023,Response To Nerve Growth Factor (GO:1990089),1/13,0.0470601097064945,0.0847878639210119,0,0,22.732876712328768,69.47916318158998,AKT1
GO_Biological_Process_2023,Response To Progesterone (GO:0032570),1/13,0.0470601097064945,0.0847878639210119,0,0,22.732876712328768,69.47916318158998,SRC
GO_Biological_Process_2023,Positive Regulation Of Granulocyte Macrophage Colony-Stimulating Factor Production (GO:0032725),1/13,0.0470601097064945,0.0847878639210119,0,0,22.732876712328768,69.47916318158998,IL1B
GO_Biological_Process_2023,Positive Regulation Of Keratinocyte Differentiation (GO:0045618),1/13,0.0470601097064945,0.0847878639210119,0,0,22.732876712328768,69.47916318158998,MED1
GO_Biological_Process_2023,Killing By Host Of Symbiont Cells (GO:0051873),1/13,0.0470601097064945,0.0847878639210119,0,0,22.732876712328768,69.47916318158998,GAPDH
GO_Biological_Process_2023,Positive Regulation Of Type 2 Immune Response (GO:0002830),1/13,0.0470601097064945,0.0847878639210119,0,0,22.732876712328768,69.47916318158998,IL6
GO_Biological_Process_2023,Mature B Cell Differentiation Involved In Immune Response (GO:0002313),1/13,0.0470601097064945,0.0847878639210119,0,0,22.732876712328768,69.47916318158998,IL6
GO_Biological_Process_2023,"Negative Regulation Of DNA Damage Response, Signal Transduction By P53 Class Mediator (GO:0043518)",1/13,0.0470601097064945,0.0847878639210119,0,0,22.732876712328768,69.47916318158998,CD74
GO_Biological_Process_2023,Negative Regulation Of Cell Migration Involved In Sprouting Angiogenesis (GO:0090051),1/13,0.0470601097064945,0.0847878639210119,0,0,22.732876712328768,69.47916318158998,RHOA
GO_Biological_Process_2023,Regulation Of Cell Fate Commitment (GO:0010453),1/13,0.0470601097064945,0.0847878639210119,0,0,22.732876712328768,69.47916318158998,HDAC1
GO_Biological_Process_2023,Protein Modification Process (GO:0036211),6/711,0.0477692179462376,0.0859615153863454,0,0,2.4056320400500626,7.3164263142496,APP;PLK1;FN1;CDK1;AKT1;UBA52
GO_Biological_Process_2023,Positive Regulation Of Epithelial Cell Migration (GO:0010634),2/95,0.0483590340115335,0.0868132056351626,0,0,5.923835125448028,17.943902179066086,SRC;AKT1
GO_Biological_Process_2023,Positive Regulation Of Transmembrane Receptor Protein Serine/Threonine Kinase Signaling Pathway (GO:0090100),2/95,0.0483590340115335,0.0868132056351626,0,0,5.923835125448028,17.943902179066086,HSP90AB1;EP300
GO_Biological_Process_2023,Cellular Response To Transforming Growth Factor Beta Stimulus (GO:0071560),2/96,0.0492724093905823,0.0880566882596751,0,0,5.860520094562648,17.642456958799208,SRC;STAT3
GO_Biological_Process_2023,Positive Regulation Of Supramolecular Fiber Organization (GO:1902905),2/96,0.0492724093905823,0.0880566882596751,0,0,5.860520094562648,17.642456958799208,APP;RPS3
GO_Biological_Process_2023,Negative Regulation Of Fatty Acid Biosynthetic Process (GO:0045717),1/14,0.0505882719129409,0.0880566882596751,0,0,20.98314014752371,62.6144353100612,BRCA1
GO_Biological_Process_2023,Regulation Of Extracellular Matrix Disassembly (GO:0010715),1/14,0.0505882719129409,0.0880566882596751,0,0,20.98314014752371,62.6144353100612,IL6
GO_Biological_Process_2023,Regulation Of Feeding Behavior (GO:0060259),1/14,0.0505882719129409,0.0880566882596751,0,0,20.98314014752371,62.6144353100612,STAT3
GO_Biological_Process_2023,Regulation Of Integrin Activation (GO:0033623),1/14,0.0505882719129409,0.0880566882596751,0,0,20.98314014752371,62.6144353100612,SRC
GO_Biological_Process_2023,Regulation Of Leukocyte Activation (GO:0002694),1/14,0.0505882719129409,0.0880566882596751,0,0,20.98314014752371,62.6144353100612,CD74
GO_Biological_Process_2023,Regulation Of Microglial Cell Activation (GO:1903978),1/14,0.0505882719129409,0.0880566882596751,0,0,20.98314014752371,62.6144353100612,IL6
GO_Biological_Process_2023,Bone Morphogenesis (GO:0060349),1/14,0.0505882719129409,0.0880566882596751,0,0,20.98314014752371,62.6144353100612,MMP13
GO_Biological_Process_2023,Odontogenesis Of Dentin-Containing Tooth (GO:0042475),1/14,0.0505882719129409,0.0880566882596751,0,0,20.98314014752371,62.6144353100612,HDAC1
GO_Biological_Process_2023,Positive Regulation Of Adaptive Immune Response Based On Somatic Recombination Of Immune Receptors Built From Immunoglobulin Superfamily Domains (GO:0002824),1/14,0.0505882719129409,0.0880566882596751,0,0,20.98314014752371,62.6144353100612,IL1B
GO_Biological_Process_2023,Copper Ion Homeostasis (GO:0055070),1/14,0.0505882719129409,0.0880566882596751,0,0,20.98314014752371,62.6144353100612,APP
GO_Biological_Process_2023,Response To Muscle Stretch (GO:0035994),1/14,0.0505882719129409,0.0880566882596751,0,0,20.98314014752371,62.6144353100612,CTNNB1
GO_Biological_Process_2023,Positive Regulation Of Histone Acetylation (GO:0035066),1/14,0.0505882719129409,0.0880566882596751,0,0,20.98314014752371,62.6144353100612,BRCA1
GO_Biological_Process_2023,Positive Regulation Of Long-Term Synaptic Potentiation (GO:1900273),1/14,0.0505882719129409,0.0880566882596751,0,0,20.98314014752371,62.6144353100612,APP
GO_Biological_Process_2023,Histone H2A Monoubiquitination (GO:0035518),1/14,0.0505882719129409,0.0880566882596751,0,0,20.98314014752371,62.6144353100612,BRCA1
GO_Biological_Process_2023,Hyaluronan Metabolic Process (GO:0030212),1/14,0.0505882719129409,0.0880566882596751,0,0,20.98314014752371,62.6144353100612,IL1B
GO_Biological_Process_2023,Positive Regulation Of Protein-Containing Complex Disassembly (GO:0043243),1/14,0.0505882719129409,0.0880566882596751,0,0,20.98314014752371,62.6144353100612,TNF
GO_Biological_Process_2023,Positive Regulation Of Response To Cytokine Stimulus (GO:0060760),1/14,0.0505882719129409,0.0880566882596751,0,0,20.98314014752371,62.6144353100612,CD74
GO_Biological_Process_2023,Prostanoid Biosynthetic Process (GO:0046457),1/14,0.0505882719129409,0.0880566882596751,0,0,20.98314014752371,62.6144353100612,CD74
GO_Biological_Process_2023,Mammary Gland Epithelium Development (GO:0061180),1/14,0.0505882719129409,0.0880566882596751,0,0,20.98314014752371,62.6144353100612,WNT7B
GO_Biological_Process_2023,Mitochondrion Transport Along Microtubule (GO:0047497),1/14,0.0505882719129409,0.0880566882596751,0,0,20.98314014752371,62.6144353100612,NEFL
GO_Biological_Process_2023,Negative Regulation Of Androgen Receptor Signaling Pathway (GO:0060766),1/14,0.0505882719129409,0.0880566882596751,0,0,20.98314014752371,62.6144353100612,HDAC1
GO_Biological_Process_2023,Regulation Of Bone Remodeling (GO:0046850),1/14,0.0505882719129409,0.0880566882596751,0,0,20.98314014752371,62.6144353100612,SRC
GO_Biological_Process_2023,Regulation Of Carbohydrate Catabolic Process (GO:0043470),1/14,0.0505882719129409,0.0880566882596751,0,0,20.98314014752371,62.6144353100612,EP300
GO_Biological_Process_2023,Regulation Of Cell Fate Specification (GO:0042659),1/14,0.0505882719129409,0.0880566882596751,0,0,20.98314014752371,62.6144353100612,HDAC1
GO_Biological_Process_2023,Protein Polyubiquitination (GO:0000209),3/226,0.0514357702490816,0.0894274185194067,0,0,3.733278595338849,11.078210905421562,BCL2;CTNNB1;BRCA1
GO_Biological_Process_2023,Regulation Of Cellular Response To Heat (GO:1900034),1/15,0.0541035476902397,0.0919205086185373,0,0,19.48336594911937,56.83016349252173,EP300
GO_Biological_Process_2023,B Cell Mediated Immunity (GO:0019724),1/15,0.0541035476902397,0.0919205086185373,0,0,19.48336594911937,56.83016349252173,CD74
GO_Biological_Process_2023,Negative Regulation Of Focal Adhesion Assembly (GO:0051895),1/15,0.0541035476902397,0.0919205086185373,0,0,19.48336594911937,56.83016349252173,SRC
GO_Biological_Process_2023,Negative Regulation Of Gluconeogenesis (GO:0045721),1/15,0.0541035476902397,0.0919205086185373,0,0,19.48336594911937,56.83016349252173,EP300
GO_Biological_Process_2023,Regulation Of Dephosphorylation (GO:0035303),1/15,0.0541035476902397,0.0919205086185373,0,0,19.48336594911937,56.83016349252173,SRC
GO_Biological_Process_2023,N-terminal Protein Amino Acid Acetylation (GO:0006474),1/15,0.0541035476902397,0.0919205086185373,0,0,19.48336594911937,56.83016349252173,EP300
GO_Biological_Process_2023,Regulation Of Granulocyte Macrophage Colony-Stimulating Factor Production (GO:0032645),1/15,0.0541035476902397,0.0919205086185373,0,0,19.48336594911937,56.83016349252173,IL1B
GO_Biological_Process_2023,Negative Regulation Of Phagocytosis (GO:0050765),1/15,0.0541035476902397,0.0919205086185373,0,0,19.48336594911937,56.83016349252173,RACK1
GO_Biological_Process_2023,T Cell Homeostasis (GO:0043029),1/15,0.0541035476902397,0.0919205086185373,0,0,19.48336594911937,56.83016349252173,AKT1
GO_Biological_Process_2023,Regulation Of Intrinsic Apoptotic Signaling Pathway In Response To DNA Damage (GO:1902229),1/15,0.0541035476902397,0.0919205086185373,0,0,19.48336594911937,56.83016349252173,RPS3
GO_Biological_Process_2023,Negative Regulation Of Synaptic Transmission (GO:0050805),1/15,0.0541035476902397,0.0919205086185373,0,0,19.48336594911937,56.83016349252173,IL1B
GO_Biological_Process_2023,Retrograde Axonal Transport (GO:0008090),1/15,0.0541035476902397,0.0919205086185373,0,0,19.48336594911937,56.83016349252173,NEFL
GO_Biological_Process_2023,Epiboly Involved In Wound Healing (GO:0090505),1/15,0.0541035476902397,0.0919205086185373,0,0,19.48336594911937,56.83016349252173,RHOA
GO_Biological_Process_2023,Positive Regulation Of Glucose Metabolic Process (GO:0010907),1/15,0.0541035476902397,0.0919205086185373,0,0,19.48336594911937,56.83016349252173,AKT1
GO_Biological_Process_2023,Sympathetic Nervous System Development (GO:0048485),1/15,0.0541035476902397,0.0919205086185373,0,0,19.48336594911937,56.83016349252173,CTNNB1
GO_Biological_Process_2023,Positive Regulation Of Syncytium Formation By Plasma Membrane Fusion (GO:0060143),1/15,0.0541035476902397,0.0919205086185373,0,0,19.48336594911937,56.83016349252173,SCGB3A1
GO_Biological_Process_2023,Mitotic Chromosome Condensation (GO:0007076),1/15,0.0541035476902397,0.0919205086185373,0,0,19.48336594911937,56.83016349252173,PLK1
GO_Biological_Process_2023,Regulation Of Amyloid Fibril Formation (GO:1905906),1/15,0.0541035476902397,0.0919205086185373,0,0,19.48336594911937,56.83016349252173,APP
GO_Biological_Process_2023,Regulation Of Bicellular Tight Junction Assembly (GO:2000810),1/15,0.0541035476902397,0.0919205086185373,0,0,19.48336594911937,56.83016349252173,TNF
GO_Biological_Process_2023,Negative Regulation Of Cell-Substrate Junction Organization (GO:0150118),1/15,0.0541035476902397,0.0919205086185373,0,0,19.48336594911937,56.83016349252173,SRC
GO_Biological_Process_2023,Negative Regulation Of Intracellular Signal Transduction (GO:1902532),3/231,0.054239053262022,0.0920457737590124,0,0,3.650481838398814,10.638796676613754,SRC;BCL2;RACK1
GO_Biological_Process_2023,Positive Regulation Of Vasculature Development (GO:1904018),2/104,0.0568005475865749,0.096009972347374,0,0,5.398692810457517,15.48458099532185,IL1B;BRCA1
GO_Biological_Process_2023,Negative Regulation Of Inflammatory Response To Antigenic Stimulus (GO:0002862),1/16,0.0576059834084244,0.096009972347374,0,0,18.183561643835617,51.89822766625515,SRC
GO_Biological_Process_2023,Neuron Projection Organization (GO:0106027),1/16,0.0576059834084244,0.096009972347374,0,0,18.183561643835617,51.89822766625515,APP
GO_Biological_Process_2023,Autonomic Nervous System Development (GO:0048483),1/16,0.0576059834084244,0.096009972347374,0,0,18.183561643835617,51.89822766625515,FN1
GO_Biological_Process_2023,Regulation Of Osteoblast Proliferation (GO:0033688),1/16,0.0576059834084244,0.096009972347374,0,0,18.183561643835617,51.89822766625515,RHOA
GO_Biological_Process_2023,Cellular Response To Gamma Radiation (GO:0071480),1/16,0.0576059834084244,0.096009972347374,0,0,18.183561643835617,51.89822766625515,TP53
GO_Biological_Process_2023,Regulation Of Transforming Growth Factor Beta Production (GO:0071634),1/16,0.0576059834084244,0.096009972347374,0,0,18.183561643835617,51.89822766625515,FN1
GO_Biological_Process_2023,Positive Regulation By Host Of Viral Transcription (GO:0043923),1/16,0.0576059834084244,0.096009972347374,0,0,18.183561643835617,51.89822766625515,EP300
GO_Biological_Process_2023,Positive Regulation Of Homotypic Cell-Cell Adhesion (GO:0034112),1/16,0.0576059834084244,0.096009972347374,0,0,18.183561643835617,51.89822766625515,IL6
GO_Biological_Process_2023,Extrinsic Apoptotic Signaling Pathway In Absence Of Ligand (GO:0097192),1/16,0.0576059834084244,0.096009972347374,0,0,18.183561643835617,51.89822766625515,BCL2
GO_Biological_Process_2023,Positive Regulation Of Myeloid Leukocyte Cytokine Production Involved In Immune Response (GO:0061081),1/16,0.0576059834084244,0.096009972347374,0,0,18.183561643835617,51.89822766625515,CD74
GO_Biological_Process_2023,Negative Regulation Of ATP-dependent Activity (GO:0032780),1/16,0.0576059834084244,0.096009972347374,0,0,18.183561643835617,51.89822766625515,TP53
GO_Biological_Process_2023,Negative Regulation Of Anoikis (GO:2000811),1/16,0.0576059834084244,0.096009972347374,0,0,18.183561643835617,51.89822766625515,SRC
GO_Biological_Process_2023,Negative Regulation Of Biosynthetic Process (GO:0009890),1/16,0.0576059834084244,0.096009972347374,0,0,18.183561643835617,51.89822766625515,IL6
GO_Biological_Process_2023,Negative Regulation Of Chemokine Production (GO:0032682),1/16,0.0576059834084244,0.096009972347374,0,0,18.183561643835617,51.89822766625515,IL6
GO_Biological_Process_2023,Negative Regulation Of Cytokine Production Involved In Immune Response (GO:0002719),1/16,0.0576059834084244,0.096009972347374,0,0,18.183561643835617,51.89822766625515,TNF
GO_Biological_Process_2023,Negative Regulation Of MAPK Cascade (GO:0043409),2/105,0.057768361045933,0.0961730256518885,0,0,5.346008629989212,15.243149464238767,IL1B;MYC
GO_Biological_Process_2023,Regulation Of G1/S Transition Of Mitotic Cell Cycle (GO:2000045),2/106,0.0587419442365898,0.097684706375579,0,0,5.294337606837607,15.007336023342026,AKT1;EGFR
GO_Biological_Process_2023,Regulation Of Cellular Response To Stress (GO:0080135),2/107,0.0597212425446398,0.0988409139212354,0,0,5.243650793650794,14.776961884796895,EP300;BRCA1
GO_Biological_Process_2023,Positive Regulation Of Translation (GO:0045727),2/108,0.0607062016651432,0.0988409139212354,0,0,5.19392033542977,14.551855515040083,RPL5;IL6
GO_Biological_Process_2023,"DNA Damage Response, Signal Transduction By P53 Class Mediator Resulting In Cell Cycle Arrest (GO:0006977)",1/17,0.0610956253164146,0.0988409139212354,0,0,17.046232876712327,47.64959069441307,TP53
GO_Biological_Process_2023,Negative Regulation Of Leukocyte Activation (GO:0002695),1/17,0.0610956253164146,0.0988409139212354,0,0,17.046232876712327,47.64959069441307,FN1
GO_Biological_Process_2023,Regulation Of Establishment Of Cell Polarity (GO:2000114),1/17,0.0610956253164146,0.0988409139212354,0,0,17.046232876712327,47.64959069441307,RACK1
GO_Biological_Process_2023,Regulation Of Glucose Transmembrane Transport (GO:0010827),1/17,0.0610956253164146,0.0988409139212354,0,0,17.046232876712327,47.64959069441307,IL1B
GO_Biological_Process_2023,Regulation Of Inflammatory Response To Antigenic Stimulus (GO:0002861),1/17,0.0610956253164146,0.0988409139212354,0,0,17.046232876712327,47.64959069441307,SRC
GO_Biological_Process_2023,Regulation Of Leukocyte Chemotaxis (GO:0002688),1/17,0.0610956253164146,0.0988409139212354,0,0,17.046232876712327,47.64959069441307,IL6
GO_Biological_Process_2023,Negative Regulation Of Striated Muscle Cell Differentiation (GO:0051154),1/17,0.0610956253164146,0.0988409139212354,0,0,17.046232876712327,47.64959069441307,HDAC1
GO_Biological_Process_2023,Amyloid Precursor Protein Metabolic Process (GO:0042982),1/17,0.0610956253164146,0.0988409139212354,0,0,17.046232876712327,47.64959069441307,KLK6
GO_Biological_Process_2023,Neuron Maturation (GO:0042551),1/17,0.0610956253164146,0.0988409139212354,0,0,17.046232876712327,47.64959069441307,APP
GO_Biological_Process_2023,Regulation Of Protein Sumoylation (GO:0033233),1/17,0.0610956253164146,0.0988409139212354,0,0,17.046232876712327,47.64959069441307,CTNNB1
GO_Biological_Process_2023,Regulation Of Receptor Signaling Pathway Via STAT (GO:1904892),1/17,0.0610956253164146,0.0988409139212354,0,0,17.046232876712327,47.64959069441307,IL6
GO_Biological_Process_2023,Cell Migration Involved In Sprouting Angiogenesis (GO:0002042),1/17,0.0610956253164146,0.0988409139212354,0,0,17.046232876712327,47.64959069441307,AKT1
GO_Biological_Process_2023,Regulation Of Tubulin Deacetylation (GO:0090043),1/17,0.0610956253164146,0.0988409139212354,0,0,17.046232876712327,47.64959069441307,EP300
GO_Biological_Process_2023,Positive Regulation Of Amyloid-Beta Formation (GO:1902004),1/17,0.0610956253164146,0.0988409139212354,0,0,17.046232876712327,47.64959069441307,TNF
GO_Biological_Process_2023,Embryonic Digit Morphogenesis (GO:0042733),1/17,0.0610956253164146,0.0988409139212354,0,0,17.046232876712327,47.64959069441307,HDAC1
GO_Biological_Process_2023,Facultative Heterochromatin Formation (GO:0140718),1/17,0.0610956253164146,0.0988409139212354,0,0,17.046232876712327,47.64959069441307,HDAC1
GO_Biological_Process_2023,Growth Hormone Receptor Signaling Pathway (GO:0060396),1/17,0.0610956253164146,0.0988409139212354,0,0,17.046232876712327,47.64959069441307,STAT3
GO_Biological_Process_2023,Positive Regulation Of Peptidyl-Lysine Acetylation (GO:2000758),1/17,0.0610956253164146,0.0988409139212354,0,0,17.046232876712327,47.64959069441307,BRCA1
GO_Biological_Process_2023,Positive Regulation Of Small GTPase Mediated Signal Transduction (GO:0051057),1/17,0.0610956253164146,0.0988409139212354,0,0,17.046232876712327,47.64959069441307,SRC
GO_Biological_Process_2023,Positive Regulation Of Transcription From RNA Polymerase II Promoter In Response To Stress (GO:0036003),1/17,0.0610956253164146,0.0988409139212354,0,0,17.046232876712327,47.64959069441307,TP53
GO_Biological_Process_2023,Leukocyte Tethering Or Rolling (GO:0050901),1/17,0.0610956253164146,0.0988409139212354,0,0,17.046232876712327,47.64959069441307,TNF
GO_Biological_Process_2023,Prostaglandin Biosynthetic Process (GO:0001516),1/17,0.0610956253164146,0.0988409139212354,0,0,17.046232876712327,47.64959069441307,CD74
GO_Biological_Process_2023,Megakaryocyte Differentiation (GO:0030219),1/17,0.0610956253164146,0.0988409139212354,0,0,17.046232876712327,47.64959069441307,MED1
GO_Biological_Process_2023,Cell-Matrix Adhesion (GO:0007160),2/109,0.0616967676108083,0.0995971654822367,0,0,5.145119418483905,14.331852276301952,SRC;FN1
GO_Biological_Process_2023,Regulation Of Wnt Signaling Pathway (GO:0030111),2/109,0.0616967676108083,0.0995971654822367,0,0,5.145119418483905,14.331852276301952,APP;RACK1
GO_Biological_Process_2023,Negative Regulation Of Inflammatory Response (GO:0050728),2/111,0.0636945056059027,0.1006412698615194,0,0,5.050203873598369,13.906529118416344,SRC;STAT3
GO_Biological_Process_2023,T Cell Activation (GO:0042110),2/111,0.0636945056059027,0.1006412698615194,0,0,5.050203873598369,13.906529118416344,CD74;CD4
GO_Biological_Process_2023,Mitotic Sister Chromatid Segregation (GO:0000070),2/111,0.0636945056059027,0.1006412698615194,0,0,5.050203873598369,13.906529118416344,PLK1;RHOA
GO_Biological_Process_2023,Regulation Of Collagen Biosynthetic Process (GO:0032965),1/18,0.0645725194547735,0.1006412698615194,0,0,16.042707493956488,43.95647876269956,IL6
GO_Biological_Process_2023,Regulation Of Establishment Or Maintenance Of Cell Polarity (GO:0032878),1/18,0.0645725194547735,0.1006412698615194,0,0,16.042707493956488,43.95647876269956,RACK1
GO_Biological_Process_2023,T-helper Cell Differentiation (GO:0042093),1/18,0.0645725194547735,0.1006412698615194,0,0,16.042707493956488,43.95647876269956,IL6
GO_Biological_Process_2023,Regulation Of Lymphocyte Activation (GO:0051249),1/18,0.0645725194547735,0.1006412698615194,0,0,16.042707493956488,43.95647876269956,CD4
GO_Biological_Process_2023,Negative Regulation Of Signal Transduction By P53 Class Mediator (GO:1901797),1/18,0.0645725194547735,0.1006412698615194,0,0,16.042707493956488,43.95647876269956,CD74
GO_Biological_Process_2023,Regulation Of Mitochondrial Membrane Permeability (GO:0046902),1/18,0.0645725194547735,0.1006412698615194,0,0,16.042707493956488,43.95647876269956,BCL2
GO_Biological_Process_2023,Associative Learning (GO:0008306),1/18,0.0645725194547735,0.1006412698615194,0,0,16.042707493956488,43.95647876269956,APP
GO_Biological_Process_2023,Regulation Of Nervous System Process (GO:0031644),1/18,0.0645725194547735,0.1006412698615194,0,0,16.042707493956488,43.95647876269956,APP
GO_Biological_Process_2023,Branching Involved In Ureteric Bud Morphogenesis (GO:0001658),1/18,0.0645725194547735,0.1006412698615194,0,0,16.042707493956488,43.95647876269956,MYC
GO_Biological_Process_2023,Regulation Of Protein Deacetylation (GO:0090311),1/18,0.0645725194547735,0.1006412698615194,0,0,16.042707493956488,43.95647876269956,EP300
GO_Biological_Process_2023,Positive Regulation Of DNA Replication (GO:0045740),1/18,0.0645725194547735,0.1006412698615194,0,0,16.042707493956488,43.95647876269956,EGFR
GO_Biological_Process_2023,Positive Regulation Of G Protein-Coupled Receptor Signaling Pathway (GO:0045745),1/18,0.0645725194547735,0.1006412698615194,0,0,16.042707493956488,43.95647876269956,KLK6
GO_Biological_Process_2023,Detection Of Mechanical Stimulus (GO:0050982),1/18,0.0645725194547735,0.1006412698615194,0,0,16.042707493956488,43.95647876269956,CTNNB1
GO_Biological_Process_2023,Positive Regulation Of Chromosome Segregation (GO:0051984),1/18,0.0645725194547735,0.1006412698615194,0,0,16.042707493956488,43.95647876269956,CDK1
GO_Biological_Process_2023,Positive Regulation Of Epidermal Cell Differentiation (GO:0045606),1/18,0.0645725194547735,0.1006412698615194,0,0,16.042707493956488,43.95647876269956,MED1
GO_Biological_Process_2023,Positive Regulation Of Establishment Of Protein Localization (GO:1904951),1/18,0.0645725194547735,0.1006412698615194,0,0,16.042707493956488,43.95647876269956,TNF
GO_Biological_Process_2023,Positive Regulation Of Extracellular Matrix Organization (GO:1903055),1/18,0.0645725194547735,0.1006412698615194,0,0,16.042707493956488,43.95647876269956,IL6
GO_Biological_Process_2023,Epithelial Cell Development (GO:0002064),1/18,0.0645725194547735,0.1006412698615194,0,0,16.042707493956488,43.95647876269956,WNT7B
GO_Biological_Process_2023,Positive Regulation Of Neuroblast Proliferation (GO:0002052),1/18,0.0645725194547735,0.1006412698615194,0,0,16.042707493956488,43.95647876269956,CTNNB1
GO_Biological_Process_2023,Ureteric Bud Morphogenesis (GO:0060675),1/18,0.0645725194547735,0.1006412698615194,0,0,16.042707493956488,43.95647876269956,MYC
GO_Biological_Process_2023,Positive Regulation Of Neutrophil Chemotaxis (GO:0090023),1/18,0.0645725194547735,0.1006412698615194,0,0,16.042707493956488,43.95647876269956,CD74
GO_Biological_Process_2023,Positive Regulation Of Osteoclast Differentiation (GO:0045672),1/18,0.0645725194547735,0.1006412698615194,0,0,16.042707493956488,43.95647876269956,TNF
GO_Biological_Process_2023,Positive Regulation Of Phosphoprotein Phosphatase Activity (GO:0032516),1/18,0.0645725194547735,0.1006412698615194,0,0,16.042707493956488,43.95647876269956,HSP90AB1
GO_Biological_Process_2023,Protein Autoprocessing (GO:0016540),1/18,0.0645725194547735,0.1006412698615194,0,0,16.042707493956488,43.95647876269956,KLK6
GO_Biological_Process_2023,"Protein Localization To Chromosome, Centromeric Region (GO:0071459)",1/18,0.0645725194547735,0.1006412698615194,0,0,16.042707493956488,43.95647876269956,CDK1
GO_Biological_Process_2023,Mitotic Cytokinetic Process (GO:1902410),1/18,0.0645725194547735,0.1006412698615194,0,0,16.042707493956488,43.95647876269956,RHOA
GO_Biological_Process_2023,Regulation Of DNA Damage Checkpoint (GO:2000001),1/18,0.0645725194547735,0.1006412698615194,0,0,16.042707493956488,43.95647876269956,BRCA1
GO_Biological_Process_2023,Negative Regulation Of ERBB Signaling Pathway (GO:1901185),1/18,0.0645725194547735,0.1006412698615194,0,0,16.042707493956488,43.95647876269956,EGFR
GO_Biological_Process_2023,Regulation Of Cell Cycle G2/M Phase Transition (GO:1902749),1/18,0.0645725194547735,0.1006412698615194,0,0,16.042707493956488,43.95647876269956,TP53
GO_Biological_Process_2023,Regulation Of Cell-Cell Adhesion Mediated By Cadherin (GO:2000047),1/18,0.0645725194547735,0.1006412698615194,0,0,16.042707493956488,43.95647876269956,FOXA2
GO_Biological_Process_2023,Negative Regulation Of Defense Response (GO:0031348),2/112,0.0647015712367954,0.1007370335870692,0,0,5.004040404040404,13.700911468273173,STAT3;AKT1
GO_Biological_Process_2023,Regulation Of Cytoskeleton Organization (GO:0051493),2/114,0.066731832016107,0.1033381248886008,0,0,4.914186507936508,13.30306258700046,CDC42;RHOA
GO_Biological_Process_2023,Response To Endoplasmic Reticulum Stress (GO:0034976),2/114,0.066731832016107,0.1033381248886008,0,0,4.914186507936508,13.30306258700046,BCL2;TP53
GO_Biological_Process_2023,Regulation Of Centriole Replication (GO:0046599),1/19,0.068036711755515,0.1033381248886008,0,0,15.150684931506849,40.72061468284932,BRCA1
GO_Biological_Process_2023,Negative Regulation Of Fatty Acid Metabolic Process (GO:0045922),1/19,0.068036711755515,0.1033381248886008,0,0,15.150684931506849,40.72061468284932,BRCA1
GO_Biological_Process_2023,Regulation Of Early Endosome To Late Endosome Transport (GO:2000641),1/19,0.068036711755515,0.1033381248886008,0,0,15.150684931506849,40.72061468284932,SRC
GO_Biological_Process_2023,Negative Regulation Of Leukocyte Cell-Cell Adhesion (GO:1903038),1/19,0.068036711755515,0.1033381248886008,0,0,15.150684931506849,40.72061468284932,AKT1
GO_Biological_Process_2023,Negative Regulation Of Peptidyl-Serine Phosphorylation (GO:0033137),1/19,0.068036711755515,0.1033381248886008,0,0,15.150684931506849,40.72061468284932,RACK1
GO_Biological_Process_2023,Negative Regulation Of Telomere Maintenance Via Telomerase (GO:0032211),1/19,0.068036711755515,0.1033381248886008,0,0,15.150684931506849,40.72061468284932,SRC
GO_Biological_Process_2023,Regulation Of Protein-Containing Complex Disassembly (GO:0043244),1/19,0.068036711755515,0.1033381248886008,0,0,15.150684931506849,40.72061468284932,TNF
GO_Biological_Process_2023,Release Of Cytochrome C From Mitochondria (GO:0001836),1/19,0.068036711755515,0.1033381248886008,0,0,15.150684931506849,40.72061468284932,BCL2
GO_Biological_Process_2023,Positive Regulation Of Activated T Cell Proliferation (GO:0042104),1/19,0.068036711755515,0.1033381248886008,0,0,15.150684931506849,40.72061468284932,RPS3
GO_Biological_Process_2023,Cortical Actin Cytoskeleton Organization (GO:0030866),1/19,0.068036711755515,0.1033381248886008,0,0,15.150684931506849,40.72061468284932,TNF
GO_Biological_Process_2023,Cyclic Nucleotide Biosynthetic Process (GO:0009190),1/19,0.068036711755515,0.1033381248886008,0,0,15.150684931506849,40.72061468284932,ADCY2
GO_Biological_Process_2023,Positive Regulation Of calcineurin-NFAT Signaling Cascade (GO:0070886),1/19,0.068036711755515,0.1033381248886008,0,0,15.150684931506849,40.72061468284932,TNF
GO_Biological_Process_2023,Positive Regulation Of Calcineurin-Mediated Signaling (GO:0106058),1/19,0.068036711755515,0.1033381248886008,0,0,15.150684931506849,40.72061468284932,TNF
GO_Biological_Process_2023,Embryonic Digestive Tract Development (GO:0048566),1/19,0.068036711755515,0.1033381248886008,0,0,15.150684931506849,40.72061468284932,TNF
GO_Biological_Process_2023,Steroid Hormone Biosynthetic Process (GO:0120178),1/19,0.068036711755515,0.1033381248886008,0,0,15.150684931506849,40.72061468284932,MED1
GO_Biological_Process_2023,Eye Morphogenesis (GO:0048592),1/19,0.068036711755515,0.1033381248886008,0,0,15.150684931506849,40.72061468284932,STAT3
GO_Biological_Process_2023,Interleukin-1-Mediated Signaling Pathway (GO:0070498),1/19,0.068036711755515,0.1033381248886008,0,0,15.150684931506849,40.72061468284932,IL1B
GO_Biological_Process_2023,Leukocyte Adhesion To Vascular Endothelial Cell (GO:0061756),1/19,0.068036711755515,0.1033381248886008,0,0,15.150684931506849,40.72061468284932,TNF
GO_Biological_Process_2023,Protein Insertion Into Membrane (GO:0051205),1/19,0.068036711755515,0.1033381248886008,0,0,15.150684931506849,40.72061468284932,EGFR
GO_Biological_Process_2023,Regulation Of Acute Inflammatory Response (GO:0002673),1/19,0.068036711755515,0.1033381248886008,0,0,15.150684931506849,40.72061468284932,IL6
GO_Biological_Process_2023,Regulation Of Behavior (GO:0050795),1/19,0.068036711755515,0.1033381248886008,0,0,15.150684931506849,40.72061468284932,STAT3
GO_Biological_Process_2023,Negative Regulation Of Cyclin-Dependent Protein Serine/Threonine Kinase Activity (GO:0045736),1/19,0.068036711755515,0.1033381248886008,0,0,15.150684931506849,40.72061468284932,PLK1
GO_Biological_Process_2023,Protein Processing (GO:0016485),2/117,0.0698167649730236,0.1059337879936916,0,0,4.785265700483092,12.73780838494515,PRSS3;KLK6
GO_Biological_Process_2023,Fc-gamma Receptor Signaling Pathway Involved In Phagocytosis (GO:0038096),1/20,0.0714882479432861,0.1071604521483866,0,0,14.352559480894016,37.865241152955655,SRC
GO_Biological_Process_2023,Negative Regulation Of Phosphoprotein Phosphatase Activity (GO:0032515),1/20,0.0714882479432861,0.1071604521483866,0,0,14.352559480894016,37.865241152955655,TNF
GO_Biological_Process_2023,Negative Regulation Of Stem Cell Population Maintenance (GO:1902455),1/20,0.0714882479432861,0.1071604521483866,0,0,14.352559480894016,37.865241152955655,HDAC1
GO_Biological_Process_2023,Regulation Of Mitotic Spindle Assembly (GO:1901673),1/20,0.0714882479432861,0.1071604521483866,0,0,14.352559480894016,37.865241152955655,PLK1
GO_Biological_Process_2023,Cellular Response To Estradiol Stimulus (GO:0071392),1/20,0.0714882479432861,0.1071604521483866,0,0,14.352559480894016,37.865241152955655,EGFR
GO_Biological_Process_2023,Positive Regulation Of Antigen Receptor-Mediated Signaling Pathway (GO:0050857),1/20,0.0714882479432861,0.1071604521483866,0,0,14.352559480894016,37.865241152955655,RPS3
GO_Biological_Process_2023,Endoplasmic Reticulum Calcium Ion Homeostasis (GO:0032469),1/20,0.0714882479432861,0.1071604521483866,0,0,14.352559480894016,37.865241152955655,BCL2
GO_Biological_Process_2023,Positive Regulation Of Lipid Catabolic Process (GO:0050996),1/20,0.0714882479432861,0.1071604521483866,0,0,14.352559480894016,37.865241152955655,IL1B
GO_Biological_Process_2023,Protein Deacylation (GO:0035601),1/20,0.0714882479432861,0.1071604521483866,0,0,14.352559480894016,37.865241152955655,HDAC1
GO_Biological_Process_2023,protein-DNA Complex Disassembly (GO:0032986),1/20,0.0714882479432861,0.1071604521483866,0,0,14.352559480894016,37.865241152955655,MYC
GO_Biological_Process_2023,Regulation Of Calcium Ion Import (GO:0090279),1/20,0.0714882479432861,0.1071604521483866,0,0,14.352559480894016,37.865241152955655,CTNNB1
GO_Biological_Process_2023,Negative Regulation Of Cyclin-Dependent Protein Kinase Activity (GO:1904030),1/20,0.0714882479432861,0.1071604521483866,0,0,14.352559480894016,37.865241152955655,PLK1
GO_Biological_Process_2023,Regulation Of Protein Kinase Activity (GO:0045859),2/119,0.0718991469189411,0.1075599687843597,0,0,4.702991452991453,12.380582104732111,CD4;AKT1
GO_Biological_Process_2023,Positive Regulation Of Angiogenesis (GO:0045766),2/119,0.0718991469189411,0.1075599687843597,0,0,4.702991452991453,12.380582104732111,IL1B;BRCA1
GO_Biological_Process_2023,Negative Regulation Of Reactive Oxygen Species Metabolic Process (GO:2000378),1/21,0.0749271736072752,0.1108654306602185,0,0,13.634246575342466,35.329586768183,BRCA1
GO_Biological_Process_2023,Cellular Response To Nerve Growth Factor Stimulus (GO:1990090),1/21,0.0749271736072752,0.1108654306602185,0,0,13.634246575342466,35.329586768183,AKT1
GO_Biological_Process_2023,Positive Regulation Of G2/M Transition Of Mitotic Cell Cycle (GO:0010971),1/21,0.0749271736072752,0.1108654306602185,0,0,13.634246575342466,35.329586768183,CDK1
GO_Biological_Process_2023,Positive Regulation Of Amyloid Precursor Protein Catabolic Process (GO:1902993),1/21,0.0749271736072752,0.1108654306602185,0,0,13.634246575342466,35.329586768183,TNF
GO_Biological_Process_2023,Response To Cadmium Ion (GO:0046686),1/21,0.0749271736072752,0.1108654306602185,0,0,13.634246575342466,35.329586768183,EGFR
GO_Biological_Process_2023,Positive Regulation Of Granulocyte Chemotaxis (GO:0071624),1/21,0.0749271736072752,0.1108654306602185,0,0,13.634246575342466,35.329586768183,CD74
GO_Biological_Process_2023,Focal Adhesion Assembly (GO:0048041),1/21,0.0749271736072752,0.1108654306602185,0,0,13.634246575342466,35.329586768183,SRC
GO_Biological_Process_2023,Innate Immune Response In Mucosa (GO:0002227),1/21,0.0749271736072752,0.1108654306602185,0,0,13.634246575342466,35.329586768183,FAU
GO_Biological_Process_2023,Positive Regulation Of Signal Transduction By P53 Class Mediator (GO:1901798),1/21,0.0749271736072752,0.1108654306602185,0,0,13.634246575342466,35.329586768183,MYC
GO_Biological_Process_2023,Positive Regulation Of Transcription Regulatory Region DNA Binding (GO:2000679),1/21,0.0749271736072752,0.1108654306602185,0,0,13.634246575342466,35.329586768183,EP300
GO_Biological_Process_2023,Regulation Of Cell-Substrate Junction Assembly (GO:0090109),1/21,0.0749271736072752,0.1108654306602185,0,0,13.634246575342466,35.329586768183,RHOA
GO_Biological_Process_2023,Regulation Of Cell Motility (GO:2000145),2/123,0.0761239092227828,0.1125244293074865,0,0,4.546602387511478,11.709287425260566,AKT1;RHOA
GO_Biological_Process_2023,Enzyme-Linked Receptor Protein Signaling Pathway (GO:0007167),2/124,0.0771923079690765,0.1138777612613109,0,0,4.509107468123862,11.549877964792993,CD4;EGFR
GO_Biological_Process_2023,Regulation Of DNA Metabolic Process (GO:0051052),2/124,0.0771923079690765,0.1138777612613109,0,0,4.509107468123862,11.549877964792993,MYC;BRCA1
GO_Biological_Process_2023,Regulation Of Mitotic Cell Cycle (GO:0007346),2/125,0.078265491215941,0.1142336261782215,0,0,4.472222222222222,11.393650228708516,APP;PLK1
GO_Biological_Process_2023,Fc Receptor Mediated Stimulatory Signaling Pathway (GO:0002431),1/22,0.078353534197411,0.1142336261782215,0,0,12.984344422700588,33.06494733744324,SRC
GO_Biological_Process_2023,Regulation Of Histone Acetylation (GO:0035065),1/22,0.078353534197411,0.1142336261782215,0,0,12.984344422700588,33.06494733744324,BRCA1
GO_Biological_Process_2023,Regulation Of Intracellular Steroid Hormone Receptor Signaling Pathway (GO:0033143),1/22,0.078353534197411,0.1142336261782215,0,0,12.984344422700588,33.06494733744324,EP300
GO_Biological_Process_2023,Regulation Of Mononuclear Cell Migration (GO:0071675),1/22,0.078353534197411,0.1142336261782215,0,0,12.984344422700588,33.06494733744324,TNF
GO_Biological_Process_2023,Blood Vessel Endothelial Cell Migration (GO:0043534),1/22,0.078353534197411,0.1142336261782215,0,0,12.984344422700588,33.06494733744324,AKT1
GO_Biological_Process_2023,Regulation Of Protein Export From Nucleus (GO:0046825),1/22,0.078353534197411,0.1142336261782215,0,0,12.984344422700588,33.06494733744324,IL1B
GO_Biological_Process_2023,Cellular Response To Low-Density Lipoprotein Particle Stimulus (GO:0071404),1/22,0.078353534197411,0.1142336261782215,0,0,12.984344422700588,33.06494733744324,AKT1
GO_Biological_Process_2023,Regulation Of Vascular Endothelial Growth Factor Receptor Signaling Pathway (GO:0030947),1/22,0.078353534197411,0.1142336261782215,0,0,12.984344422700588,33.06494733744324,IL1B
GO_Biological_Process_2023,Positive Regulation Of Phosphatase Activity (GO:0010922),1/22,0.078353534197411,0.1142336261782215,0,0,12.984344422700588,33.06494733744324,HSP90AB1
GO_Biological_Process_2023,Mammary Gland Development (GO:0030879),1/22,0.078353534197411,0.1142336261782215,0,0,12.984344422700588,33.06494733744324,WNT7B
GO_Biological_Process_2023,Modulation By Host Of Viral Process (GO:0044788),1/22,0.078353534197411,0.1142336261782215,0,0,12.984344422700588,33.06494733744324,CDC42
GO_Biological_Process_2023,Cellular Response To Starvation (GO:0009267),2/126,0.0793434100657246,0.1154508603495408,0,0,4.435931899641577,11.240517842983818,ALB;TP53
GO_Biological_Process_2023,Protein-Containing Complex Organization (GO:0043933),2/126,0.0793434100657246,0.1154508603495408,0,0,4.435931899641577,11.240517842983818,CD74;TP53
GO_Biological_Process_2023,Regulation Of Anatomical Structure Morphogenesis (GO:0022603),2/127,0.0804260159361564,0.1169119646291445,0,0,4.400222222222222,11.090397417702835,IL6;CTNNB1
GO_Biological_Process_2023,Negative Regulation Of Epidermal Growth Factor Receptor Signaling Pathway (GO:0042059),1/23,0.0817673749589197,0.117260239353985,0,0,12.393524283935244,31.031859834177094,EGFR
GO_Biological_Process_2023,Negative Regulation Of Extrinsic Apoptotic Signaling Pathway Via Death Domain Receptors (GO:1902042),1/23,0.0817673749589197,0.117260239353985,0,0,12.393524283935244,31.031859834177094,BRCA1
GO_Biological_Process_2023,Negative Regulation Of Neuron Differentiation (GO:0045665),1/23,0.0817673749589197,0.117260239353985,0,0,12.393524283935244,31.031859834177094,MED1
GO_Biological_Process_2023,Adaptive Immune Response Based On Somatic Recombination Of Immune Receptors Built From Immunoglobulin Superfamily Domains (GO:0002460),1/23,0.0817673749589197,0.117260239353985,0,0,12.393524283935244,31.031859834177094,STAT3
GO_Biological_Process_2023,Regulation Of Myotube Differentiation (GO:0010830),1/23,0.0817673749589197,0.117260239353985,0,0,12.393524283935244,31.031859834177094,HDAC1
GO_Biological_Process_2023,Cell-Cell Signaling By Wnt (GO:0198738),1/23,0.0817673749589197,0.117260239353985,0,0,12.393524283935244,31.031859834177094,WNT7B
GO_Biological_Process_2023,Rescue Of Stalled Ribosome (GO:0072344),1/23,0.0817673749589197,0.117260239353985,0,0,12.393524283935244,31.031859834177094,RACK1
GO_Biological_Process_2023,Positive Regulation Of Epithelial Cell Apoptotic Process (GO:1904037),1/23,0.0817673749589197,0.117260239353985,0,0,12.393524283935244,31.031859834177094,IL6
GO_Biological_Process_2023,Entrainment Of Circadian Clock By Photoperiod (GO:0043153),1/23,0.0817673749589197,0.117260239353985,0,0,12.393524283935244,31.031859834177094,TP53
GO_Biological_Process_2023,Positive Regulation Of Lamellipodium Assembly (GO:0010592),1/23,0.0817673749589197,0.117260239353985,0,0,12.393524283935244,31.031859834177094,CDC42
GO_Biological_Process_2023,Glial Cell Development (GO:0021782),1/23,0.0817673749589197,0.117260239353985,0,0,12.393524283935244,31.031859834177094,APP
GO_Biological_Process_2023,Positive Regulation Of Neutrophil Migration (GO:1902624),1/23,0.0817673749589197,0.117260239353985,0,0,12.393524283935244,31.031859834177094,CD74
GO_Biological_Process_2023,Positive Regulation Of Oxidoreductase Activity (GO:0051353),1/23,0.0817673749589197,0.117260239353985,0,0,12.393524283935244,31.031859834177094,TNF
GO_Biological_Process_2023,Lymphocyte Activation Involved In Immune Response (GO:0002285),1/23,0.0817673749589197,0.117260239353985,0,0,12.393524283935244,31.031859834177094,CD74
GO_Biological_Process_2023,Golgi Organization (GO:0007030),2/130,0.0837014740273154,0.1198032625366955,0,0,4.296440972222222,10.657316206703952,CDC42;CDK1
GO_Biological_Process_2023,Transmembrane Receptor Protein Serine/Threonine Kinase Signaling Pathway (GO:0007178),2/130,0.0837014740273154,0.1198032625366955,0,0,4.296440972222222,10.657316206703952,SRC;STAT3
GO_Biological_Process_2023,Regulation Of Cytokine Production Involved In Immune Response (GO:0002718),1/24,0.0851687410035164,0.1206287301285547,0,0,11.854079809410363,29.198030568281716,TNF
GO_Biological_Process_2023,Fc-gamma Receptor Signaling Pathway (GO:0038094),1/24,0.0851687410035164,0.1206287301285547,0,0,11.854079809410363,29.198030568281716,SRC
GO_Biological_Process_2023,Regulation Of Execution Phase Of Apoptosis (GO:1900117),1/24,0.0851687410035164,0.1206287301285547,0,0,11.854079809410363,29.198030568281716,TP53
GO_Biological_Process_2023,Regulation Of Neuroblast Proliferation (GO:1902692),1/24,0.0851687410035164,0.1206287301285547,0,0,11.854079809410363,29.198030568281716,CTNNB1
GO_Biological_Process_2023,Photoperiodism (GO:0009648),1/24,0.0851687410035164,0.1206287301285547,0,0,11.854079809410363,29.198030568281716,TP53
GO_Biological_Process_2023,Positive Regulation Of Cell Cycle G2/M Phase Transition (GO:1902751),1/24,0.0851687410035164,0.1206287301285547,0,0,11.854079809410363,29.198030568281716,CDK1
GO_Biological_Process_2023,Stress Granule Assembly (GO:0034063),1/24,0.0851687410035164,0.1206287301285547,0,0,11.854079809410363,29.198030568281716,RPS23
GO_Biological_Process_2023,Positive Regulation Of Interleukin-17 Production (GO:0032740),1/24,0.0851687410035164,0.1206287301285547,0,0,11.854079809410363,29.198030568281716,IL6
GO_Biological_Process_2023,Positive Regulation Of p38MAPK Cascade (GO:1900745),1/24,0.0851687410035164,0.1206287301285547,0,0,11.854079809410363,29.198030568281716,IL1B
GO_Biological_Process_2023,Positive Regulation Of Peptidyl-Threonine Phosphorylation (GO:0010800),1/24,0.0851687410035164,0.1206287301285547,0,0,11.854079809410363,29.198030568281716,PLK1
GO_Biological_Process_2023,mRNA Polyadenylation (GO:0006378),1/24,0.0851687410035164,0.1206287301285547,0,0,11.854079809410363,29.198030568281716,APP
GO_Biological_Process_2023,Plasma Membrane Bounded Cell Projection Organization (GO:0120036),2/132,0.0859076697755575,0.1215597606510738,0,0,4.22991452991453,10.382249780419473,APP;IL6
GO_Biological_Process_2023,Central Nervous System Development (GO:0007417),3/283,0.087507310104749,0.1227450596955255,0,0,2.964688128772636,7.222077953500349,APP;STAT3;KLK6
GO_Biological_Process_2023,Negative Regulation Of Lipid Biosynthetic Process (GO:0051055),1/25,0.0885576772971073,0.1227450596955255,0,0,11.35958904109589,27.536793634757636,BRCA1
GO_Biological_Process_2023,RNA Polyadenylation (GO:0043631),1/25,0.0885576772971073,0.1227450596955255,0,0,11.35958904109589,27.536793634757636,APP
GO_Biological_Process_2023,Regulation Of Hippo Signaling (GO:0035330),1/25,0.0885576772971073,0.1227450596955255,0,0,11.35958904109589,27.536793634757636,SRC
GO_Biological_Process_2023,Regulation Of Keratinocyte Proliferation (GO:0010837),1/25,0.0885576772971073,0.1227450596955255,0,0,11.35958904109589,27.536793634757636,MED1
GO_Biological_Process_2023,Negative Regulation Of Response To Endoplasmic Reticulum Stress (GO:1903573),1/25,0.0885576772971073,0.1227450596955255,0,0,11.35958904109589,27.536793634757636,RACK1
GO_Biological_Process_2023,Negative Regulation Of Response To Wounding (GO:1903035),1/25,0.0885576772971073,0.1227450596955255,0,0,11.35958904109589,27.536793634757636,STAT3
GO_Biological_Process_2023,Negative Regulation Of Signaling Receptor Activity (GO:2000272),1/25,0.0885576772971073,0.1227450596955255,0,0,11.35958904109589,27.536793634757636,TNF
GO_Biological_Process_2023,Negative Regulation Of Smoothened Signaling Pathway (GO:0045879),1/25,0.0885576772971073,0.1227450596955255,0,0,11.35958904109589,27.536793634757636,RACK1
GO_Biological_Process_2023,Negative Regulation Of Telomere Maintenance Via Telomere Lengthening (GO:1904357),1/25,0.0885576772971073,0.1227450596955255,0,0,11.35958904109589,27.536793634757636,SRC
GO_Biological_Process_2023,Regulation Of Neutrophil Chemotaxis (GO:0090022),1/25,0.0885576772971073,0.1227450596955255,0,0,11.35958904109589,27.536793634757636,CD74
GO_Biological_Process_2023,Regulation Of Platelet Aggregation (GO:0090330),1/25,0.0885576772971073,0.1227450596955255,0,0,11.35958904109589,27.536793634757636,IL6
GO_Biological_Process_2023,Peptide Hormone Secretion (GO:0030072),1/25,0.0885576772971073,0.1227450596955255,0,0,11.35958904109589,27.536793634757636,IL6
GO_Biological_Process_2023,Regulation Of Synapse Organization (GO:0050807),1/25,0.0885576772971073,0.1227450596955255,0,0,11.35958904109589,27.536793634757636,TNF
GO_Biological_Process_2023,Cellular Response To Hexose Stimulus (GO:0071331),1/25,0.0885576772971073,0.1227450596955255,0,0,11.35958904109589,27.536793634757636,RACK1
GO_Biological_Process_2023,Positive Regulation Of Glucose Import (GO:0046326),1/25,0.0885576772971073,0.1227450596955255,0,0,11.35958904109589,27.536793634757636,AKT1
GO_Biological_Process_2023,"Wound Healing, Spreading Of Cells (GO:0044319)",1/25,0.0885576772971073,0.1227450596955255,0,0,11.35958904109589,27.536793634757636,RHOA
GO_Biological_Process_2023,Positive Regulation Of Release Of Cytochrome C From Mitochondria (GO:0090200),1/25,0.0885576772971073,0.1227450596955255,0,0,11.35958904109589,27.536793634757636,TP53
GO_Biological_Process_2023,Metanephros Development (GO:0001656),1/25,0.0885576772971073,0.1227450596955255,0,0,11.35958904109589,27.536793634757636,WNT7B
GO_Biological_Process_2023,Mitotic Cell Cycle Checkpoint Signaling (GO:0007093),1/25,0.0885576772971073,0.1227450596955255,0,0,11.35958904109589,27.536793634757636,BRCA1
GO_Biological_Process_2023,Regulation Of B Cell Activation (GO:0050864),1/25,0.0885576772971073,0.1227450596955255,0,0,11.35958904109589,27.536793634757636,IL6
GO_Biological_Process_2023,Regulation Of Cell Size (GO:0008361),1/25,0.0885576772971073,0.1227450596955255,0,0,11.35958904109589,27.536793634757636,RHOA
GO_Biological_Process_2023,Non-Membrane-Bounded Organelle Assembly (GO:0140694),2/135,0.0892498582023707,0.1235894876594166,0,0,4.133876357560568,9.98874929914452,RPS3;RPS23
GO_Biological_Process_2023,DNA Metabolic Process (GO:0006259),3/288,0.0910774503998431,0.1248696450869587,0,0,2.911934766493699,6.977126828299896,CDK1;RPS3;BRCA1
GO_Biological_Process_2023,Protein Localization To Plasma Membrane (GO:0072659),2/137,0.0914993729651541,0.1248696450869587,0,0,4.072222222222222,9.738406533113348,CDH1;TNF
GO_Biological_Process_2023,Negative Regulation Of Insulin Receptor Signaling Pathway (GO:0046627),1/26,0.0919342286311367,0.1248696450869587,0,0,10.904657534246576,26.025948367758343,IL1B
GO_Biological_Process_2023,Regulation Of Epidermal Growth Factor-Activated Receptor Activity (GO:0007176),1/26,0.0919342286311367,0.1248696450869587,0,0,10.904657534246576,26.025948367758343,APP
GO_Biological_Process_2023,Regulation Of Fatty Acid Biosynthetic Process (GO:0042304),1/26,0.0919342286311367,0.1248696450869587,0,0,10.904657534246576,26.025948367758343,BRCA1
GO_Biological_Process_2023,Regulation Of Keratinocyte Differentiation (GO:0045616),1/26,0.0919342286311367,0.1248696450869587,0,0,10.904657534246576,26.025948367758343,MED1
GO_Biological_Process_2023,Negative Regulation Of Receptor-Mediated Endocytosis (GO:0048261),1/26,0.0919342286311367,0.1248696450869587,0,0,10.904657534246576,26.025948367758343,APP
GO_Biological_Process_2023,Acute Inflammatory Response (GO:0002526),1/26,0.0919342286311367,0.1248696450869587,0,0,10.904657534246576,26.025948367758343,IL6
GO_Biological_Process_2023,Nuclear Membrane Organization (GO:0071763),1/26,0.0919342286311367,0.1248696450869587,0,0,10.904657534246576,26.025948367758343,PLK1
GO_Biological_Process_2023,cAMP-mediated Signaling (GO:0019933),1/26,0.0919342286311367,0.1248696450869587,0,0,10.904657534246576,26.025948367758343,ADCY2
GO_Biological_Process_2023,Cell-Cell Adhesion Mediated By Cadherin (GO:0044331),1/26,0.0919342286311367,0.1248696450869587,0,0,10.904657534246576,26.025948367758343,CDH1
GO_Biological_Process_2023,Dendritic Spine Organization (GO:0097061),1/26,0.0919342286311367,0.1248696450869587,0,0,10.904657534246576,26.025948367758343,CDC42
GO_Biological_Process_2023,Spindle Assembly Checkpoint Signaling (GO:0071173),1/26,0.0919342286311367,0.1248696450869587,0,0,10.904657534246576,26.025948367758343,PLK1
GO_Biological_Process_2023,Positive Regulation Of Microtubule Polymerization Or Depolymerization (GO:0031112),1/26,0.0919342286311367,0.1248696450869587,0,0,10.904657534246576,26.025948367758343,RPS3
GO_Biological_Process_2023,Positive Regulation Of Nuclear Division (GO:0051785),1/26,0.0919342286311367,0.1248696450869587,0,0,10.904657534246576,26.025948367758343,IL1B
GO_Biological_Process_2023,Protein Localization To Cell Surface (GO:0034394),1/26,0.0919342286311367,0.1248696450869587,0,0,10.904657534246576,26.025948367758343,CTNNB1
GO_Biological_Process_2023,Mitotic G1 DNA Damage Checkpoint Signaling (GO:0031571),1/26,0.0919342286311367,0.1248696450869587,0,0,10.904657534246576,26.025948367758343,TP53
GO_Biological_Process_2023,Mitotic Spindle Assembly Checkpoint Signaling (GO:0007094),1/26,0.0919342286311367,0.1248696450869587,0,0,10.904657534246576,26.025948367758343,PLK1
GO_Biological_Process_2023,Mitotic Spindle Checkpoint Signaling (GO:0071174),1/26,0.0919342286311367,0.1248696450869587,0,0,10.904657534246576,26.025948367758343,PLK1
GO_Biological_Process_2023,Regulation Of Actin Filament Bundle Assembly (GO:0032231),1/26,0.0919342286311367,0.1248696450869587,0,0,10.904657534246576,26.025948367758343,CDC42
GO_Biological_Process_2023,Negative Regulation Of Catalytic Activity (GO:0043086),1/26,0.0919342286311367,0.1248696450869587,0,0,10.904657534246576,26.025948367758343,TP53
GO_Biological_Process_2023,Negative Regulation Of Wnt Signaling Pathway (GO:0030178),2/140,0.0949048156356588,0.1279231306602517,0,0,3.9830917874396135,9.379706495714132,HDAC1;RACK1
GO_Biological_Process_2023,T Cell Activation Involved In Immune Response (GO:0002286),1/27,0.0952984396193821,0.1279231306602517,0,0,10.484720758693362,24.64687178715262,CD74
GO_Biological_Process_2023,Regulation Of Immunoglobulin Production (GO:0002637),1/27,0.0952984396193821,0.1279231306602517,0,0,10.484720758693362,24.64687178715262,IL6
GO_Biological_Process_2023,Regulation Of Insulin Secretion Involved In Cellular Response To Glucose Stimulus (GO:0061178),1/27,0.0952984396193821,0.1279231306602517,0,0,10.484720758693362,24.64687178715262,FOXA2
GO_Biological_Process_2023,Activation Of Phospholipase C Activity (GO:0007202),1/27,0.0952984396193821,0.1279231306602517,0,0,10.484720758693362,24.64687178715262,EGFR
GO_Biological_Process_2023,Regulation Of Peptidase Activity (GO:0052547),1/27,0.0952984396193821,0.1279231306602517,0,0,10.484720758693362,24.64687178715262,HDAC1
GO_Biological_Process_2023,Peptide Cross-Linking (GO:0018149),1/27,0.0952984396193821,0.1279231306602517,0,0,10.484720758693362,24.64687178715262,FN1
GO_Biological_Process_2023,Cell Surface Receptor Signaling Pathway Involved In Cell-Cell Signaling (GO:1905114),1/27,0.0952984396193821,0.1279231306602517,0,0,10.484720758693362,24.64687178715262,WNT7B
GO_Biological_Process_2023,Respiratory Tube Development (GO:0030323),1/27,0.0952984396193821,0.1279231306602517,0,0,10.484720758693362,24.64687178715262,WNT7B
GO_Biological_Process_2023,Cortical Cytoskeleton Organization (GO:0030865),1/27,0.0952984396193821,0.1279231306602517,0,0,10.484720758693362,24.64687178715262,TNF
GO_Biological_Process_2023,Positive Regulation Of Filopodium Assembly (GO:0051491),1/27,0.0952984396193821,0.1279231306602517,0,0,10.484720758693362,24.64687178715262,CDC42
GO_Biological_Process_2023,In Utero Embryonic Development (GO:0001701),1/27,0.0952984396193821,0.1279231306602517,0,0,10.484720758693362,24.64687178715262,WNT7B
GO_Biological_Process_2023,Negative Regulation Of Cellular Response To Insulin Stimulus (GO:1900077),1/27,0.0952984396193821,0.1279231306602517,0,0,10.484720758693362,24.64687178715262,IL1B
GO_Biological_Process_2023,Protein Localization To Cell Periphery (GO:1990778),2/142,0.0971953662854709,0.1303520213909556,0,0,3.9257936507936506,9.151151569990915,CDH1;TNF
GO_Biological_Process_2023,Negative Regulation Of Mitotic Metaphase/Anaphase Transition (GO:0045841),1/28,0.0986503547422002,0.1310062643189646,0,0,10.095890410958903,23.383833329549716,PLK1
GO_Biological_Process_2023,Regulation Of Glucose Metabolic Process (GO:0010906),1/28,0.0986503547422002,0.1310062643189646,0,0,10.095890410958903,23.383833329549716,AKT1
GO_Biological_Process_2023,Negative Regulation Of Wound Healing (GO:0061045),1/28,0.0986503547422002,0.1310062643189646,0,0,10.095890410958903,23.383833329549716,TNF
GO_Biological_Process_2023,Regulation Of Protein Transport (GO:0051223),1/28,0.0986503547422002,0.1310062643189646,0,0,10.095890410958903,23.383833329549716,TNF
GO_Biological_Process_2023,Positive Regulation Of Defense Response To Virus By Host (GO:0002230),1/28,0.0986503547422002,0.1310062643189646,0,0,10.095890410958903,23.383833329549716,HSP90AA1
GO_Biological_Process_2023,Vascular Endothelial Growth Factor Receptor Signaling Pathway (GO:0048010),1/28,0.0986503547422002,0.1310062643189646,0,0,10.095890410958903,23.383833329549716,SRC
GO_Biological_Process_2023,Hematopoietic Progenitor Cell Differentiation (GO:0002244),1/28,0.0986503547422002,0.1310062643189646,0,0,10.095890410958903,23.383833329549716,TP53
GO_Biological_Process_2023,Protein Insertion Into Mitochondrial Membrane (GO:0051204),1/28,0.0986503547422002,0.1310062643189646,0,0,10.095890410958903,23.383833329549716,HSP90AA1
GO_Biological_Process_2023,Mucosal Immune Response (GO:0002385),1/28,0.0986503547422002,0.1310062643189646,0,0,10.095890410958903,23.383833329549716,FAU
GO_Biological_Process_2023,"Regulation Of DNA Damage Response, Signal Transduction By P53 Class Mediator (GO:0043516)",1/28,0.0986503547422002,0.1310062643189646,0,0,10.095890410958903,23.383833329549716,CD74
GO_Biological_Process_2023,Negative Regulation Of G2/M Transition Of Mitotic Cell Cycle (GO:0010972),1/28,0.0986503547422002,0.1310062643189646,0,0,10.095890410958903,23.383833329549716,BRCA1
GO_Biological_Process_2023,Ras Protein Signal Transduction (GO:0007265),2/144,0.0995017071137836,0.1319017291810832,0,0,3.870109546165884,8.930589236617617,TP53;RHOA
GO_Biological_Process_2023,Regulation Of Cell Adhesion (GO:0030155),2/144,0.0995017071137836,0.1319017291810832,0,0,3.870109546165884,8.930589236617617,SRC;TNF
GO_Biological_Process_2023,Negative Regulation Of Response To External Stimulus (GO:0032102),2/146,0.1018234878275065,0.1334197781762238,0,0,3.8159722222222223,8.717643782663547,STAT3;AKT1
GO_Biological_Process_2023,Regulation Of Developmental Growth (GO:0048638),1/29,0.101990018350818,0.1334197781762238,0,0,9.734833659491194,22.22346027505055,APP
GO_Biological_Process_2023,TOR Signaling (GO:0031929),1/29,0.101990018350818,0.1334197781762238,0,0,9.734833659491194,22.22346027505055,RPS6
GO_Biological_Process_2023,Regulation Of Spindle Assembly (GO:0090169),1/29,0.101990018350818,0.1334197781762238,0,0,9.734833659491194,22.22346027505055,PLK1
GO_Biological_Process_2023,Defense Response To Fungus (GO:0050832),1/29,0.101990018350818,0.1334197781762238,0,0,9.734833659491194,22.22346027505055,GAPDH
GO_Biological_Process_2023,Response To Steroid Hormone (GO:0048545),1/29,0.101990018350818,0.1334197781762238,0,0,9.734833659491194,22.22346027505055,MED1
GO_Biological_Process_2023,Positive Regulation Of Dephosphorylation (GO:0035306),1/29,0.101990018350818,0.1334197781762238,0,0,9.734833659491194,22.22346027505055,SRC
GO_Biological_Process_2023,Positive Regulation Of Endopeptidase Activity (GO:0010950),1/29,0.101990018350818,0.1334197781762238,0,0,9.734833659491194,22.22346027505055,STAT3
GO_Biological_Process_2023,Establishment Of Mitotic Spindle Orientation (GO:0000132),1/29,0.101990018350818,0.1334197781762238,0,0,9.734833659491194,22.22346027505055,PLK1
GO_Biological_Process_2023,Positive Regulation Of Microtubule Polymerization (GO:0031116),1/29,0.101990018350818,0.1334197781762238,0,0,9.734833659491194,22.22346027505055,RPS3
GO_Biological_Process_2023,Glycolytic Process (GO:0006096),1/29,0.101990018350818,0.1334197781762238,0,0,9.734833659491194,22.22346027505055,GAPDH
GO_Biological_Process_2023,Positive Regulation Of Neural Precursor Cell Proliferation (GO:2000179),1/29,0.101990018350818,0.1334197781762238,0,0,9.734833659491194,22.22346027505055,CTNNB1
GO_Biological_Process_2023,Protein Acetylation (GO:0006473),1/29,0.101990018350818,0.1334197781762238,0,0,9.734833659491194,22.22346027505055,EP300
GO_Biological_Process_2023,Maintenance Of Blood-Brain Barrier (GO:0035633),1/29,0.101990018350818,0.1334197781762238,0,0,9.734833659491194,22.22346027505055,IL6
GO_Biological_Process_2023,Regulation Of Blood Coagulation (GO:0030193),1/29,0.101990018350818,0.1334197781762238,0,0,9.734833659491194,22.22346027505055,FOXA2
GO_Biological_Process_2023,Defense Response To Symbiont (GO:0140546),2/148,0.1041603623029372,0.1361394209047162,0,0,3.763318112633181,8.511961804995998,IL6;BCL2
GO_Biological_Process_2023,Negative Regulation Of Epithelial To Mesenchymal Transition (GO:0010719),1/30,0.1053174745633215,0.1364766830292753,0,0,9.398677373641949,21.15431674384753,FOXA2
GO_Biological_Process_2023,Negative Regulation Of Myeloid Leukocyte Differentiation (GO:0002762),1/30,0.1053174745633215,0.1364766830292753,0,0,9.398677373641949,21.15431674384753,MYC
GO_Biological_Process_2023,"Phagocytosis, Engulfment (GO:0006911)",1/30,0.1053174745633215,0.1364766830292753,0,0,9.398677373641949,21.15431674384753,CDC42
GO_Biological_Process_2023,Positive Regulation Of Cell Communication (GO:0010647),1/30,0.1053174745633215,0.1364766830292753,0,0,9.398677373641949,21.15431674384753,TNF
GO_Biological_Process_2023,Immunoglobulin Mediated Immune Response (GO:0016064),1/30,0.1053174745633215,0.1364766830292753,0,0,9.398677373641949,21.15431674384753,CD74
GO_Biological_Process_2023,Intrinsic Apoptotic Signaling Pathway In Response To Endoplasmic Reticulum Stress (GO:0070059),1/30,0.1053174745633215,0.1364766830292753,0,0,9.398677373641949,21.15431674384753,BCL2
GO_Biological_Process_2023,Prostaglandin Metabolic Process (GO:0006693),1/30,0.1053174745633215,0.1364766830292753,0,0,9.398677373641949,21.15431674384753,CD74
GO_Biological_Process_2023,Negative Regulation Of Carbohydrate Metabolic Process (GO:0045912),1/30,0.1053174745633215,0.1364766830292753,0,0,9.398677373641949,21.15431674384753,EP300
GO_Biological_Process_2023,Regulation Of Cell Migration Involved In Sprouting Angiogenesis (GO:0090049),1/30,0.1053174745633215,0.1364766830292753,0,0,9.398677373641949,21.15431674384753,RHOA
GO_Biological_Process_2023,Negative Regulation Of Protein Phosphorylation (GO:0001933),2/149,0.1053343526736017,0.1364766830292753,0,0,3.737528344671202,8.411739885110235,RACK1;AKT1
GO_Biological_Process_2023,Neuron Development (GO:0048666),2/150,0.1065119885787013,0.1378825916440182,0,0,3.7120870870870872,8.313210610119837,APP;IL6
GO_Biological_Process_2023,Regulation Of Extrinsic Apoptotic Signaling Pathway Via Death Domain Receptors (GO:1902041),1/31,0.1086327674174716,0.1392967499587201,0,0,9.084931506849315,20.166569167475306,BRCA1
GO_Biological_Process_2023,Regulation Of Gluconeogenesis (GO:0006111),1/31,0.1086327674174716,0.1392967499587201,0,0,9.084931506849315,20.166569167475306,EP300
GO_Biological_Process_2023,Regulation Of Long-Term Synaptic Potentiation (GO:1900271),1/31,0.1086327674174716,0.1392967499587201,0,0,9.084931506849315,20.166569167475306,APP
GO_Biological_Process_2023,Endodermal Cell Differentiation (GO:0035987),1/31,0.1086327674174716,0.1392967499587201,0,0,9.084931506849315,20.166569167475306,FN1
GO_Biological_Process_2023,Positive Regulation Of Extrinsic Apoptotic Signaling Pathway (GO:2001238),1/31,0.1086327674174716,0.1392967499587201,0,0,9.084931506849315,20.166569167475306,TNF
GO_Biological_Process_2023,Positive Regulation Of Glucose Transmembrane Transport (GO:0010828),1/31,0.1086327674174716,0.1392967499587201,0,0,9.084931506849315,20.166569167475306,AKT1
GO_Biological_Process_2023,Positive Regulation Of Mononuclear Cell Migration (GO:0071677),1/31,0.1086327674174716,0.1392967499587201,0,0,9.084931506849315,20.166569167475306,TNF
GO_Biological_Process_2023,Protein Localization To Chromatin (GO:0071168),1/31,0.1086327674174716,0.1392967499587201,0,0,9.084931506849315,20.166569167475306,PLK1
GO_Biological_Process_2023,Receptor Signaling Pathway Via STAT (GO:0097696),1/31,0.1086327674174716,0.1392967499587201,0,0,9.084931506849315,20.166569167475306,STAT3
GO_Biological_Process_2023,Negative Chemotaxis (GO:0050919),1/31,0.1086327674174716,0.1392967499587201,0,0,9.084931506849315,20.166569167475306,RHOA
GO_Biological_Process_2023,Negative Regulation Of Cell-Matrix Adhesion (GO:0001953),1/31,0.1086327674174716,0.1392967499587201,0,0,9.084931506849315,20.166569167475306,SRC
GO_Biological_Process_2023,Regulation Of Cellular Component Organization (GO:0051128),2/153,0.11006634961923,0.1410136379472508,0,0,3.637785136129507,8.027398298783927,HSP90AA1;TNF
GO_Biological_Process_2023,Epithelium Development (GO:0060429),2/154,0.1112581490968938,0.1424180774522094,0,0,3.613669590643275,7.935264680054121,WNT7B;CDK1
GO_Biological_Process_2023,Regulation Of Metaphase/Anaphase Transition Of Cell Cycle (GO:1902099),1/32,0.1119359407458519,0.1424291645698714,0,0,8.791427308882016,19.25171833112302,PLK1
GO_Biological_Process_2023,Cellular Nitrogen Compound Biosynthetic Process (GO:0044271),1/32,0.1119359407458519,0.1424291645698714,0,0,8.791427308882016,19.25171833112302,AKT1
GO_Biological_Process_2023,Phosphatidylinositol 3-Kinase Signaling (GO:0014065),1/32,0.1119359407458519,0.1424291645698714,0,0,8.791427308882016,19.25171833112302,STAT3
GO_Biological_Process_2023,Chromosome Condensation (GO:0030261),1/32,0.1119359407458519,0.1424291645698714,0,0,8.791427308882016,19.25171833112302,PLK1
GO_Biological_Process_2023,Respiratory System Development (GO:0060541),1/32,0.1119359407458519,0.1424291645698714,0,0,8.791427308882016,19.25171833112302,WNT7B
GO_Biological_Process_2023,Positive Regulation Of Telomere Maintenance Via Telomerase (GO:0032212),1/32,0.1119359407458519,0.1424291645698714,0,0,8.791427308882016,19.25171833112302,CTNNB1
GO_Biological_Process_2023,Mitochondrial Membrane Organization (GO:0007006),1/32,0.1119359407458519,0.1424291645698714,0,0,8.791427308882016,19.25171833112302,BCL2
GO_Biological_Process_2023,Negative Regulation Of Endocytosis (GO:0045806),1/33,0.1152270382535114,0.1448846303778329,0,0,8.51626712328767,18.40238306238578,RACK1
GO_Biological_Process_2023,Regulation Of Lamellipodium Assembly (GO:0010591),1/33,0.1152270382535114,0.1448846303778329,0,0,8.51626712328767,18.40238306238578,CDC42
GO_Biological_Process_2023,Negative Regulation Of Small Molecule Metabolic Process (GO:0062014),1/33,0.1152270382535114,0.1448846303778329,0,0,8.51626712328767,18.40238306238578,EP300
GO_Biological_Process_2023,Regulation Of Protein Polymerization (GO:0032271),1/33,0.1152270382535114,0.1448846303778329,0,0,8.51626712328767,18.40238306238578,HSP90AA1
GO_Biological_Process_2023,Positive Regulation Of RNA Metabolic Process (GO:0051254),1/33,0.1152270382535114,0.1448846303778329,0,0,8.51626712328767,18.40238306238578,IL1B
GO_Biological_Process_2023,Positive Regulation Of Chromosome Organization (GO:2001252),1/33,0.1152270382535114,0.1448846303778329,0,0,8.51626712328767,18.40238306238578,CDK1
GO_Biological_Process_2023,Signal Transduction By P53 Class Mediator (GO:0072331),1/33,0.1152270382535114,0.1448846303778329,0,0,8.51626712328767,18.40238306238578,TP53
GO_Biological_Process_2023,Epithelial Tube Morphogenesis (GO:0060562),1/33,0.1152270382535114,0.1448846303778329,0,0,8.51626712328767,18.40238306238578,CTNNB1
GO_Biological_Process_2023,Vasculogenesis (GO:0001570),1/33,0.1152270382535114,0.1448846303778329,0,0,8.51626712328767,18.40238306238578,WNT7B
GO_Biological_Process_2023,Positive Regulation Of Protein Dephosphorylation (GO:0035307),1/33,0.1152270382535114,0.1448846303778329,0,0,8.51626712328767,18.40238306238578,HSP90AB1
GO_Biological_Process_2023,Lung Development (GO:0030324),1/33,0.1152270382535114,0.1448846303778329,0,0,8.51626712328767,18.40238306238578,WNT7B
GO_Biological_Process_2023,Protein K63-linked Deubiquitination (GO:0070536),1/33,0.1152270382535114,0.1448846303778329,0,0,8.51626712328767,18.40238306238578,BRCA1
GO_Biological_Process_2023,Regulation Of Activated T Cell Proliferation (GO:0046006),1/33,0.1152270382535114,0.1448846303778329,0,0,8.51626712328767,18.40238306238578,RPS3
GO_Biological_Process_2023,Regulation Of Amyloid-Beta Formation (GO:1902003),1/33,0.1152270382535114,0.1448846303778329,0,0,8.51626712328767,18.40238306238578,TNF
GO_Biological_Process_2023,Peptidyl-Serine Phosphorylation (GO:0018105),2/158,0.1160593149406637,0.1458080769490631,0,0,3.520299145299145,7.581505923130209,PLK1;CDK1
GO_Biological_Process_2023,Negative Regulation Of Interleukin-6 Production (GO:0032715),1/34,0.1185061034725714,0.1469002447372142,0,0,8.257783312577834,17.612124390060146,TNF
GO_Biological_Process_2023,Negative Regulation Of Mitotic Cell Cycle (GO:0045930),1/34,0.1185061034725714,0.1469002447372142,0,0,8.257783312577834,17.612124390060146,CTNNB1
GO_Biological_Process_2023,Regulation Of Interleukin-17 Production (GO:0032660),1/34,0.1185061034725714,0.1469002447372142,0,0,8.257783312577834,17.612124390060146,IL6
GO_Biological_Process_2023,Apoptotic Mitochondrial Changes (GO:0008637),1/34,0.1185061034725714,0.1469002447372142,0,0,8.257783312577834,17.612124390060146,BCL2
GO_Biological_Process_2023,Regulation Of Neuronal Synaptic Plasticity (GO:0048168),1/34,0.1185061034725714,0.1469002447372142,0,0,8.257783312577834,17.612124390060146,APP
GO_Biological_Process_2023,Cellular Response To Amyloid-Beta (GO:1904646),1/34,0.1185061034725714,0.1469002447372142,0,0,8.257783312577834,17.612124390060146,APP
GO_Biological_Process_2023,Cellular Response To Glucose Stimulus (GO:0071333),1/34,0.1185061034725714,0.1469002447372142,0,0,8.257783312577834,17.612124390060146,RACK1
GO_Biological_Process_2023,Positive Regulation Of Carbohydrate Metabolic Process (GO:0045913),1/34,0.1185061034725714,0.1469002447372142,0,0,8.257783312577834,17.612124390060146,APP
GO_Biological_Process_2023,Sister Chromatid Segregation (GO:0000819),1/34,0.1185061034725714,0.1469002447372142,0,0,8.257783312577834,17.612124390060146,PLK1
GO_Biological_Process_2023,Establishment Of Mitotic Spindle Localization (GO:0040001),1/34,0.1185061034725714,0.1469002447372142,0,0,8.257783312577834,17.612124390060146,PLK1
GO_Biological_Process_2023,Positive Regulation Of Immunoglobulin Production (GO:0002639),1/34,0.1185061034725714,0.1469002447372142,0,0,8.257783312577834,17.612124390060146,IL6
GO_Biological_Process_2023,Glial Cell Differentiation (GO:0010001),1/34,0.1185061034725714,0.1469002447372142,0,0,8.257783312577834,17.612124390060146,STAT3
GO_Biological_Process_2023,Histone Deubiquitination (GO:0016578),1/34,0.1185061034725714,0.1469002447372142,0,0,8.257783312577834,17.612124390060146,BRCA1
GO_Biological_Process_2023,Regulation Of T Cell Receptor Signaling Pathway (GO:0050856),1/34,0.1185061034725714,0.1469002447372142,0,0,8.257783312577834,17.612124390060146,RPS3
GO_Biological_Process_2023,Regulation Of calcineurin-NFAT Signaling Cascade (GO:0070884),1/34,0.1185061034725714,0.1469002447372142,0,0,8.257783312577834,17.612124390060146,TNF
GO_Biological_Process_2023,Negative Regulation Of Cell Cycle Process (GO:0010948),1/34,0.1185061034725714,0.1469002447372142,0,0,8.257783312577834,17.612124390060146,TP53
GO_Biological_Process_2023,Regulation Of Cellular Senescence (GO:2000772),1/35,0.1217731797892206,0.1498282724078767,0,0,8.01450443190975,16.875301635263398,TP53
GO_Biological_Process_2023,Dendrite Morphogenesis (GO:0048813),1/35,0.1217731797892206,0.1498282724078767,0,0,8.01450443190975,16.875301635263398,CDC42
GO_Biological_Process_2023,Endoderm Formation (GO:0001706),1/35,0.1217731797892206,0.1498282724078767,0,0,8.01450443190975,16.875301635263398,FN1
GO_Biological_Process_2023,Establishment Of Spindle Orientation (GO:0051294),1/35,0.1217731797892206,0.1498282724078767,0,0,8.01450443190975,16.875301635263398,PLK1
GO_Biological_Process_2023,Positive Regulation Of Mitotic Nuclear Division (GO:0045840),1/35,0.1217731797892206,0.1498282724078767,0,0,8.01450443190975,16.875301635263398,IL1B
GO_Biological_Process_2023,Positive Regulation Of Substrate Adhesion-Dependent Cell Spreading (GO:1900026),1/35,0.1217731797892206,0.1498282724078767,0,0,8.01450443190975,16.875301635263398,CDC42
GO_Biological_Process_2023,Positive Regulation Of Telomere Maintenance Via Telomere Lengthening (GO:1904358),1/35,0.1217731797892206,0.1498282724078767,0,0,8.01450443190975,16.875301635263398,CTNNB1
GO_Biological_Process_2023,Liver Development (GO:0001889),1/35,0.1217731797892206,0.1498282724078767,0,0,8.01450443190975,16.875301635263398,IL6
GO_Biological_Process_2023,Regulation Of G2/M Transition Of Mitotic Cell Cycle (GO:0010389),1/35,0.1217731797892206,0.1498282724078767,0,0,8.01450443190975,16.875301635263398,CDK1
GO_Biological_Process_2023,"DNA Damage Response, Signal Transduction By P53 Class Mediator (GO:0030330)",1/36,0.1250283104430781,0.1525734500902428,0,0,7.785127201565558,16.186953906631256,TP53
GO_Biological_Process_2023,Regulation Of Glucose Import (GO:0046324),1/36,0.1250283104430781,0.1525734500902428,0,0,7.785127201565558,16.186953906631256,AKT1
GO_Biological_Process_2023,Negative Regulation Of Protein Kinase B Signaling (GO:0051898),1/36,0.1250283104430781,0.1525734500902428,0,0,7.785127201565558,16.186953906631256,RACK1
GO_Biological_Process_2023,Neural Crest Cell Migration (GO:0001755),1/36,0.1250283104430781,0.1525734500902428,0,0,7.785127201565558,16.186953906631256,FN1
GO_Biological_Process_2023,Regulation Of Peptidyl-Threonine Phosphorylation (GO:0010799),1/36,0.1250283104430781,0.1525734500902428,0,0,7.785127201565558,16.186953906631256,PLK1
GO_Biological_Process_2023,Positive Regulation Of Interferon-Beta Production (GO:0032728),1/36,0.1250283104430781,0.1525734500902428,0,0,7.785127201565558,16.186953906631256,HSP90AA1
GO_Biological_Process_2023,Positive Regulation Of Phospholipase C Activity (GO:0010863),1/36,0.1250283104430781,0.1525734500902428,0,0,7.785127201565558,16.186953906631256,EGFR
GO_Biological_Process_2023,Histone Deacetylation (GO:0016575),1/36,0.1250283104430781,0.1525734500902428,0,0,7.785127201565558,16.186953906631256,HDAC1
GO_Biological_Process_2023,Positive Regulation Of Signaling Receptor Activity (GO:2000273),1/36,0.1250283104430781,0.1525734500902428,0,0,7.785127201565558,16.186953906631256,HDAC1
GO_Biological_Process_2023,Receptor Signaling Pathway Via JAK-STAT (GO:0007259),1/36,0.1250283104430781,0.1525734500902428,0,0,7.785127201565558,16.186953906631256,STAT3
GO_Biological_Process_2023,Peptidyl-Serine Modification (GO:0018209),2/166,0.1258163622764173,0.1534094760980865,0,0,3.3472222222222223,6.938563645130339,PLK1;CDK1
GO_Biological_Process_2023,Negative Regulation Of Endothelial Cell Migration (GO:0010596),1/37,0.1282715384991091,0.1551335976977862,0,0,7.568493150684931,15.542701942518896,TNF
GO_Biological_Process_2023,Regulation Of Defense Response To Virus By Host (GO:0050691),1/37,0.1282715384991091,0.1551335976977862,0,0,7.568493150684931,15.542701942518896,HSP90AA1
GO_Biological_Process_2023,Negative Regulation Of Stress-Activated MAPK Cascade (GO:0032873),1/37,0.1282715384991091,0.1551335976977862,0,0,7.568493150684931,15.542701942518896,MYC
GO_Biological_Process_2023,Aortic Valve Morphogenesis (GO:0003180),1/37,0.1282715384991091,0.1551335976977862,0,0,7.568493150684931,15.542701942518896,RHOA
GO_Biological_Process_2023,Regulation Of p38MAPK Cascade (GO:1900744),1/37,0.1282715384991091,0.1551335976977862,0,0,7.568493150684931,15.542701942518896,IL1B
GO_Biological_Process_2023,Regulation Of Phosphoprotein Phosphatase Activity (GO:0043666),1/37,0.1282715384991091,0.1551335976977862,0,0,7.568493150684931,15.542701942518896,HSP90AB1
GO_Biological_Process_2023,Positive Regulation Of Immune Effector Process (GO:0002699),1/37,0.1282715384991091,0.1551335976977862,0,0,7.568493150684931,15.542701942518896,IL1B
GO_Biological_Process_2023,Positive Regulation Of Signaling (GO:0023056),1/37,0.1282715384991091,0.1551335976977862,0,0,7.568493150684931,15.542701942518896,TNF
GO_Biological_Process_2023,Protein Acylation (GO:0043543),1/37,0.1282715384991091,0.1551335976977862,0,0,7.568493150684931,15.542701942518896,EP300
GO_Biological_Process_2023,Regulation Of Cellular Component Biogenesis (GO:0044087),1/37,0.1282715384991091,0.1551335976977862,0,0,7.568493150684931,15.542701942518896,HSP90AA1
GO_Biological_Process_2023,Calcium-Dependent Cell-Cell Adhesion Via Plasma Membrane Cell Adhesion Molecules (GO:0016339),1/38,0.1315029068906738,0.1583988126654034,0,0,7.363569048500556,14.938666352381896,CDH1
GO_Biological_Process_2023,Regulation Of Telomere Maintenance (GO:0032204),1/38,0.1315029068906738,0.1583988126654034,0,0,7.363569048500556,14.938666352381896,MYC
GO_Biological_Process_2023,Positive Regulation Of Production Of Molecular Mediator Of Immune Response (GO:0002702),1/38,0.1315029068906738,0.1583988126654034,0,0,7.363569048500556,14.938666352381896,IL6
GO_Biological_Process_2023,Positive Regulation Of Protein Tyrosine Kinase Activity (GO:0061098),1/38,0.1315029068906738,0.1583988126654034,0,0,7.363569048500556,14.938666352381896,SRC
GO_Biological_Process_2023,mRNA Transcription By RNA Polymerase II (GO:0042789),1/38,0.1315029068906738,0.1583988126654034,0,0,7.363569048500556,14.938666352381896,MED1
GO_Biological_Process_2023,Negative Regulation Of Mitochondrion Organization (GO:0010823),1/39,0.1347224583842793,0.160589170394061,0,0,7.169430425378515,14.37139917131711,AKT1
GO_Biological_Process_2023,Negative Regulation Of Protein Secretion (GO:0050709),1/39,0.1347224583842793,0.160589170394061,0,0,7.169430425378515,14.37139917131711,IL1B
GO_Biological_Process_2023,Anterograde Axonal Transport (GO:0008089),1/39,0.1347224583842793,0.160589170394061,0,0,7.169430425378515,14.37139917131711,NEFL
GO_Biological_Process_2023,Regulation Of Mitotic Spindle Organization (GO:0060236),1/39,0.1347224583842793,0.160589170394061,0,0,7.169430425378515,14.37139917131711,PLK1
GO_Biological_Process_2023,Axonal Transport (GO:0098930),1/39,0.1347224583842793,0.160589170394061,0,0,7.169430425378515,14.37139917131711,NEFL
GO_Biological_Process_2023,Odontogenesis (GO:0042476),1/39,0.1347224583842793,0.160589170394061,0,0,7.169430425378515,14.37139917131711,HDAC1
GO_Biological_Process_2023,Organelle Transport Along Microtubule (GO:0072384),1/39,0.1347224583842793,0.160589170394061,0,0,7.169430425378515,14.37139917131711,CDC42
GO_Biological_Process_2023,Regulation Of Protein Tyrosine Kinase Activity (GO:0061097),1/39,0.1347224583842793,0.160589170394061,0,0,7.169430425378515,14.37139917131711,APP
GO_Biological_Process_2023,Retina Homeostasis (GO:0001895),1/39,0.1347224583842793,0.160589170394061,0,0,7.169430425378515,14.37139917131711,ALB
GO_Biological_Process_2023,Digestive Tract Development (GO:0048565),1/39,0.1347224583842793,0.160589170394061,0,0,7.169430425378515,14.37139917131711,TNF
GO_Biological_Process_2023,Positive Regulation Of Lymphocyte Differentiation (GO:0045621),1/39,0.1347224583842793,0.160589170394061,0,0,7.169430425378515,14.37139917131711,IL36B
GO_Biological_Process_2023,Internal Peptidyl-Lysine Acetylation (GO:0018393),1/39,0.1347224583842793,0.160589170394061,0,0,7.169430425378515,14.37139917131711,EP300
GO_Biological_Process_2023,Negative Regulation Of Cell-Substrate Adhesion (GO:0010812),1/39,0.1347224583842793,0.160589170394061,0,0,7.169430425378515,14.37139917131711,RHOA
GO_Biological_Process_2023,Regulation Of Neuron Projection Development (GO:0010975),2/174,0.1357631471795764,0.1617003111891038,0,0,3.1902454780361755,6.370420870896898,AKT1;EP300
GO_Biological_Process_2023,Regulation Of Cytokine-Mediated Signaling Pathway (GO:0001959),1/40,0.1379302356066979,0.1632375306227004,0,0,6.985247629083245,13.837826271244433,CD74
GO_Biological_Process_2023,Regulation Of Microtubule Polymerization (GO:0031113),1/40,0.1379302356066979,0.1632375306227004,0,0,6.985247629083245,13.837826271244433,RPS3
GO_Biological_Process_2023,Regulation Of Small Molecule Metabolic Process (GO:0062012),1/40,0.1379302356066979,0.1632375306227004,0,0,6.985247629083245,13.837826271244433,EP300
GO_Biological_Process_2023,Cyclic-Nucleotide-Mediated Signaling (GO:0019935),1/40,0.1379302356066979,0.1632375306227004,0,0,6.985247629083245,13.837826271244433,ADCY2
GO_Biological_Process_2023,Positive Regulation Of Stem Cell Population Maintenance (GO:1902459),1/40,0.1379302356066979,0.1632375306227004,0,0,6.985247629083245,13.837826271244433,HDAC1
GO_Biological_Process_2023,mRNA 3'-End Processing (GO:0031124),1/40,0.1379302356066979,0.1632375306227004,0,0,6.985247629083245,13.837826271244433,APP
GO_Biological_Process_2023,Protein Deacetylation (GO:0006476),1/40,0.1379302356066979,0.1632375306227004,0,0,6.985247629083245,13.837826271244433,HDAC1
GO_Biological_Process_2023,Protein Localization To Chromosome (GO:0034502),1/40,0.1379302356066979,0.1632375306227004,0,0,6.985247629083245,13.837826271244433,PLK1
GO_Biological_Process_2023,Negative Regulation Of Proteolysis (GO:0045861),1/41,0.1411262810281268,0.1664910203736413,0,0,6.81027397260274,13.335198686800542,AKT1
GO_Biological_Process_2023,Carbohydrate Catabolic Process (GO:0016052),1/41,0.1411262810281268,0.1664910203736413,0,0,6.81027397260274,13.335198686800542,GAPDH
GO_Biological_Process_2023,Regulation Of Release Of Cytochrome C From Mitochondria (GO:0090199),1/41,0.1411262810281268,0.1664910203736413,0,0,6.81027397260274,13.335198686800542,TP53
GO_Biological_Process_2023,Cellular Response To Retinoic Acid (GO:0071300),1/41,0.1411262810281268,0.1664910203736413,0,0,6.81027397260274,13.335198686800542,WNT7B
GO_Biological_Process_2023,DNA Recombination (GO:0006310),1/42,0.1443106369676458,0.169176120442008,0,0,6.6438356164383565,12.86105129184786,BRCA1
GO_Biological_Process_2023,Regulation Of Neurotransmitter Receptor Activity (GO:0099601),1/42,0.1443106369676458,0.169176120442008,0,0,6.6438356164383565,12.86105129184786,APP
GO_Biological_Process_2023,Regulation Of Osteoclast Differentiation (GO:0045670),1/42,0.1443106369676458,0.169176120442008,0,0,6.6438356164383565,12.86105129184786,TNF
GO_Biological_Process_2023,Cellular Response To Glucose Starvation (GO:0042149),1/42,0.1443106369676458,0.169176120442008,0,0,6.6438356164383565,12.86105129184786,TP53
GO_Biological_Process_2023,Translational Elongation (GO:0006414),1/42,0.1443106369676458,0.169176120442008,0,0,6.6438356164383565,12.86105129184786,RACK1
GO_Biological_Process_2023,Positive Regulation Of Neuron Differentiation (GO:0045666),1/42,0.1443106369676458,0.169176120442008,0,0,6.6438356164383565,12.86105129184786,RHOA
GO_Biological_Process_2023,Keratinocyte Differentiation (GO:0030216),1/42,0.1443106369676458,0.169176120442008,0,0,6.6438356164383565,12.86105129184786,MED1
GO_Biological_Process_2023,Monocyte Chemotaxis (GO:0002548),1/42,0.1443106369676458,0.169176120442008,0,0,6.6438356164383565,12.86105129184786,IL6
GO_Biological_Process_2023,Regulation Of Chromosome Organization (GO:0033044),1/43,0.1474833455711862,0.171814061689654,0,0,6.485322896281801,12.413167572325236,MYC
GO_Biological_Process_2023,Regulation Of Endothelial Cell Apoptotic Process (GO:2000351),1/43,0.1474833455711862,0.171814061689654,0,0,6.485322896281801,12.413167572325236,TNF
GO_Biological_Process_2023,Regulation Of Filopodium Assembly (GO:0051489),1/43,0.1474833455711862,0.171814061689654,0,0,6.485322896281801,12.413167572325236,CDC42
GO_Biological_Process_2023,Positive Regulation Of T Cell Mediated Immunity (GO:0002711),1/43,0.1474833455711862,0.171814061689654,0,0,6.485322896281801,12.413167572325236,IL1B
GO_Biological_Process_2023,Skeletal System Morphogenesis (GO:0048705),1/43,0.1474833455711862,0.171814061689654,0,0,6.485322896281801,12.413167572325236,MMP13
GO_Biological_Process_2023,Intracellular Glucose Homeostasis (GO:0001678),1/43,0.1474833455711862,0.171814061689654,0,0,6.485322896281801,12.413167572325236,RACK1
GO_Biological_Process_2023,Positive Regulation Of Transcription Elongation By RNA Polymerase II (GO:0032968),1/43,0.1474833455711862,0.171814061689654,0,0,6.485322896281801,12.413167572325236,MED1
GO_Biological_Process_2023,mRNA Catabolic Process (GO:0006402),1/43,0.1474833455711862,0.171814061689654,0,0,6.485322896281801,12.413167572325236,MRTO4
GO_Biological_Process_2023,Phosphate-Containing Compound Metabolic Process (GO:0006796),2/184,0.1484345548236101,0.1727870989743587,0,0,3.0134310134310134,5.748454529071293,STAT3;AKT1
GO_Biological_Process_2023,Regulation Of Insulin Receptor Signaling Pathway (GO:0046626),1/44,0.150644448918388,0.1744057722520576,0,0,6.334182860783689,11.989549470419256,IL1B
GO_Biological_Process_2023,Positive Regulation Of Biosynthetic Process (GO:0009891),1/44,0.150644448918388,0.1744057722520576,0,0,6.334182860783689,11.989549470419256,AKT1
GO_Biological_Process_2023,Positive Regulation Of Chemotaxis (GO:0050921),1/44,0.150644448918388,0.1744057722520576,0,0,6.334182860783689,11.989549470419256,IL6
GO_Biological_Process_2023,Positive Regulation Of Cytokine-Mediated Signaling Pathway (GO:0001961),1/44,0.150644448918388,0.1744057722520576,0,0,6.334182860783689,11.989549470419256,CD74
GO_Biological_Process_2023,Establishment Of Protein Localization To Mitochondrion (GO:0072655),1/44,0.150644448918388,0.1744057722520576,0,0,6.334182860783689,11.989549470419256,AKT1
GO_Biological_Process_2023,Mitotic Spindle Assembly (GO:0090307),1/44,0.150644448918388,0.1744057722520576,0,0,6.334182860783689,11.989549470419256,RHOA
GO_Biological_Process_2023,Regulation Of Cell-Substrate Adhesion (GO:0010810),1/44,0.150644448918388,0.1744057722520576,0,0,6.334182860783689,11.989549470419256,RHOA
GO_Biological_Process_2023,Regulation Of Cellular Metabolic Process (GO:0031323),1/45,0.1537939887986985,0.1770889051855183,0,0,6.189912826899128,11.588391491255946,EP300
GO_Biological_Process_2023,Negative Regulation Of Response To Biotic Stimulus (GO:0002832),1/45,0.1537939887986985,0.1770889051855183,0,0,6.189912826899128,11.588391491255946,AKT1
GO_Biological_Process_2023,Regulation Of Protein Modification Process (GO:0031399),1/45,0.1537939887986985,0.1770889051855183,0,0,6.189912826899128,11.588391491255946,FN1
GO_Biological_Process_2023,Regulation Of Stem Cell Differentiation (GO:2000736),1/45,0.1537939887986985,0.1770889051855183,0,0,6.189912826899128,11.588391491255946,HDAC1
GO_Biological_Process_2023,Chromosome Organization (GO:0051276),1/45,0.1537939887986985,0.1770889051855183,0,0,6.189912826899128,11.588391491255946,MYC
GO_Biological_Process_2023,Zymogen Activation (GO:0031638),1/45,0.1537939887986985,0.1770889051855183,0,0,6.189912826899128,11.588391491255946,PRSS3
GO_Biological_Process_2023,Mitotic Nuclear Division (GO:0140014),1/45,0.1537939887986985,0.1770889051855183,0,0,6.189912826899128,11.588391491255946,PLK1
GO_Biological_Process_2023,Endocytosis (GO:0006897),2/189,0.1548592468071058,0.1781778206506468,0,0,2.9321152703505646,5.469094757064261,CDC42;APP
GO_Biological_Process_2023,Intracellular Monoatomic Cation Homeostasis (GO:0030003),2/190,0.156150760419927,0.1793164803776504,0,0,2.916371158392435,5.415506793431336,APP;MYC
GO_Biological_Process_2023,B Cell Receptor Signaling Pathway (GO:0050853),1/46,0.1569320069882256,0.1793164803776504,0,0,6.052054794520548,11.20805835747445,BCL2
GO_Biological_Process_2023,Regulation Of Epidermal Growth Factor Receptor Signaling Pathway (GO:0042058),1/46,0.1569320069882256,0.1793164803776504,0,0,6.052054794520548,11.20805835747445,EGFR
GO_Biological_Process_2023,T Cell Differentiation (GO:0030217),1/46,0.1569320069882256,0.1793164803776504,0,0,6.052054794520548,11.20805835747445,CD4
GO_Biological_Process_2023,Antiviral Innate Immune Response (GO:0140374),1/46,0.1569320069882256,0.1793164803776504,0,0,6.052054794520548,11.20805835747445,TNF
GO_Biological_Process_2023,Replication Fork Processing (GO:0031297),1/46,0.1569320069882256,0.1793164803776504,0,0,6.052054794520548,11.20805835747445,BRCA1
GO_Biological_Process_2023,Response To Glucose (GO:0009749),1/46,0.1569320069882256,0.1793164803776504,0,0,6.052054794520548,11.20805835747445,RACK1
GO_Biological_Process_2023,Positive Regulation Of Blood Vessel Endothelial Cell Migration (GO:0043536),1/46,0.1569320069882256,0.1793164803776504,0,0,6.052054794520548,11.20805835747445,AKT1
GO_Biological_Process_2023,Negative Regulation Of Cellular Metabolic Process (GO:0031324),1/46,0.1569320069882256,0.1793164803776504,0,0,6.052054794520548,11.20805835747445,BRCA1
GO_Biological_Process_2023,Protein Localization To Membrane (GO:0072657),2/192,0.1587400985790935,0.1811047066484298,0,0,2.8853801169590643,5.31050463661089,CDH1;TNF
GO_Biological_Process_2023,Modification-Dependent Protein Catabolic Process (GO:0019941),2/192,0.1587400985790935,0.1811047066484298,0,0,2.8853801169590643,5.31050463661089,RPS27A;UBA52
GO_Biological_Process_2023,Regulation Of Signal Transduction (GO:0009966),2/193,0.1600378580108267,0.1817738049361925,0,0,2.8701279813845257,5.259064309249543,APP;SRC
GO_Biological_Process_2023,Regulation Of Wound Healing (GO:0061041),1/47,0.1600585450176406,0.1817738049361925,0,0,5.920190589636689,10.847065697257714,FOXA2
GO_Biological_Process_2023,Cognition (GO:0050890),1/47,0.1600585450176406,0.1817738049361925,0,0,5.920190589636689,10.847065697257714,TNF
GO_Biological_Process_2023,Response To Organonitrogen Compound (GO:0010243),1/47,0.1600585450176406,0.1817738049361925,0,0,5.920190589636689,10.847065697257714,IL6
GO_Biological_Process_2023,Epithelial To Mesenchymal Transition (GO:0001837),1/47,0.1600585450176406,0.1817738049361925,0,0,5.920190589636689,10.847065697257714,CTNNB1
GO_Biological_Process_2023,Positive Regulation Of Lymphocyte Activation (GO:0051251),1/47,0.1600585450176406,0.1817738049361925,0,0,5.920190589636689,10.847065697257714,IL6
GO_Biological_Process_2023,Cellular Response To Mechanical Stimulus (GO:0071260),1/48,0.163173644335187,0.1847482751211464,0,0,5.793937627513844,10.50406326706721,IL1B
GO_Biological_Process_2023,Cytoplasmic Microtubule Organization (GO:0031122),1/48,0.163173644335187,0.1847482751211464,0,0,5.793937627513844,10.50406326706721,RHOA
GO_Biological_Process_2023,Positive Regulation Of Reactive Oxygen Species Metabolic Process (GO:2000379),1/48,0.163173644335187,0.1847482751211464,0,0,5.793937627513844,10.50406326706721,TP53
GO_Biological_Process_2023,Myelination (GO:0042552),1/48,0.163173644335187,0.1847482751211464,0,0,5.793937627513844,10.50406326706721,KLK6
GO_Biological_Process_2023,Antibacterial Humoral Response (GO:0019731),1/49,0.1662773462428849,0.1876918529559837,0,0,5.6729452054794525,10.17782035237302,FAU
GO_Biological_Process_2023,Regulation Of Mitotic Metaphase/Anaphase Transition (GO:0030071),1/49,0.1662773462428849,0.1876918529559837,0,0,5.6729452054794525,10.17782035237302,PLK1
GO_Biological_Process_2023,Neurogenesis (GO:0022008),1/49,0.1662773462428849,0.1876918529559837,0,0,5.6729452054794525,10.17782035237302,EGFR
GO_Biological_Process_2023,Negative Regulation Of DNA Metabolic Process (GO:0051053),1/49,0.1662773462428849,0.1876918529559837,0,0,5.6729452054794525,10.17782035237302,RPS3
GO_Biological_Process_2023,Regulation Of Epithelial Cell Migration (GO:0010632),1/50,0.1693696918266344,0.1901739569115941,0,0,5.556891249650545,9.867213018330611,SRC
GO_Biological_Process_2023,Regulation Of Interferon-Beta Production (GO:0032648),1/50,0.1693696918266344,0.1901739569115941,0,0,5.556891249650545,9.867213018330611,HSP90AA1
GO_Biological_Process_2023,Regulation Of Mitochondrion Organization (GO:0010821),1/50,0.1693696918266344,0.1901739569115941,0,0,5.556891249650545,9.867213018330611,EP300
GO_Biological_Process_2023,Positive Regulation Of Cell Death (GO:0010942),1/50,0.1693696918266344,0.1901739569115941,0,0,5.556891249650545,9.867213018330611,TNF
GO_Biological_Process_2023,Positive Regulation Of Fat Cell Differentiation (GO:0045600),1/50,0.1693696918266344,0.1901739569115941,0,0,5.556891249650545,9.867213018330611,AKT1
GO_Biological_Process_2023,Intracellular Iron Ion Homeostasis (GO:0006879),1/50,0.1693696918266344,0.1901739569115941,0,0,5.556891249650545,9.867213018330611,MYC
GO_Biological_Process_2023,Pyruvate Metabolic Process (GO:0006090),1/50,0.1693696918266344,0.1901739569115941,0,0,5.556891249650545,9.867213018330611,GAPDH
GO_Biological_Process_2023,Regulation Of Smoothened Signaling Pathway (GO:0008589),1/51,0.172450722085823,0.1930515220945727,0,0,5.445479452054794,9.571212937670028,RACK1
GO_Biological_Process_2023,Regulation Of Substrate Adhesion-Dependent Cell Spreading (GO:1900024),1/51,0.172450722085823,0.1930515220945727,0,0,5.445479452054794,9.571212937670028,CDC42
GO_Biological_Process_2023,Microtubule Bundle Formation (GO:0001578),1/51,0.172450722085823,0.1930515220945727,0,0,5.445479452054794,9.571212937670028,PLK1
GO_Biological_Process_2023,Negative Regulation Of MAP Kinase Activity (GO:0043407),1/51,0.172450722085823,0.1930515220945727,0,0,5.445479452054794,9.571212937670028,IL1B
GO_Biological_Process_2023,Negative Regulation Of Innate Immune Response (GO:0045824),1/52,0.1755204778772005,0.1957526287702311,0,0,5.338436744560838,9.288877585674427,AKT1
GO_Biological_Process_2023,Negative Regulation Of Response To Stimulus (GO:0048585),1/52,0.1755204778772005,0.1957526287702311,0,0,5.338436744560838,9.288877585674427,RPS3
GO_Biological_Process_2023,Regulation Of Proteolysis (GO:0030162),1/52,0.1755204778772005,0.1957526287702311,0,0,5.338436744560838,9.288877585674427,PLK1
GO_Biological_Process_2023,Cell Cycle G1/S Phase Transition (GO:0044843),1/52,0.1755204778772005,0.1957526287702311,0,0,5.338436744560838,9.288877585674427,MYC
GO_Biological_Process_2023,Sprouting Angiogenesis (GO:0002040),1/52,0.1755204778772005,0.1957526287702311,0,0,5.338436744560838,9.288877585674427,AKT1
GO_Biological_Process_2023,Regulation Of Canonical Wnt Signaling Pathway (GO:0060828),2/207,0.1784039806426313,0.1981256215707217,0,0,2.672222222222222,4.606122126987279,HDAC1;EGFR
GO_Biological_Process_2023,Regulation Of Cyclin-Dependent Protein Kinase Activity (GO:1904029),1/53,0.1785789998452881,0.1981256215707217,0,0,5.235511064278188,9.01934160721506,HSP90AB1
GO_Biological_Process_2023,Negative Regulation Of Metabolic Process (GO:0009892),1/53,0.1785789998452881,0.1981256215707217,0,0,5.235511064278188,9.01934160721506,IL1B
GO_Biological_Process_2023,Actin Cytoskeleton Reorganization (GO:0031532),1/53,0.1785789998452881,0.1981256215707217,0,0,5.235511064278188,9.01934160721506,RHOA
GO_Biological_Process_2023,Regulation Of Macromolecule Biosynthetic Process (GO:0010556),1/53,0.1785789998452881,0.1981256215707217,0,0,5.235511064278188,9.01934160721506,MED1
GO_Biological_Process_2023,Negative Regulation Of Viral Genome Replication (GO:0045071),1/53,0.1785789998452881,0.1981256215707217,0,0,5.235511064278188,9.01934160721506,TNF
GO_Biological_Process_2023,Regulation Of Proteasomal Protein Catabolic Process (GO:0061136),1/53,0.1785789998452881,0.1981256215707217,0,0,5.235511064278188,9.01934160721506,HSP90AB1
GO_Biological_Process_2023,Regulation Of Lipid Metabolic Process (GO:0019216),1/54,0.1816263285841169,0.2007590723963904,0,0,5.136469371930732,8.761809189641154,IL1B
GO_Biological_Process_2023,Apical Junction Assembly (GO:0043297),1/54,0.1816263285841169,0.2007590723963904,0,0,5.136469371930732,8.761809189641154,RHOA
GO_Biological_Process_2023,Organelle Disassembly (GO:1903008),1/54,0.1816263285841169,0.2007590723963904,0,0,5.136469371930732,8.761809189641154,CDK1
GO_Biological_Process_2023,Positive Regulation Of Leukocyte Chemotaxis (GO:0002690),1/54,0.1816263285841169,0.2007590723963904,0,0,5.136469371930732,8.761809189641154,IL6
GO_Biological_Process_2023,Mesenchymal Cell Differentiation (GO:0048762),1/54,0.1816263285841169,0.2007590723963904,0,0,5.136469371930732,8.761809189641154,CTNNB1
GO_Biological_Process_2023,"Regulation Of Synaptic Transmission, Glutamatergic (GO:0051966)",1/55,0.1846625044843649,0.2038126901345953,0,0,5.041095890410959,8.515547322993283,TNF
GO_Biological_Process_2023,Purine Ribonucleotide Biosynthetic Process (GO:0009152),1/55,0.1846625044843649,0.2038126901345953,0,0,5.041095890410959,8.515547322993283,ADCY2
GO_Biological_Process_2023,RNA Polymerase II Preinitiation Complex Assembly (GO:0051123),1/56,0.1876875677853095,0.2063870671587536,0,0,4.949190535491906,8.279879816628936,MED1
GO_Biological_Process_2023,Regulation Of Mitotic Nuclear Division (GO:0007088),1/56,0.1876875677853095,0.2063870671587536,0,0,4.949190535491906,8.279879816628936,IL1B
GO_Biological_Process_2023,Nucleotide-Excision Repair (GO:0006289),1/56,0.1876875677853095,0.2063870671587536,0,0,4.949190535491906,8.279879816628936,TP53
GO_Biological_Process_2023,Positive Regulation Of DNA-templated Transcription Initiation (GO:2000144),1/56,0.1876875677853095,0.2063870671587536,0,0,4.949190535491906,8.279879816628936,MED1
GO_Biological_Process_2023,"Positive Regulation Of DNA-templated Transcription, Elongation (GO:0032786)",1/56,0.1876875677853095,0.2063870671587536,0,0,4.949190535491906,8.279879816628936,MED1
GO_Biological_Process_2023,Regulation Of Transcription Initiation By RNA Polymerase II (GO:0060260),1/57,0.1907015586433087,0.2090841224271744,0,0,4.860567514677104,8.054181980332732,MED1
GO_Biological_Process_2023,Chemokine-Mediated Signaling Pathway (GO:0070098),1/57,0.1907015586433087,0.2090841224271744,0,0,4.860567514677104,8.054181980332732,CXCL5
GO_Biological_Process_2023,Signal Transduction In Response To DNA Damage (GO:0042770),1/57,0.1907015586433087,0.2090841224271744,0,0,4.860567514677104,8.054181980332732,TP53
GO_Biological_Process_2023,Myeloid Cell Differentiation (GO:0030099),1/57,0.1907015586433087,0.2090841224271744,0,0,4.860567514677104,8.054181980332732,RPS14
GO_Biological_Process_2023,Positive Regulation Of Mitochondrion Organization (GO:0010822),1/58,0.1937045170030888,0.2119087594233498,0,0,4.775054073540014,7.837875891175932,TP53
GO_Biological_Process_2023,Glycosaminoglycan Biosynthetic Process (GO:0006024),1/58,0.1937045170030888,0.2119087594233498,0,0,4.775054073540014,7.837875891175932,IL1B
GO_Biological_Process_2023,Positive Regulation Of Type II Interferon Production (GO:0032729),1/58,0.1937045170030888,0.2119087594233498,0,0,4.775054073540014,7.837875891175932,IL1B
GO_Biological_Process_2023,Regulation Of Multicellular Organismal Development (GO:2000026),1/59,0.1966964826946481,0.2142381280811591,0,0,4.69248937175248,7.630426162714218,CDK1
GO_Biological_Process_2023,Regulation Of Type I Interferon Production (GO:0032479),1/59,0.1966964826946481,0.2142381280811591,0,0,4.69248937175248,7.630426162714218,GAPDH
GO_Biological_Process_2023,Transcription Preinitiation Complex Assembly (GO:0070897),1/59,0.1966964826946481,0.2142381280811591,0,0,4.69248937175248,7.630426162714218,MED1
GO_Biological_Process_2023,Protein Targeting To Mitochondrion (GO:0006626),1/59,0.1966964826946481,0.2142381280811591,0,0,4.69248937175248,7.630426162714218,HSP90AA1
GO_Biological_Process_2023,Mitotic Cytokinesis (GO:0000281),1/59,0.1966964826946481,0.2142381280811591,0,0,4.69248937175248,7.630426162714218,PLK1
GO_Biological_Process_2023,Negative Regulation Of Cytokine-Mediated Signaling Pathway (GO:0001960),1/59,0.1966964826946481,0.2142381280811591,0,0,4.69248937175248,7.630426162714218,IL6
GO_Biological_Process_2023,Response To Retinoic Acid (GO:0032526),1/60,0.1996774954269293,0.2170090942276621,0,0,4.61272347341537,7.431336163287547,WNT7B
GO_Biological_Process_2023,Histone Acetylation (GO:0016573),1/60,0.1996774954269293,0.2170090942276621,0,0,4.61272347341537,7.431336163287547,EP300
GO_Biological_Process_2023,Homophilic Cell Adhesion Via Plasma Membrane Adhesion Molecules (GO:0007156),1/60,0.1996774954269293,0.2170090942276621,0,0,4.61272347341537,7.431336163287547,CDH1
GO_Biological_Process_2023,Negative Regulation Of Viral Process (GO:0048525),1/61,0.2026475947456451,0.2199161807509186,0,0,4.535616438356165,7.240144627667939,TNF
GO_Biological_Process_2023,Positive Regulation Of Organelle Assembly (GO:1902117),1/61,0.2026475947456451,0.2199161807509186,0,0,4.535616438356165,7.240144627667939,TNF
GO_Biological_Process_2023,Phosphatidylinositol-Mediated Signaling (GO:0048015),1/62,0.2056068200342204,0.2226411059963579,0,0,4.4610375028070965,7.056422613744494,STAT3
GO_Biological_Process_2023,Protein-Containing Complex Disassembly (GO:0032984),1/62,0.2056068200342204,0.2226411059963579,0,0,4.4610375028070965,7.056422613744494,MYC
GO_Biological_Process_2023,Regulation Of T Cell Activation (GO:0050863),1/62,0.2056068200342204,0.2226411059963579,0,0,4.4610375028070965,7.056422613744494,CD4
GO_Biological_Process_2023,Chromatin Remodeling (GO:0006338),2/228,0.2065129883262944,0.2234599510575009,0,0,2.42133726647001,3.8193979634431914,HDAC1;MYC
GO_Biological_Process_2023,G1/S Transition Of Mitotic Cell Cycle (GO:0000082),1/63,0.2085552105913256,0.2253424682966462,0,0,4.388864339372514,6.879770763479291,MYC
GO_Biological_Process_2023,Regulation Of Cellular Catabolic Process (GO:0031329),1/63,0.2085552105913256,0.2253424682966462,0,0,4.388864339372514,6.879770763479291,EP300
GO_Biological_Process_2023,Positive Regulation Of T Cell Differentiation (GO:0045582),1/64,0.2114928055128022,0.2281855758248192,0,0,4.318982387475538,6.709816838982427,IL36B
GO_Biological_Process_2023,Response To Metal Ion (GO:0010038),1/64,0.2114928055128022,0.2281855758248192,0,0,4.318982387475538,6.709816838982427,BCL2
GO_Biological_Process_2023,Regulation Of Cell-Matrix Adhesion (GO:0001952),1/65,0.2144196438115004,0.2311760269747724,0,0,4.251284246575342,6.546213493700774,RHOA
GO_Biological_Process_2023,Regulation Of Endocytosis (GO:0030100),1/66,0.2173357643309063,0.2339814225816838,0,0,4.185669125395153,6.388636261597497,SRC
GO_Biological_Process_2023,Cellular Response To Type II Interferon (GO:0071346),1/66,0.2173357643309063,0.2339814225816838,0,0,4.185669125395153,6.388636261597497,GAPDH
GO_Biological_Process_2023,Regulation Of Viral Genome Replication (GO:0045069),1/67,0.2202412057690053,0.2369381924879551,0,0,4.122042341220423,6.236781734178085,TNF
GO_Biological_Process_2023,Cell-Cell Junction Organization (GO:0045216),1/68,0.2231360067399509,0.2395336095407254,0,0,4.060314864035984,6.090365906619958,CDH1
GO_Biological_Process_2023,Skin Development (GO:0043588),1/68,0.2231360067399509,0.2395336095407254,0,0,4.060314864035984,6.090365906619958,MED1
GO_Biological_Process_2023,Intermediate Filament Organization (GO:0045109),1/68,0.2231360067399509,0.2395336095407254,0,0,4.060314864035984,6.090365906619958,NEFL
GO_Biological_Process_2023,Regulation Of Monoatomic Ion Transmembrane Transporter Activity (GO:0032412),1/69,0.2260202056251505,0.2421064747530368,0,0,4.000402900886382,5.949122679490057,APP
GO_Biological_Process_2023,Phagocytosis (GO:0006909),1/69,0.2260202056251505,0.2421064747530368,0,0,4.000402900886382,5.949122679490057,CDC42
GO_Biological_Process_2023,Establishment Of Protein Localization To Membrane (GO:0090150),1/69,0.2260202056251505,0.2421064747530368,0,0,4.000402900886382,5.949122679490057,EGFR
GO_Biological_Process_2023,Negative Regulation Of Epithelial Cell Proliferation (GO:0050680),1/70,0.2288938407088345,0.2446569746457413,0,0,3.942227516378797,5.81280249090973,MED1
GO_Biological_Process_2023,Neutrophil Chemotaxis (GO:0030593),1/70,0.2288938407088345,0.2446569746457413,0,0,3.942227516378797,5.81280249090973,CXCL5
GO_Biological_Process_2023,Regulation Of G Protein-Coupled Receptor Signaling Pathway (GO:0008277),1/70,0.2288938407088345,0.2446569746457413,0,0,3.942227516378797,5.81280249090973,KLK6
GO_Biological_Process_2023,Regulation Of Double-Strand Break Repair Via Homologous Recombination (GO:0010569),1/71,0.2317569502606374,0.2471852941219396,0,0,3.8857142857142857,5.681171071777849,ACTB
GO_Biological_Process_2023,Synapse Assembly (GO:0007416),1/71,0.2317569502606374,0.2471852941219396,0,0,3.8857142857142857,5.681171071777849,CDH1
GO_Biological_Process_2023,Protein Autoubiquitination (GO:0051865),1/71,0.2317569502606374,0.2471852941219396,0,0,3.8857142857142857,5.681171071777849,BRCA1
GO_Biological_Process_2023,DNA Replication (GO:0006260),1/73,0.2374517444684713,0.2527164994700159,0,0,3.7773972602739727,5.431107245351442,CDK1
GO_Biological_Process_2023,Granulocyte Chemotaxis (GO:0071621),1/73,0.2374517444684713,0.2527164994700159,0,0,3.7773972602739727,5.431107245351442,CXCL5
GO_Biological_Process_2023,Positive Regulation Of Secretion By Cell (GO:1903532),1/73,0.2374517444684713,0.2527164994700159,0,0,3.7773972602739727,5.431107245351442,IL1B
GO_Biological_Process_2023,Negative Regulation Of Neuron Apoptotic Process (GO:0043524),1/74,0.2402835048267039,0.2555477674459592,0,0,3.725464439857384,5.31227305189252,BCL2
GO_Biological_Process_2023,Regulation Of Plasma Membrane Bounded Cell Projection Assembly (GO:0120032),1/75,0.2431048908837223,0.2578123042112073,0,0,3.674935209181784,5.197322244292198,CDC42
GO_Biological_Process_2023,Defense Response To Gram-negative Bacterium (GO:0050829),1/75,0.2431048908837223,0.2578123042112073,0,0,3.674935209181784,5.197322244292198,IL6
GO_Biological_Process_2023,Positive Regulation Of Neurogenesis (GO:0050769),1/75,0.2431048908837223,0.2578123042112073,0,0,3.674935209181784,5.197322244292198,CTNNB1
GO_Biological_Process_2023,Regulation Of DNA Replication (GO:0006275),1/75,0.2431048908837223,0.2578123042112073,0,0,3.674935209181784,5.197322244292198,EGFR
GO_Biological_Process_2023,Transcription Initiation At RNA Polymerase II Promoter (GO:0006367),1/76,0.2459159400992828,0.2606079308306766,0,0,3.625753424657534,5.086081845921824,MED1
GO_Biological_Process_2023,Negative Regulation Of Transforming Growth Factor Beta Receptor Signaling Pathway (GO:0030512),1/77,0.2487166898804938,0.2624559971118526,0,0,3.5778658976207645,4.978388665370624,HDAC1
GO_Biological_Process_2023,Neutrophil Migration (GO:1990266),1/77,0.2487166898804938,0.2624559971118526,0,0,3.5778658976207645,4.978388665370624,CXCL5
GO_Biological_Process_2023,Cell Morphogenesis Involved In Neuron Differentiation (GO:0048667),1/77,0.2487166898804938,0.2624559971118526,0,0,3.5778658976207645,4.978388665370624,APP
GO_Biological_Process_2023,Regulation Of Transcription Elongation By RNA Polymerase II (GO:0034243),1/77,0.2487166898804938,0.2624559971118526,0,0,3.5778658976207645,4.978388665370624,MED1
GO_Biological_Process_2023,Positive Regulation Of Endothelial Cell Proliferation (GO:0001938),1/77,0.2487166898804938,0.2624559971118526,0,0,3.5778658976207645,4.978388665370624,AKT1
GO_Biological_Process_2023,Negative Regulation Of Blood Vessel Morphogenesis (GO:2000181),1/77,0.2487166898804938,0.2624559971118526,0,0,3.5778658976207645,4.978388665370624,CTNNB1
GO_Biological_Process_2023,Regulation Of Innate Immune Response (GO:0045088),1/78,0.2515071773906676,0.2650252435021887,0,0,3.531222202455079,4.874088629044393,AKT1
GO_Biological_Process_2023,Cellular Response To Nutrient Levels (GO:0031669),1/78,0.2515071773906676,0.2650252435021887,0,0,3.531222202455079,4.874088629044393,ALB
GO_Biological_Process_2023,Response To Insulin (GO:0032868),1/79,0.254287439767059,0.2675764726362414,0,0,3.4857744994731297,4.773036161502736,AKT1
GO_Biological_Process_2023,Positive Regulation Of Protein Modification By Small Protein Conjugation Or Removal (GO:1903322),1/79,0.254287439767059,0.2675764726362414,0,0,3.4857744994731297,4.773036161502736,BRCA1
GO_Biological_Process_2023,Positive Regulation Of Immune Response (GO:0050778),1/80,0.2570575139610798,0.2703004204671904,0,0,3.4414773712502167,4.675093620105514,CD74
GO_Biological_Process_2023,Cellular Response To Interleukin-1 (GO:0071347),1/81,0.2598174367623267,0.2728174635488843,0,0,3.3982876712328767,4.58013077133781,IL1B
GO_Biological_Process_2023,Macromolecule Modification (GO:0043412),1/81,0.2598174367623267,0.2728174635488843,0,0,3.3982876712328767,4.58013077133781,UBA52
GO_Biological_Process_2023,Chromatin Organization (GO:0006325),2/268,0.2611083727728849,0.2739799122757735,0,0,2.053049289891395,2.756875106448684,HDAC1;MYC
GO_Biological_Process_2023,Nuclear-Transcribed mRNA Catabolic Process (GO:0000956),1/85,0.2707563461658209,0.2833054464796862,0,0,3.235812133072407,4.227704892788231,MRTO4
GO_Biological_Process_2023,Positive Regulation Of Canonical Wnt Signaling Pathway (GO:0090263),1/85,0.2707563461658209,0.2833054464796862,0,0,3.235812133072407,4.227704892788231,EGFR
GO_Biological_Process_2023,Positive Regulation Of Endothelial Cell Migration (GO:0010595),1/85,0.2707563461658209,0.2833054464796862,0,0,3.235812133072407,4.227704892788231,AKT1
GO_Biological_Process_2023,mRNA Metabolic Process (GO:0016071),1/85,0.2707563461658209,0.2833054464796862,0,0,3.235812133072407,4.227704892788231,TP53
GO_Biological_Process_2023,Regulation Of Mitotic Cell Cycle Phase Transition (GO:1901990),1/86,0.2734660599102547,0.2859399503623013,0,0,3.1975825946817085,4.1459144787075015,PLK1
GO_Biological_Process_2023,Regulation Of Type II Interferon Production (GO:0032649),1/87,0.2761658404686026,0.2885603802932804,0,0,3.1602421153233515,4.066453305744402,IL1B
GO_Biological_Process_2023,Regulation Of Endothelial Cell Migration (GO:0010594),1/88,0.2788557237745623,0.2905559639329355,0,0,3.1237600377893244,3.98923133668098,AKT1
GO_Biological_Process_2023,Negative Regulation Of Protein Kinase Activity (GO:0006469),1/88,0.2788557237745623,0.2905559639329355,0,0,3.1237600377893244,3.98923133668098,AKT1
GO_Biological_Process_2023,Positive Regulation Of Cell Adhesion (GO:0045785),1/88,0.2788557237745623,0.2905559639329355,0,0,3.1237600377893244,3.98923133668098,TNF
GO_Biological_Process_2023,Positive Regulation Of Plasma Membrane Bounded Cell Projection Assembly (GO:0120034),1/88,0.2788557237745623,0.2905559639329355,0,0,3.1237600377893244,3.98923133668098,CDC42
GO_Biological_Process_2023,Regulation Of Vesicle-Mediated Transport (GO:0060627),1/89,0.2815357456587105,0.2931434388759459,0,0,3.088107098381071,3.914162952127173,SRC
GO_Biological_Process_2023,Lymphocyte Differentiation (GO:0030098),1/91,0.286866347500591,0.2982769419231547,0,0,3.0191780821917806,3.7701649960105934,CD4
GO_Biological_Process_2023,Regulation Of RNA Metabolic Process (GO:0051252),1/91,0.286866347500591,0.2982769419231547,0,0,3.0191780821917806,3.7701649960105934,MED1
GO_Biological_Process_2023,B Cell Activation (GO:0042113),1/92,0.2895169984081981,0.3006134687304635,0,0,2.9858497666716843,3.701084003618975,BCL2
GO_Biological_Process_2023,Positive Regulation Of Neuron Projection Development (GO:0010976),1/92,0.2895169984081981,0.3006134687304635,0,0,2.9858497666716843,3.701084003618975,EP300
GO_Biological_Process_2023,Regulation Of Endothelial Cell Proliferation (GO:0001936),1/93,0.2921579297266615,0.3031443699810068,0,0,2.953245979749851,3.633853315435277,AKT1
GO_Biological_Process_2023,Peptidyl-Lysine Modification (GO:0018205),1/94,0.2947891766671692,0.3056617071914281,0,0,2.921343349536014,3.5684058083253287,EP300
GO_Biological_Process_2023,Recombinational Repair (GO:0000725),1/95,0.2974107741565851,0.3081655448493128,0,0,2.890119498688429,3.504677450402544,BRCA1
GO_Biological_Process_2023,Regulation Of Macroautophagy (GO:0016241),1/96,0.3000227571516145,0.3106559472938885,0,0,2.859552992069214,3.4426071256038537,GAPDH
GO_Biological_Process_2023,Axon Development (GO:0061564),1/99,0.3078013663461844,0.3182678944176369,0,0,2.7715963097567795,3.265773646062485,APP
GO_Biological_Process_2023,Cellular Response To Insulin Stimulus (GO:0032869),1/99,0.3078013663461844,0.3182678944176369,0,0,2.7715963097567795,3.265773646062485,AKT1
GO_Biological_Process_2023,Regulation Of Organelle Organization (GO:0033043),1/100,0.3103752378928968,0.3207067298615924,0,0,2.74346201743462,3.209777224050686,EP300
GO_Biological_Process_2023,Hemopoiesis (GO:0030097),1/101,0.3129396676237669,0.3231324357307087,0,0,2.715890410958904,3.155171731276703,TP53
GO_Biological_Process_2023,Protein Catabolic Process (GO:0030163),1/102,0.3154946896665915,0.3255450745174663,0,0,2.688864776888648,3.101910514381356,HSP90AA1
GO_Biological_Process_2023,Macroautophagy (GO:0016236),1/104,0.3205766467621665,0.3305600025436873,0,0,2.636387817528927,2.9992441119233257,SRC
GO_Biological_Process_2023,Positive Regulation Of Metabolic Process (GO:0009893),1/108,0.3306291584936989,0.3406897967881129,0,0,2.5373191652797336,2.808198027883916,TNF
GO_Biological_Process_2023,Negative Regulation Of Developmental Process (GO:0051093),1/109,0.3331192731709629,0.3425450082986437,0,0,2.5136986301369864,2.7631949718288,HDAC1
GO_Biological_Process_2023,Cellular Response To Salt (GO:1902075),1/109,0.3331192731709629,0.3425450082986437,0,0,2.5136986301369864,2.7631949718288,CDH1
GO_Biological_Process_2023,Positive Regulation Of Wnt Signaling Pathway (GO:0030177),1/109,0.3331192731709629,0.3425450082986437,0,0,2.5136986301369864,2.7631949718288,EGFR
GO_Biological_Process_2023,Adenylate Cyclase-Activating G Protein-Coupled Receptor Signaling Pathway (GO:0007189),1/110,0.3356002491615161,0.34485818706942,0,0,2.4905114993087847,2.719226531887658,ADCY2
GO_Biological_Process_2023,Negative Regulation Of Transmembrane Receptor Protein Serine/Threonine Kinase Signaling Pathway (GO:0090101),1/111,0.3380721194260409,0.3469197368765847,0,0,2.4677459526774594,2.676260701501631,HDAC1
GO_Biological_Process_2023,Double-Strand Break Repair Via Homologous Recombination (GO:0000724),1/111,0.3380721194260409,0.3469197368765847,0,0,2.4677459526774594,2.676260701501631,BRCA1
GO_Biological_Process_2023,Small GTPase Mediated Signal Transduction (GO:0007264),1/112,0.3405349170766361,0.3489663180496477,0,0,2.445390596075528,2.634266726538213,TP53
GO_Biological_Process_2023,Protein Deubiquitination (GO:0016579),1/112,0.3405349170766361,0.3489663180496477,0,0,2.445390596075528,2.634266726538213,CDK1
GO_Biological_Process_2023,Protein Modification By Small Protein Removal (GO:0070646),1/114,0.3454334255175197,0.3534998653991101,0,0,2.401866892956722,2.5530772508735664,CDK1
GO_Biological_Process_2023,Negative Regulation Of Canonical Wnt Signaling Pathway (GO:0090090),1/114,0.3454334255175197,0.3534998653991101,0,0,2.401866892956722,2.5530772508735664,HDAC1
GO_Biological_Process_2023,Proteolysis (GO:0006508),2/330,0.3457437400943935,0.3535745866442322,0,0,1.6597222222222223,1.7627202911186708,MMP1;PRSS3
GO_Biological_Process_2023,Regulation Of Small GTPase Mediated Signal Transduction (GO:0051056),1/118,0.3551230076602557,0.3626684588168478,0,0,2.319283456269757,2.4011334025385085,SRC
GO_Biological_Process_2023,Positive Regulation Of Cell Projection Organization (GO:0031346),1/118,0.3551230076602557,0.3626684588168478,0,0,2.319283456269757,2.4011334025385085,EP300
GO_Biological_Process_2023,Neuron Projection Guidance (GO:0097485),1/124,0.3693926586043355,0.3769829187126439,0,0,2.2054794520547945,2.196426146926159,EFNA2
GO_Biological_Process_2023,Regulation Of Response To External Stimulus (GO:0032101),1/127,0.3764102180503715,0.3838817418857314,0,0,2.152641878669276,2.1032941239498317,FOXA2
GO_Biological_Process_2023,Protein Targeting (GO:0006605),1/129,0.3810457339532059,0.3883434634680416,0,0,2.1187928082191783,2.0442873118682727,RPL11
GO_Biological_Process_2023,Circulatory System Development (GO:0072359),1/132,0.387935341460928,0.3950947770176232,0,0,2.0699571264247623,1.9600767621576287,FN1
GO_Biological_Process_2023,Antigen Receptor-Mediated Signaling Pathway (GO:0050851),1/134,0.3924863269735645,0.3994567125618928,0,0,2.038623957153157,1.9066303503331588,BCL2
GO_Biological_Process_2023,Protein Localization To Organelle (GO:0033365),1/137,0.3992502841799943,0.4060634289612229,0,0,1.993352135374698,1.8302297117478008,RPL11
GO_Biological_Process_2023,Intracellular Calcium Ion Homeostasis (GO:0006874),1/139,0.4037182600081516,0.4103275630369344,0,0,1.964264443120905,1.7816625322629442,BCL2
GO_Biological_Process_2023,Actin Filament Organization (GO:0007015),1/144,0.4147452873959754,0.4212477697477869,0,0,1.8951048951048952,1.6678642173825509,CDC42
GO_Biological_Process_2023,Axon Guidance (GO:0007411),1/149,0.4255710971179253,0.4316548228085151,0,0,1.830618289522399,1.5639397742440195,EFNA2
GO_Biological_Process_2023,Negative Regulation Of DNA-binding Transcription Factor Activity (GO:0043433),1/149,0.4255710971179253,0.4316548228085151,0,0,1.830618289522399,1.5639397742440195,FOXA2
GO_Biological_Process_2023,Vesicle-Mediated Transport (GO:0016192),2/411,0.4511851510793981,0.4573237245634716,0,0,1.3255229557185548,1.0549538818498407,CDC42;APP
GO_Biological_Process_2023,Adenylate Cyclase-Modulating G Protein-Coupled Receptor Signaling Pathway (GO:0007188),1/163,0.4548434737076591,0.4607184064068063,0,0,1.6712328767123288,1.316600490845402,ADCY2
GO_Biological_Process_2023,Organelle Organization (GO:0006996),2/418,0.459872790799653,0.4654962352523661,0,0,1.3027510683760684,1.0119840250150254,CDC42;MYC
GO_Biological_Process_2023,Membrane Organization (GO:0061024),1/167,0.4629332737164848,0.468276020256322,0,0,1.6306321175111405,1.2558677740460578,EGFR
GO_Biological_Process_2023,Double-Strand Break Repair (GO:0006302),1/168,0.4649371487041092,0.4699839562884143,0,0,1.620785825609056,1.2412837624408704,BRCA1
GO_Biological_Process_2023,Heart Development (GO:0007507),1/171,0.4709046240346372,0.4756934846180403,0,0,1.591941982272361,1.19889103278921,FN1
GO_Biological_Process_2023,Cell-Cell Adhesion Via Plasma-Membrane Adhesion Molecules (GO:0098742),1/172,0.4728791549117743,0.4770412598636044,0,0,1.5825522710886806,1.1851977822791968,CDH1
GO_Biological_Process_2023,Generation Of Neurons (GO:0048699),1/172,0.4728791549117743,0.4770412598636044,0,0,1.5825522710886806,1.1851977822791968,WNT7B
GO_Biological_Process_2023,"RNA Splicing, Via Transesterification Reactions With Bulged Adenosine As Nucleophile (GO:0000377)",1/180,0.4884159031864545,0.4923813908983879,0,0,1.5112114486875334,1.082915952520399,EFTUD2
GO_Biological_Process_2023,Regulation Of Nucleic Acid-Templated Transcription (GO:1903506),2/452,0.5009304851103743,0.5046561344249206,0,0,1.2022222222222223,0.8310817231805295,STAT3;TP53
GO_Biological_Process_2023,Transcription By RNA Polymerase II (GO:0006366),1/192,0.5108777154924213,0.5143295919484512,0,0,1.415405579860862,0.9506218033398662,MED1
GO_Biological_Process_2023,Endomembrane System Organization (GO:0010256),1/196,0.5181465659586244,0.5212953296950374,0,0,1.38609062170706,0.9113506069095948,CDC42
GO_Biological_Process_2023,DNA-templated Transcription (GO:0006351),1/199,0.5235281730691199,0.5263542360816388,0,0,1.3648816936488168,0.8833028878855065,TP53
GO_Biological_Process_2023,"mRNA Splicing, Via Spliceosome (GO:0000398)",1/211,0.5444679960090253,0.5470379730636868,0,0,1.286105675146771,0.7818829489157578,EFTUD2
GO_Biological_Process_2023,mRNA Processing (GO:0006397),1/214,0.5495594719242488,0.5514098405165864,0,0,1.2677985722554506,0.7589527590057211,EFTUD2
GO_Biological_Process_2023,Regulation Of GTPase Activity (GO:0043087),1/214,0.5495594719242488,0.5514098405165864,0,0,1.2677985722554506,0.7589527590057211,RACK1
GO_Biological_Process_2023,Proteasomal Protein Catabolic Process (GO:0010498),1/220,0.5595745933848157,0.561080850702137,0,0,1.232689059861137,0.7156726896617794,CTNNB1
GO_Biological_Process_2023,Positive Regulation Of GTPase Activity (GO:0043547),1/234,0.5820968931598619,0.5832712648340244,0,0,1.1577988123934388,0.6265061969051632,RACK1
GO_Biological_Process_2023,Protein Transport (GO:0015031),1/313,0.6894490552145932,0.6903757340522473,0,0,0.8611696522655427,0.3202366748777099,CD74
GO_Biological_Process_2023,Proteasome-Mediated Ubiquitin-Dependent Protein Catabolic Process (GO:0043161),1/319,0.6963882518271933,0.6968559403777824,0,0,0.8446627035409666,0.3056394601949433,CTNNB1
GO_Biological_Process_2023,Ubiquitin-Dependent Protein Catabolic Process (GO:0006511),1/367,0.7466643658500104,0.7466643658500104,0,0,0.7320907253536941,0.2138726215758204,CTNNB1
