Gene_set,Term,Overlap,P-value,Adjusted P-value,Old P-value,Old Adjusted P-value,Odds Ratio,Combined Score,Genes
GO_Biological_Process_2023,Positive Regulation Of miRNA Metabolic Process (GO:2000630),10/49,3.494330189012333e-14,5.7411845005472624e-11,0,0,57.87587412587413,1793.286830025485,JUN;MYCN;MYC;STAT3;FOS;TNF;TP53;HIF1A;EGFR;NFKB1
GO_Biological_Process_2023,Regulation Of miRNA Transcription (GO:1902893),10/59,2.5666293742496746e-13,2.108486030946108e-10,0,0,46.041280148423006,1334.783337431209,JUN;MYCN;MYC;STAT3;FOS;TNF;TP53;HIF1A;ESR1;EGFR
GO_Biological_Process_2023,Positive Regulation Of miRNA Transcription (GO:1902895),9/43,5.494805352182e-13,3.009321731211675e-10,0,0,59.09187045604759,1668.1518644999687,JUN;MYCN;MYC;STAT3;FOS;HIF1A;TNF;TP53;EGFR
GO_Biological_Process_2023,Positive Regulation Of Nucleic Acid-Templated Transcription (GO:1903508),20/557,2.5524750489754153e-12,1.0484291263666519e-09,0,0,9.24652628563243,246.82638080136616,JUN;STAT3;FOS;SOX10;TNF;ESR1;HIF1A;EGFR;NFKB1;SOX2;CD4;IL6;MYCN;ZIC3;MYC;IL1B;AKT1;CTNNB1;NKX2-5;TP53
GO_Biological_Process_2023,Positive Regulation Of Cellular Process (GO:0048522),20/594,8.20136249474021e-12,2.694967715771633e-09,0,0,8.633967658357902,220.39688196279525,HSP90AB1;FN1;PTEN;DICER1;TNF;EGFR;ACTB;IL2;CDC42;IL6;H3-5;IFNG;MYC;IL1B;ERBB2;AKT1;CTNNB1;PRTN3;KRAS;NKX2-5
GO_Biological_Process_2023,Regulation Of Cell Population Proliferation (GO:0042127),22/766,1.4298514320335484e-11,3.915409838051866e-09,0,0,7.453947368421052,186.13151701501735,JUN;CDKN2A;STAT3;FN1;PTEN;EGFR;ACTB;RHOA;IL2;NME1;IL6;IFNG;MYC;IL1B;FABP7;ERBB2;AKT1;CTNNB1;PRTN3;KRAS;NKX2-5;TP53
GO_Biological_Process_2023,Positive Regulation Of Protein Phosphorylation (GO:0001934),16/377,4.302688437713091e-11,1.009902443308944e-08,0,0,10.561989054793594,252.10618666139055,HSP90AA1;HSP90AB1;SRC;CARTPT;TNF;EGFR;BMP3;CD4;IL6;IL1B;ERBB2;AKT1;CALM3;KRAS;TP53;MAPK3
GO_Biological_Process_2023,Positive Regulation Of DNA-templated Transcription (GO:0045893),25/1243,9.093597439727011e-10,1.867597574183935e-07,0,0,5.2533909170659285,109.36656485810364,ONECUT1;TNF;HIF1A;EGFR;ACTB;SOX2;ZIC3;MYC;ERBB2;AKT1;NKX2-5;MAPK3;KDM6B;JUN;STAT3;FOS;SOX10;ESR1;NFKB1;CD4;IL6;MYCN;IL1B;CTNNB1;TP53
GO_Biological_Process_2023,Regulation Of Apoptotic Process (GO:0042981),19/705,1.2454314749866116e-09,2.273604348225559e-07,0,0,6.7369819537218145,138.1336214491087,JUN;HSP90AA1;HSPA5;SRC;TNF;EGFR;ACTB;NFKB1;IL2;NME1;IL6;MYC;ALB;ERBB2;CDK1;AKT1;CTNNB1;NKX2-5;TP53
GO_Biological_Process_2023,Positive Regulation Of Cell Population Proliferation (GO:0008284),16/483,1.60701969283908e-09,2.640333355334609e-07,0,0,8.1203321669191,164.42766811591875,FN1;PTEN;TNF;EGFR;ACTB;IL2;NME1;IL6;IFNG;MYC;IL1B;ERBB2;AKT1;PRTN3;KRAS;NKX2-5
GO_Biological_Process_2023,Regulation Of Telomerase Activity (GO:0051972),7/45,2.12608769503442e-09,3.1756018935832293e-07,0,0,40.21052631578947,802.9632886370704,HSP90AA1;HSP90AB1;SRC;MYC;CTNNB1;TP53;MAPK3
GO_Biological_Process_2023,Regulation Of Calcidiol 1-Monooxygenase Activity (GO:0060558),4/5,2.6993296613543347e-09,3.695832194670976e-07,0,0,846.8510638297872,16708.59367626411,IFNG;IL1B;TNF;NFKB1
GO_Biological_Process_2023,Positive Regulation Of Nitric Oxide Biosynthetic Process (GO:0045429),6/27,3.228111088590358e-09,4.079835783503045e-07,0,0,61.74223602484472,1207.1452192214065,HSP90AA1;HSP90AB1;IFNG;IL1B;AKT1;TNF
GO_Biological_Process_2023,Positive Regulation Of Nitric Oxide Metabolic Process (GO:1904407),6/28,4.092332188398441e-09,4.802644132527598e-07,0,0,58.93280632411067,1138.2371091295422,HSP90AA1;HSP90AB1;IFNG;IL1B;AKT1;TNF
GO_Biological_Process_2023,Negative Regulation Of Programmed Cell Death (GO:0043069),14/381,5.004031000608598e-09,5.48108195599995e-07,0,0,8.871480472297911,169.56080187603595,HSPA5;SRC;EGFR;NFKB1;IL2;IL6;MYC;ALB;ERBB2;CDK1;AKT1;CTNNB1;NKX2-5;TP53
GO_Biological_Process_2023,Positive Regulation Of Protein Serine/Threonine Kinase Activity (GO:0071902),9/117,5.979761040598006e-09,6.140467118564077e-07,0,0,18.53370786516854,350.9336313049467,IFNG;SRC;IL1B;ERBB2;AKT1;CALM3;TNF;EGFR;RHOA
GO_Biological_Process_2023,Cellular Glucuronidation (GO:0052695),5/15,7.358840488610039e-09,6.716986068214608e-07,0,0,106.9462365591398,2002.821042607198,UGT1A10;UGT1A4;UGT1A8;UGT1A7;UGT1A6
GO_Biological_Process_2023,Glucuronate Metabolic Process (GO:0019585),5/15,7.358840488610039e-09,6.716986068214608e-07,0,0,106.9462365591398,2002.821042607198,UGT1A10;UGT1A4;UGT1A8;UGT1A7;UGT1A6
GO_Biological_Process_2023,Positive Regulation Of Gene Expression (GO:0010628),15/480,1.1959644430383229e-08,1.0341945157431392e-06,0,0,7.554216867469879,137.80196798032372,STAT3;FN1;TNF;HIF1A;IL6;MYCN;IFNG;MYC;IL1B;PIP;ERBB2;AKT1;KRAS;TP53;GAPDH
GO_Biological_Process_2023,Negative Regulation Of Apoptotic Process (GO:0043066),15/482,1.2640722813618313e-08,1.0359245360276683e-06,0,0,7.521090787131395,136.78113126272223,HSPA5;SRC;TNF;EGFR;NFKB1;IL2;IL6;MYC;ALB;ERBB2;CDK1;AKT1;CTNNB1;NKX2-5;TP53
GO_Biological_Process_2023,Positive Regulation Of Protein Modification Process (GO:0031401),11/225,1.358733715766974e-08,1.0359245360276683e-06,0,0,11.632183908045976,210.70686321975245,CD4;HSP90AA1;IFNG;IL1B;ERBB2;AKT1;CALM3;KRAS;TNF;EGFR;MAPK3
GO_Biological_Process_2023,Positive Regulation Of Cellular Biosynthetic Process (GO:0031328),10/174,1.3871174554235362e-08,1.0359245360276683e-06,0,0,13.676552106430156,247.4560516884442,HSP90AA1;IL6;HSP90AB1;IFNG;IL1B;ERBB2;AKT1;CTNNB1;TNF;HIF1A
GO_Biological_Process_2023,Regulation Of Gene Expression (GO:0010468),22/1127,1.9678543138047812e-08,1.4057324511222851e-06,0,0,4.924196237199333,87.37364284910763,KDM6B;MOG;ONECUT1;STAT3;FN1;POU6F2;DICER1;TNF;ESR1;HIF1A;NFKB1;SOX2;IL6;MYCN;IFNG;MYC;IL1B;PIP;AKT1;KRAS;TP53;KDM6A
GO_Biological_Process_2023,Positive Regulation Of Macromolecule Metabolic Process (GO:0010604),13/364,2.5874950464406836e-08,1.7713559838758511e-06,0,0,8.518954248366013,148.82604978702977,STAT3;FN1;TNF;HIF1A;IL6;MYCN;IFNG;MYC;IL1B;PIP;AKT1;KRAS;TP53
GO_Biological_Process_2023,Regulation Of Nitric Oxide Biosynthetic Process (GO:0045428),6/39,3.3935425894648156e-08,2.1967679001901524e-06,0,0,39.26679841897233,675.3420622501004,HSP90AA1;HSP90AB1;IFNG;IL1B;AKT1;TNF
GO_Biological_Process_2023,Positive Regulation Of Transferase Activity (GO:0051347),9/143,3.476321692327691e-08,2.1967679001901524e-06,0,0,14.91799429817206,256.2121660932402,CD4;HSP90AA1;HSP90AB1;MYC;ERBB2;CTNNB1;MAGEC2;EGFR;MAPK3
GO_Biological_Process_2023,Positive Regulation Of Intracellular Signal Transduction (GO:1902533),15/525,3.9123997919518026e-08,2.3807677252506708e-06,0,0,6.871722182849044,117.20773419386012,HSP90AA1;HSP90AB1;SRC;FN1;CARTPT;TNF;EGFR;RHOA;SOX2;CD4;IL6;IL1B;ERBB2;TP53;GAPDH
GO_Biological_Process_2023,Regulation Of MAPK Cascade (GO:0043408),10/204,6.276075947013038e-08,3.558201327086666e-06,0,0,11.544048734770383,191.4457631815512,SOX2;CD4;IL6;IL1B;ERBB2;FN1;CARTPT;TNF;EGFR;MAPK3
GO_Biological_Process_2023,Cellular Response To Cadmium Ion (GO:0071276),5/22,6.280452738010548e-08,3.558201327086666e-06,0,0,62.88741302972802,1042.8769798643386,JUN;AKT1;FOS;EGFR;MAPK3
GO_Biological_Process_2023,Regulation Of Protein Phosphorylation (GO:0001932),11/265,7.271734362375112e-08,3.982486519127436e-06,0,0,9.7804326183365,160.75789907578013,CD4;HSP90AA1;IL1B;ERBB2;FN1;PTEN;AKT1;KRAS;TNF;EGFR;MAPK3
GO_Biological_Process_2023,Positive Regulation Of Transcription By RNA Polymerase II (GO:0045944),19/938,1.2188780926910862e-07,6.460053891262757e-06,0,0,4.967934325973472,79.09033324198698,KDM6B;JUN;ONECUT1;STAT3;FOS;TNF;ESR1;HIF1A;EGFR;NFKB1;SOX2;IL6;MYCN;ZIC3;MYC;CTNNB1;NKX2-5;TP53;MAPK3
GO_Biological_Process_2023,Positive Regulation Of Monooxygenase Activity (GO:0032770),5/26,1.544671982854472e-07,7.93092521196843e-06,0,0,50.89861751152074,798.2574773043057,IFNG;IL1B;AKT1;HIF1A;TNF
GO_Biological_Process_2023,Nervous System Development (GO:0007399),13/433,1.9426524238164669e-07,9.67205434039532e-06,0,0,7.094285714285714,109.63538501081476,RBFOX3;MOG;STAT3;FN1;POU6F2;PTEN;ZIC4;SOX10;EGFR;ZIC3;FABP7;ERBB2;MDGA2
GO_Biological_Process_2023,Regulation Of Nitric-Oxide Synthase Activity (GO:0050999),5/28,2.2900339672976286e-07,1.1066252377264715e-05,0,0,46.467975689574565,710.4734619059074,IL1B;AKT1;HIF1A;TNF;EGFR
GO_Biological_Process_2023,Positive Regulation Of Peptidyl-Serine Phosphorylation (GO:0033138),7/89,2.709127758583562e-07,1.2717419735293692e-05,0,0,18.592870544090054,281.1515142180589,HSP90AA1;IL6;HSP90AB1;IFNG;AKT1;TNF;EGFR
GO_Biological_Process_2023,Negative Regulation Of Macromolecule Metabolic Process (GO:0010605),9/186,3.310714928394377e-07,1.4767103496931677e-05,0,0,11.269282041515902,168.14818533298686,MYCN;HSP90AB1;IFNG;STAT3;DICER1;TNF;ESR1;HIF1A;NFKB1
GO_Biological_Process_2023,Regulation Of DNA-templated Transcription (GO:0006355),27/1922,3.3255193511045164e-07,1.4767103496931677e-05,0,0,3.613579099929391,53.90184348953279,HMX3;ONECUT1;TNF;HIF1A;EGFR;ACTB;SOX2;ZIC3;MYC;AKT1;NKX2-5;JUN;CDKN2A;STAT3;POU6F2;ZIC4;FOS;SOX10;ESR1;NFKB1;CD4;IL6;MYCN;IFNG;IL1B;CTNNB1;TP53
GO_Biological_Process_2023,Regulation Of Peptidyl-Serine Phosphorylation (GO:0033135),7/93,3.665989944028414e-07,1.5850582836943905e-05,0,0,17.724508050089444,262.65943595582934,HSP90AA1;IL6;HSP90AB1;PTEN;AKT1;TNF;EGFR
GO_Biological_Process_2023,Cytokine-Mediated Signaling Pathway (GO:0019221),10/257,5.352520819291279e-07,2.227947753689356e-05,0,0,9.042602134707398,130.57994949855652,CD4;IL6;SRC;IL1B;STAT3;AKT1;TP53;TNF;IL2;MAPK3
GO_Biological_Process_2023,Positive Regulation Of Telomerase Activity (GO:0051973),5/33,5.424096783175547e-07,2.227947753689356e-05,0,0,38.1605222734255,550.5511758123913,HSP90AA1;HSP90AB1;MYC;CTNNB1;MAPK3
GO_Biological_Process_2023,Positive Regulation Of Protein Kinase Activity (GO:0045860),8/145,5.706644633022582e-07,2.2868334468429517e-05,0,0,12.824006488240064,184.36387312770887,CD4;HSP90AA1;HSP90AB1;IFNG;SRC;CALM3;CARTPT;RHOA
GO_Biological_Process_2023,Cellular Response To Oxygen-Containing Compound (GO:1901701),12/406,7.015645344315281e-07,2.744453643026192e-05,0,0,6.908747491441388,97.8966268745087,JUN;IL6;KCNC2;IL1B;AKT1;FOS;ESR1;EGFR;ACTB;NFKB1;RHOA;MAPK3
GO_Biological_Process_2023,Liver Development (GO:0001889),5/35,7.361909608573603e-07,2.812934299275914e-05,0,0,35.61290322580645,502.91745254127056,UGT1A10;IL6;ZIC3;UGT1A8;UGT1A7
GO_Biological_Process_2023,Response To Reactive Oxygen Species (GO:0000302),6/66,8.496132966663271e-07,3.17253328732449e-05,0,0,21.567391304347822,301.4794458313995,JUN;AKT1;FOS;HIF1A;EGFR;MAPK3
GO_Biological_Process_2023,Regulation Of Transcription By RNA Polymerase II (GO:0006357),27/2028,9.623849173299747e-07,3.513774264829219e-05,0,0,3.4020102624743966,47.13094444825138,HMX3;ONECUT1;TNF;HIF1A;EGFR;ACTB;SOX2;ZIC3;MYC;MAGEC2;NKX2-5;MAPK3;KDM6B;JUN;STAT3;POU6F2;ZIC4;DICER1;FOS;SOX10;ESR1;NFKB1;IL6;MYCN;IFNG;CTNNB1;TP53
GO_Biological_Process_2023,Regulation Of Vitamin D Biosynthetic Process (GO:0060556),3/5,1.1326748096508114e-06,3.959541940970815e-05,0,0,314.2105263157895,4301.833891901861,IFNG;TNF;NFKB1
GO_Biological_Process_2023,Coumarin Metabolic Process (GO:0009804),3/5,1.1326748096508114e-06,3.959541940970815e-05,0,0,314.2105263157895,4301.833891901861,CYP2A6;UGT1A8;UGT1A7
GO_Biological_Process_2023,Regulation Of Protein Serine/Threonine Kinase Activity (GO:0071900),7/112,1.2997648905855117e-06,4.4489869067333235e-05,0,0,14.503296703296703,196.5679251654435,IFNG;CDKN2A;SRC;AKT1;CALM3;ACTB;RHOA
GO_Biological_Process_2023,Cellular Response To Reactive Oxygen Species (GO:0034614),6/73,1.5485043853594685e-06,5.1696713434283866e-05,0,0,19.30726800778715,258.2968984212206,JUN;IL6;AKT1;FOS;EGFR;MAPK3
GO_Biological_Process_2023,Positive Regulation Of Cytokine Production Involved In Inflammatory Response (GO:1900017),4/18,1.573241431353739e-06,5.1696713434283866e-05,0,0,60.44984802431611,807.7533845127331,IL6;STAT3;HIF1A;TNF
GO_Biological_Process_2023,Cellular Response To Oxidative Stress (GO:0034599),7/117,1.7442704419841051e-06,5.619286933686049e-05,0,0,13.84055944055944,183.5143882956532,JUN;AKT1;FOS;TP53;HIF1A;EGFR;MAPK3
GO_Biological_Process_2023,Positive Regulation Of Phosphorylation (GO:0042327),9/231,2.019177455937948e-06,6.379824154050094e-05,0,0,8.964470088065594,117.54948561407376,CD4;HSP90AA1;IL1B;ERBB2;AKT1;KRAS;TNF;EGFR;MAPK3
GO_Biological_Process_2023,Xenobiotic Glucuronidation (GO:0052697),3/6,2.2573009188482007e-06,6.997632848429422e-05,0,0,209.46315789473684,2723.3018887059047,UGT1A8;UGT1A7;UGT1A6
GO_Biological_Process_2023,Positive Regulation Of Epithelial Cell Proliferation (GO:0050679),7/123,2.439065555886453e-06,7.421082793187857e-05,0,0,13.120689655172416,169.57042279055364,MYC;ERBB2;AKT1;TNF;HIF1A;EGFR;NME1
GO_Biological_Process_2023,Negative Regulation Of Cell Population Proliferation (GO:0008285),11/379,2.511132707201892e-06,7.501438250786743e-05,0,0,6.711456771614193,86.54273592412154,SOX2;IL6;IFNG;CDKN2A;MYC;IL1B;FABP7;PTEN;CTNNB1;TP53;NME1
GO_Biological_Process_2023,Positive Regulation Of Growth (GO:0045927),6/81,2.8605997169777496e-06,8.392795241061505e-05,0,0,17.24086956521739,220.070722056196,CDC42;H3-5;ERBB2;AKT1;EGFR;IL2
GO_Biological_Process_2023,Response To Cadmium Ion (GO:0046686),4/21,3.042574126899095e-06,8.770086474553004e-05,0,0,49.774718397997496,632.2786237967406,JUN;FOS;EGFR;MAPK3
GO_Biological_Process_2023,Cellular Response To Interleukin-6 (GO:0071354),4/23,4.467880450001393e-06,0.00012656426860952223,0,0,44.53079507278835,548.5568933892048,IL6;SRC;STAT3;NFKB1
GO_Biological_Process_2023,Negative Regulation Of Cell Junction Assembly (GO:1901889),4/24,5.341349225495847e-06,0.00014626394629149462,0,0,42.30212765957447,513.5491950019301,SRC;IL1B;PTEN;TNF
GO_Biological_Process_2023,Protein Kinase B Signaling (GO:0043491),4/24,5.341349225495847e-06,0.00014626394629149462,0,0,42.30212765957447,513.5491950019301,IL1B;PTEN;AKT1;TNF
GO_Biological_Process_2023,Positive Regulation Of Chemokine Production (GO:0032722),5/53,6.069719144710281e-06,0.00016348440253703266,0,0,22.237903225806452,267.1261016204741,IL6;IFNG;IL1B;TNF;HIF1A
GO_Biological_Process_2023,Regulation Of Glial Cell Proliferation (GO:0060251),3/8,6.275589642503356e-06,0.00016630312552633894,0,0,125.66526315789474,1505.3244717990988,IL6;IL1B;TNF
GO_Biological_Process_2023,Regulation Of Smooth Muscle Cell Proliferation (GO:0048660),5/54,6.663246789438595e-06,0.00017377324563567635,0,0,21.782971253017337,259.62913636577775,IL6;IFNG;AKT1;CTNNB1;TNF
GO_Biological_Process_2023,Negative Regulation Of Lipid Metabolic Process (GO:0045833),4/26,7.458631564141676e-06,0.0001914770571856996,0,0,38.45261121856866,453.9768574636424,UGT1A10;IL1B;TNF;UGT1A8
GO_Biological_Process_2023,Positive Regulation Of Cell Migration (GO:0030335),9/272,7.633601154410429e-06,0.0001929539491799436,0,0,7.551202631691375,88.97544947483703,CDC42;HSPA5;IFNG;SRC;IL1B;STAT3;FN1;HIF1A;EGFR
GO_Biological_Process_2023,MAPK Cascade (GO:0000165),6/98,8.677415799927828e-06,0.0002139077252528098,0,0,14.043005671077506,163.66823702257736,MYC;IL1B;CDK1;KRAS;TNF;MAPK3
GO_Biological_Process_2023,Negative Regulation Of Neurogenesis (GO:0050768),4/27,8.722956538002591e-06,0.0002139077252528098,0,0,36.77890841813136,428.4578180728699,IL6;IL1B;PTEN;TNF
GO_Biological_Process_2023,Regulation Of Tau-Protein Kinase Activity (GO:1902947),3/9,9.37991937009614e-06,0.00022635399334376132,0,0,104.7157894736842,1212.2883480093549,HSP90AA1;HSP90AB1;IFNG
GO_Biological_Process_2023,Response To Organic Cyclic Compound (GO:0014070),5/58,9.5060411081677e-06,0.00022635399334376132,0,0,20.134915804422803,232.8317712166705,IL1B;STAT3;CTNNB1;TNF;ESR1
GO_Biological_Process_2023,Positive Regulation Of Cell Differentiation (GO:0045597),9/283,1.0490294412027468e-05,0.00024622219598515897,0,0,7.243992454687116,83.05280863946751,IL6;HSP90AB1;IL1B;AKT1;CTNNB1;NKX2-5;ACTB;NFKB1;RHOA
GO_Biological_Process_2023,Regulation Of Protein Modification By Small Protein Conjugation Or Removal (GO:1903320),4/29,1.1716724300486588e-05,0.000271134901770415,0,0,33.8331914893617,384.1587464025322,HSP90AA1;HSP90AB1;CTNNB1;HIF1A
GO_Biological_Process_2023,Regulation Of Vasculature Development (GO:1901342),4/30,1.3468623785191383e-05,0.00030670207533565623,0,0,32.53027823240589,364.8318764531277,IL6;ERBB2;KRT1;CTNNB1
GO_Biological_Process_2023,Positive Regulation Of Cell Growth (GO:0030307),6/106,1.3627055081864214e-05,0.00030670207533565623,0,0,12.914347826086956,144.68529402340764,CDC42;H3-5;ERBB2;AKT1;EGFR;IL2
GO_Biological_Process_2023,Response To Estradiol (GO:0032355),4/31,1.540601874193616e-05,0.00034205525395947445,0,0,31.32387706855792,347.0921227940111,STAT3;CTNNB1;ESR1;EGFR
GO_Biological_Process_2023,Regulation Of Cell Growth (GO:0001558),8/227,1.593231285827851e-05,0.00034902386701535454,0,0,7.989041095890411,88.256225265016,CDC42;H3-5;CDKN2A;ERBB2;AKT1;TP53;EGFR;IL2
GO_Biological_Process_2023,Positive Regulation Of DNA Biosynthetic Process (GO:2000573),5/65,1.667829041598921e-05,0.0003605583046509246,0,0,17.77956989247312,195.60020749684455,HSP90AA1;HSP90AB1;MYC;CTNNB1;MAPK3
GO_Biological_Process_2023,Central Nervous System Neuron Axonogenesis (GO:0021955),3/11,1.8294077158522045e-05,0.0003903528411876846,0,0,78.52894736842106,856.6670413474211,HSP90AA1;HSP90AB1;PTEN
GO_Biological_Process_2023,Regulation Of Neurogenesis (GO:0050767),5/67,1.9350441569535652e-05,0.0004075996858813728,0,0,17.204301075268816,186.71475816976888,IL6;IFNG;IL1B;CTNNB1;TNF
GO_Biological_Process_2023,Positive Regulation Of Nitrogen Compound Metabolic Process (GO:0051173),4/33,1.9885538595214316e-05,0.00041356885964477367,0,0,29.160674981658108,315.6794059039207,IFNG;AKT1;TNF;NFKB1
GO_Biological_Process_2023,Cellular Response To Cytokine Stimulus (GO:0071345),9/308,2.0542338542854727e-05,0.000421888277823879,0,0,6.629852316711134,71.55614527126099,CD4;IL6;IL1B;STAT3;AKT1;HIF1A;GAPDH;NFKB1;RHOA
GO_Biological_Process_2023,Positive Regulation Of MAPK Cascade (GO:0043410),9/310,2.1617001211071167e-05,0.00043847818505913486,0,0,6.585128224271156,70.73764796657464,SOX2;CD4;IL6;IL1B;ERBB2;CARTPT;TNF;EGFR;MAPK3
GO_Biological_Process_2023,Positive Regulation Of Neuron Death (GO:1901216),4/34,2.2452505027465568e-05,0.00044987153366007226,0,0,28.187234042553193,301.7192077711716,IFNG;CTNNB1;TNF;GRIN2B
GO_Biological_Process_2023,Regulation Of Leukocyte Adhesion To Vascular Endothelial Cell (GO:1904994),3/12,2.4305401223411224e-05,0.000475402073929341,0,0,69.8,741.611874790431,IL6;TNF;RHOA
GO_Biological_Process_2023,Positive Regulation Of Neuroinflammatory Response (GO:0150078),3/12,2.4305401223411224e-05,0.000475402073929341,0,0,69.8,741.611874790431,IL6;IL1B;TNF
GO_Biological_Process_2023,Regulation Of Protein-Containing Complex Assembly (GO:0043254),6/119,2.6338035034736997e-05,0.000509098724259681,0,0,11.42112350904194,120.42999646148,CDC42;HSP90AA1;HSPA5;IFNG;SRC;TNF
GO_Biological_Process_2023,Regulation Of ERK1 And ERK2 Cascade (GO:0070372),8/244,2.675910689359382e-05,0.0005112234026299377,0,0,7.407156308851224,77.98725033359284,CD4;IL1B;ERBB2;FN1;PTEN;TNF;EGFR;MAPK3
GO_Biological_Process_2023,Positive Regulation Of Cytokine Production (GO:0001819),9/320,2.7737115765293987e-05,0.0005238170253146899,0,0,6.370136204342643,66.84017736592202,CD4;IL6;IFNG;IL1B;STAT3;TNF;HIF1A;GAPDH;IL2
GO_Biological_Process_2023,Positive Regulation Of DNA-binding Transcription Factor Activity (GO:0051091),8/246,2.836439895744678e-05,0.0005295762214441484,0,0,7.344164332399626,76.89616018133967,IL6;IL1B;STAT3;PTEN;AKT1;CTNNB1;TNF;ESR1
GO_Biological_Process_2023,Positive Regulation Of Macromolecule Biosynthetic Process (GO:0010557),6/122,3.0319801771431103e-05,0.0005597239810164191,0,0,11.124062968515744,115.73151997452256,IL6;IFNG;IL1B;ERBB2;AKT1;NFKB1
GO_Biological_Process_2023,Gland Development (GO:0048732),5/74,3.14147047552024e-05,0.0005622760755780135,0,0,15.45348293595138,160.22533446372066,SOX2;UGT1A10;NKX2-5;UGT1A8;UGT1A7
GO_Biological_Process_2023,ERBB2 Signaling Pathway (GO:0038128),3/13,3.148472243041828e-05,0.0005622760755780135,0,0,62.81684210526315,651.1598960892935,SRC;ERBB2;EGFR
GO_Biological_Process_2023,Interleukin-6-Mediated Signaling Pathway (GO:0070102),3/13,3.148472243041828e-05,0.0005622760755780135,0,0,62.81684210526315,651.1598960892935,IL6;SRC;STAT3
GO_Biological_Process_2023,Positive Regulation Of Interleukin-6 Production (GO:0032755),5/76,3.5751622902191494e-05,0.0006316120046053831,0,0,15.016659094351052,153.7542944591082,IL6;IFNG;IL1B;STAT3;TNF
GO_Biological_Process_2023,Negative Regulation Of DNA-templated Transcription (GO:0045892),16/1025,3.635054897063157e-05,0.0006353611910505071,0,0,3.653557011288646,37.34776040981046,JUN;CDKN2A;STAT3;DICER1;SOX10;TNF;ESR1;HIF1A;NFKB1;SOX2;IFNG;MYC;CTNNB1;MAGEC2;NKX2-5;TP53
GO_Biological_Process_2023,Positive Regulation Of Acute Inflammatory Response (GO:0002675),3/14,3.99290646994961e-05,0.0006833693052215843,0,0,57.10334928229665,578.3659089552099,IL6;IL1B;TNF
GO_Biological_Process_2023,Positive Regulation Of Membrane Protein Ectodomain Proteolysis (GO:0051044),3/14,3.99290646994961e-05,0.0006833693052215843,0,0,57.10334928229665,578.3659089552099,IFNG;IL1B;TNF
GO_Biological_Process_2023,Negative Regulation Of Gene Expression (GO:0010629),9/336,4.057333949026789e-05,0.0006872370802320633,0,0,6.053499639212452,61.21540593699141,MYCN;IFNG;STAT3;DICER1;TNF;ESR1;HIF1A;GAPDH;NFKB1
GO_Biological_Process_2023,Positive Regulation Of Protein Localization To Membrane (GO:1905477),5/79,4.31110395651446e-05,0.000712184858782205,0,0,14.405696018599244,144.8021878049235,IFNG;ERBB2;AKT1;TNF;EGFR
GO_Biological_Process_2023,Transmembrane Receptor Protein Serine/Threonine Kinase Signaling Pathway (GO:0007178),6/130,4.3346613437748326e-05,0.000712184858782205,0,0,10.402173913043478,104.50317232689716,BMP3;JUN;SRC;STAT3;FOS;MAPK3
GO_Biological_Process_2023,Positive Regulation Of Peptidyl-Tyrosine Phosphorylation (GO:0050731),6/130,4.3346613437748326e-05,0.000712184858782205,0,0,10.402173913043478,104.50317232689716,IL6;IFNG;SRC;TP53;TNF;IL2
GO_Biological_Process_2023,Regulation Of Protein Localization To Plasma Membrane (GO:1903076),5/80,4.580785235712943e-05,0.0007451713012154817,0,0,14.212903225806452,142.001898303389,IFNG;AKT1;TNF;ACTB;EGFR
GO_Biological_Process_2023,Regulation Of Chemokine Production (GO:0032642),4/41,4.7757961225668014e-05,0.0007692777479781623,0,0,22.84646348476136,227.30779909019915,IL6;IFNG;HIF1A;TNF
GO_Biological_Process_2023,Regulation Of Programmed Cell Death (GO:0043067),7/195,4.920352214086448e-05,0.0007848678337615568,0,0,8.066284779050736,80.01387766212392,HSP90AA1;ALB;AKT1;TP53;TNF;ACTB;NME1
GO_Biological_Process_2023,Substantia Nigra Development (GO:0021762),4/42,5.2587520518959705e-05,0.0008307816943524115,0,0,22.244120940649495,219.17202918639288,CDC42;HSPA5;CALM3;RHOA
GO_Biological_Process_2023,Regulation Of Protein Kinase B Signaling (GO:0051896),6/136,5.579081464814305e-05,0.0008729934139704668,0,0,9.919063545150502,97.14632949016048,HSP90AA1;HSP90AB1;SRC;PTEN;TNF;EGFR
GO_Biological_Process_2023,Regulation Of Cysteine-Type Endopeptidase Activity Involved In Apoptotic Process (GO:0043281),5/84,5.792449625518633e-05,0.0008978296919553881,0,0,13.49054035660814,131.61870570374984,SOX2;SRC;MYC;AKT1;TNF
GO_Biological_Process_2023,Epidermal Growth Factor Receptor Signaling Pathway (GO:0007173),4/45,6.921857751764875e-05,0.0010628609613224,0,0,20.61338868707836,197.44001023985055,SRC;ERBB2;AKT1;EGFR
GO_Biological_Process_2023,Negative Regulation Of Cell Differentiation (GO:0045596),7/207,7.171687422389848e-05,0.0010826281427329,0,0,7.577692307692308,72.31228464826668,SOX2;IL6;IFNG;PTEN;TNF;EGFR;ACTB
GO_Biological_Process_2023,Central Nervous System Neuron Development (GO:0021954),3/17,7.380057941940957e-05,0.0010826281427329,0,0,44.86015037593985,426.8059294247894,HSP90AA1;HSP90AB1;PTEN
GO_Biological_Process_2023,Positive Regulation Of Leukocyte Adhesion To Vascular Endothelial Cell (GO:1904996),3/17,7.380057941940957e-05,0.0010826281427329,0,0,44.86015037593985,426.8059294247894,IL6;TNF;RHOA
GO_Biological_Process_2023,Positive Regulation Of Nitric-Oxide Synthase Activity (GO:0051000),3/17,7.380057941940957e-05,0.0010826281427329,0,0,44.86015037593985,426.8059294247894,AKT1;HIF1A;TNF
GO_Biological_Process_2023,Positive Regulation Of Transcription From RNA Polymerase II Promoter In Response To Stress (GO:0036003),3/17,7.380057941940957e-05,0.0010826281427329,0,0,44.86015037593985,426.8059294247894,HSPA5;HIF1A;TP53
GO_Biological_Process_2023,Regulation Of Cytokine Production Involved In Inflammatory Response (GO:1900015),4/46,7.552716483275188e-05,0.0010885187001772,0,0,20.121580547112465,190.97428652767968,IL6;STAT3;HIF1A;TNF
GO_Biological_Process_2023,Regulation Of Fibroblast Proliferation (GO:0048145),4/46,7.552716483275188e-05,0.0010885187001772,0,0,20.121580547112465,190.97428652767968,MYC;FN1;CTNNB1;TP53
GO_Biological_Process_2023,Central Nervous System Development (GO:0007417),8/283,7.619479174591804e-05,0.0010885916768568,0,0,6.344080808080808,60.15595372609126,MOG;ZIC3;STAT3;POU6F2;PTEN;ZIC4;SOX10;GRIN2B
GO_Biological_Process_2023,Regulation Of Phosphatidylinositol 3-Kinase Signaling (GO:0014066),5/90,8.057324381055946e-05,0.0011412227550064,0,0,12.534471853257433,118.15424262222388,SRC;PTEN;FN1;TNF;EGFR
GO_Biological_Process_2023,Positive Regulation Of Smooth Muscle Cell Proliferation (GO:0048661),4/47,8.224409860594495e-05,0.0011549320855518,0,0,19.65264720435428,184.849240909968,JUN;IL6;AKT1;TNF
GO_Biological_Process_2023,Regulation Of Epithelial Cell Proliferation (GO:0050678),5/91,8.492936741234969e-05,0.0011825334801566,0,0,12.388097024256064,116.1221888578531,SOX2;MYC;ERBB2;EGFR;NME1
GO_Biological_Process_2023,Negative Regulation Of Lipid Catabolic Process (GO:0050995),3/18,8.824617249269276e-05,0.0011911883761798,0,0,41.86736842105263,390.8478036191733,IL1B;AKT1;TNF
GO_Biological_Process_2023,Negative Regulation Of Nervous System Development (GO:0051961),3/18,8.824617249269276e-05,0.0011911883761798,0,0,41.86736842105263,390.8478036191733,IL6;IL1B;TNF
GO_Biological_Process_2023,Positive Regulation Of Cyclin-Dependent Protein Kinase Activity (GO:1904031),3/18,8.824617249269276e-05,0.0011911883761798,0,0,41.86736842105263,390.8478036191733,HSP90AB1;AKT1;EGFR
GO_Biological_Process_2023,Negative Regulation Of Transcription By RNA Polymerase II (GO:0000122),13/763,8.845099324037922e-05,0.0011911883761798,0,0,3.905505882352941,36.45032818214449,JUN;STAT3;DICER1;SOX10;TNF;ESR1;NFKB1;SOX2;IFNG;MYC;MAGEC2;NKX2-5;TP53
GO_Biological_Process_2023,Positive Regulation Of Protein Kinase B Signaling (GO:0051897),5/93,9.41836081974539e-05,0.0012580786038082,0,0,12.105327468230694,112.21958630530496,HSP90AA1;HSP90AB1;SRC;TNF;EGFR
GO_Biological_Process_2023,Cellular Response To Organic Cyclic Compound (GO:0071407),6/152,0.00010334149995038332,0.0013508852496014,0,0,8.824895771292436,80.99022961240077,IL1B;CTNNB1;TNF;ESR1;EGFR;ACTB
GO_Biological_Process_2023,Cell Junction Assembly (GO:0034329),5/95,0.00010419415704864144,0.0013508852496014,0,0,11.835125448028672,108.5192773269196,CDC42;PTEN;FN1;DSG1;RHOA
GO_Biological_Process_2023,Regulation Of Neuroinflammatory Response (GO:0150077),3/19,0.00010442022318891156,0.0013508852496014,0,0,39.248684210526314,359.79611035149287,IL6;IL1B;TNF
GO_Biological_Process_2023,Protein Heterooligomerization (GO:0051291),3/19,0.00010442022318891156,0.0013508852496014,0,0,39.248684210526314,359.79611035149287,KCNC2;KRT1;GRIN2B
GO_Biological_Process_2023,Positive Regulation Of Protein Localization To Cell Periphery (GO:1904377),4/51,0.00011351465017487802,0.0014457718623048,0,0,17.976459936622906,163.29058773577168,IFNG;AKT1;TNF;EGFR
GO_Biological_Process_2023,Positive Regulation Of Protein Localization To Plasma Membrane (GO:1903078),4/51,0.00011351465017487802,0.0014457718623048,0,0,17.976459936622906,163.29058773577168,IFNG;AKT1;TNF;EGFR
GO_Biological_Process_2023,Positive Regulation Of Multicellular Organismal Process (GO:0051240),9/387,0.0001196553119799688,0.0015122590583314,0,0,5.223113964686998,47.169395608937776,KDM6B;IL6;IFNG;IL1B;CTNNB1;TNF;GAPDH;ACTB;IL2
GO_Biological_Process_2023,Positive Regulation Of Protein-Containing Complex Assembly (GO:0031334),5/98,0.00012071878538712372,0.0015140531632904,0,0,11.451612903225806,103.31698760519664,HSP90AA1;IFNG;SRC;TNF;TP53
GO_Biological_Process_2023,Regulation Of Peptide Hormone Secretion (GO:0090276),4/52,0.00012251440089834845,0.0015249330354241,0,0,17.601063829787233,158.53774500188584,IL6;IFNG;IL1B;TNF
GO_Biological_Process_2023,Positive Regulation Of NIK/NF-kappaB Signaling (GO:1901224),4/53,0.0001320201565167405,0.0016308956177218,0,0,17.240990013026487,154.00610785839146,IL1B;TNF;RHOA;EGFR
GO_Biological_Process_2023,Regulation Of Lipid Storage (GO:0010883),3/21,0.00014230610501503023,0.0017066345294868,0,0,34.88421052631579,308.98794654337445,IL6;TNF;NFKB1
GO_Biological_Process_2023,Regulation Of Membrane Protein Ectodomain Proteolysis (GO:0051043),3/21,0.00014230610501503023,0.0017066345294868,0,0,34.88421052631579,308.98794654337445,IFNG;IL1B;TNF
GO_Biological_Process_2023,Chaperone-Mediated Protein Complex Assembly (GO:0051131),3/21,0.00014230610501503023,0.0017066345294868,0,0,34.88421052631579,308.98794654337445,HSP90AA1;HSP90AB1;HSPA4
GO_Biological_Process_2023,Macrophage Differentiation (GO:0030225),3/21,0.00014230610501503023,0.0017066345294868,0,0,34.88421052631579,308.98794654337445,CDC42;CD4;IFNG
GO_Biological_Process_2023,Positive Regulation Of Tyrosine Phosphorylation Of STAT Protein (GO:0042531),4/55,0.00015261728467047046,0.0018170304254607,0,0,16.56320400500626,145.55043350399507,IL6;IFNG;TNF;IL2
GO_Biological_Process_2023,Positive Regulation Of Inflammatory Response (GO:0050729),5/104,0.0001597346796043933,0.0018864707602957,0,0,10.754317367220594,94.0142034035512,IL6;IFNG;IL1B;TNF;IL2
GO_Biological_Process_2023,Inflammatory Response (GO:0006954),7/236,0.00016208829933741836,0.0018864707602957,0,0,6.608330534094726,57.67334111727494,IL6;IFNG;IL1B;STAT3;FOS;TNF;NFKB1
GO_Biological_Process_2023,Supramolecular Fiber Organization (GO:0097435),8/316,0.0001630902210138888,0.0018864707602957,0,0,5.654834054834055,49.31697838318283,CDC42;HSP90AB1;KRT2;KRT1;PXDN;KRT77;KRT85;RHOA
GO_Biological_Process_2023,Negative Regulation Of Cell Development (GO:0010721),3/22,0.0001641906991614705,0.0018864707602957,0,0,33.046537396121884,287.98345549590607,IL6;IL1B;TNF
GO_Biological_Process_2023,Positive Regulation Of Phosphatase Activity (GO:0010922),3/22,0.0001641906991614705,0.0018864707602957,0,0,33.046537396121884,287.98345549590607,HSP90AB1;IFNG;CALM3
GO_Biological_Process_2023,Positive Regulation Of Interleukin-1 Beta Production (GO:0032731),4/57,0.00017544273330090485,0.0020017528528707,0,0,15.936571657968686,137.82262513584303,IL6;IFNG;STAT3;TNF
GO_Biological_Process_2023,Regulation Of Phagocytosis (GO:0050764),4/58,0.00018773442200137872,0.0021173240132975,0,0,15.64066193853428,134.20442202911138,IFNG;IL1B;PRTN3;TNF
GO_Biological_Process_2023,Hepaticobiliary System Development (GO:0061008),3/23,0.00018814930367707936,0.0021173240132975,0,0,31.39263157894737,269.29461855307574,UGT1A10;UGT1A8;UGT1A7
GO_Biological_Process_2023,Heart Development (GO:0007507),6/171,0.00019664546778864564,0.0021978809767125,0,0,7.801185770750988,66.57616272607021,KDM6B;TH;FN1;PTEN;NKX2-5;KDM6A
GO_Biological_Process_2023,Positive Regulation Of Vascular Endothelial Growth Factor Production (GO:0010575),3/24,0.00021426491905833048,0.0023786301487353,0,0,29.89624060150376,252.57233081765744,IL6;IL1B;HIF1A
GO_Biological_Process_2023,Positive Regulation Of Interleukin-8 Production (GO:0032757),4/61,0.00022833658154208065,0.0025178322380781,0,0,14.815229563269876,124.22110394809064,IL6;IL1B;STAT3;TNF
GO_Biological_Process_2023,ERBB2-EGFR Signaling Pathway (GO:0038134),2/5,0.00023538031415185016,0.0025276461186371,0,0,138.1875,1154.4609359011745,ERBB2;EGFR
GO_Biological_Process_2023,Inflammatory Response To Wounding (GO:0090594),2/5,0.00023538031415185016,0.0025276461186371,0,0,138.1875,1154.4609359011745,IL6;TNF
GO_Biological_Process_2023,Negative Regulation Of Cell Size (GO:0045792),2/5,0.00023538031415185016,0.0025276461186371,0,0,138.1875,1154.4609359011745,PTEN;RHOA
GO_Biological_Process_2023,Positive Regulation Of Tau-Protein Kinase Activity (GO:1902949),2/5,0.00023538031415185016,0.0025276461186371,0,0,138.1875,1154.4609359011745,HSP90AA1;HSP90AB1
GO_Biological_Process_2023,Regulation Of Interleukin-6 Production (GO:0032675),5/114,0.00024535178512316775,0.0026176167724504,0,0,9.762750320607674,81.15596190493895,IL6;IFNG;IL1B;STAT3;TNF
GO_Biological_Process_2023,Regulation Of Vascular Endothelial Growth Factor Production (GO:0010574),3/26,0.00027329255387825615,0.002858661800455,0,0,27.293821510297484,223.94492419176632,IL6;IL1B;HIF1A
GO_Biological_Process_2023,Cellular Response To Xenobiotic Stimulus (GO:0071466),3/26,0.00027329255387825615,0.002858661800455,0,0,27.293821510297484,223.94492419176632,MYC;IL1B;TP53
GO_Biological_Process_2023,Cellular Response To Virus (GO:0098586),4/64,0.00027490478665362133,0.002858661800455,0,0,14.072340425531914,115.38032586056735,HSP90AA1;IL6;IFNG;HIF1A
GO_Biological_Process_2023,Positive Regulation Of Interleukin-1 Production (GO:0032732),4/64,0.00027490478665362133,0.002858661800455,0,0,14.072340425531914,115.38032586056735,IL6;IFNG;STAT3;TNF
GO_Biological_Process_2023,Regulation Of Cell Migration (GO:0030334),9/434,0.00028086610592877856,0.0029022830945973,0,0,4.634315928618639,37.8977325232262,CDC42;HSPA5;SRC;IL1B;STAT3;PTEN;AKT1;EGFR;RHOA
GO_Biological_Process_2023,Regulation Of Tyrosine Phosphorylation Of STAT Protein (GO:0042509),4/65,0.00029183777566297675,0.0029968091588391,0,0,13.840948726892222,112.65580660923396,IL6;IFNG;TNF;IL2
GO_Biological_Process_2023,Negative Regulation Of Cellular Process (GO:0048523),10/537,0.0003022933806569423,0.0030848945616109,0,0,4.177807486631016,33.857422096513616,IL6;CDKN2A;MYC;IL1B;FABP7;PTEN;CTNNB1;TP53;ACTB;NME1
GO_Biological_Process_2023,Peptide Cross-Linking (GO:0018149),3/27,0.00030636398228222185,0.0031071359437635,0,0,26.155263157894737,211.61534696231843,KRT2;KRT1;FN1
GO_Biological_Process_2023,Peptidyl-Tyrosine Phosphorylation (GO:0018108),4/67,0.00032792911314683535,0.0033054449871181,0,0,13.400202634245188,107.50598110106256,SRC;ERBB2;EGFR;MAPK3
GO_Biological_Process_2023,Positive Regulation Of Signal Transduction (GO:0009967),7/266,0.00033598274059121,0.0033659734316546,0,0,5.833976833976834,46.66277648009813,IL6;SRC;IL1B;STAT3;PTEN;HIF1A;GRIN2B
GO_Biological_Process_2023,Regulation Of Bone Resorption (GO:0045124),3/28,0.0003419112652239209,0.0034046073258357,0,0,25.10778947368421,200.38424622825116,IL6;SRC;CARTPT
GO_Biological_Process_2023,Intermediate Filament Organization (GO:0045109),4/68,0.0003471244461048481,0.0034215508571101,0,0,13.190159574468083,105.07053201620452,KRT2;KRT1;KRT77;KRT85
GO_Biological_Process_2023,Negative Regulation Of miRNA Processing (GO:1903799),2/6,0.00035194284531443883,0.0034215508571101,0,0,103.63541666666669,824.1131618546726,IL6;STAT3
GO_Biological_Process_2023,Negative Regulation Of Steroid Metabolic Process (GO:0045939),2/6,0.00035194284531443883,0.0034215508571101,0,0,103.63541666666669,824.1131618546726,UGT1A10;UGT1A8
GO_Biological_Process_2023,Positive Regulation Of Gliogenesis (GO:0014015),2/6,0.00035194284531443883,0.0034215508571101,0,0,103.63541666666669,824.1131618546726,IL6;TNF
GO_Biological_Process_2023,Cellular Response To Lipopolysaccharide (GO:0071222),5/124,0.000362079573655613,0.0034993925853892,0,0,8.937833197795246,70.82023121406209,IL6;IL1B;TNF;NFKB1;RHOA
GO_Biological_Process_2023,Negative Regulation Of Extrinsic Apoptotic Signaling Pathway (GO:2001237),4/70,0.0003879075367921263,0.0037229261513004,0,0,12.78916827852998,100.45563709651653,SRC;IL1B;AKT1;TNF
GO_Biological_Process_2023,Cellular Response To Starvation (GO:0009267),5/126,0.0003897402909456292,0.0037229261513004,0,0,8.789211765751356,68.99557569750326,HSPA5;ALB;CARTPT;TP53;MAPK3
GO_Biological_Process_2023,Positive Regulation Of Protein Metabolic Process (GO:0051247),6/196,0.0004089284046301385,0.003867024936615,0,0,6.766132723112128,52.789167681851545,HSP90AA1;IL6;IL1B;ERBB2;AKT1;TNF
GO_Biological_Process_2023,Myeloid Leukocyte Differentiation (GO:0002573),4/71,0.0004095327686981256,0.003867024936615,0,0,12.59765004763417,98.26788903308508,CDC42;CD4;IFNG;PRTN3
GO_Biological_Process_2023,Response To Epidermal Growth Factor (GO:0070849),3/30,0.00042073807079035875,0.0039276855131168,0,0,23.24561403508772,180.69978250436736,ERBB2;EGFR;MAPK3
GO_Biological_Process_2023,Positive Regulation Of Phosphate Metabolic Process (GO:0045937),3/30,0.00042073807079035875,0.0039276855131168,0,0,23.24561403508772,180.69978250436736,IFNG;SRC;EGFR
GO_Biological_Process_2023,Transforming Growth Factor Beta Receptor Signaling Pathway (GO:0007179),4/72,0.0004320055618736736,0.0040100855263189,0,0,12.411764705882351,96.15483600383196,JUN;SRC;STAT3;FOS
GO_Biological_Process_2023,Regulation Of Protein Localization To Cell Surface (GO:2000008),3/31,0.000464166781558497,0.0042604805703944,0,0,22.414285714285715,172.03561911780767,HSP90AB1;CTNNB1;TNF
GO_Biological_Process_2023,Negative Regulation Of Cell-Matrix Adhesion (GO:0001953),3/31,0.000464166781558497,0.0042604805703944,0,0,22.414285714285715,172.03561911780767,SRC;CDKN2A;PTEN
GO_Biological_Process_2023,Circulatory System Development (GO:0072359),5/132,0.0004823604439599888,0.0043856188898034,0,0,8.371433409533486,63.93112100204571,KDM6B;TH;FN1;PTEN;KDM6A
GO_Biological_Process_2023,T-helper 17 Cell Lineage Commitment (GO:0072540),2/7,0.0004911466072573523,0.0043856188898034,0,0,82.90416666666667,631.6276025840689,IL6;STAT3
GO_Biological_Process_2023,Histone Lysine Demethylation (GO:0070076),2/7,0.0004911466072573523,0.0043856188898034,0,0,82.90416666666667,631.6276025840689,KDM6B;KDM6A
GO_Biological_Process_2023,Negative Regulation Of Amyloid-Beta Clearance (GO:1900222),2/7,0.0004911466072573523,0.0043856188898034,0,0,82.90416666666667,631.6276025840689,IFNG;TNF
GO_Biological_Process_2023,Positive Regulation Of Steroid Biosynthetic Process (GO:0010893),2/7,0.0004911466072573523,0.0043856188898034,0,0,82.90416666666667,631.6276025840689,IFNG;TNF
GO_Biological_Process_2023,Phosphatidylinositol 3-Kinase Signaling (GO:0014065),3/32,0.0005103697478646543,0.0045326351121169,0,0,21.640290381125222,164.0415183427074,ERBB2;STAT3;PTEN
GO_Biological_Process_2023,Regulation Of Angiogenesis (GO:0045765),6/205,0.0005185785678538263,0.0045807773493754,0,0,6.457177190299323,48.844793906312795,IL6;IL1B;KRT1;ERBB2;CTNNB1;HIF1A
GO_Biological_Process_2023,Cellular Response To Metal Ion (GO:0071248),5/135,0.0005344515974762214,0.0046957431799648,0,0,8.177005789909016,61.60776441036546,JUN;AKT1;FOS;EGFR;MAPK3
GO_Biological_Process_2023,Positive Regulation Of Small Molecule Metabolic Process (GO:0062013),3/33,0.0005594184694384716,0.0048889603472734,0,0,20.917894736842104,156.64601346430806,IFNG;AKT1;HIF1A
GO_Biological_Process_2023,Regulation Of Interleukin-17 Production (GO:0032660),3/34,0.00061138323017245,0.0051787593149497,0,0,20.242105263157896,149.787258825716,IL6;IFNG;IL2
GO_Biological_Process_2023,Glial Cell Differentiation (GO:0010001),3/34,0.00061138323017245,0.0051787593149497,0,0,20.242105263157896,149.787258825716,SOX2;STAT3;SOX10
GO_Biological_Process_2023,Positive Regulation Of Carbohydrate Metabolic Process (GO:0045913),3/34,0.00061138323017245,0.0051787593149497,0,0,20.242105263157896,149.787258825716,IFNG;HIF1A;NFKB1
GO_Biological_Process_2023,Regulation Of Cyclin-Dependent Protein Serine/Threonine Kinase Activity (GO:0000079),4/79,0.0006146427671425411,0.0051787593149497,0,0,11.24936170212766,83.18306003627282,CDKN2A;PTEN;AKT1;EGFR
GO_Biological_Process_2023,Negative Regulation Of Cellular Component Organization (GO:0051129),4/79,0.0006146427671425411,0.0051787593149497,0,0,11.24936170212766,83.18306003627282,CDC42;HSPA5;SRC;TNF
GO_Biological_Process_2023,Positive Regulation Of Catabolic Process (GO:0009896),4/79,0.0006146427671425411,0.0051787593149497,0,0,11.24936170212766,83.18306003627282,HSP90AA1;IL1B;PTEN;TNF
GO_Biological_Process_2023,Positive Regulation Of Endocytosis (GO:0045807),4/79,0.0006146427671425411,0.0051787593149497,0,0,11.24936170212766,83.18306003627282,CDC42;IFNG;IL1B;TNF
GO_Biological_Process_2023,Negative Regulation Of Protein Serine/Threonine Kinase Activity (GO:0071901),4/80,0.0006445816037758925,0.0054033039541009,0,0,11.100783874580069,81.55645037573515,CDKN2A;IL1B;PTEN;AKT1
GO_Biological_Process_2023,Regulation Of Endothelial Cell Development (GO:1901550),2/8,0.0006527714849626119,0.005416684594917,0,0,69.08333333333333,506.67674739740534,IL1B;TNF
GO_Biological_Process_2023,T-helper 17 Cell Differentiation (GO:0072539),2/8,0.0006527714849626119,0.005416684594917,0,0,69.08333333333333,506.67674739740534,IL6;STAT3
GO_Biological_Process_2023,Regulation Of Cell Cycle (GO:0051726),7/298,0.0006612373649049054,0.0054593617615013,0,0,5.183980967486122,37.95398624338785,JUN;HSP90AB1;CDKN2A;MYC;STAT3;TP53;ACTB
GO_Biological_Process_2023,Regulation Of Interleukin-8 Production (GO:0032677),4/81,0.0006755401153591546,0.0055219522862442,0,0,10.95606521138436,79.97925430797453,IL6;IL1B;STAT3;TNF
GO_Biological_Process_2023,Cellular Response To Interleukin-1 (GO:0071347),4/81,0.0006755401153591546,0.0055219522862442,0,0,10.95606521138436,79.97925430797453,IL1B;HIF1A;NFKB1;MAPK3
GO_Biological_Process_2023,Cellular Response To Organic Substance (GO:0071310),4/82,0.0007075376317885753,0.0057548729159833,0,0,10.815057283142387,78.44939450454729,IL1B;STAT3;TNF;RHOA
GO_Biological_Process_2023,Regulation Of Epithelial To Mesenchymal Transition (GO:0010717),4/83,0.0007405935105726146,0.0059646820483863,0,0,10.67761917586857,76.9649052824727,IL6;IL1B;PTEN;CTNNB1
GO_Biological_Process_2023,Regulation Of NIK/NF-kappaB Signaling (GO:1901222),4/83,0.0007405935105726146,0.0059646820483863,0,0,10.67761917586857,76.9649052824727,IL1B;TNF;RHOA;EGFR
GO_Biological_Process_2023,Neuron Projection Morphogenesis (GO:0048812),5/146,0.0007622890075524256,0.0061094675093104,0,0,7.534889041409288,54.09436086960127,CDC42;PTEN;CTNNB1;CCK;DICER1
GO_Biological_Process_2023,Regulation Of Interleukin-1 Beta Production (GO:0032651),4/84,0.0007747271333663604,0.0061790130102957,0,0,10.543617021276596,75.52392531345762,IL6;IFNG;STAT3;TNF
GO_Biological_Process_2023,Positive Regulation Of Immune Effector Process (GO:0002699),3/37,0.0007854586043344643,0.0062094700504541,0,0,18.45325077399381,131.92677025881835,IFNG;IL1B;IL2
GO_Biological_Process_2023,Negative Regulation Of Protein Metabolic Process (GO:0051248),5/147,0.0007861045468621238,0.0062094700504541,0,0,7.481447826745419,53.4805369827961,HSP90AB1;AKT1;GAPDH;EGFR;NFKB1
GO_Biological_Process_2023,Response To Interleukin-1 (GO:0070555),4/85,0.0008099579018219373,0.0062764020339213,0,0,10.412923561859731,74.1246909015985,SRC;IL1B;HIF1A;NFKB1
GO_Biological_Process_2023,Epidermis Development (GO:0008544),4/85,0.0008099579018219373,0.0062764020339213,0,0,10.412923561859731,74.1246909015985,LCE2B;FLG2;KRT2;KRT85
GO_Biological_Process_2023,Positive Regulation Of Amide Metabolic Process (GO:0034250),4/85,0.0008099579018219373,0.0062764020339213,0,0,10.412923561859731,74.1246909015985,IL6;IFNG;ERBB2;TNF
GO_Biological_Process_2023,Positive Regulation Of Protein Localization (GO:1903829),4/85,0.0008099579018219373,0.0062764020339213,0,0,10.412923561859731,74.1246909015985,HSP90AB1;CDK1;AKT1;TNF
GO_Biological_Process_2023,Endothelial Tube Morphogenesis (GO:0061154),2/9,0.0008365989320929864,0.0062764020339213,0,0,59.211309523809526,419.5811550666976,CTNNB1;RHOA
GO_Biological_Process_2023,Negative Regulation Of Bone Resorption (GO:0045779),2/9,0.0008365989320929864,0.0062764020339213,0,0,59.211309523809526,419.5811550666976,IL6;CARTPT
GO_Biological_Process_2023,Negative Regulation Of Lipid Localization (GO:1905953),2/9,0.0008365989320929864,0.0062764020339213,0,0,59.211309523809526,419.5811550666976,IL6;TNF
GO_Biological_Process_2023,Negative Regulation Of Lymphocyte Apoptotic Process (GO:0070229),2/9,0.0008365989320929864,0.0062764020339213,0,0,59.211309523809526,419.5811550666976,PIP;IL2
GO_Biological_Process_2023,Negative Regulation Of Telomerase Activity (GO:0051974),2/9,0.0008365989320929864,0.0062764020339213,0,0,59.211309523809526,419.5811550666976,SRC;TP53
GO_Biological_Process_2023,Negative Regulation Of Transforming Growth Factor Beta Production (GO:0071635),2/9,0.0008365989320929864,0.0062764020339213,0,0,59.211309523809526,419.5811550666976,HSP90AB1;FN1
GO_Biological_Process_2023,Positive Regulation Of Vascular Endothelial Growth Factor Receptor Signaling Pathway (GO:0030949),2/9,0.0008365989320929864,0.0062764020339213,0,0,59.211309523809526,419.5811550666976,IL1B;HIF1A
GO_Biological_Process_2023,Regulation Of Insulin Secretion (GO:0050796),4/87,0.0008837885644757491,0.0065704281060346,0,0,10.16098436298385,71.44485522089091,IL6;IFNG;IL1B;TNF
GO_Biological_Process_2023,Glucose Homeostasis (GO:0042593),4/87,0.0008837885644757491,0.0065704281060346,0,0,10.16098436298385,71.44485522089091,IL6;STAT3;CARTPT;HIF1A
GO_Biological_Process_2023,Cellular Response To Lipid (GO:0071396),6/228,0.000903819177474535,0.0066890761648227,0,0,5.781433607520564,40.52138156649438,IL6;IL1B;ESR1;EGFR;NFKB1;RHOA
GO_Biological_Process_2023,Retina Homeostasis (GO:0001895),3/39,0.0009173239722384882,0.0067284075285171,0,0,17.426315789473684,121.88052137372982,PIP;KRT1;ALB
GO_Biological_Process_2023,Neuron Projection Extension (GO:1990138),3/39,0.0009173239722384882,0.0067284075285171,0,0,17.426315789473684,121.88052137372982,HSP90AA1;HSP90AB1;CTNNB1
GO_Biological_Process_2023,Positive Regulation Of Myeloid Leukocyte Differentiation (GO:0002763),3/40,0.0009881943586653454,0.0071885091011791,0,0,16.95448079658606,117.31875362619184,CD4;IFNG;TNF
GO_Biological_Process_2023,Regulation Of I-kappaB kinase/NF-kappaB Signaling (GO:0043122),6/232,0.0009888028343679194,0.0071885091011791,0,0,5.677953058868796,39.285845817592765,CD4;IL1B;TNF;ESR1;GAPDH;RHOA
GO_Biological_Process_2023,Regulation Of Peptidyl-Tyrosine Phosphorylation (GO:0050730),4/90,0.0010032489869354,0.0072614012578633,0,0,9.80504700643246,67.69906038853408,IL6;SRC;TP53;EGFR
GO_Biological_Process_2023,T-helper Cell Lineage Commitment (GO:0002295),2/10,0.0010424119627603,0.0073721394321069,0,0,51.807291666666664,355.7201614766498,IL6;STAT3
GO_Biological_Process_2023,Regulation Of Smooth Muscle Cell Apoptotic Process (GO:0034391),2/10,0.0010424119627603,0.0073721394321069,0,0,51.807291666666664,355.7201614766498,IFNG;CDKN2A
GO_Biological_Process_2023,Response To Corticosteroid (GO:0031960),2/10,0.0010424119627603,0.0073721394321069,0,0,51.807291666666664,355.7201614766498,IL6;TNF
GO_Biological_Process_2023,Establishment Of Epithelial Cell Apical/Basal Polarity (GO:0045198),2/10,0.0010424119627603,0.0073721394321069,0,0,51.807291666666664,355.7201614766498,CDC42;RHOA
GO_Biological_Process_2023,Positive Regulation Of Transcription From RNA Polymerase II Promoter In Response To Endoplasmic Reticulum Stress (GO:1990440),2/10,0.0010424119627603,0.0073721394321069,0,0,51.807291666666664,355.7201614766498,HSPA5;TP53
GO_Biological_Process_2023,Positive Regulation Of MAP Kinase Activity (GO:0043406),4/91,0.0010454707776511,0.0073721394321069,0,0,9.691856199559794,66.51800025604891,IL1B;ERBB2;TNF;EGFR
GO_Biological_Process_2023,Positive Regulation Of Protein Catabolic Process (GO:0045732),4/92,0.0010889258117332,0.0076457483276829,0,0,9.581237911025145,65.36860465523186,HSP90AA1;IFNG;IL1B;TNF
GO_Biological_Process_2023,Regulation Of Osteoclast Differentiation (GO:0045670),3/42,0.0011401210796306,0.0079711443992903,0,0,16.0834008097166,108.99110865507672,IFNG;CARTPT;TNF
GO_Biological_Process_2023,Regulation Of Inflammatory Response (GO:0050727),6/240,0.0011771239289775,0.0081949771835172,0,0,5.481605351170568,36.97168036050781,IL6;IFNG;IL1B;STAT3;TNF;IL2
GO_Biological_Process_2023,Regulation Of Macromolecule Metabolic Process (GO:0060255),5/162,0.0012140895161529,0.0083812986346186,0,0,6.7615231833436065,45.39524965179761,SOX2;KDM6B;MYC;HIF1A;KDM6A
GO_Biological_Process_2023,Protein Autophosphorylation (GO:0046777),5/162,0.0012140895161529,0.0083812986346186,0,0,6.7615231833436065,45.39524965179761,SRC;ERBB2;AKT1;EGFR;MAPK3
GO_Biological_Process_2023,Positive Regulation Of Epithelial Cell Migration (GO:0010634),4/95,0.0012268847662653,0.0084341910919413,0,0,9.26397007248071,62.098957818367225,IFNG;SRC;AKT1;HIF1A
GO_Biological_Process_2023,Regulation Of Cytoplasmic Transport (GO:1903649),2/11,0.0012699951434032,0.0085167429412713,0,0,46.048611111111114,307.0863162882841,SRC;MAPK3
GO_Biological_Process_2023,Central Nervous System Myelination (GO:0022010),2/11,0.0012699951434032,0.0085167429412713,0,0,46.048611111111114,307.0863162882841,PTEN;SOX10
GO_Biological_Process_2023,Tyrosine Metabolic Process (GO:0006570),2/11,0.0012699951434032,0.0085167429412713,0,0,46.048611111111114,307.0863162882841,TH;TAT
GO_Biological_Process_2023,Vitamin D Metabolic Process (GO:0042359),2/11,0.0012699951434032,0.0085167429412713,0,0,46.048611111111114,307.0863162882841,UGT1A4;UGT1A6
GO_Biological_Process_2023,Negative Regulation Of Bone Remodeling (GO:0046851),2/11,0.0012699951434032,0.0085167429412713,0,0,46.048611111111114,307.0863162882841,IL6;CARTPT
GO_Biological_Process_2023,Negative Regulation Of Nitrogen Compound Metabolic Process (GO:0051172),2/11,0.0012699951434032,0.0085167429412713,0,0,46.048611111111114,307.0863162882841,HSP90AB1;NFKB1
GO_Biological_Process_2023,Cellular Response To Transforming Growth Factor Beta Stimulus (GO:0071560),4/96,0.0012754671084421,0.0085186685332133,0,0,9.16281221091582,61.06503793919952,JUN;SRC;STAT3;FOS
GO_Biological_Process_2023,Response To Unfolded Protein (GO:0006986),3/44,0.0013060300861394,0.0086311571904047,0,0,15.297304236200256,101.5857752073874,HSP90AA1;HSP90AB1;HSPA4
GO_Biological_Process_2023,Positive Regulation Of Leukocyte Cell-Cell Adhesion (GO:1903039),3/44,0.0013060300861394,0.0086311571904047,0,0,15.297304236200256,101.5857752073874,IL6;TNF;RHOA
GO_Biological_Process_2023,Positive Regulation Of Programmed Cell Death (GO:0043068),6/245,0.0013080694707308,0.0086311571904047,0,0,5.36556303438239,35.623061739442804,JUN;IL6;IFNG;CTNNB1;TP53;TNF
GO_Biological_Process_2023,Regulation Of Protein Localization (GO:0032880),4/97,0.0013253797934588,0.0087103960026114,0,0,9.063829787234043,60.057445775374525,HSP90AA1;HSP90AB1;CTNNB1;GPC5
GO_Biological_Process_2023,Regulation Of Cytokine Production (GO:0001817),5/167,0.0013891425279033,0.0090930724037654,0,0,6.551174830744723,43.10062867835545,IL6;MOG;IFNG;TNF;GAPDH
GO_Biological_Process_2023,Regulation Of Monooxygenase Activity (GO:0032768),2/12,0.0015191345837264,0.0095997620040866,0,0,41.44166666666667,268.9404392083059,IL1B;EGFR
GO_Biological_Process_2023,Astrocyte Activation (GO:0048143),2/12,0.0015191345837264,0.0095997620040866,0,0,41.44166666666667,268.9404392083059,IFNG;TNF
GO_Biological_Process_2023,Regulation Of Transcription From RNA Polymerase II Promoter In Response To Stress (GO:0043618),2/12,0.0015191345837264,0.0095997620040866,0,0,41.44166666666667,268.9404392083059,HIF1A;TP53
GO_Biological_Process_2023,Eye Photoreceptor Cell Differentiation (GO:0001754),2/12,0.0015191345837264,0.0095997620040866,0,0,41.44166666666667,268.9404392083059,TH;STAT3
GO_Biological_Process_2023,Fibrinolysis (GO:0042730),2/12,0.0015191345837264,0.0095997620040866,0,0,41.44166666666667,268.9404392083059,SERPINB2;KRT1
GO_Biological_Process_2023,Negative Regulation Of Cell Cycle Phase Transition (GO:1901988),2/12,0.0015191345837264,0.0095997620040866,0,0,41.44166666666667,268.9404392083059,SOX2;PTEN
GO_Biological_Process_2023,Porphyrin-Containing Compound Catabolic Process (GO:0006787),2/12,0.0015191345837264,0.0095997620040866,0,0,41.44166666666667,268.9404392083059,UGT1A10;UGT1A4
GO_Biological_Process_2023,Positive Regulation Of Protein Localization To Cell Surface (GO:2000010),2/12,0.0015191345837264,0.0095997620040866,0,0,41.44166666666667,268.9404392083059,HSP90AB1;TNF
GO_Biological_Process_2023,Protein Heterotetramerization (GO:0051290),2/12,0.0015191345837264,0.0095997620040866,0,0,41.44166666666667,268.9404392083059,KRT1;GRIN2B
GO_Biological_Process_2023,Positive Regulation Of Epithelial To Mesenchymal Transition (GO:0010718),3/47,0.0015821247408462,0.0099595055525303,0,0,14.252153110047846,91.9119438955678,IL6;IL1B;CTNNB1
GO_Biological_Process_2023,Regulation Of Protein Secretion (GO:0050708),4/102,0.0015955753922062,0.0100058411045607,0,0,8.599218410768563,55.38344555712572,IL6;IFNG;IL1B;TNF
GO_Biological_Process_2023,Cellular Response To Mechanical Stimulus (GO:0071260),3/48,0.0016816411847959,0.0105054618502651,0,0,13.934736842105265,89.01489085586283,IL1B;NFKB1;MAPK3
GO_Biological_Process_2023,Positive Regulation Of Kinase Activity (GO:0033674),4/104,0.0017136418609966,0.0106648241576421,0,0,8.426382978723405,53.668765949167,CD4;ERBB2;CARTPT;EGFR
GO_Biological_Process_2023,Regulation Of Nitrogen Compound Metabolic Process (GO:0051171),2/13,0.0017896179273712,0.0110539182506424,0,0,37.67234848484848,238.3059763541143,IFNG;TNF
GO_Biological_Process_2023,Peptidyl-Tyrosine Autophosphorylation (GO:0038083),2/13,0.0017896179273712,0.0110539182506424,0,0,37.67234848484848,238.3059763541143,EGFR;MAPK3
GO_Biological_Process_2023,Regulation Of G1/S Transition Of Mitotic Cell Cycle (GO:2000045),4/106,0.0018376462094792,0.0113080626298664,0,0,8.260325406758447,52.034018044685865,CDKN2A;PTEN;AKT1;EGFR
GO_Biological_Process_2023,Regulation Of Epithelial Cell Migration (GO:0010632),3/50,0.0018922236540246,0.0115573362957712,0,0,13.340425531914894,83.64450283646559,IFNG;SRC;HIF1A
GO_Biological_Process_2023,Positive Regulation Of Cell Death (GO:0010942),3/50,0.0018922236540246,0.0115573362957712,0,0,13.340425531914894,83.64450283646559,IFNG;TNF;GRIN2B
GO_Biological_Process_2023,SMAD Protein Signal Transduction (GO:0060395),3/51,0.0020033934744922,0.0121013804359952,0,0,13.06184210526316,81.15208599441814,BMP3;JUN;FOS
GO_Biological_Process_2023,Regulation Of Stress-Activated MAPK Cascade (GO:0032872),3/51,0.0020033934744922,0.0121013804359952,0,0,13.06184210526316,81.15208599441814,MYC;EGFR;MAPK3
GO_Biological_Process_2023,Regulation Of Telomere Maintenance Via Telomerase (GO:0032210),3/51,0.0020033934744922,0.0121013804359952,0,0,13.06184210526316,81.15208599441814,SRC;CTNNB1;MAPK3
GO_Biological_Process_2023,Chromatin Organization (GO:0006325),6/268,0.0020595373715376,0.0123002446981758,0,0,4.888815134417524,30.238660644650466,SOX2;KDM6B;H3-4;MYC;ESR1;KDM6A
GO_Biological_Process_2023,Contractile Actin Filament Bundle Assembly (GO:0030038),2/14,0.002081234343331,0.0123002446981758,0,0,34.53125,213.2233596975422,SRC;RHOA
GO_Biological_Process_2023,Establishment Of Apical/Basal Cell Polarity (GO:0035089),2/14,0.002081234343331,0.0123002446981758,0,0,34.53125,213.2233596975422,CDC42;RHOA
GO_Biological_Process_2023,Stress Fiber Assembly (GO:0043149),2/14,0.002081234343331,0.0123002446981758,0,0,34.53125,213.2233596975422,SRC;RHOA
GO_Biological_Process_2023,Polarized Epithelial Cell Differentiation (GO:0030859),2/14,0.002081234343331,0.0123002446981758,0,0,34.53125,213.2233596975422,CDC42;RHOA
GO_Biological_Process_2023,Positive Regulation Of Heterotypic Cell-Cell Adhesion (GO:0034116),2/14,0.002081234343331,0.0123002446981758,0,0,34.53125,213.2233596975422,IL1B;TNF
GO_Biological_Process_2023,Response To Lipid (GO:0033993),4/110,0.002104078403358,0.0123906839308865,0,0,7.947009233239663,48.98439316013528,IL1B;STAT3;CTNNB1;ESR1
GO_Biological_Process_2023,Regulation Of Cell Development (GO:0060284),3/52,0.0021185498548726,0.0124313478984136,0,0,12.794629430719656,78.77683350392614,IL1B;AKT1;CTNNB1
GO_Biological_Process_2023,Regulation Of Protein Ubiquitination (GO:0031396),4/113,0.0023206191641343,0.0134820738184289,0,0,7.727113019715011,46.87205905057989,HSP90AA1;HSP90AB1;AKT1;CTNNB1
GO_Biological_Process_2023,ERBB Signaling Pathway (GO:0038127),3/54,0.0023610187871765,0.0134820738184289,0,0,12.291640866873063,74.34798181102396,SRC;AKT1;EGFR
GO_Biological_Process_2023,Regulation Of Focal Adhesion Assembly (GO:0051893),3/54,0.0023610187871765,0.0134820738184289,0,0,12.291640866873063,74.34798181102396,SRC;PTEN;RHOA
GO_Biological_Process_2023,Peptidyl-Tyrosine Modification (GO:0018212),3/54,0.0023610187871765,0.0134820738184289,0,0,12.291640866873063,74.34798181102396,SRC;ERBB2;EGFR
GO_Biological_Process_2023,Regulation Of Blood Vessel Endothelial Cell Migration (GO:0043535),3/54,0.0023610187871765,0.0134820738184289,0,0,12.291640866873063,74.34798181102396,AKT1;TNF;HIF1A
GO_Biological_Process_2023,Regulation Of Monocyte Differentiation (GO:0045655),2/15,0.0023937745154868,0.0134820738184289,0,0,31.87339743589743,192.3522518649985,CD4;MYC
GO_Biological_Process_2023,Astrocyte Development (GO:0014002),2/15,0.0023937745154868,0.0134820738184289,0,0,31.87339743589743,192.3522518649985,IFNG;TNF
GO_Biological_Process_2023,Negative Regulation Of Cell-Substrate Junction Organization (GO:0150118),2/15,0.0023937745154868,0.0134820738184289,0,0,31.87339743589743,192.3522518649985,SRC;PTEN
GO_Biological_Process_2023,Negative Regulation Of Focal Adhesion Assembly (GO:0051895),2/15,0.0023937745154868,0.0134820738184289,0,0,31.87339743589743,192.3522518649985,SRC;PTEN
GO_Biological_Process_2023,Positive Regulation Of Cyclin-Dependent Protein Serine/Threonine Kinase Activity (GO:0045737),2/15,0.0023937745154868,0.0134820738184289,0,0,31.87339743589743,192.3522518649985,AKT1;EGFR
GO_Biological_Process_2023,Regulation Of Amyloid-Beta Clearance (GO:1900221),2/15,0.0023937745154868,0.0134820738184289,0,0,31.87339743589743,192.3522518649985,IFNG;TNF
GO_Biological_Process_2023,Regulation Of MAP Kinase Activity (GO:0043405),4/114,0.0023960837218388,0.0134820738184289,0,0,7.656479690522244,46.19858330808373,IL1B;ERBB2;TNF;EGFR
GO_Biological_Process_2023,Positive Regulation Of Cellular Metabolic Process (GO:0031325),3/56,0.0026200135791673,0.0146917485002454,0,0,11.8266137040715,70.3042013649396,IFNG;CDK1;TP53
GO_Biological_Process_2023,Cellular Response To Molecule Of Bacterial Origin (GO:0071219),4/117,0.0026325909649131,0.0147120644739874,0,0,7.452080587459989,44.263769607700624,IL6;IL1B;NFKB1;RHOA
GO_Biological_Process_2023,Regulation Of Establishment Of Endothelial Barrier (GO:1903140),2/16,0.0027270306349214,0.0150858967446999,0,0,29.595238095238095,174.7463245947277,IL1B;TNF
GO_Biological_Process_2023,Autonomic Nervous System Development (GO:0048483),2/16,0.0027270306349214,0.0150858967446999,0,0,29.595238095238095,174.7463245947277,FN1;SOX10
GO_Biological_Process_2023,Regulation Of Transforming Growth Factor Beta Production (GO:0071634),2/16,0.0027270306349214,0.0150858967446999,0,0,29.595238095238095,174.7463245947277,FN1;HIF1A
GO_Biological_Process_2023,Transmembrane Receptor Protein Tyrosine Kinase Signaling Pathway (GO:0007169),6/284,0.0027489634788241,0.0151561979721746,0,0,4.603690960275258,27.14580809666465,CD4;SRC;ERBB2;STAT3;AKT1;EGFR
GO_Biological_Process_2023,Negative Regulation Of Protein-Containing Complex Assembly (GO:0031333),3/59,0.0030402916735731,0.0166506640656022,0,0,11.191353383458647,64.86286634070352,CDC42;HSPA5;SRC
GO_Biological_Process_2023,Positive Regulation Of Proteolysis (GO:0045862),3/59,0.0030402916735731,0.0166506640656022,0,0,11.191353383458647,64.86286634070352,IFNG;IL1B;TNF
GO_Biological_Process_2023,Negative Regulation Of Fibroblast Proliferation (GO:0048147),2/17,0.0030807963884476,0.0167054404825724,0,0,27.620833333333337,159.71932342658255,MYC;TP53
GO_Biological_Process_2023,Negative Regulation Of Oxidative Stress-Induced Intrinsic Apoptotic Signaling Pathway (GO:1902176),2/17,0.0030807963884476,0.0167054404825724,0,0,27.620833333333337,159.71932342658255,NME5;HIF1A
GO_Biological_Process_2023,Positive Regulation Of Amyloid-Beta Formation (GO:1902004),2/17,0.0030807963884476,0.0167054404825724,0,0,27.620833333333337,159.71932342658255,IFNG;TNF
GO_Biological_Process_2023,Modulation Of Chemical Synaptic Transmission (GO:0050804),4/123,0.0031527723495585,0.0170394900339629,0,0,7.074199892723047,40.743664002037114,IL1B;PTEN;CPLX2;TNF
GO_Biological_Process_2023,Negative Regulation Of Peptidase Activity (GO:0010466),3/60,0.0031890358570432,0.0171228297814447,0,0,10.994459833795014,63.19655803906566,SERPINB2;AKT1;GAPDH
GO_Biological_Process_2023,Positive Regulation Of Phagocytosis (GO:0050766),3/60,0.0031890358570432,0.0171228297814447,0,0,10.994459833795014,63.19655803906566,IFNG;IL1B;TNF
GO_Biological_Process_2023,Positive Regulation Of Defense Response (GO:0031349),4/124,0.0032457957703778,0.017370822315084,0,0,7.014893617021277,40.198109408804186,IFNG;IL1B;TNF;IL2
GO_Biological_Process_2023,Response To Cytokine (GO:0034097),4/125,0.0033406747239798,0.0177708585965219,0,0,6.956567610339371,39.66344400267472,SRC;IL1B;NFKB1;RHOA
GO_Biological_Process_2023,Negative Regulation Of Intrinsic Apoptotic Signaling Pathway (GO:2001243),3/61,0.0033421760841906,0.0177708585965219,0,0,10.804355716878405,61.59707067077483,SRC;AKT1;NME5
GO_Biological_Process_2023,Response To Ethanol (GO:0045471),2/18,0.0034548669518846,0.0180201473077667,0,0,25.893229166666668,146.76208059313473,TH;GRIN2B
GO_Biological_Process_2023,Negative Regulation Of Lipid Storage (GO:0010888),2/18,0.0034548669518846,0.0180201473077667,0,0,25.893229166666668,146.76208059313473,IL6;TNF
GO_Biological_Process_2023,Positive Regulation Of Glycolytic Process (GO:0045821),2/18,0.0034548669518846,0.0180201473077667,0,0,25.893229166666668,146.76208059313473,IFNG;HIF1A
GO_Biological_Process_2023,Positive Regulation Of Nervous System Process (GO:0031646),2/18,0.0034548669518846,0.0180201473077667,0,0,25.893229166666668,146.76208059313473,CARTPT;DICER1
GO_Biological_Process_2023,Positive Regulation Of Osteoclast Differentiation (GO:0045672),2/18,0.0034548669518846,0.0180201473077667,0,0,25.893229166666668,146.76208059313473,IFNG;TNF
GO_Biological_Process_2023,Positive Regulation Of Phosphoprotein Phosphatase Activity (GO:0032516),2/18,0.0034548669518846,0.0180201473077667,0,0,25.893229166666668,146.76208059313473,HSP90AB1;CALM3
GO_Biological_Process_2023,Phosphatidylinositol-Mediated Signaling (GO:0048015),3/62,0.0034997531619937,0.0181965014087205,0,0,10.620695807314895,60.06070217490676,ERBB2;STAT3;PTEN
GO_Biological_Process_2023,Regulation Of Canonical Wnt Signaling Pathway (GO:0060828),5/207,0.0035288086862044,0.0182124249592631,0,0,5.243266262110082,29.60764943811223,SOX2;GPC5;NKX2-5;EGFR;NFKB1
GO_Biological_Process_2023,Regulation Of Tumor Necrosis Factor Production (GO:0032680),4/127,0.0035360703359737,0.0182124249592631,0,0,6.842760768033212,38.625600237841326,IL6;IFNG;STAT3;DICER1
GO_Biological_Process_2023,Regulation Of Anatomical Structure Morphogenesis (GO:0022603),4/127,0.0035360703359737,0.0182124249592631,0,0,6.842760768033212,38.625600237841326,IL6;KRT1;ERBB2;CTNNB1
GO_Biological_Process_2023,Protein Stabilization (GO:0050821),5/208,0.0036019370508829,0.0184936955456272,0,0,5.217172519730918,29.353291708959436,HSP90AA1;HSP90AB1;PTEN;DSG1;GAPDH
GO_Biological_Process_2023,Positive Regulation Of Mitotic Cell Cycle Phase Transition (GO:1901992),3/63,0.0036618069943833,0.0187425199120619,0,0,10.443157894736842,58.58401190141515,CDK1;AKT1;EGFR
GO_Biological_Process_2023,Positive Regulation Of Cysteine-Type Endopeptidase Activity (GO:2001056),3/64,0.0038283765930786,0.0192217964838706,0,0,10.27144089732528,57.163798260064155,MYC;TNF;GRIN2B
GO_Biological_Process_2023,Regulation Of Cell Cycle Process (GO:0010564),4/130,0.0038435223953966,0.0192217964838706,0,0,6.678824721377913,37.143389008401954,CDC42;MYC;CTNNB1;CALM3
GO_Biological_Process_2023,Regulation Of Early Endosome To Late Endosome Transport (GO:2000641),2/19,0.0038490389794238,0.0192217964838706,0,0,24.368872549019606,135.48926886898604,SRC;MAPK3
GO_Biological_Process_2023,RNA-templated DNA Biosynthetic Process (GO:0006278),2/19,0.0038490389794238,0.0192217964838706,0,0,24.368872549019606,135.48926886898604,HSP90AA1;HSP90AB1
GO_Biological_Process_2023,Establishment Of Epithelial Cell Polarity (GO:0090162),2/19,0.0038490389794238,0.0192217964838706,0,0,24.368872549019606,135.48926886898604,CDC42;RHOA
GO_Biological_Process_2023,Telomere Maintenance Via Telomerase (GO:0007004),2/19,0.0038490389794238,0.0192217964838706,0,0,24.368872549019606,135.48926886898604,HSP90AA1;HSP90AB1
GO_Biological_Process_2023,Interleukin-1-Mediated Signaling Pathway (GO:0070498),2/19,0.0038490389794238,0.0192217964838706,0,0,24.368872549019606,135.48926886898604,IL1B;MAPK3
GO_Biological_Process_2023,Negative Regulation Of Cyclin-Dependent Protein Serine/Threonine Kinase Activity (GO:0045736),2/19,0.0038490389794238,0.0192217964838706,0,0,24.368872549019606,135.48926886898604,CDKN2A;PTEN
GO_Biological_Process_2023,Positive Regulation Of T Cell Proliferation (GO:0042102),3/65,0.003999500085518,0.0199126625469884,0,0,10.105263157894736,55.79707861180505,IL6;IL1B;IL2
GO_Biological_Process_2023,Negative Regulation Of Endopeptidase Activity (GO:0010951),3/66,0.0041752147260299,0.0207247063289039,0,0,9.94436090225564,54.48107113000478,SERPINB2;AKT1;GAPDH
GO_Biological_Process_2023,Cellular Response To Estradiol Stimulus (GO:0071392),2/20,0.0042631105931237,0.0207842454139536,0,0,23.01388888888889,125.60419474591951,ESR1;EGFR
GO_Biological_Process_2023,Hydrogen Peroxide Catabolic Process (GO:0042744),2/20,0.0042631105931237,0.0207842454139536,0,0,23.01388888888889,125.60419474591951,PXDN;PXDNL
GO_Biological_Process_2023,Lipopolysaccharide-Mediated Signaling Pathway (GO:0031663),2/20,0.0042631105931237,0.0207842454139536,0,0,23.01388888888889,125.60419474591951,IL1B;TNF
GO_Biological_Process_2023,Microglial Cell Activation (GO:0001774),2/20,0.0042631105931237,0.0207842454139536,0,0,23.01388888888889,125.60419474591951,IFNG;TNF
GO_Biological_Process_2023,Negative Regulation Of Cyclin-Dependent Protein Kinase Activity (GO:1904030),2/20,0.0042631105931237,0.0207842454139536,0,0,23.01388888888889,125.60419474591951,CDKN2A;PTEN
GO_Biological_Process_2023,Negative Regulation Of miRNA Transcription (GO:1902894),2/20,0.0042631105931237,0.0207842454139536,0,0,23.01388888888889,125.60419474591951,ESR1;HIF1A
GO_Biological_Process_2023,Positive Regulation Of Cell Motility (GO:2000147),5/221,0.0046544662329342,0.0225270308752707,0,0,4.899940262843488,26.312326612493003,CDC42;HSPA5;IL1B;STAT3;EGFR
GO_Biological_Process_2023,Regulation Of Steroid Metabolic Process (GO:0019218),2/21,0.0046968813769494,0.0225270308752707,0,0,21.801535087719294,116.87490168066948,UGT1A10;UGT1A8
GO_Biological_Process_2023,Negative Regulation Of miRNA Metabolic Process (GO:2000629),2/21,0.0046968813769494,0.0225270308752707,0,0,21.801535087719294,116.87490168066948,ESR1;HIF1A
GO_Biological_Process_2023,Positive Regulation Of T Cell Cytokine Production (GO:0002726),2/21,0.0046968813769494,0.0225270308752707,0,0,21.801535087719294,116.87490168066948,IL6;IL1B
GO_Biological_Process_2023,Positive Regulation Of Amyloid Precursor Protein Catabolic Process (GO:1902993),2/21,0.0046968813769494,0.0225270308752707,0,0,21.801535087719294,116.87490168066948,IFNG;TNF
GO_Biological_Process_2023,Regulation Of Endopeptidase Activity (GO:0052548),3/69,0.0047302651564019,0.0225270308752707,0,0,9.49090909090909,50.81218251342342,SERPINB2;AKT1;GAPDH
GO_Biological_Process_2023,Regulation Of Heart Contraction (GO:0008016),3/69,0.0047302651564019,0.0225270308752707,0,0,9.49090909090909,50.81218251342342,TH;CALM3;NKX2-5
GO_Biological_Process_2023,Positive Regulation Of Phosphatidylinositol 3-Kinase Signaling (GO:0014068),3/69,0.0047302651564019,0.0225270308752707,0,0,9.49090909090909,50.81218251342342,SRC;FN1;TNF
GO_Biological_Process_2023,Regulation Of Notch Signaling Pathway (GO:0008593),3/70,0.0049246997696469,0.0233852072876587,0,0,9.34878240377062,49.67468020080569,SRC;STAT3;AKT1
GO_Biological_Process_2023,Cell-Cell Junction Assembly (GO:0007043),3/71,0.0051238990120564,0.0239031082873922,0,0,9.210835913312694,48.57647122513271,DSG1;CTNNB1;RHOA
GO_Biological_Process_2023,Regulation Of Mononuclear Cell Migration (GO:0071675),2/22,0.0051501523638081,0.0239031082873922,0,0,20.710416666666667,109.117572469987,TNF;MAPK3
GO_Biological_Process_2023,Regulation Of Vascular Endothelial Growth Factor Receptor Signaling Pathway (GO:0030947),2/22,0.0051501523638081,0.0239031082873922,0,0,20.710416666666667,109.117572469987,IL1B;HIF1A
GO_Biological_Process_2023,Response To Gamma Radiation (GO:0010332),2/22,0.0051501523638081,0.0239031082873922,0,0,20.710416666666667,109.117572469987,MYC;TP53
GO_Biological_Process_2023,Negative Regulation Of Cell Communication (GO:0010648),2/22,0.0051501523638081,0.0239031082873922,0,0,20.710416666666667,109.117572469987,HSP90AB1;IL1B
GO_Biological_Process_2023,Negative Regulation Of Extrinsic Apoptotic Signaling Pathway In Absence Of Ligand (GO:2001240),2/22,0.0051501523638081,0.0239031082873922,0,0,20.710416666666667,109.117572469987,IL1B;TNF
GO_Biological_Process_2023,Negative Regulation Of Signal Transduction In Absence Of Ligand (GO:1901099),2/22,0.0051501523638081,0.0239031082873922,0,0,20.710416666666667,109.117572469987,IL1B;TNF
GO_Biological_Process_2023,Positive Regulation Of Excitatory Postsynaptic Potential (GO:2000463),2/22,0.0051501523638081,0.0239031082873922,0,0,20.710416666666667,109.117572469987,PTEN;GRIN2B
GO_Biological_Process_2023,Apoptotic Process (GO:0006915),5/228,0.0053039313548521,0.0245202566539255,0,0,4.744442837166691,24.85759241760777,IFNG;MYC;IL1B;AKT1;GAPDH
GO_Biological_Process_2023,Cellular Response To Hypoxia (GO:0071456),3/72,0.0053278950854847,0.0245202566539255,0,0,9.076887871853549,47.51568389144995,MYC;TP53;HIF1A
GO_Biological_Process_2023,Negative Regulation Of Catabolic Process (GO:0009895),3/72,0.0053278950854847,0.0245202566539255,0,0,9.076887871853549,47.51568389144995,IL1B;TNF;EGFR
GO_Biological_Process_2023,Ras Protein Signal Transduction (GO:0007265),4/144,0.0055190542109862,0.0252696014696844,0,0,6.006686930091186,31.232061650920063,CDKN2A;KRAS;TP53;RHOA
GO_Biological_Process_2023,Cellular Response To Decreased Oxygen Levels (GO:0036294),3/73,0.0055367193817797,0.0252696014696844,0,0,8.946766917293234,46.49056021123564,MYC;TP53;HIF1A
GO_Biological_Process_2023,Protein-Containing Complex Assembly (GO:0065003),6/328,0.0055368572909838,0.0252696014696844,0,0,3.965703483661896,20.607096905192105,HSP90AA1;HSP90AB1;HSPA4;SRC;FN1;TP53
GO_Biological_Process_2023,Negative Regulation Of Multicellular Organismal Process (GO:0051241),5/231,0.0056010149543781,0.0253099695051897,0,0,4.680749833476068,24.26878663538864,IFNG;IL1B;PTEN;TNF;EGFR
GO_Biological_Process_2023,Regulation Of Lipid Catabolic Process (GO:0050994),2/23,0.0056227260312807,0.0253099695051897,0,0,19.723214285714285,102.18476366317736,IL1B;TNF
GO_Biological_Process_2023,Axon Extension (GO:0048675),2/23,0.0056227260312807,0.0253099695051897,0,0,19.723214285714285,102.18476366317736,HSP90AA1;HSP90AB1
GO_Biological_Process_2023,Endocrine System Development (GO:0035270),2/23,0.0056227260312807,0.0253099695051897,0,0,19.723214285714285,102.18476366317736,SOX2;NKX2-5
GO_Biological_Process_2023,Positive Regulation Of Neuron Apoptotic Process (GO:0043525),2/23,0.0056227260312807,0.0253099695051897,0,0,19.723214285714285,102.18476366317736,CTNNB1;TNF
GO_Biological_Process_2023,Positive Regulation Of Lymphocyte Proliferation (GO:0050671),3/74,0.0057504024912356,0.0257436275016353,0,0,8.820311341734618,45.499447528056784,IL6;IL1B;IL2
GO_Biological_Process_2023,Regulation Of Cell Cycle G1/S Phase Transition (GO:1902806),3/74,0.0057504024912356,0.0257436275016353,0,0,8.820311341734618,45.499447528056784,SOX2;CDKN2A;PTEN
GO_Biological_Process_2023,Positive Regulation Of Cellular Catabolic Process (GO:0031331),4/146,0.0057924721427017,0.0258493885857204,0,0,5.9214863649985015,30.502737533953276,IFNG;IL1B;TNF;HIF1A
GO_Biological_Process_2023,Positive Regulation Of Developmental Process (GO:0051094),5/233,0.0058054926281989,0.0258493885857204,0,0,4.639219015280136,23.88711048187876,HSP90AB1;SRC;KRT2;CTNNB1;TNF
GO_Biological_Process_2023,Regulation Of Fat Cell Differentiation (GO:0045598),3/75,0.0059689742106584,0.0265054719678697,0,0,8.697368421052632,44.540790866082354,IL6;AKT1;TNF
GO_Biological_Process_2023,Regulation Of Cysteine-Type Endopeptidase Activity (GO:2000116),2/24,0.0061144062849993,0.0267892520700104,0,0,18.825757575757574,95.95691213064543,SOX2;GRIN2B
GO_Biological_Process_2023,ERK1 And ERK2 Cascade (GO:0070371),2/24,0.0061144062849993,0.0267892520700104,0,0,18.825757575757574,95.95691213064543,MYC;CDK1
GO_Biological_Process_2023,Regulation Of Heterotypic Cell-Cell Adhesion (GO:0034114),2/24,0.0061144062849993,0.0267892520700104,0,0,18.825757575757574,95.95691213064543,IL1B;TNF
GO_Biological_Process_2023,Positive Regulation Of Interleukin-17 Production (GO:0032740),2/24,0.0061144062849993,0.0267892520700104,0,0,18.825757575757574,95.95691213064543,IL6;IL2
GO_Biological_Process_2023,Positive Regulation Of Lipid Metabolic Process (GO:0045834),2/24,0.0061144062849993,0.0267892520700104,0,0,18.825757575757574,95.95691213064543,IL1B;AKT1
GO_Biological_Process_2023,Positive Regulation Of Interleukin-2 Production (GO:0032743),2/25,0.0066249984591573,0.028872340764975,0,0,18.006340579710145,90.33610260135455,CD4;IL1B
GO_Biological_Process_2023,Regulation Of Cell Size (GO:0008361),2/25,0.0066249984591573,0.028872340764975,0,0,18.006340579710145,90.33610260135455,PTEN;RHOA
GO_Biological_Process_2023,Positive Regulation Of Tumor Necrosis Factor Production (GO:0032760),3/78,0.0066543072834597,0.028900417806581,0,0,8.348210526315789,41.84532947969452,IL6;IFNG;STAT3
GO_Biological_Process_2023,Positive Regulation Of NF-kappaB Transcription Factor Activity (GO:0051092),4/152,0.0066666210278114,0.028900417806581,0,0,5.679700977573318,28.458949060532543,IL6;IL1B;STAT3;TNF
GO_Biological_Process_2023,Regulation Of Nucleic Acid-Templated Transcription (GO:1903506),7/452,0.006815212416661,0.0294668263173003,0,0,3.363353500432152,16.778418698010427,SOX2;ONECUT1;STAT3;POU6F2;TP53;ESR1;HIF1A
GO_Biological_Process_2023,Regulation Of Neuron Differentiation (GO:0045664),3/79,0.0068927158524455,0.0297237064188135,0,0,8.237950138504155,41.00266765675295,SOX2;NKX2-5;RHOA
GO_Biological_Process_2023,Cellular Response To Growth Factor Stimulus (GO:0071363),4/155,0.007134767053637,0.0300627370305806,0,0,5.566013808651543,27.51155767119538,ERBB2;AKT1;CTNNB1;EGFR
GO_Biological_Process_2023,Positive Regulation Of Response To External Stimulus (GO:0032103),4/155,0.007134767053637,0.0300627370305806,0,0,5.566013808651543,27.51155767119538,IFNG;IL1B;TNF;IL2
GO_Biological_Process_2023,Regulation Of Cytokinesis (GO:0032465),3/80,0.0071361504201865,0.0300627370305806,0,0,8.130553656869447,40.18592656791809,CDC42;CALM3;RHOA
GO_Biological_Process_2023,Negative Regulation Of Nucleic Acid-Templated Transcription (GO:1903507),7/456,0.0071386068148245,0.0300627370305806,0,0,3.332705156758609,16.471020887564123,JUN;IFNG;CDKN2A;CTNNB1;NKX2-5;TP53;TNF
GO_Biological_Process_2023,"Wnt Signaling Pathway, Planar Cell Polarity Pathway (GO:0060071)",2/26,0.007154309299426,0.0300627370305806,0,0,17.255208333333332,85.24142635656123,CDC42;RHOA
GO_Biological_Process_2023,Response To Glucocorticoid (GO:0051384),2/26,0.007154309299426,0.0300627370305806,0,0,17.255208333333332,85.24142635656123,IL6;TNF
GO_Biological_Process_2023,Dendritic Spine Organization (GO:0097061),2/26,0.007154309299426,0.0300627370305806,0,0,17.255208333333332,85.24142635656123,CDC42;PTEN
GO_Biological_Process_2023,Telomere Maintenance Via Telomere Lengthening (GO:0010833),2/26,0.007154309299426,0.0300627370305806,0,0,17.255208333333332,85.24142635656123,HSP90AA1;HSP90AB1
GO_Biological_Process_2023,Plasma Membrane Invagination (GO:0099024),2/26,0.007154309299426,0.0300627370305806,0,0,17.255208333333332,85.24142635656123,CDC42;RHOA
GO_Biological_Process_2023,Positive Regulation Of Erythrocyte Differentiation (GO:0045648),2/26,0.007154309299426,0.0300627370305806,0,0,17.255208333333332,85.24142635656123,STAT3;HIF1A
GO_Biological_Process_2023,Regulation Of Phosphorylation (GO:0042325),3/82,0.007638197689107,0.0317158582817299,0,0,7.923917388407728,38.62587705344271,CDKN2A;FN1;EGFR
GO_Biological_Process_2023,Negative Regulation Of Apoptotic Signaling Pathway (GO:2001234),3/82,0.007638197689107,0.0317158582817299,0,0,7.923917388407728,38.62587705344271,SRC;AKT1;TNF
GO_Biological_Process_2023,Positive Regulation Of Tumor Necrosis Factor Superfamily Cytokine Production (GO:1903557),3/82,0.007638197689107,0.0317158582817299,0,0,7.923917388407728,38.62587705344271,IL6;IFNG;STAT3
GO_Biological_Process_2023,Regulation Of Extrinsic Apoptotic Signaling Pathway In Absence Of Ligand (GO:2001239),2/27,0.0077021469594706,0.0317158582817299,0,0,16.564166666666665,80.60547812798312,IL1B;TNF
GO_Biological_Process_2023,Regulation Of Immunoglobulin Production (GO:0002637),2/27,0.0077021469594706,0.0317158582817299,0,0,16.564166666666665,80.60547812798312,IL6;IL2
GO_Biological_Process_2023,Cardiac Muscle Cell Differentiation (GO:0055007),2/27,0.0077021469594706,0.0317158582817299,0,0,16.564166666666665,80.60547812798312,KDM6B;NKX2-5
GO_Biological_Process_2023,Cellular Response To Epidermal Growth Factor Stimulus (GO:0071364),2/27,0.0077021469594706,0.0317158582817299,0,0,16.564166666666665,80.60547812798312,ERBB2;EGFR
GO_Biological_Process_2023,Positive Regulation Of Ubiquitin-Protein Transferase Activity (GO:0051443),2/27,0.0077021469594706,0.0317158582817299,0,0,16.564166666666665,80.60547812798312,PTEN;MAGEC2
GO_Biological_Process_2023,Response To Lipopolysaccharide (GO:0032496),4/159,0.0077920831970182,0.0320059817317526,0,0,5.421276595744681,26.31838435395956,IL6;IL1B;NFKB1;RHOA
GO_Biological_Process_2023,Cell-Substrate Junction Assembly (GO:0007044),2/28,0.0082683209877426,0.0335428429206449,0,0,15.926282051282053,76.37167960516742,SRC;FN1
GO_Biological_Process_2023,Negative Regulation Of Signaling (GO:0023057),2/28,0.0082683209877426,0.0335428429206449,0,0,15.926282051282053,76.37167960516742,HSP90AB1;IL1B
GO_Biological_Process_2023,Negative Regulation Of Wound Healing (GO:0061045),2/28,0.0082683209877426,0.0335428429206449,0,0,15.926282051282053,76.37167960516742,PTEN;TNF
GO_Biological_Process_2023,Positive Regulation Of Fibroblast Proliferation (GO:0048146),2/28,0.0082683209877426,0.0335428429206449,0,0,15.926282051282053,76.37167960516742,MYC;FN1
GO_Biological_Process_2023,Protein Insertion Into Mitochondrial Membrane (GO:0051204),2/28,0.0082683209877426,0.0335428429206449,0,0,15.926282051282053,76.37167960516742,HSP90AA1;HSPA4
GO_Biological_Process_2023,Regulation Of Kinase Activity (GO:0043549),3/85,0.0084295703399988,0.0339455491877893,0,0,7.632862644415918,36.45462432056075,CD4;ERBB2;EGFR
GO_Biological_Process_2023,Integrin-Mediated Signaling Pathway (GO:0007229),3/85,0.0084295703399988,0.0339455491877893,0,0,7.632862644415918,36.45462432056075,CDC42;SRC;FN1
GO_Biological_Process_2023,Positive Regulation Of Canonical Wnt Signaling Pathway (GO:0090263),3/85,0.0084295703399988,0.0339455491877893,0,0,7.632862644415918,36.45462432056075,GPC5;EGFR;NFKB1
GO_Biological_Process_2023,Regulation Of Establishment Of Planar Polarity (GO:0090175),2/29,0.0088526423206307,0.0350479309224007,0,0,15.335648148148149,72.49221144466206,CDC42;RHOA
GO_Biological_Process_2023,Regulation Of Striated Muscle Contraction (GO:0006942),2/29,0.0088526423206307,0.0350479309224007,0,0,15.335648148148149,72.49221144466206,CALM3;NKX2-5
GO_Biological_Process_2023,Response To Alcohol (GO:0097305),2/29,0.0088526423206307,0.0350479309224007,0,0,15.335648148148149,72.49221144466206,TH;GRIN2B
GO_Biological_Process_2023,Integrated Stress Response Signaling (GO:0140467),2/29,0.0088526423206307,0.0350479309224007,0,0,15.335648148148149,72.49221144466206,JUN;FOS
GO_Biological_Process_2023,Morphogenesis Of An Epithelium (GO:0002009),2/29,0.0088526423206307,0.0350479309224007,0,0,15.335648148148149,72.49221144466206,FLG2;SOX10
GO_Biological_Process_2023,Positive Regulation Of Dephosphorylation (GO:0035306),2/29,0.0088526423206307,0.0350479309224007,0,0,15.335648148148149,72.49221144466206,SRC;CALM3
GO_Biological_Process_2023,Positive Regulation Of Endopeptidase Activity (GO:0010950),2/29,0.0088526423206307,0.0350479309224007,0,0,15.335648148148149,72.49221144466206,STAT3;GRIN2B
GO_Biological_Process_2023,Negative Regulation Of Blood Coagulation (GO:0030195),2/30,0.0094549232771874,0.0370750332802362,0,0,14.78720238095238,68.92639891921714,SERPINB2;KRT1
GO_Biological_Process_2023,Negative Regulation Of Myeloid Leukocyte Differentiation (GO:0002762),2/30,0.0094549232771874,0.0370750332802362,0,0,14.78720238095238,68.92639891921714,MYC;CARTPT
GO_Biological_Process_2023,Positive Regulation Of Cell Communication (GO:0010647),2/30,0.0094549232771874,0.0370750332802362,0,0,14.78720238095238,68.92639891921714,CARTPT;TNF
GO_Biological_Process_2023,Positive Regulation Of Interleukin-10 Production (GO:0032733),2/30,0.0094549232771874,0.0370750332802362,0,0,14.78720238095238,68.92639891921714,IL6;STAT3
GO_Biological_Process_2023,Cellular Response To Peptide Hormone Stimulus (GO:0071375),3/89,0.009557153892529,0.0372978713668059,0,0,7.276376988984088,33.83853874231892,SRC;AKT1;NFKB1
GO_Biological_Process_2023,Regulation Of Vesicle-Mediated Transport (GO:0060627),3/89,0.009557153892529,0.0372978713668059,0,0,7.276376988984088,33.83853874231892,SRC;CPLX2;MAPK3
GO_Biological_Process_2023,Modulation Of Excitatory Postsynaptic Potential (GO:0098815),2/31,0.0100749775421434,0.0387662484818308,0,0,14.276580459770114,65.6394396936512,PTEN;GRIN2B
GO_Biological_Process_2023,Negative Regulation Of DNA Biosynthetic Process (GO:2000279),2/31,0.0100749775421434,0.0387662484818308,0,0,14.276580459770114,65.6394396936512,SRC;TP53
GO_Biological_Process_2023,Positive Regulation Of G1/S Transition Of Mitotic Cell Cycle (GO:1900087),2/31,0.0100749775421434,0.0387662484818308,0,0,14.276580459770114,65.6394396936512,AKT1;EGFR
GO_Biological_Process_2023,Positive Regulation Of Lamellipodium Organization (GO:1902745),2/31,0.0100749775421434,0.0387662484818308,0,0,14.276580459770114,65.6394396936512,CDC42;SRC
GO_Biological_Process_2023,Positive Regulation Of Leukocyte Migration (GO:0002687),2/31,0.0100749775421434,0.0387662484818308,0,0,14.276580459770114,65.6394396936512,IL6;TNF
GO_Biological_Process_2023,Receptor Signaling Pathway Via STAT (GO:0097696),2/31,0.0100749775421434,0.0387662484818308,0,0,14.276580459770114,65.6394396936512,IFNG;STAT3
GO_Biological_Process_2023,Steroid Metabolic Process (GO:0008202),3/92,0.0104578536944892,0.0401454523832847,0,0,7.030041395623892,32.05981507360173,UGT1A10;CYP2A6;UGT1A8
GO_Biological_Process_2023,Positive Regulation Of Apoptotic Process (GO:0043065),5/270,0.0106006029697779,0.0405985796721333,0,0,3.9839724081963888,18.114502616196248,JUN;IL6;CTNNB1;TP53;TNF
GO_Biological_Process_2023,NIK/NF-kappaB Signaling (GO:0038061),2/32,0.0107126201662225,0.0407426734562584,0,0,13.8,62.60139233277731,DICER1;NFKB1
GO_Biological_Process_2023,Negative Regulation Of Fat Cell Differentiation (GO:0045599),2/32,0.0107126201662225,0.0407426734562584,0,0,13.8,62.60139233277731,IL6;TNF
GO_Biological_Process_2023,Positive Regulation Of Telomere Maintenance Via Telomerase (GO:0032212),2/32,0.0107126201662225,0.0407426734562584,0,0,13.8,62.60139233277731,CTNNB1;MAPK3
GO_Biological_Process_2023,Positive Regulation Of I-kappaB kinase/NF-kappaB Signaling (GO:0043123),4/175,0.0108169577969563,0.0410444842041553,0,0,4.910041060097051,22.225989294843764,CD4;TNF;GAPDH;RHOA
GO_Biological_Process_2023,Positive Regulation Of Hydrolase Activity (GO:0051345),4/176,0.0110278120833,0.0417481457439215,0,0,4.8812469074715485,22.001414179998296,ERBB2;CALM3;PRTN3;RHOA
GO_Biological_Process_2023,Cellular Response To Hormone Stimulus (GO:0032870),3/94,0.0110847852040572,0.0418673611270482,0,0,6.874840948525159,30.95178388759313,SRC;STAT3;ESR1
GO_Biological_Process_2023,Negative Regulation Of Blood Vessel Endothelial Cell Migration (GO:0043537),2/33,0.0113676675520262,0.0424479040635889,0,0,13.354166666666666,59.78636556519184,TNF;RHOA
GO_Biological_Process_2023,Positive Regulation Of Notch Signaling Pathway (GO:0045747),2/33,0.0113676675520262,0.0424479040635889,0,0,13.354166666666666,59.78636556519184,SRC;STAT3
GO_Biological_Process_2023,Positive Regulation Of RNA Metabolic Process (GO:0051254),2/33,0.0113676675520262,0.0424479040635889,0,0,13.354166666666666,59.78636556519184,IL1B;NFKB1
GO_Biological_Process_2023,Positive Regulation Of Protein Dephosphorylation (GO:0035307),2/33,0.0113676675520262,0.0424479040635889,0,0,13.354166666666666,59.78636556519184,HSP90AB1;CALM3
GO_Biological_Process_2023,Regulation Of Amyloid-Beta Formation (GO:1902003),2/33,0.0113676675520262,0.0424479040635889,0,0,13.354166666666666,59.78636556519184,IFNG;TNF
GO_Biological_Process_2023,Negative Regulation Of Cytokine Production (GO:0001818),4/178,0.0114574503509483,0.0426861472258688,0,0,4.8246515040352165,21.56192276788873,IL6;IFNG;FN1;TNF
GO_Biological_Process_2023,Positive Regulation Of ERK1 And ERK2 Cascade (GO:0070374),4/179,0.0116762578129357,0.0434029221417498,0,0,4.7968389057750755,21.346881684711462,CD4;TNF;EGFR;MAPK3
GO_Biological_Process_2023,Regulation Of Protein Metabolic Process (GO:0051246),3/96,0.0117330392948656,0.0435155385134632,0,0,6.726315789473684,29.900804658388942,HSP90AB1;AKT1;NFKB1
GO_Biological_Process_2023,Positive Regulation Of Immunoglobulin Production (GO:0002639),2/34,0.0120399374455695,0.0445531919438531,0,0,12.936197916666666,57.17186348229599,IL6;IL2
GO_Biological_Process_2023,Regulation Of Cellular Senescence (GO:2000772),2/35,0.0127292489289027,0.0464759022004158,0,0,12.543560606060606,54.738252928694735,PTEN;TP53
GO_Biological_Process_2023,Dendrite Morphogenesis (GO:0048813),2/35,0.0127292489289027,0.0464759022004158,0,0,12.543560606060606,54.738252928694735,CDC42;PTEN
GO_Biological_Process_2023,Macrophage Activation (GO:0042116),2/35,0.0127292489289027,0.0464759022004158,0,0,12.543560606060606,54.738252928694735,IFNG;TNF
GO_Biological_Process_2023,Negative Regulation Of Cell Cycle G1/S Phase Transition (GO:1902807),2/35,0.0127292489289027,0.0464759022004158,0,0,12.543560606060606,54.738252928694735,SOX2;PTEN
GO_Biological_Process_2023,Positive Regulation Of Telomere Maintenance Via Telomere Lengthening (GO:1904358),2/35,0.0127292489289027,0.0464759022004158,0,0,12.543560606060606,54.738252928694735,CTNNB1;MAPK3
GO_Biological_Process_2023,Regulation Of Cardiac Muscle Contraction (GO:0055117),2/35,0.0127292489289027,0.0464759022004158,0,0,12.543560606060606,54.738252928694735,CALM3;NKX2-5
GO_Biological_Process_2023,Response To UV (GO:0009411),3/100,0.0130939766052085,0.0477015600052275,0,0,6.447639717851329,27.954405817650994,MYC;TP53;EGFR
GO_Biological_Process_2023,Regulation Of Erythrocyte Differentiation (GO:0045646),2/36,0.0134354224146864,0.0481973777889296,0,0,12.174019607843135,52.46832740335703,STAT3;HIF1A
GO_Biological_Process_2023,Substrate Adhesion-Dependent Cell Spreading (GO:0034446),2/36,0.0134354224146864,0.0481973777889296,0,0,12.174019607843135,52.46832740335703,FN1;RHOA
GO_Biological_Process_2023,Neural Crest Cell Migration (GO:0001755),2/36,0.0134354224146864,0.0481973777889296,0,0,12.174019607843135,52.46832740335703,FN1;SOX10
GO_Biological_Process_2023,Positive Regulation Of Myeloid Cell Differentiation (GO:0045639),2/36,0.0134354224146864,0.0481973777889296,0,0,12.174019607843135,52.46832740335703,STAT3;HIF1A
GO_Biological_Process_2023,Positive Regulation Of Phospholipase C Activity (GO:0010863),2/36,0.0134354224146864,0.0481973777889296,0,0,12.174019607843135,52.46832740335703,ESR1;EGFR
GO_Biological_Process_2023,Positive Regulation Of Signaling Receptor Activity (GO:2000273),2/36,0.0134354224146864,0.0481973777889296,0,0,12.174019607843135,52.46832740335703,IFNG;HIF1A
GO_Biological_Process_2023,Receptor Signaling Pathway Via JAK-STAT (GO:0007259),2/36,0.0134354224146864,0.0481973777889296,0,0,12.174019607843135,52.46832740335703,IFNG;STAT3
GO_Biological_Process_2023,Axonogenesis (GO:0007409),4/188,0.013767209206856,0.0492800102981798,0,0,4.560129509713229,19.54227841337782,HSP90AA1;HSP90AB1;PTEN;CCK
GO_Biological_Process_2023,Aortic Valve Morphogenesis (GO:0003180),2/37,0.0141582796299556,0.0499185695966031,0,0,11.825595238095238,50.34694777140265,NKX2-5;RHOA
GO_Biological_Process_2023,Regulation Of Phosphoprotein Phosphatase Activity (GO:0043666),2/37,0.0141582796299556,0.0499185695966031,0,0,11.825595238095238,50.34694777140265,HSP90AB1;CALM3
GO_Biological_Process_2023,Regulation Of Vascular Associated Smooth Muscle Cell Proliferation (GO:1904705),2/37,0.0141582796299556,0.0499185695966031,0,0,11.825595238095238,50.34694777140265,JUN;PTEN
GO_Biological_Process_2023,Negative Regulation Of Smooth Muscle Cell Proliferation (GO:0048662),2/37,0.0141582796299556,0.0499185695966031,0,0,11.825595238095238,50.34694777140265,IFNG;PTEN
GO_Biological_Process_2023,Negative Regulation Of Transferase Activity (GO:0051348),2/37,0.0141582796299556,0.0499185695966031,0,0,11.825595238095238,50.34694777140265,SRC;TP53
GO_Biological_Process_2023,Positive Regulation Of Receptor Signaling Pathway Via JAK-STAT (GO:0046427),2/37,0.0141582796299556,0.0499185695966031,0,0,11.825595238095238,50.34694777140265,IL6;TNF
GO_Biological_Process_2023,Positive Regulation Of Receptor Signaling Pathway Via STAT (GO:1904894),2/37,0.0141582796299556,0.0499185695966031,0,0,11.825595238095238,50.34694777140265,IL6;TNF
GO_Biological_Process_2023,Neuron Projection Development (GO:0031175),4/192,0.0147681326965596,0.0519572634270825,0,0,4.462200090538706,18.809438932293663,CDC42;IL6;PTEN;DICER1
GO_Biological_Process_2023,Tumor Necrosis Factor-Mediated Signaling Pathway (GO:0033209),2/38,0.0148976436191685,0.0520352436755228,0,0,11.49652777777778,48.360744502255336,TNF;TP53
GO_Biological_Process_2023,Heart Looping (GO:0001947),2/38,0.0148976436191685,0.0520352436755228,0,0,11.49652777777778,48.360744502255336,ZIC3;NKX2-5
GO_Biological_Process_2023,Positive Regulation Of Production Of Molecular Mediator Of Immune Response (GO:0002702),2/38,0.0148976436191685,0.0520352436755228,0,0,11.49652777777778,48.360744502255336,IL6;IL2
GO_Biological_Process_2023,Negative Regulation Of MAPK Cascade (GO:0043409),3/105,0.0149169809928005,0.0520352436755228,0,0,6.130030959752322,25.77834365633598,MYC;IL1B;PTEN
GO_Biological_Process_2023,Regulation Of Intracellular Signal Transduction (GO:1902531),5/297,0.0154634609797187,0.0538272593001649,0,0,3.610620120783621,15.053669627179191,IL1B;PTEN;AKT1;TNF;EGFR
GO_Biological_Process_2023,Digestive Tract Development (GO:0048565),2/39,0.0156533387207346,0.054023898661504,0,0,11.185247747747749,46.49786957643177,ZIC3;TNF
GO_Biological_Process_2023,Negative Regulation Of Cell-Substrate Adhesion (GO:0010812),2/39,0.0156533387207346,0.054023898661504,0,0,11.185247747747749,46.49786957643177,CDKN2A;RHOA
GO_Biological_Process_2023,Positive Regulation Of Cytokinesis (GO:0032467),2/39,0.0156533387207346,0.054023898661504,0,0,11.185247747747749,46.49786957643177,CDC42;RHOA
GO_Biological_Process_2023,Positive Regulation Of Intrinsic Apoptotic Signaling Pathway (GO:2001244),2/39,0.0156533387207346,0.054023898661504,0,0,11.185247747747749,46.49786957643177,MYC;TP53
GO_Biological_Process_2023,Positive Regulation Of T Cell Activation (GO:0050870),3/107,0.0156843576759205,0.054023898661504,0,0,6.0115384615384615,24.978491700180875,IL6;IL1B;ACTB
GO_Biological_Process_2023,Positive Regulation Of Metabolic Process (GO:0009893),3/108,0.0160762619126577,0.0552579462813738,0,0,5.953984962406015,24.59240802131859,KDM6B;IFNG;TNF
GO_Biological_Process_2023,Regulation Of Glycolytic Process (GO:0006110),2/40,0.0164251905747383,0.055988772021359,0,0,10.890350877192985,44.74778866221147,IFNG;HIF1A
GO_Biological_Process_2023,Cellular Response To Heat (GO:0034605),2/40,0.0164251905747383,0.055988772021359,0,0,10.890350877192985,44.74778866221147,HSP90AA1;HSP90AB1
GO_Biological_Process_2023,Establishment Or Maintenance Of Epithelial Cell Apical/Basal Polarity (GO:0045197),2/40,0.0164251905747383,0.055988772021359,0,0,10.890350877192985,44.74778866221147,CDC42;RHOA
GO_Biological_Process_2023,Positive Regulation Of Cell Cycle G1/S Phase Transition (GO:1902808),2/40,0.0164251905747383,0.055988772021359,0,0,10.890350877192985,44.74778866221147,AKT1;EGFR
GO_Biological_Process_2023,Positive Regulation Of Wnt Signaling Pathway (GO:0030177),3/109,0.0164736536291714,0.0560377078938481,0,0,5.897517378351539,24.215164624597787,GPC5;EGFR;NFKB1
GO_Biological_Process_2023,Stem Cell Differentiation (GO:0048863),2/41,0.0172130261043786,0.0583113441020496,0,0,10.610576923076923,43.10110621282299,CTNNB1;TP53
GO_Biological_Process_2023,Non-Canonical Wnt Signaling Pathway (GO:0035567),2/41,0.0172130261043786,0.0583113441020496,0,0,10.610576923076923,43.10110621282299,CDC42;RHOA
GO_Biological_Process_2023,Small GTPase Mediated Signal Transduction (GO:0007264),3/112,0.0176988210477131,0.0598336686859932,0,0,5.7343312409464025,23.133767377497445,CDKN2A;KRAS;TP53
GO_Biological_Process_2023,Branching Morphogenesis Of An Epithelial Tube (GO:0048754),2/42,0.0180166735066111,0.0601654361206548,0,0,10.344791666666667,41.54941756434022,MYC;CTNNB1
GO_Biological_Process_2023,Cellular Response To Glucose Starvation (GO:0042149),2/42,0.0180166735066111,0.0601654361206548,0,0,10.344791666666667,41.54941756434022,HSPA5;TP53
GO_Biological_Process_2023,Determination Of Heart Left/Right Asymmetry (GO:0061371),2/42,0.0180166735066111,0.0601654361206548,0,0,10.344791666666667,41.54941756434022,ZIC3;NKX2-5
GO_Biological_Process_2023,Embryonic Heart Tube Morphogenesis (GO:0003143),2/42,0.0180166735066111,0.0601654361206548,0,0,10.344791666666667,41.54941756434022,ZIC3;NKX2-5
GO_Biological_Process_2023,Modulation By Host Of Symbiont Process (GO:0051851),2/42,0.0180166735066111,0.0601654361206548,0,0,10.344791666666667,41.54941756434022,CDC42;JUN
GO_Biological_Process_2023,Positive Regulation Of Neuron Differentiation (GO:0045666),2/42,0.0180166735066111,0.0601654361206548,0,0,10.344791666666667,41.54941756434022,NKX2-5;RHOA
GO_Biological_Process_2023,Regulation Of Cytoskeleton Organization (GO:0051493),3/114,0.0185431512028613,0.0616728692840104,0,0,5.630440967283072,22.45225475502712,CDC42;RHOA;MAPK3
GO_Biological_Process_2023,Response To Endoplasmic Reticulum Stress (GO:0034976),3/114,0.0185431512028613,0.0616728692840104,0,0,5.630440967283072,22.45225475502712,JUN;HSPA5;TP53
GO_Biological_Process_2023,Intracellular Glucose Homeostasis (GO:0001678),2/43,0.0188359622551266,0.0621435461549659,0,0,10.091971544715449,40.08518331692982,CARTPT;HIF1A
GO_Biological_Process_2023,Intracellular Steroid Hormone Receptor Signaling Pathway (GO:0030518),2/43,0.0188359622551266,0.0621435461549659,0,0,10.091971544715449,40.08518331692982,SRC;ESR1
GO_Biological_Process_2023,Positive Regulation Of Cell Division (GO:0051781),2/43,0.0188359622551266,0.0621435461549659,0,0,10.091971544715449,40.08518331692982,CDC42;RHOA
GO_Biological_Process_2023,Positive Regulation Of Stress Fiber Assembly (GO:0051496),2/43,0.0188359622551266,0.0621435461549659,0,0,10.091971544715449,40.08518331692982,CDC42;RHOA
GO_Biological_Process_2023,Positive Regulation Of Nucleocytoplasmic Transport (GO:0046824),2/44,0.019670723080957,0.0647675311062372,0,0,9.851190476190476,38.70162221679064,IFNG;IL1B
GO_Biological_Process_2023,Positive Regulation Of Cell Cycle Process (GO:0090068),3/118,0.0202981006179601,0.066699558630617,0,0,5.43350114416476,21.17559259564919,CDC42;IL1B;RHOA
GO_Biological_Process_2023,Regulation Of Protein Kinase Activity (GO:0045859),3/119,0.0207506677277022,0.067915034017161,0,0,5.386388384754991,20.873207590812573,CD4;AKT1;CARTPT
GO_Biological_Process_2023,Cellular Response To Tumor Necrosis Factor (GO:0071356),3/119,0.0207506677277022,0.067915034017161,0,0,5.386388384754991,20.873207590812573,AKT1;TP53;TNF
GO_Biological_Process_2023,T Cell Differentiation (GO:0030217),2/46,0.0213859901441864,0.0690317913691518,0,0,9.40246212121212,36.15264773593796,CD4;IL2
GO_Biological_Process_2023,Regulation Of Interleukin-10 Production (GO:0032653),2/46,0.0213859901441864,0.0690317913691518,0,0,9.40246212121212,36.15264773593796,IL6;STAT3
GO_Biological_Process_2023,Regulation Of Nervous System Development (GO:0051960),2/46,0.0213859901441864,0.0690317913691518,0,0,9.40246212121212,36.15264773593796,IL1B;CTNNB1
GO_Biological_Process_2023,Epithelial Cell Migration (GO:0010631),2/46,0.0213859901441864,0.0690317913691518,0,0,9.40246212121212,36.15264773593796,KRT2;RHOA
GO_Biological_Process_2023,Negative Regulation Of Cellular Metabolic Process (GO:0031324),2/46,0.0213859901441864,0.0690317913691518,0,0,9.40246212121212,36.15264773593796,PTEN;UGT1A8
GO_Biological_Process_2023,Positive Regulation Of Blood Vessel Endothelial Cell Migration (GO:0043536),2/46,0.0213859901441864,0.0690317913691518,0,0,9.40246212121212,36.15264773593796,AKT1;HIF1A
GO_Biological_Process_2023,Positive Regulation Of Cell-Cell Adhesion (GO:0022409),2/46,0.0213859901441864,0.0690317913691518,0,0,9.40246212121212,36.15264773593796,IL1B;TNF
GO_Biological_Process_2023,Regulation Of Protein Catabolic Process (GO:0042176),3/122,0.0221415950438532,0.0705568440242653,0,0,5.249800973020787,20.003302529537795,HSP90AA1;TNF;EGFR
GO_Biological_Process_2023,Regulation Of Interleukin-2 Production (GO:0032663),2/47,0.0222661640821538,0.0705568440242653,0,0,9.193055555555556,34.97669950050644,CD4;IL1B
GO_Biological_Process_2023,Secondary Alcohol Metabolic Process (GO:1902652),2/47,0.0222661640821538,0.0705568440242653,0,0,9.193055555555556,34.97669950050644,UGT1A4;UGT1A6
GO_Biological_Process_2023,Epithelial To Mesenchymal Transition (GO:0001837),2/47,0.0222661640821538,0.0705568440242653,0,0,9.193055555555556,34.97669950050644,CTNNB1;HIF1A
GO_Biological_Process_2023,Enzyme-Linked Receptor Protein Signaling Pathway (GO:0007167),3/124,0.0230965783376099,0.0705568440242653,0,0,5.162505437146585,19.452685973652365,CD4;ERBB2;EGFR
GO_Biological_Process_2023,Regulation Of Intrinsic Apoptotic Signaling Pathway (GO:2001242),2/48,0.0231611454752692,0.0705568440242653,0,0,8.992753623188406,33.86022788297273,SRC;TP53
GO_Biological_Process_2023,Regulation Of DNA Binding (GO:0051101),2/48,0.0231611454752692,0.0705568440242653,0,0,8.992753623188406,33.86022788297273,JUN;NME1
GO_Biological_Process_2023,Protein Modification Process (GO:0036211),8/711,0.0234416476563987,0.0705568440242653,0,0,2.4275644065117747,9.111234319493288,KRT2;KRT1;ERBB2;FN1;CDK1;PTEN;AKT1;MAPK3
GO_Biological_Process_2023,Negative Regulation Of Cysteine-Type Endopeptidase Activity Involved In Apoptotic Process (GO:0043154),2/49,0.0240707712465116,0.0705568440242653,0,0,8.800975177304965,32.79909572461701,SRC;TNF
GO_Biological_Process_2023,Neurogenesis (GO:0022008),2/49,0.0240707712465116,0.0705568440242653,0,0,8.800975177304965,32.79909572461701,ERBB2;EGFR
GO_Biological_Process_2023,Positive Regulation Of Intracellular Protein Transport (GO:0090316),3/126,0.024073721455235,0.0705568440242653,0,0,5.078048780487805,18.924031419782978,IFNG;IL1B;ERBB2
GO_Biological_Process_2023,Regulation Of Epinephrine Secretion (GO:0014060),1/5,0.0242633091136396,0.0705568440242653,0,0,51.28350515463917,190.7125852479439,CARTPT
GO_Biological_Process_2023,His-Purkinje System Development (GO:0003164),1/5,0.0242633091136396,0.0705568440242653,0,0,51.28350515463917,190.7125852479439,NKX2-5
GO_Biological_Process_2023,L-phenylalanine Catabolic Process (GO:0006559),1/5,0.0242633091136396,0.0705568440242653,0,0,51.28350515463917,190.7125852479439,TAT
GO_Biological_Process_2023,L-phenylalanine Metabolic Process (GO:0006558),1/5,0.0242633091136396,0.0705568440242653,0,0,51.28350515463917,190.7125852479439,TAT
GO_Biological_Process_2023,Regulation Of Glucagon Secretion (GO:0070092),1/5,0.0242633091136396,0.0705568440242653,0,0,51.28350515463917,190.7125852479439,IL6
GO_Biological_Process_2023,Regulation Of Hormone Biosynthetic Process (GO:0046885),1/5,0.0242633091136396,0.0705568440242653,0,0,51.28350515463917,190.7125852479439,HIF1A
GO_Biological_Process_2023,Regulation Of Hyaluronan Biosynthetic Process (GO:1900125),1/5,0.0242633091136396,0.0705568440242653,0,0,51.28350515463917,190.7125852479439,NFKB1
GO_Biological_Process_2023,Regulation Of Immature T Cell Proliferation In Thymus (GO:0033084),1/5,0.0242633091136396,0.0705568440242653,0,0,51.28350515463917,190.7125852479439,IL1B
GO_Biological_Process_2023,Regulation Of Interleukin-1-Mediated Signaling Pathway (GO:2000659),1/5,0.0242633091136396,0.0705568440242653,0,0,51.28350515463917,190.7125852479439,IL6
GO_Biological_Process_2023,Regulation Of Long-Chain Fatty Acid Import Across Plasma Membrane (GO:0010746),1/5,0.0242633091136396,0.0705568440242653,0,0,51.28350515463917,190.7125852479439,AKT1
GO_Biological_Process_2023,Regulation Of Macrophage Proliferation (GO:0120040),1/5,0.0242633091136396,0.0705568440242653,0,0,51.28350515463917,190.7125852479439,MAPK3
GO_Biological_Process_2023,Astrocyte Differentiation (GO:0048708),1/5,0.0242633091136396,0.0705568440242653,0,0,51.28350515463917,190.7125852479439,STAT3
GO_Biological_Process_2023,Regulation Of Nitric Oxide Mediated Signal Transduction (GO:0010749),1/5,0.0242633091136396,0.0705568440242653,0,0,51.28350515463917,190.7125852479439,EGFR
GO_Biological_Process_2023,Regulation Of Pentose-Phosphate Shunt (GO:0043456),1/5,0.0242633091136396,0.0705568440242653,0,0,51.28350515463917,190.7125852479439,TP53
GO_Biological_Process_2023,Regulation Of Thymocyte Apoptotic Process (GO:0070243),1/5,0.0242633091136396,0.0705568440242653,0,0,51.28350515463917,190.7125852479439,TP53
GO_Biological_Process_2023,Response To Peptidoglycan (GO:0032494),1/5,0.0242633091136396,0.0705568440242653,0,0,51.28350515463917,190.7125852479439,IL6
GO_Biological_Process_2023,Determination Of Liver Left/Right Asymmetry (GO:0071910),1/5,0.0242633091136396,0.0705568440242653,0,0,51.28350515463917,190.7125852479439,ZIC3
GO_Biological_Process_2023,Signal Complex Assembly (GO:0007172),1/5,0.0242633091136396,0.0705568440242653,0,0,51.28350515463917,190.7125852479439,SRC
GO_Biological_Process_2023,Erythrose 4-Phosphate/Phosphoenolpyruvate Family Amino Acid Catabolic Process (GO:1902222),1/5,0.0242633091136396,0.0705568440242653,0,0,51.28350515463917,190.7125852479439,TAT
GO_Biological_Process_2023,tRNA Catabolic Process (GO:0016078),1/5,0.0242633091136396,0.0705568440242653,0,0,51.28350515463917,190.7125852479439,DICER1
GO_Biological_Process_2023,Ventricular Cardiac Muscle Cell Development (GO:0055015),1/5,0.0242633091136396,0.0705568440242653,0,0,51.28350515463917,190.7125852479439,NKX2-5
GO_Biological_Process_2023,Heterocycle Catabolic Process (GO:0046700),1/5,0.0242633091136396,0.0705568440242653,0,0,51.28350515463917,190.7125852479439,CYP2A6
GO_Biological_Process_2023,Intracellular Oxygen Homeostasis (GO:0032364),1/5,0.0242633091136396,0.0705568440242653,0,0,51.28350515463917,190.7125852479439,HIF1A
GO_Biological_Process_2023,Leukocyte Apoptotic Process (GO:0071887),1/5,0.0242633091136396,0.0705568440242653,0,0,51.28350515463917,190.7125852479439,IL6
GO_Biological_Process_2023,Morphogenesis Of An Endothelium (GO:0003159),1/5,0.0242633091136396,0.0705568440242653,0,0,51.28350515463917,190.7125852479439,CTNNB1
GO_Biological_Process_2023,Negative Regulation Of Cardiac Muscle Cell Apoptotic Process (GO:0010667),1/5,0.0242633091136396,0.0705568440242653,0,0,51.28350515463917,190.7125852479439,NKX2-5
GO_Biological_Process_2023,Negative Regulation Of Excitatory Postsynaptic Potential (GO:0090394),1/5,0.0242633091136396,0.0705568440242653,0,0,51.28350515463917,190.7125852479439,PTEN
GO_Biological_Process_2023,Negative Regulation Of Morphogenesis Of An Epithelium (GO:1905331),1/5,0.0242633091136396,0.0705568440242653,0,0,51.28350515463917,190.7125852479439,TNF
GO_Biological_Process_2023,Negative Regulation Of Transcription From RNA Polymerase II Promoter In Response To Stress (GO:0097201),1/5,0.0242633091136396,0.0705568440242653,0,0,51.28350515463917,190.7125852479439,JUN
GO_Biological_Process_2023,Negative Regulation Of Vitamin Metabolic Process (GO:0046137),1/5,0.0242633091136396,0.0705568440242653,0,0,51.28350515463917,190.7125852479439,NFKB1
GO_Biological_Process_2023,Neutrophil Extravasation (GO:0072672),1/5,0.0242633091136396,0.0705568440242653,0,0,51.28350515463917,190.7125852479439,PRTN3
GO_Biological_Process_2023,Photoreceptor Cell Differentiation (GO:0046530),1/5,0.0242633091136396,0.0705568440242653,0,0,51.28350515463917,190.7125852479439,STAT3
GO_Biological_Process_2023,"Positive Regulation Of CD4-positive, CD25-positive, Alpha-Beta Regulatory T Cell Differentiation (GO:0032831)",1/5,0.0242633091136396,0.0705568440242653,0,0,51.28350515463917,190.7125852479439,IFNG
GO_Biological_Process_2023,Positive Regulation Of I-kappaB Phosphorylation (GO:1903721),1/5,0.0242633091136396,0.0705568440242653,0,0,51.28350515463917,190.7125852479439,TNF
GO_Biological_Process_2023,Positive Regulation Of T-helper 1 Cell Cytokine Production (GO:2000556),1/5,0.0242633091136396,0.0705568440242653,0,0,51.28350515463917,190.7125852479439,IL1B
GO_Biological_Process_2023,Positive Regulation Of Extrinsic Apoptotic Signaling Pathway Via Death Domain Receptors (GO:1902043),1/5,0.0242633091136396,0.0705568440242653,0,0,51.28350515463917,190.7125852479439,PTEN
GO_Biological_Process_2023,Positive Regulation Of Fever Generation (GO:0031622),1/5,0.0242633091136396,0.0705568440242653,0,0,51.28350515463917,190.7125852479439,TNF
GO_Biological_Process_2023,Positive Regulation Of Intrinsic Apoptotic Signaling Pathway By P53 Class Mediator (GO:1902255),1/5,0.0242633091136396,0.0705568440242653,0,0,51.28350515463917,190.7125852479439,MYC
GO_Biological_Process_2023,Positive Regulation Of Killing Of Cells Of Another Organism (GO:0051712),1/5,0.0242633091136396,0.0705568440242653,0,0,51.28350515463917,190.7125852479439,IFNG
GO_Biological_Process_2023,Positive Regulation Of Podosome Assembly (GO:0071803),1/5,0.0242633091136396,0.0705568440242653,0,0,51.28350515463917,190.7125852479439,TNF
GO_Biological_Process_2023,Postsynaptic Density Assembly (GO:0097107),1/5,0.0242633091136396,0.0705568440242653,0,0,51.28350515463917,190.7125852479439,PTEN
GO_Biological_Process_2023,Prepulse Inhibition (GO:0060134),1/5,0.0242633091136396,0.0705568440242653,0,0,51.28350515463917,190.7125852479439,PTEN
GO_Biological_Process_2023,Radial Glial Cell Differentiation (GO:0060019),1/5,0.0242633091136396,0.0705568440242653,0,0,51.28350515463917,190.7125852479439,STAT3
GO_Biological_Process_2023,Regulation Of T-helper 1 Cell Cytokine Production (GO:2000554),1/5,0.0242633091136396,0.0705568440242653,0,0,51.28350515463917,190.7125852479439,IL1B
GO_Biological_Process_2023,Regulation Of Apoptotic DNA Fragmentation (GO:1902510),1/5,0.0242633091136396,0.0705568440242653,0,0,51.28350515463917,190.7125852479439,IL6
GO_Biological_Process_2023,Negative Regulation Of Cell Projection Organization (GO:0031345),2/50,0.0249948795228368,0.0724278431323121,0,0,8.6171875,31.789531066243494,PTEN;GRIN2B
GO_Biological_Process_2023,Positive Regulation Of Transport (GO:0051050),2/50,0.0249948795228368,0.0724278431323121,0,0,8.6171875,31.789531066243494,TNF;ACTB
GO_Biological_Process_2023,Chromatin Remodeling (GO:0006338),4/228,0.025865861504636,0.0748197367114735,0,0,3.73822188449848,13.66257023147151,KDM6B;MYC;ESR1;KDM6A
GO_Biological_Process_2023,Positive Regulation Of Actin Filament Bundle Assembly (GO:0032233),2/51,0.025933309647663,0.0748830013200533,0,0,8.440901360544217,30.828088273635288,CDC42;RHOA
GO_Biological_Process_2023,Rho Protein Signal Transduction (GO:0007266),2/52,0.0268859021542303,0.0770916880268767,0,0,8.271666666666667,29.91161399551651,CDC42;RHOA
GO_Biological_Process_2023,Cardiac Muscle Tissue Development (GO:0048738),2/52,0.0268859021542303,0.0770916880268767,0,0,8.271666666666667,29.91161399551651,KDM6B;NKX2-5
GO_Biological_Process_2023,Positive Regulation Of B Cell Activation (GO:0050871),2/52,0.0268859021542303,0.0770916880268767,0,0,8.271666666666667,29.91161399551651,IL6;IL2
GO_Biological_Process_2023,Positive Regulation Of Transcription Initiation By RNA Polymerase II (GO:0060261),2/52,0.0268859021542303,0.0770916880268767,0,0,8.271666666666667,29.91161399551651,NKX2-5;TP53
GO_Biological_Process_2023,Epithelial Cell Differentiation (GO:0030855),3/132,0.0271380070434048,0.0770951806125502,0,0,4.840391676866585,17.45842179701495,KDM6B;CDK1;AKT1
GO_Biological_Process_2023,Regulation Of Cyclin-Dependent Protein Kinase Activity (GO:1904029),2/53,0.0278524987743966,0.0770951806125502,0,0,8.10906862745098,29.037217248436296,HSP90AB1;CDKN2A
GO_Biological_Process_2023,Regulation Of Receptor Signaling Pathway Via JAK-STAT (GO:0046425),2/53,0.0278524987743966,0.0770951806125502,0,0,8.10906862745098,29.037217248436296,IL6;TNF
GO_Biological_Process_2023,Negative Regulation Of Cysteine-Type Endopeptidase Activity (GO:2000117),2/53,0.0278524987743966,0.0770951806125502,0,0,8.10906862745098,29.037217248436296,SRC;TNF
GO_Biological_Process_2023,Mesenchymal Cell Differentiation (GO:0048762),2/54,0.0288329424104931,0.0770951806125502,0,0,7.952724358974359,28.202243080795174,CTNNB1;HIF1A
GO_Biological_Process_2023,Negative Regulation Of Protein Catabolic Process (GO:0042177),2/54,0.0288329424104931,0.0770951806125502,0,0,7.952724358974359,28.202243080795174,HSP90AB1;EGFR
GO_Biological_Process_2023,Negative Regulation Of Protein Modification By Small Protein Conjugation Or Removal (GO:1903321),2/54,0.0288329424104931,0.0770951806125502,0,0,7.952724358974359,28.202243080795174,AKT1;CTNNB1
GO_Biological_Process_2023,Positive Regulation Of Leukocyte Chemotaxis (GO:0002690),2/54,0.0288329424104931,0.0770951806125502,0,0,7.952724358974359,28.202243080795174,IL6;MAPK3
GO_Biological_Process_2023,Adult Feeding Behavior (GO:0008343),1/6,0.029045597564923,0.0770951806125502,0,0,41.02474226804124,145.18198263769264,CARTPT
GO_Biological_Process_2023,Angiotensin-Activated Signaling Pathway (GO:0038166),1/6,0.029045597564923,0.0770951806125502,0,0,41.02474226804124,145.18198263769264,SRC
GO_Biological_Process_2023,Regulation Of Myosin-Light-Chain-Phosphatase Activity (GO:0035507),1/6,0.029045597564923,0.0770951806125502,0,0,41.02474226804124,145.18198263769264,TNF
GO_Biological_Process_2023,Regulation Of Oxidative Stress-Induced Neuron Intrinsic Apoptotic Signaling Pathway (GO:1903376),1/6,0.029045597564923,0.0770951806125502,0,0,41.02474226804124,145.18198263769264,HIF1A
GO_Biological_Process_2023,Regulation Of Prostaglandin Biosynthetic Process (GO:0031392),1/6,0.029045597564923,0.0770951806125502,0,0,41.02474226804124,145.18198263769264,IL1B
GO_Biological_Process_2023,Cellular Response To Interleukin-9 (GO:0071355),1/6,0.029045597564923,0.0770951806125502,0,0,41.02474226804124,145.18198263769264,STAT3
GO_Biological_Process_2023,Regulation Of Transforming Growth Factor Beta2 Production (GO:0032909),1/6,0.029045597564923,0.0770951806125502,0,0,41.02474226804124,145.18198263769264,HIF1A
GO_Biological_Process_2023,Cleavage Furrow Formation (GO:0036089),1/6,0.029045597564923,0.0770951806125502,0,0,41.02474226804124,145.18198263769264,RHOA
GO_Biological_Process_2023,Detection Of Muscle Stretch (GO:0035995),1/6,0.029045597564923,0.0770951806125502,0,0,41.02474226804124,145.18198263769264,CTNNB1
GO_Biological_Process_2023,Determination Of Digestive Tract Left/Right Asymmetry (GO:0071907),1/6,0.029045597564923,0.0770951806125502,0,0,41.02474226804124,145.18198263769264,ZIC3
GO_Biological_Process_2023,Enteric Nervous System Development (GO:0048484),1/6,0.029045597564923,0.0770951806125502,0,0,41.02474226804124,145.18198263769264,SOX10
GO_Biological_Process_2023,Excitatory Chemical Synaptic Transmission (GO:0098976),1/6,0.029045597564923,0.0770951806125502,0,0,41.02474226804124,145.18198263769264,GRIN2B
GO_Biological_Process_2023,"Synaptic Transmission, Dopaminergic (GO:0001963)",1/6,0.029045597564923,0.0770951806125502,0,0,41.02474226804124,145.18198263769264,TH
GO_Biological_Process_2023,Hyaluronan Biosynthetic Process (GO:0030213),1/6,0.029045597564923,0.0770951806125502,0,0,41.02474226804124,145.18198263769264,IL1B
GO_Biological_Process_2023,Interleukin-9-Mediated Signaling Pathway (GO:0038113),1/6,0.029045597564923,0.0770951806125502,0,0,41.02474226804124,145.18198263769264,STAT3
GO_Biological_Process_2023,Keratinocyte Proliferation (GO:0043616),1/6,0.029045597564923,0.0770951806125502,0,0,41.02474226804124,145.18198263769264,KRT2
GO_Biological_Process_2023,Locomotor Rhythm (GO:0045475),1/6,0.029045597564923,0.0770951806125502,0,0,41.02474226804124,145.18198263769264,PTEN
GO_Biological_Process_2023,Negative Regulation Of Cardiocyte Differentiation (GO:1905208),1/6,0.029045597564923,0.0770951806125502,0,0,41.02474226804124,145.18198263769264,EGFR
GO_Biological_Process_2023,Negative Regulation Of Dendritic Spine Development (GO:0061000),1/6,0.029045597564923,0.0770951806125502,0,0,41.02474226804124,145.18198263769264,PTEN
GO_Biological_Process_2023,Negative Regulation Of Protein Sumoylation (GO:0033234),1/6,0.029045597564923,0.0770951806125502,0,0,41.02474226804124,145.18198263769264,CTNNB1
GO_Biological_Process_2023,Negative Regulation Of Stress-Activated Protein Kinase Signaling Cascade (GO:0070303),1/6,0.029045597564923,0.0770951806125502,0,0,41.02474226804124,145.18198263769264,MYC
GO_Biological_Process_2023,Norepinephrine Biosynthetic Process (GO:0042421),1/6,0.029045597564923,0.0770951806125502,0,0,41.02474226804124,145.18198263769264,TH
GO_Biological_Process_2023,Pituitary Gland Development (GO:0021983),1/6,0.029045597564923,0.0770951806125502,0,0,41.02474226804124,145.18198263769264,SOX2
GO_Biological_Process_2023,Positive Regulation Of Blood Circulation (GO:1903524),1/6,0.029045597564923,0.0770951806125502,0,0,41.02474226804124,145.18198263769264,NKX2-5
GO_Biological_Process_2023,Positive Regulation Of Cell Killing (GO:0031343),1/6,0.029045597564923,0.0770951806125502,0,0,41.02474226804124,145.18198263769264,IFNG
GO_Biological_Process_2023,Positive Regulation Of Chemokine (C-X-C Motif) Ligand 2 Production (GO:2000343),1/6,0.029045597564923,0.0770951806125502,0,0,41.02474226804124,145.18198263769264,TNF
GO_Biological_Process_2023,Positive Regulation Of Hormone Metabolic Process (GO:0032352),1/6,0.029045597564923,0.0770951806125502,0,0,41.02474226804124,145.18198263769264,HIF1A
GO_Biological_Process_2023,Positive Regulation Of Humoral Immune Response (GO:0002922),1/6,0.029045597564923,0.0770951806125502,0,0,41.02474226804124,145.18198263769264,IL1B
GO_Biological_Process_2023,Positive Regulation Of Icosanoid Secretion (GO:0032305),1/6,0.029045597564923,0.0770951806125502,0,0,41.02474226804124,145.18198263769264,IL1B
GO_Biological_Process_2023,Positive Regulation Of Interleukin-23 Production (GO:0032747),1/6,0.029045597564923,0.0770951806125502,0,0,41.02474226804124,145.18198263769264,IFNG
GO_Biological_Process_2023,Positive Regulation Of Kidney Development (GO:0090184),1/6,0.029045597564923,0.0770951806125502,0,0,41.02474226804124,145.18198263769264,MYC
GO_Biological_Process_2023,Positive Regulation Of Lamellipodium Morphogenesis (GO:2000394),1/6,0.029045597564923,0.0770951806125502,0,0,41.02474226804124,145.18198263769264,SRC
GO_Biological_Process_2023,Positive Regulation Of Pinocytosis (GO:0048549),1/6,0.029045597564923,0.0770951806125502,0,0,41.02474226804124,145.18198263769264,CDC42
GO_Biological_Process_2023,Positive Regulation Of Synaptic Plasticity (GO:0031915),1/6,0.029045597564923,0.0770951806125502,0,0,41.02474226804124,145.18198263769264,CPLX2
GO_Biological_Process_2023,Positive Regulation Of Unsaturated Fatty Acid Biosynthetic Process (GO:2001280),1/6,0.029045597564923,0.0770951806125502,0,0,41.02474226804124,145.18198263769264,IL1B
GO_Biological_Process_2023,Regulation Of I-kappaB Phosphorylation (GO:1903719),1/6,0.029045597564923,0.0770951806125502,0,0,41.02474226804124,145.18198263769264,TNF
GO_Biological_Process_2023,Regulation Of Adiponectin Secretion (GO:0070163),1/6,0.029045597564923,0.0770951806125502,0,0,41.02474226804124,145.18198263769264,IL1B
GO_Biological_Process_2023,Regulation Of Cell Adhesion Molecule Production (GO:0060353),1/6,0.029045597564923,0.0770951806125502,0,0,41.02474226804124,145.18198263769264,IL1B
GO_Biological_Process_2023,"Regulation Of Synaptic Transmission, Glutamatergic (GO:0051966)",2/55,0.0298270771572632,0.0789144730585887,0,0,7.802279874213837,27.40424930533355,TNF;GRIN2B
GO_Biological_Process_2023,Response To Peptide Hormone (GO:0043434),2/55,0.0298270771572632,0.0789144730585887,0,0,7.802279874213837,27.40424930533355,SRC;STAT3
GO_Biological_Process_2023,Cellular Response To Peptide (GO:1901653),2/56,0.030834748263557,0.0810631528837337,0,0,7.657407407407407,26.64098592201592,SRC;TP53
GO_Biological_Process_2023,Mitotic DNA Damage Checkpoint Signaling (GO:0044773),2/56,0.030834748263557,0.0810631528837337,0,0,7.657407407407407,26.64098592201592,CDK1;TP53
GO_Biological_Process_2023,Positive Regulation Of DNA-templated Transcription Initiation (GO:2000144),2/56,0.030834748263557,0.0810631528837337,0,0,7.657407407407407,26.64098592201592,JUN;NKX2-5
GO_Biological_Process_2023,Regulation Of Autophagy (GO:0010506),4/241,0.0308365615047678,0.0810631528837337,0,0,3.5308375976299486,12.283975483574457,IFNG;STAT3;AKT1;GAPDH
GO_Biological_Process_2023,Signal Transduction In Response To DNA Damage (GO:0042770),2/57,0.0318558021441099,0.0833471296937911,0,0,7.51780303030303,25.910376849956975,TP53;MAPK3
GO_Biological_Process_2023,Regulation Of Calcium Ion Transport (GO:0051924),2/57,0.0318558021441099,0.0833471296937911,0,0,7.51780303030303,25.910376849956975,CD4;CTNNB1
GO_Biological_Process_2023,Regulation Of Neuron Death (GO:1901214),2/58,0.0328900863649904,0.0833471296937911,0,0,7.383184523809524,25.210503691706613,IFNG;GRIN2B
GO_Biological_Process_2023,Peptidyl-Threonine Phosphorylation (GO:0018107),2/58,0.0328900863649904,0.0833471296937911,0,0,7.383184523809524,25.210503691706613,CDK1;AKT1
GO_Biological_Process_2023,Regulation Of Chemokine-Mediated Signaling Pathway (GO:0070099),1/7,0.0338046866171995,0.0833471296937911,0,0,34.18556701030928,115.79184255951505,HIF1A
GO_Biological_Process_2023,Regulation Of Cyclic-Nucleotide Phosphodiesterase Activity (GO:0051342),1/7,0.0338046866171995,0.0833471296937911,0,0,34.18556701030928,115.79184255951505,CALM3
GO_Biological_Process_2023,ER Overload Response (GO:0006983),1/7,0.0338046866171995,0.0833471296937911,0,0,34.18556701030928,115.79184255951505,TP53
GO_Biological_Process_2023,Regulation Of Lipase Activity (GO:0060191),1/7,0.0338046866171995,0.0833471296937911,0,0,34.18556701030928,115.79184255951505,RHOA
GO_Biological_Process_2023,Axon Ensheathment In Central Nervous System (GO:0032291),1/7,0.0338046866171995,0.0833471296937911,0,0,34.18556701030928,115.79184255951505,SOX10
GO_Biological_Process_2023,Cellular Response To Angiotensin (GO:1904385),1/7,0.0338046866171995,0.0833471296937911,0,0,34.18556701030928,115.79184255951505,NFKB1
GO_Biological_Process_2023,Cellular Response To Interleukin-2 (GO:0071352),1/7,0.0338046866171995,0.0833471296937911,0,0,34.18556701030928,115.79184255951505,STAT3
GO_Biological_Process_2023,Cellular Response To Leptin Stimulus (GO:0044320),1/7,0.0338046866171995,0.0833471296937911,0,0,34.18556701030928,115.79184255951505,STAT3
GO_Biological_Process_2023,Regulation Of Transcription From RNA Polymerase II Promoter In Response To Hypoxia (GO:0061418),1/7,0.0338046866171995,0.0833471296937911,0,0,34.18556701030928,115.79184255951505,HIF1A
GO_Biological_Process_2023,Regulation Of Transforming Growth Factor Beta Activation (GO:1901388),1/7,0.0338046866171995,0.0833471296937911,0,0,34.18556701030928,115.79184255951505,HSP90AB1
GO_Biological_Process_2023,Cellular Response To Nitric Oxide (GO:0071732),1/7,0.0338046866171995,0.0833471296937911,0,0,34.18556701030928,115.79184255951505,KCNC2
GO_Biological_Process_2023,Cellular Response To Reactive Nitrogen Species (GO:1902170),1/7,0.0338046866171995,0.0833471296937911,0,0,34.18556701030928,115.79184255951505,KCNC2
GO_Biological_Process_2023,Regulation Of Vascular Wound Healing (GO:0061043),1/7,0.0338046866171995,0.0833471296937911,0,0,34.18556701030928,115.79184255951505,TNF
GO_Biological_Process_2023,"Regulation Of Wound Healing, Spreading Of Epidermal Cells (GO:1903689)",1/7,0.0338046866171995,0.0833471296937911,0,0,34.18556701030928,115.79184255951505,PTEN
GO_Biological_Process_2023,siRNA Processing (GO:0030422),1/7,0.0338046866171995,0.0833471296937911,0,0,34.18556701030928,115.79184255951505,DICER1
GO_Biological_Process_2023,Spleen Development (GO:0048536),1/7,0.0338046866171995,0.0833471296937911,0,0,34.18556701030928,115.79184255951505,NKX2-5
GO_Biological_Process_2023,Establishment Of Golgi Localization (GO:0051683),1/7,0.0338046866171995,0.0833471296937911,0,0,34.18556701030928,115.79184255951505,CDC42
GO_Biological_Process_2023,Stress-Induced Premature Senescence (GO:0090400),1/7,0.0338046866171995,0.0833471296937911,0,0,34.18556701030928,115.79184255951505,TP53
GO_Biological_Process_2023,Thyroid Gland Development (GO:0030878),1/7,0.0338046866171995,0.0833471296937911,0,0,34.18556701030928,115.79184255951505,NKX2-5
GO_Biological_Process_2023,Growth Hormone Receptor Signaling Pathway Via JAK-STAT (GO:0060397),1/7,0.0338046866171995,0.0833471296937911,0,0,34.18556701030928,115.79184255951505,STAT3
GO_Biological_Process_2023,Interleukin-2-Mediated Signaling Pathway (GO:0038110),1/7,0.0338046866171995,0.0833471296937911,0,0,34.18556701030928,115.79184255951505,STAT3
GO_Biological_Process_2023,Leukocyte Aggregation (GO:0070486),1/7,0.0338046866171995,0.0833471296937911,0,0,34.18556701030928,115.79184255951505,IL1B
GO_Biological_Process_2023,Myeloid Leukocyte Mediated Immunity (GO:0002444),1/7,0.0338046866171995,0.0833471296937911,0,0,34.18556701030928,115.79184255951505,IL6
GO_Biological_Process_2023,Negative Regulation Of B Cell Apoptotic Process (GO:0002903),1/7,0.0338046866171995,0.0833471296937911,0,0,34.18556701030928,115.79184255951505,IL2
GO_Biological_Process_2023,Negative Regulation Of T Cell Apoptotic Process (GO:0070233),1/7,0.0338046866171995,0.0833471296937911,0,0,34.18556701030928,115.79184255951505,PIP
GO_Biological_Process_2023,Negative Regulation Of Appetite (GO:0032099),1/7,0.0338046866171995,0.0833471296937911,0,0,34.18556701030928,115.79184255951505,CARTPT
GO_Biological_Process_2023,Negative Regulation Of Fatty Acid Oxidation (GO:0046322),1/7,0.0338046866171995,0.0833471296937911,0,0,34.18556701030928,115.79184255951505,AKT1
GO_Biological_Process_2023,Negative Regulation Of Inflammatory Response To Wounding (GO:0106015),1/7,0.0338046866171995,0.0833471296937911,0,0,34.18556701030928,115.79184255951505,STAT3
GO_Biological_Process_2023,Negative Regulation Of Monooxygenase Activity (GO:0032769),1/7,0.0338046866171995,0.0833471296937911,0,0,34.18556701030928,115.79184255951505,NFKB1
GO_Biological_Process_2023,Negative Regulation Of Striated Muscle Cell Apoptotic Process (GO:0010664),1/7,0.0338046866171995,0.0833471296937911,0,0,34.18556701030928,115.79184255951505,NKX2-5
GO_Biological_Process_2023,Norepinephrine Metabolic Process (GO:0042415),1/7,0.0338046866171995,0.0833471296937911,0,0,34.18556701030928,115.79184255951505,TH
GO_Biological_Process_2023,Positive Regulation Of T-helper 2 Cell Cytokine Production (GO:2000553),1/7,0.0338046866171995,0.0833471296937911,0,0,34.18556701030928,115.79184255951505,IL6
GO_Biological_Process_2023,Positive Regulation Of Execution Phase Of Apoptosis (GO:1900119),1/7,0.0338046866171995,0.0833471296937911,0,0,34.18556701030928,115.79184255951505,TP53
GO_Biological_Process_2023,Positive Regulation Of Extracellular Matrix Disassembly (GO:0090091),1/7,0.0338046866171995,0.0833471296937911,0,0,34.18556701030928,115.79184255951505,IL6
GO_Biological_Process_2023,Positive Regulation Of Myeloid Cell Apoptotic Process (GO:0033034),1/7,0.0338046866171995,0.0833471296937911,0,0,34.18556701030928,115.79184255951505,CDKN2A
GO_Biological_Process_2023,Positive Regulation Of Ryanodine-Sensitive Calcium-Release Channel Activity (GO:0060316),1/7,0.0338046866171995,0.0833471296937911,0,0,34.18556701030928,115.79184255951505,CALM3
GO_Biological_Process_2023,Postsynaptic Density Organization (GO:0097106),1/7,0.0338046866171995,0.0833471296937911,0,0,34.18556701030928,115.79184255951505,PTEN
GO_Biological_Process_2023,Regulation Of Cell Adhesion (GO:0030155),3/144,0.0338619080541487,0.0833471296937911,0,0,4.42575587905935,14.983239646974404,SRC;ERBB2;TNF
GO_Biological_Process_2023,Heart Morphogenesis (GO:0003007),2/59,0.033937449644033,0.0833471296937911,0,0,7.253289473684211,24.53959126312248,TH;NKX2-5
GO_Biological_Process_2023,Protein Targeting To Mitochondrion (GO:0006626),2/59,0.033937449644033,0.0833471296937911,0,0,7.253289473684211,24.53959126312248,HSP90AA1;HSPA4
GO_Biological_Process_2023,Regulation Of Extrinsic Apoptotic Signaling Pathway (GO:2001236),2/60,0.0349977418193901,0.0856949177485217,0,0,7.127873563218391,23.89599467999878,SRC;TNF
GO_Biological_Process_2023,protein-DNA Complex Organization (GO:0071824),2/60,0.0349977418193901,0.0856949177485217,0,0,7.127873563218391,23.89599467999878,SOX2;MYC
GO_Biological_Process_2023,Negative Regulation Of Response To External Stimulus (GO:0032102),3/146,0.0350592090456325,0.0857176792588902,0,0,4.363415531836584,14.620570425028694,STAT3;PTEN;AKT1
GO_Biological_Process_2023,BMP Signaling Pathway (GO:0030509),2/61,0.0360708138843091,0.0880599512807132,0,0,7.0067090395480225,23.278187791094098,BMP3;MAPK3
GO_Biological_Process_2023,Protein Phosphorylation (GO:0006468),6/500,0.0363381287449294,0.08856272622408,0,0,2.5622249603942966,8.493488032298508,SRC;ERBB2;CDK1;AKT1;EGFR;MAPK3
GO_Biological_Process_2023,Negative Regulation Of Protein Phosphorylation (GO:0001933),3/149,0.0368958994766543,0.08856272622408,0,0,4.273107426099496,14.099779683286435,PTEN;AKT1;CALM3
GO_Biological_Process_2023,Cell Junction Organization (GO:0034330),2/62,0.0371565179325197,0.08856272622408,0,0,6.889583333333333,22.684752827524797,CDC42;RHOA
GO_Biological_Process_2023,Positive Regulation Of Apoptotic Signaling Pathway (GO:2001235),2/62,0.0371565179325197,0.08856272622408,0,0,6.889583333333333,22.684752827524797,TNF;TP53
GO_Biological_Process_2023,protein-RNA Complex Assembly (GO:0022618),3/150,0.0375189568970816,0.08856272622408,0,0,4.243823845327605,13.932087311553902,HSP90AA1;HSP90AB1;DICER1
GO_Biological_Process_2023,"DNA Damage Response, Signal Transduction By P53 Class Mediator Resulting In Transcription Of P21 Class Mediator (GO:0006978)",1/8,0.0385406873099313,0.08856272622408,0,0,29.30044182621502,95.40343353076332,TP53
GO_Biological_Process_2023,Regulation Of Dendritic Spine Maintenance (GO:1902950),1/8,0.0385406873099313,0.08856272622408,0,0,29.30044182621502,95.40343353076332,GRIN2B
GO_Biological_Process_2023,Regulation Of Epidermis Development (GO:0045682),1/8,0.0385406873099313,0.08856272622408,0,0,29.30044182621502,95.40343353076332,KRT2
GO_Biological_Process_2023,Regulation Of Gap Junction Assembly (GO:1903596),1/8,0.0385406873099313,0.08856272622408,0,0,29.30044182621502,95.40343353076332,IL1B
GO_Biological_Process_2023,RISC Complex Assembly (GO:0070922),1/8,0.0385406873099313,0.08856272622408,0,0,29.30044182621502,95.40343353076332,DICER1
GO_Biological_Process_2023,Regulation Of Helicase Activity (GO:0051095),1/8,0.0385406873099313,0.08856272622408,0,0,29.30044182621502,95.40343353076332,TP53
GO_Biological_Process_2023,Regulation Of Interleukin-23 Production (GO:0032667),1/8,0.0385406873099313,0.08856272622408,0,0,29.30044182621502,95.40343353076332,IFNG
GO_Biological_Process_2023,Acid Secretion (GO:0046717),1/8,0.0385406873099313,0.08856272622408,0,0,29.30044182621502,95.40343353076332,UGT1A6
GO_Biological_Process_2023,Regulation Of Intrinsic Apoptotic Signaling Pathway By P53 Class Mediator (GO:1902253),1/8,0.0385406873099313,0.08856272622408,0,0,29.30044182621502,95.40343353076332,MYC
GO_Biological_Process_2023,Adult Heart Development (GO:0007512),1/8,0.0385406873099313,0.08856272622408,0,0,29.30044182621502,95.40343353076332,NKX2-5
GO_Biological_Process_2023,Regulation Of miRNA Metabolic Process (GO:2000628),1/8,0.0385406873099313,0.08856272622408,0,0,29.30044182621502,95.40343353076332,NFKB1
GO_Biological_Process_2023,Regulation Of Mitotic Sister Chromatid Segregation (GO:0033047),1/8,0.0385406873099313,0.08856272622408,0,0,29.30044182621502,95.40343353076332,CDK1
GO_Biological_Process_2023,Apoptotic DNA Fragmentation (GO:0006309),1/8,0.0385406873099313,0.08856272622408,0,0,29.30044182621502,95.40343353076332,DICER1
GO_Biological_Process_2023,Regulation Of Nephron Tubule Epithelial Cell Differentiation (GO:0072182),1/8,0.0385406873099313,0.08856272622408,0,0,29.30044182621502,95.40343353076332,CTNNB1
GO_Biological_Process_2023,Regulation Of Organ Growth (GO:0046620),1/8,0.0385406873099313,0.08856272622408,0,0,29.30044182621502,95.40343353076332,PTEN
GO_Biological_Process_2023,Bone Resorption (GO:0045453),1/8,0.0385406873099313,0.08856272622408,0,0,29.30044182621502,95.40343353076332,SRC
GO_Biological_Process_2023,Regulation Of Pinocytosis (GO:0048548),1/8,0.0385406873099313,0.08856272622408,0,0,29.30044182621502,95.40343353076332,CDC42
GO_Biological_Process_2023,Regulation Of Podosome Assembly (GO:0071801),1/8,0.0385406873099313,0.08856272622408,0,0,29.30044182621502,95.40343353076332,TNF
GO_Biological_Process_2023,Regulation Of Sister Chromatid Cohesion (GO:0007063),1/8,0.0385406873099313,0.08856272622408,0,0,29.30044182621502,95.40343353076332,CTNNB1
GO_Biological_Process_2023,"Complement Activation, Lectin Pathway (GO:0001867)",1/8,0.0385406873099313,0.08856272622408,0,0,29.30044182621502,95.40343353076332,KRT1
GO_Biological_Process_2023,Response To Leptin (GO:0044321),1/8,0.0385406873099313,0.08856272622408,0,0,29.30044182621502,95.40343353076332,STAT3
GO_Biological_Process_2023,Sympathetic Ganglion Development (GO:0061549),1/8,0.0385406873099313,0.08856272622408,0,0,29.30044182621502,95.40343353076332,CTNNB1
GO_Biological_Process_2023,Integrin Activation (GO:0033622),1/8,0.0385406873099313,0.08856272622408,0,0,29.30044182621502,95.40343353076332,FN1
GO_Biological_Process_2023,Intestinal Epithelial Cell Differentiation (GO:0060575),1/8,0.0385406873099313,0.08856272622408,0,0,29.30044182621502,95.40343353076332,SRC
GO_Biological_Process_2023,Leptin-Mediated Signaling Pathway (GO:0033210),1/8,0.0385406873099313,0.08856272622408,0,0,29.30044182621502,95.40343353076332,STAT3
GO_Biological_Process_2023,Mesodermal Cell Differentiation (GO:0048333),1/8,0.0385406873099313,0.08856272622408,0,0,29.30044182621502,95.40343353076332,KDM6B
GO_Biological_Process_2023,Negative Regulation Of Oxidative Stress-Induced Neuron Death (GO:1903204),1/8,0.0385406873099313,0.08856272622408,0,0,29.30044182621502,95.40343353076332,HIF1A
GO_Biological_Process_2023,Negative Regulation Of Production Of Molecular Mediator Of Immune Response (GO:0002701),1/8,0.0385406873099313,0.08856272622408,0,0,29.30044182621502,95.40343353076332,TNF
GO_Biological_Process_2023,Negative Regulation Of Protein-Containing Complex Disassembly (GO:0043242),1/8,0.0385406873099313,0.08856272622408,0,0,29.30044182621502,95.40343353076332,TNF
GO_Biological_Process_2023,Positive Regulation Of Blood Pressure (GO:0045777),1/8,0.0385406873099313,0.08856272622408,0,0,29.30044182621502,95.40343353076332,CARTPT
GO_Biological_Process_2023,Positive Regulation Of Monocyte Chemotactic Protein-1 Production (GO:0071639),1/8,0.0385406873099313,0.08856272622408,0,0,29.30044182621502,95.40343353076332,IL1B
GO_Biological_Process_2023,Positive Regulation Of Smooth Muscle Cell Apoptotic Process (GO:0034393),1/8,0.0385406873099313,0.08856272622408,0,0,29.30044182621502,95.40343353076332,IFNG
GO_Biological_Process_2023,Positive Regulation Of Ubiquitin Protein Ligase Activity (GO:1904668),1/8,0.0385406873099313,0.08856272622408,0,0,29.30044182621502,95.40343353076332,PTEN
GO_Biological_Process_2023,Presynaptic Membrane Assembly (GO:0097105),1/8,0.0385406873099313,0.08856272622408,0,0,29.30044182621502,95.40343353076332,PTEN
GO_Biological_Process_2023,Regulation Of DNA Methylation (GO:0044030),1/8,0.0385406873099313,0.08856272622408,0,0,29.30044182621502,95.40343353076332,MYC
GO_Biological_Process_2023,Regulation Of DNA-templated Transcription Initiation (GO:2000142),1/8,0.0385406873099313,0.08856272622408,0,0,29.30044182621502,95.40343353076332,JUN
GO_Biological_Process_2023,Regulation Of RNA Biosynthetic Process (GO:2001141),1/8,0.0385406873099313,0.08856272622408,0,0,29.30044182621502,95.40343353076332,IL1B
GO_Biological_Process_2023,Cellular Component Assembly (GO:0022607),4/260,0.039051752927976,0.0896117738277439,0,0,3.265625,10.58998922665753,CDC42;LRGUK;TP53;RHOA
GO_Biological_Process_2023,Response To Metal Ion (GO:0010038),2/64,0.0393652359887864,0.0899542179827206,0,0,6.666666666666667,21.565814583167732,CALM3;HIF1A
GO_Biological_Process_2023,Negative Regulation Of Cell Death (GO:0060548),2/64,0.0393652359887864,0.0899542179827206,0,0,6.666666666666667,21.565814583167732,ALB;AKT1
GO_Biological_Process_2023,Positive Regulation Of Type I Interferon Production (GO:0032481),2/64,0.0393652359887864,0.0899542179827206,0,0,6.666666666666667,21.565814583167732,HSP90AA1;GAPDH
GO_Biological_Process_2023,Epithelium Development (GO:0060429),3/154,0.0400650592189612,0.0914262393010463,0,0,4.130568142209829,13.289073105165432,CDK1;NKX2-5;SOX10
GO_Biological_Process_2023,Canonical Wnt Signaling Pathway (GO:0060070),2/65,0.0404879597564716,0.0918808258009433,0,0,6.560515873015873,21.037938468178,PTEN;CTNNB1
GO_Biological_Process_2023,Cellular Response To Light Stimulus (GO:0071482),2/65,0.0404879597564716,0.0918808258009433,0,0,6.560515873015873,21.037938468178,MYC;TP53
GO_Biological_Process_2023,Positive Regulation Of Cell Cycle (GO:0045787),2/65,0.0404879597564716,0.0918808258009433,0,0,6.560515873015873,21.037938468178,AKT1;EGFR
GO_Biological_Process_2023,Regulation Of Cell-Matrix Adhesion (GO:0001952),2/65,0.0404879597564716,0.0918808258009433,0,0,6.560515873015873,21.037938468178,CDKN2A;RHOA
GO_Biological_Process_2023,Cellular Response To BMP Stimulus (GO:0071773),2/66,0.0416227350237659,0.0931400340290522,0,0,6.457682291666667,20.529674252362188,BMP3;MAPK3
GO_Biological_Process_2023,Cellular Response To Type II Interferon (GO:0071346),2/66,0.0416227350237659,0.0931400340290522,0,0,6.457682291666667,20.529674252362188,IFNG;GAPDH
GO_Biological_Process_2023,Negative Regulation Of Immune Response (GO:0050777),2/66,0.0416227350237659,0.0931400340290522,0,0,6.457682291666667,20.529674252362188,SRC;AKT1
GO_Biological_Process_2023,Peptidyl-Threonine Modification (GO:0018210),2/66,0.0416227350237659,0.0931400340290522,0,0,6.457682291666667,20.529674252362188,CDK1;AKT1
GO_Biological_Process_2023,Extrinsic Apoptotic Signaling Pathway (GO:0097191),2/67,0.0427694193952821,0.0931400340290522,0,0,6.358012820512821,20.040023632286136,IFNG;TNF
GO_Biological_Process_2023,Regulation Of Complement Activation (GO:0030449),1/9,0.0432537102642524,0.0931400340290522,0,0,25.63659793814433,80.51615205757753,IL1B
GO_Biological_Process_2023,"DNA Damage Response, Signal Transduction Resulting In Transcription (GO:0042772)",1/9,0.0432537102642524,0.0931400340290522,0,0,25.63659793814433,80.51615205757753,TP53
GO_Biological_Process_2023,Regulation Of Endoplasmic Reticulum Unfolded Protein Response (GO:1900101),1/9,0.0432537102642524,0.0931400340290522,0,0,25.63659793814433,80.51615205757753,HSPA5
GO_Biological_Process_2023,Regulation Of High Voltage-Gated Calcium Channel Activity (GO:1901841),1/9,0.0432537102642524,0.0931400340290522,0,0,25.63659793814433,80.51615205757753,CALM3
GO_Biological_Process_2023,Regulation Of Inflammatory Response To Wounding (GO:0106014),1/9,0.0432537102642524,0.0931400340290522,0,0,25.63659793814433,80.51615205757753,STAT3
GO_Biological_Process_2023,Adherens Junction Assembly (GO:0034333),1/9,0.0432537102642524,0.0931400340290522,0,0,25.63659793814433,80.51615205757753,CTNNB1
GO_Biological_Process_2023,Camera-Type Eye Morphogenesis (GO:0048593),1/9,0.0432537102642524,0.0931400340290522,0,0,25.63659793814433,80.51615205757753,TH
GO_Biological_Process_2023,Cell Differentiation In Spinal Cord (GO:0021515),1/9,0.0432537102642524,0.0931400340290522,0,0,25.63659793814433,80.51615205757753,MDGA2
GO_Biological_Process_2023,Regulation Of Transmembrane Transporter Activity (GO:0022898),1/9,0.0432537102642524,0.0931400340290522,0,0,25.63659793814433,80.51615205757753,ACTB
GO_Biological_Process_2023,Cellular Response To Oxidised Low-Density Lipoprotein Particle Stimulus (GO:0140052),1/9,0.0432537102642524,0.0931400340290522,0,0,25.63659793814433,80.51615205757753,AKT1
GO_Biological_Process_2023,Embryonic Eye Morphogenesis (GO:0048048),1/9,0.0432537102642524,0.0931400340290522,0,0,25.63659793814433,80.51615205757753,TH
GO_Biological_Process_2023,Endodermal Cell Fate Commitment (GO:0001711),1/9,0.0432537102642524,0.0931400340290522,0,0,25.63659793814433,80.51615205757753,SOX2
GO_Biological_Process_2023,Excitatory Synapse Assembly (GO:1904861),1/9,0.0432537102642524,0.0931400340290522,0,0,25.63659793814433,80.51615205757753,PTEN
GO_Biological_Process_2023,Telomere Maintenance Via Recombination (GO:0000722),1/9,0.0432537102642524,0.0931400340290522,0,0,25.63659793814433,80.51615205757753,PTEN
GO_Biological_Process_2023,Type II Interferon-Mediated Signaling Pathway (GO:0060333),1/9,0.0432537102642524,0.0931400340290522,0,0,25.63659793814433,80.51615205757753,IFNG
GO_Biological_Process_2023,Hematopoietic Stem Cell Differentiation (GO:0060218),1/9,0.0432537102642524,0.0931400340290522,0,0,25.63659793814433,80.51615205757753,TP53
GO_Biological_Process_2023,Myelin Assembly (GO:0032288),1/9,0.0432537102642524,0.0931400340290522,0,0,25.63659793814433,80.51615205757753,DICER1
GO_Biological_Process_2023,Myelin Maintenance (GO:0043217),1/9,0.0432537102642524,0.0931400340290522,0,0,25.63659793814433,80.51615205757753,PTEN
GO_Biological_Process_2023,Negative Regulation Of Hormone Secretion (GO:0046888),1/9,0.0432537102642524,0.0931400340290522,0,0,25.63659793814433,80.51615205757753,IL1B
GO_Biological_Process_2023,Negative Regulation Of Phosphatidylinositol 3-Kinase Signaling (GO:0014067),1/9,0.0432537102642524,0.0931400340290522,0,0,25.63659793814433,80.51615205757753,PTEN
GO_Biological_Process_2023,Nucleoside Metabolic Process (GO:0009116),1/9,0.0432537102642524,0.0931400340290522,0,0,25.63659793814433,80.51615205757753,NME5
GO_Biological_Process_2023,Positive Regulation Of RNA Biosynthetic Process (GO:1902680),1/9,0.0432537102642524,0.0931400340290522,0,0,25.63659793814433,80.51615205757753,IL1B
GO_Biological_Process_2023,Positive Regulation Of T Cell Apoptotic Process (GO:0070234),1/9,0.0432537102642524,0.0931400340290522,0,0,25.63659793814433,80.51615205757753,TP53
GO_Biological_Process_2023,Positive Regulation Of Cardiocyte Differentiation (GO:1905209),1/9,0.0432537102642524,0.0931400340290522,0,0,25.63659793814433,80.51615205757753,NKX2-5
GO_Biological_Process_2023,Positive Regulation Of Epidermis Development (GO:0045684),1/9,0.0432537102642524,0.0931400340290522,0,0,25.63659793814433,80.51615205757753,KRT2
GO_Biological_Process_2023,Positive Regulation Of Hippo Signaling (GO:0035332),1/9,0.0432537102642524,0.0931400340290522,0,0,25.63659793814433,80.51615205757753,SRC
GO_Biological_Process_2023,Positive Regulation Of Leukocyte Apoptotic Process (GO:2000108),1/9,0.0432537102642524,0.0931400340290522,0,0,25.63659793814433,80.51615205757753,CDKN2A
GO_Biological_Process_2023,Positive Regulation Of Lipase Activity (GO:0060193),1/9,0.0432537102642524,0.0931400340290522,0,0,25.63659793814433,80.51615205757753,RHOA
GO_Biological_Process_2023,Positive Regulation Of Mesenchymal Cell Proliferation (GO:0002053),1/9,0.0432537102642524,0.0931400340290522,0,0,25.63659793814433,80.51615205757753,MYC
GO_Biological_Process_2023,Positive Regulation Of Monocyte Differentiation (GO:0045657),1/9,0.0432537102642524,0.0931400340290522,0,0,25.63659793814433,80.51615205757753,CD4
GO_Biological_Process_2023,Positive Regulation Of Tissue Remodeling (GO:0034105),1/9,0.0432537102642524,0.0931400340290522,0,0,25.63659793814433,80.51615205757753,IL2
GO_Biological_Process_2023,Presynaptic Membrane Organization (GO:0097090),1/9,0.0432537102642524,0.0931400340290522,0,0,25.63659793814433,80.51615205757753,PTEN
GO_Biological_Process_2023,Regulation Of PERK-mediated Unfolded Protein Response (GO:1903897),1/9,0.0432537102642524,0.0931400340290522,0,0,25.63659793814433,80.51615205757753,HSPA5
GO_Biological_Process_2023,Regulation Of Attachment Of Spindle Microtubules To Kinetochore (GO:0051988),1/9,0.0432537102642524,0.0931400340290522,0,0,25.63659793814433,80.51615205757753,CDC42
GO_Biological_Process_2023,Cell-Cell Junction Organization (GO:0045216),2/68,0.0439278715695655,0.0944679227602043,0,0,6.261363636363637,19.568052911815936,DSG1;PRTN3
GO_Biological_Process_2023,Response To Molecule Of Bacterial Origin (GO:0002237),2/69,0.045097951322265,0.096857430094747,0,0,6.167599502487562,19.112887944326236,IL6;IL1B
GO_Biological_Process_2023,Regulation Of Actin Filament-Based Process (GO:0032970),2/70,0.046279519473212,0.0992087798988376,0,0,6.076593137254902,18.673709540062116,CDC42;RHOA
GO_Biological_Process_2023,Positive Regulation Of Cell-Substrate Adhesion (GO:0010811),2/71,0.04747243792056,0.0992087798988376,0,0,5.988224637681159,18.249749279204252,CDC42;FN1
GO_Biological_Process_2023,Regulation Of Lamellipodium Morphogenesis (GO:2000392),1/10,0.047943865635835,0.0992087798988376,0,0,22.786941580756015,69.220448859451,SRC
GO_Biological_Process_2023,Regulation Of Mitochondrial Depolarization (GO:0051900),1/10,0.047943865635835,0.0992087798988376,0,0,22.786941580756015,69.220448859451,SRC
GO_Biological_Process_2023,Aromatic Amino Acid Family Catabolic Process (GO:0009074),1/10,0.047943865635835,0.0992087798988376,0,0,22.786941580756015,69.220448859451,TAT
GO_Biological_Process_2023,Atrial Septum Morphogenesis (GO:0060413),1/10,0.047943865635835,0.0992087798988376,0,0,22.786941580756015,69.220448859451,NKX2-5
GO_Biological_Process_2023,Basement Membrane Organization (GO:0071711),1/10,0.047943865635835,0.0992087798988376,0,0,22.786941580756015,69.220448859451,PXDN
GO_Biological_Process_2023,Cellular Response To Interleukin-15 (GO:0071350),1/10,0.047943865635835,0.0992087798988376,0,0,22.786941580756015,69.220448859451,STAT3
GO_Biological_Process_2023,Steroid Hormone Mediated Signaling Pathway (GO:0043401),1/10,0.047943865635835,0.0992087798988376,0,0,22.786941580756015,69.220448859451,ESR1
GO_Biological_Process_2023,Heme Catabolic Process (GO:0042167),1/10,0.047943865635835,0.0992087798988376,0,0,22.786941580756015,69.220448859451,UGT1A4
GO_Biological_Process_2023,Interleukin-15-Mediated Signaling Pathway (GO:0035723),1/10,0.047943865635835,0.0992087798988376,0,0,22.786941580756015,69.220448859451,STAT3
GO_Biological_Process_2023,Mitotic G1/S Transition Checkpoint Signaling (GO:0044819),1/10,0.047943865635835,0.0992087798988376,0,0,22.786941580756015,69.220448859451,TP53
GO_Biological_Process_2023,Negative Regulation Of Cholesterol Transport (GO:0032375),1/10,0.047943865635835,0.0992087798988376,0,0,22.786941580756015,69.220448859451,NFKB1
GO_Biological_Process_2023,Negative Regulation Of Interleukin-17 Production (GO:0032700),1/10,0.047943865635835,0.0992087798988376,0,0,22.786941580756015,69.220448859451,IFNG
GO_Biological_Process_2023,Negative Regulation Of Lymphocyte Migration (GO:2000402),1/10,0.047943865635835,0.0992087798988376,0,0,22.786941580756015,69.220448859451,AKT1
GO_Biological_Process_2023,Negative Regulation Of Steroid Biosynthetic Process (GO:0010894),1/10,0.047943865635835,0.0992087798988376,0,0,22.786941580756015,69.220448859451,NFKB1
GO_Biological_Process_2023,Negative Regulation Of Transmembrane Transport (GO:0034763),1/10,0.047943865635835,0.0992087798988376,0,0,22.786941580756015,69.220448859451,IL1B
GO_Biological_Process_2023,Positive Regulation Of B Cell Differentiation (GO:0045579),1/10,0.047943865635835,0.0992087798988376,0,0,22.786941580756015,69.220448859451,IL2
GO_Biological_Process_2023,Positive Regulation Of MHC Class II Biosynthetic Process (GO:0045348),1/10,0.047943865635835,0.0992087798988376,0,0,22.786941580756015,69.220448859451,IFNG
GO_Biological_Process_2023,Positive Regulation Of Cellular Respiration (GO:1901857),1/10,0.047943865635835,0.0992087798988376,0,0,22.786941580756015,69.220448859451,IFNG
GO_Biological_Process_2023,Positive Regulation Of Cellular Senescence (GO:2000774),1/10,0.047943865635835,0.0992087798988376,0,0,22.786941580756015,69.220448859451,TP53
GO_Biological_Process_2023,Positive Regulation Of Integrin Activation (GO:0033625),1/10,0.047943865635835,0.0992087798988376,0,0,22.786941580756015,69.220448859451,SRC
GO_Biological_Process_2023,Positive Regulation Of Lipid Localization (GO:1905954),1/10,0.047943865635835,0.0992087798988376,0,0,22.786941580756015,69.220448859451,NFKB1
GO_Biological_Process_2023,Positive Regulation Of Nitric-Oxide Synthase Biosynthetic Process (GO:0051770),1/10,0.047943865635835,0.0992087798988376,0,0,22.786941580756015,69.220448859451,IFNG
GO_Biological_Process_2023,Progesterone Receptor Signaling Pathway (GO:0050847),1/10,0.047943865635835,0.0992087798988376,0,0,22.786941580756015,69.220448859451,SRC
GO_Biological_Process_2023,Protein Localization To Condensed Chromosome (GO:1903083),1/10,0.047943865635835,0.0992087798988376,0,0,22.786941580756015,69.220448859451,CDK1
GO_Biological_Process_2023,Regulation Of B Cell Apoptotic Process (GO:0002902),1/10,0.047943865635835,0.0992087798988376,0,0,22.786941580756015,69.220448859451,IL2
GO_Biological_Process_2023,Regulation Of T-helper 2 Cell Cytokine Production (GO:2000551),1/10,0.047943865635835,0.0992087798988376,0,0,22.786941580756015,69.220448859451,IL6
GO_Biological_Process_2023,Regulation Of Cardiac Muscle Cell Apoptotic Process (GO:0010665),1/10,0.047943865635835,0.0992087798988376,0,0,22.786941580756015,69.220448859451,NKX2-5
GO_Biological_Process_2023,Regulation Of Cellular Localization (GO:0060341),2/72,0.048676569626179,0.1003458016258621,0,0,5.902380952380953,17.840285704351114,HSP90AA1;HSP90AB1
GO_Biological_Process_2023,Response To Ionizing Radiation (GO:0010212),2/72,0.048676569626179,0.1003458016258621,0,0,5.902380952380953,17.840285704351114,MYC;TP53
GO_Biological_Process_2023,Positive Regulation Of Protein Localization To Nucleus (GO:1900182),2/72,0.048676569626179,0.1003458016258621,0,0,5.902380952380953,17.840285704351114,IFNG;CDK1
GO_Biological_Process_2023,Monocarboxylic Acid Transport (GO:0015718),2/73,0.0498917785654808,0.102593482081458,0,0,5.818955399061033,17.444640851232034,FABP7;UGT1A6
GO_Biological_Process_2023,Protein Tetramerization (GO:0051262),2/73,0.0498917785654808,0.102593482081458,0,0,5.818955399061033,17.444640851232034,KRT1;GRIN2B
GO_Biological_Process_2023,Import Into Nucleus (GO:0051170),2/74,0.051117929782254,0.103645449981382,0,0,5.737847222222222,17.06217706730942,STAT3;AKT1
GO_Biological_Process_2023,Regulation Of Stress Fiber Assembly (GO:0051492),2/75,0.0523548893251235,0.103645449981382,0,0,5.6589611872146115,16.692294115929514,CDC42;RHOA
GO_Biological_Process_2023,Negative Regulation Of Phosphorylation (GO:0042326),2/75,0.0523548893251235,0.103645449981382,0,0,5.6589611872146115,16.692294115929514,CDKN2A;PTEN
GO_Biological_Process_2023,Positive Regulation Of Neurogenesis (GO:0050769),2/75,0.0523548893251235,0.103645449981382,0,0,5.6589611872146115,16.692294115929514,IFNG;CTNNB1
GO_Biological_Process_2023,Regulation Of Epithelial Cell Apoptotic Process (GO:1904035),1/11,0.0526112631068001,0.103645449981382,0,0,20.507216494845363,60.39016493525059,TNF
GO_Biological_Process_2023,Regulation Of Fatty Acid Metabolic Process (GO:0019217),1/11,0.0526112631068001,0.103645449981382,0,0,20.507216494845363,60.39016493525059,UGT1A8
GO_Biological_Process_2023,Regulation Of Keratinocyte Migration (GO:0051547),1/11,0.0526112631068001,0.103645449981382,0,0,20.507216494845363,60.39016493525059,PTEN
GO_Biological_Process_2023,Regulation Of Leukocyte Cell-Cell Adhesion (GO:1903037),1/11,0.0526112631068001,0.103645449981382,0,0,20.507216494845363,60.39016493525059,AKT1
GO_Biological_Process_2023,Regulation Of Mesenchymal Cell Proliferation (GO:0010464),1/11,0.0526112631068001,0.103645449981382,0,0,20.507216494845363,60.39016493525059,MYC
GO_Biological_Process_2023,Regulation Of Monocyte Chemotactic Protein-1 Production (GO:0071637),1/11,0.0526112631068001,0.103645449981382,0,0,20.507216494845363,60.39016493525059,IL1B
GO_Biological_Process_2023,Brain Morphogenesis (GO:0048854),1/11,0.0526112631068001,0.103645449981382,0,0,20.507216494845363,60.39016493525059,PTEN
GO_Biological_Process_2023,Regulation Of Phospholipase C Activity (GO:1900274),1/11,0.0526112631068001,0.103645449981382,0,0,20.507216494845363,60.39016493525059,ESR1
GO_Biological_Process_2023,Catecholamine Biosynthetic Process (GO:0042423),1/11,0.0526112631068001,0.103645449981382,0,0,20.507216494845363,60.39016493525059,TH
GO_Biological_Process_2023,Regulation Of Pseudopodium Assembly (GO:0031272),1/11,0.0526112631068001,0.103645449981382,0,0,20.507216494845363,60.39016493525059,CDC42
GO_Biological_Process_2023,Regulation Of Stress-Activated Protein Kinase Signaling Cascade (GO:0070302),1/11,0.0526112631068001,0.103645449981382,0,0,20.507216494845363,60.39016493525059,MAPK3
GO_Biological_Process_2023,Cellular Response To Growth Hormone Stimulus (GO:0071378),1/11,0.0526112631068001,0.103645449981382,0,0,20.507216494845363,60.39016493525059,STAT3
GO_Biological_Process_2023,Response To Nitric Oxide (GO:0071731),1/11,0.0526112631068001,0.103645449981382,0,0,20.507216494845363,60.39016493525059,KCNC2
GO_Biological_Process_2023,Ganglion Development (GO:0061548),1/11,0.0526112631068001,0.103645449981382,0,0,20.507216494845363,60.39016493525059,CTNNB1
GO_Biological_Process_2023,Macrophage Activation Involved In Immune Response (GO:0002281),1/11,0.0526112631068001,0.103645449981382,0,0,20.507216494845363,60.39016493525059,IFNG
GO_Biological_Process_2023,Maintenance Of Protein Localization In Endoplasmic Reticulum (GO:0035437),1/11,0.0526112631068001,0.103645449981382,0,0,20.507216494845363,60.39016493525059,HSPA5
GO_Biological_Process_2023,Negative Regulation Of Cell Division (GO:0051782),1/11,0.0526112631068001,0.103645449981382,0,0,20.507216494845363,60.39016493525059,MYC
GO_Biological_Process_2023,Negative Regulation Of Glucose Transmembrane Transport (GO:0010829),1/11,0.0526112631068001,0.103645449981382,0,0,20.507216494845363,60.39016493525059,IL1B
GO_Biological_Process_2023,Negative Regulation Of Myotube Differentiation (GO:0010832),1/11,0.0526112631068001,0.103645449981382,0,0,20.507216494845363,60.39016493525059,NKX2-5
GO_Biological_Process_2023,Negative Regulation Of Release Of Sequestered Calcium Ion Into Cytosol (GO:0051280),1/11,0.0526112631068001,0.103645449981382,0,0,20.507216494845363,60.39016493525059,CALM3
GO_Biological_Process_2023,Negative Regulation Of Ryanodine-Sensitive Calcium-Release Channel Activity (GO:0060315),1/11,0.0526112631068001,0.103645449981382,0,0,20.507216494845363,60.39016493525059,CALM3
GO_Biological_Process_2023,Positive Regulation Of Myelination (GO:0031643),1/11,0.0526112631068001,0.103645449981382,0,0,20.507216494845363,60.39016493525059,DICER1
GO_Biological_Process_2023,Positive Regulation Of Platelet Aggregation (GO:1901731),1/11,0.0526112631068001,0.103645449981382,0,0,20.507216494845363,60.39016493525059,IL6
GO_Biological_Process_2023,Positive Regulation Of Pseudopodium Assembly (GO:0031274),1/11,0.0526112631068001,0.103645449981382,0,0,20.507216494845363,60.39016493525059,CDC42
GO_Biological_Process_2023,Post-Transcriptional Gene Silencing (GO:0016441),1/11,0.0526112631068001,0.103645449981382,0,0,20.507216494845363,60.39016493525059,DICER1
GO_Biological_Process_2023,Protein Localization To Kinetochore (GO:0034501),1/11,0.0526112631068001,0.103645449981382,0,0,20.507216494845363,60.39016493525059,CDK1
GO_Biological_Process_2023,Regulation Of T Cell Apoptotic Process (GO:0070232),1/11,0.0526112631068001,0.103645449981382,0,0,20.507216494845363,60.39016493525059,PIP
GO_Biological_Process_2023,Regulation Of T Cell Mediated Immunity (GO:0002709),1/11,0.0526112631068001,0.103645449981382,0,0,20.507216494845363,60.39016493525059,IL1B
GO_Biological_Process_2023,Regulation Of Astrocyte Differentiation (GO:0048710),1/11,0.0526112631068001,0.103645449981382,0,0,20.507216494845363,60.39016493525059,IL6
GO_Biological_Process_2023,Regulation Of Cell Activation (GO:0050865),1/11,0.0526112631068001,0.103645449981382,0,0,20.507216494845363,60.39016493525059,IL6
GO_Biological_Process_2023,Regulation Of Cell Communication By Electrical Coupling Involved In Cardiac Conduction (GO:1901844),1/11,0.0526112631068001,0.103645449981382,0,0,20.507216494845363,60.39016493525059,CALM3
GO_Biological_Process_2023,Wnt Signaling Pathway (GO:0016055),2/76,0.0536025243078527,0.1054717933386851,0,0,5.582207207207207,16.33442651078147,PTEN;CTNNB1
GO_Biological_Process_2023,Actomyosin Structure Organization (GO:0031032),2/77,0.0548607028248547,0.1073049223109956,0,0,5.5075,15.988041087575526,SRC;RHOA
GO_Biological_Process_2023,Embryonic Organ Development (GO:0048568),2/77,0.0548607028248547,0.1073049223109956,0,0,5.5075,15.988041087575526,NKX2-5;TNF
GO_Biological_Process_2023,Positive Regulation Of Endothelial Cell Proliferation (GO:0001938),2/77,0.0548607028248547,0.1073049223109956,0,0,5.5075,15.988041087575526,AKT1;HIF1A
GO_Biological_Process_2023,Positive Regulation Of Synaptic Transmission (GO:0050806),2/77,0.0548607028248547,0.1073049223109956,0,0,5.5075,15.988041087575526,TNF;GRIN2B
GO_Biological_Process_2023,Regulation Of T Cell Proliferation (GO:0042129),2/77,0.0548607028248547,0.1073049223109956,0,0,5.5075,15.988041087575526,IL6;IL1B
GO_Biological_Process_2023,Cellular Response To Nutrient Levels (GO:0031669),2/78,0.0561292940054752,0.1087533265794595,0,0,5.4347587719298245,15.652634760583588,ALB;CARTPT
GO_Biological_Process_2023,Regulation Of Chemokine (C-X-C Motif) Ligand 2 Production (GO:2000341),1/12,0.0572560118631968,0.1087533265794595,0,0,18.64198687910028,53.32023276493544,TNF
GO_Biological_Process_2023,Regulation Of Lymphocyte Migration (GO:2000401),1/12,0.0572560118631968,0.1087533265794595,0,0,18.64198687910028,53.32023276493544,AKT1
GO_Biological_Process_2023,Atrial Cardiac Muscle Tissue Development (GO:0003228),1/12,0.0572560118631968,0.1087533265794595,0,0,18.64198687910028,53.32023276493544,NKX2-5
GO_Biological_Process_2023,Axonal Transport Of Mitochondrion (GO:0019896),1/12,0.0572560118631968,0.1087533265794595,0,0,18.64198687910028,53.32023276493544,HIF1A
GO_Biological_Process_2023,Cardiac Right Ventricle Morphogenesis (GO:0003215),1/12,0.0572560118631968,0.1087533265794595,0,0,18.64198687910028,53.32023276493544,NKX2-5
GO_Biological_Process_2023,Cell-Cell Junction Maintenance (GO:0045217),1/12,0.0572560118631968,0.1087533265794595,0,0,18.64198687910028,53.32023276493544,PRTN3
GO_Biological_Process_2023,Response To Interleukin-6 (GO:0070741),1/12,0.0572560118631968,0.1087533265794595,0,0,18.64198687910028,53.32023276493544,NFKB1
GO_Biological_Process_2023,Response To Iron Ion (GO:0010039),1/12,0.0572560118631968,0.1087533265794595,0,0,18.64198687910028,53.32023276493544,HIF1A
GO_Biological_Process_2023,Detection Of Calcium Ion (GO:0005513),1/12,0.0572560118631968,0.1087533265794595,0,0,18.64198687910028,53.32023276493544,CALM3
GO_Biological_Process_2023,Endothelium Development (GO:0003158),1/12,0.0572560118631968,0.1087533265794595,0,0,18.64198687910028,53.32023276493544,KDM6B
GO_Biological_Process_2023,Ionotropic Glutamate Receptor Signaling Pathway (GO:0035235),1/12,0.0572560118631968,0.1087533265794595,0,0,18.64198687910028,53.32023276493544,GRIN2B
GO_Biological_Process_2023,Myelination In Peripheral Nervous System (GO:0022011),1/12,0.0572560118631968,0.1087533265794595,0,0,18.64198687910028,53.32023276493544,DICER1
GO_Biological_Process_2023,Negative Regulation By Host Of Viral Transcription (GO:0043922),1/12,0.0572560118631968,0.1087533265794595,0,0,18.64198687910028,53.32023276493544,JUN
GO_Biological_Process_2023,Negative Regulation Of Alcohol Biosynthetic Process (GO:1902931),1/12,0.0572560118631968,0.1087533265794595,0,0,18.64198687910028,53.32023276493544,NFKB1
GO_Biological_Process_2023,Negative Regulation Of Mononuclear Cell Migration (GO:0071676),1/12,0.0572560118631968,0.1087533265794595,0,0,18.64198687910028,53.32023276493544,AKT1
GO_Biological_Process_2023,Negative Regulation Of Voltage-Gated Calcium Channel Activity (GO:1901386),1/12,0.0572560118631968,0.1087533265794595,0,0,18.64198687910028,53.32023276493544,CALM3
GO_Biological_Process_2023,Neutrophil Mediated Immunity (GO:0002446),1/12,0.0572560118631968,0.1087533265794595,0,0,18.64198687910028,53.32023276493544,IL6
GO_Biological_Process_2023,Positive Regulation Of T-helper 1 Type Immune Response (GO:0002827),1/12,0.0572560118631968,0.1087533265794595,0,0,18.64198687910028,53.32023276493544,IL1B
GO_Biological_Process_2023,Positive Regulation Of Histone H3-K4 Methylation (GO:0051571),1/12,0.0572560118631968,0.1087533265794595,0,0,18.64198687910028,53.32023276493544,CTNNB1
GO_Biological_Process_2023,Positive Regulation Of Protein Export From Nucleus (GO:0046827),1/12,0.0572560118631968,0.1087533265794595,0,0,18.64198687910028,53.32023276493544,IL1B
GO_Biological_Process_2023,Positive Regulation Of Sodium Ion Transport (GO:0010765),1/12,0.0572560118631968,0.1087533265794595,0,0,18.64198687910028,53.32023276493544,NKX2-5
GO_Biological_Process_2023,pre-miRNA Processing (GO:0031054),1/12,0.0572560118631968,0.1087533265794595,0,0,18.64198687910028,53.32023276493544,DICER1
GO_Biological_Process_2023,Regulation Of Actomyosin Structure Organization (GO:0110020),1/12,0.0572560118631968,0.1087533265794595,0,0,18.64198687910028,53.32023276493544,CDC42
GO_Biological_Process_2023,Regulation Of Cell Communication By Electrical Coupling (GO:0010649),1/12,0.0572560118631968,0.1087533265794595,0,0,18.64198687910028,53.32023276493544,CALM3
GO_Biological_Process_2023,Cellular Response To UV (GO:0034644),2/79,0.057408167971698,0.1087907958217992,0,0,5.363906926406926,15.327732470853563,MYC;TP53
GO_Biological_Process_2023,Protein Import Into Nucleus (GO:0006606),2/79,0.057408167971698,0.1087907958217992,0,0,5.363906926406926,15.327732470853563,STAT3;AKT1
GO_Biological_Process_2023,Positive Regulation Of Immune Response (GO:0050778),2/80,0.0586971958583036,0.1111054064460747,0,0,5.294871794871795,15.01288529254895,IFNG;IL2
GO_Biological_Process_2023,Phosphorylation (GO:0016310),5/429,0.0598256293085644,0.113111057484432,0,0,2.4698214648001624,6.9558103689775574,ERBB2;STAT3;CDK1;AKT1;MAPK3
GO_Biological_Process_2023,Phosphate-Containing Compound Metabolic Process (GO:0006796),3/184,0.0618338504215775,0.1135932027245083,0,0,3.4407095085780752,9.57654164949724,STAT3;AKT1;MAPK3
GO_Biological_Process_2023,Regulation Of Fatty Acid Beta-Oxidation (GO:0031998),1/13,0.0618782205955173,0.1135932027245083,0,0,17.087628865979383,47.54781410425205,AKT1
GO_Biological_Process_2023,Regulation Of Lamellipodium Organization (GO:1902743),1/13,0.0618782205955173,0.1135932027245083,0,0,17.087628865979383,47.54781410425205,CDC42
GO_Biological_Process_2023,Acute-Phase Response (GO:0006953),1/13,0.0618782205955173,0.1135932027245083,0,0,17.087628865979383,47.54781410425205,IL6
GO_Biological_Process_2023,Atrial Septum Development (GO:0003283),1/13,0.0618782205955173,0.1135932027245083,0,0,17.087628865979383,47.54781410425205,NKX2-5
GO_Biological_Process_2023,Regulation Of Nitric-Oxide Synthase Biosynthetic Process (GO:0051769),1/13,0.0618782205955173,0.1135932027245083,0,0,17.087628865979383,47.54781410425205,IFNG
GO_Biological_Process_2023,Branching Involved In Blood Vessel Morphogenesis (GO:0001569),1/13,0.0618782205955173,0.1135932027245083,0,0,17.087628865979383,47.54781410425205,CTNNB1
GO_Biological_Process_2023,Cardiocyte Differentiation (GO:0035051),1/13,0.0618782205955173,0.1135932027245083,0,0,17.087628865979383,47.54781410425205,KDM6B
GO_Biological_Process_2023,Response To UV-A (GO:0070141),1/13,0.0618782205955173,0.1135932027245083,0,0,17.087628865979383,47.54781410425205,EGFR
GO_Biological_Process_2023,Response To Chemokine (GO:1990868),1/13,0.0618782205955173,0.1135932027245083,0,0,17.087628865979383,47.54781410425205,RHOA
GO_Biological_Process_2023,Response To Nerve Growth Factor (GO:1990089),1/13,0.0618782205955173,0.1135932027245083,0,0,17.087628865979383,47.54781410425205,AKT1
GO_Biological_Process_2023,Response To Progesterone (GO:0032570),1/13,0.0618782205955173,0.1135932027245083,0,0,17.087628865979383,47.54781410425205,SRC
GO_Biological_Process_2023,Endothelial Cell Differentiation (GO:0045446),1/13,0.0618782205955173,0.1135932027245083,0,0,17.087628865979383,47.54781410425205,KDM6B
GO_Biological_Process_2023,Eye Photoreceptor Cell Development (GO:0042462),1/13,0.0618782205955173,0.1135932027245083,0,0,17.087628865979383,47.54781410425205,TH
GO_Biological_Process_2023,Killing By Host Of Symbiont Cells (GO:0051873),1/13,0.0618782205955173,0.1135932027245083,0,0,17.087628865979383,47.54781410425205,GAPDH
GO_Biological_Process_2023,Mature B Cell Differentiation Involved In Immune Response (GO:0002313),1/13,0.0618782205955173,0.1135932027245083,0,0,17.087628865979383,47.54781410425205,IL6
GO_Biological_Process_2023,Negative Regulation Of Cell Migration Involved In Sprouting Angiogenesis (GO:0090051),1/13,0.0618782205955173,0.1135932027245083,0,0,17.087628865979383,47.54781410425205,RHOA
GO_Biological_Process_2023,Negative Regulation Of Endoplasmic Reticulum Unfolded Protein Response (GO:1900102),1/13,0.0618782205955173,0.1135932027245083,0,0,17.087628865979383,47.54781410425205,HSPA5
GO_Biological_Process_2023,Outer Mitochondrial Membrane Organization (GO:0007008),1/13,0.0618782205955173,0.1135932027245083,0,0,17.087628865979383,47.54781410425205,HSPA4
GO_Biological_Process_2023,Positive Regulation Of Cyclase Activity (GO:0031281),1/13,0.0618782205955173,0.1135932027245083,0,0,17.087628865979383,47.54781410425205,MAPK3
GO_Biological_Process_2023,Positive Regulation Of Granulocyte Macrophage Colony-Stimulating Factor Production (GO:0032725),1/13,0.0618782205955173,0.1135932027245083,0,0,17.087628865979383,47.54781410425205,IL1B
GO_Biological_Process_2023,Positive Regulation Of Macrophage Chemotaxis (GO:0010759),1/13,0.0618782205955173,0.1135932027245083,0,0,17.087628865979383,47.54781410425205,MAPK3
GO_Biological_Process_2023,Positive Regulation Of Protein Deacetylation (GO:0090312),1/13,0.0618782205955173,0.1135932027245083,0,0,17.087628865979383,47.54781410425205,IFNG
GO_Biological_Process_2023,Positive Regulation Of Type 2 Immune Response (GO:0002830),1/13,0.0618782205955173,0.1135932027245083,0,0,17.087628865979383,47.54781410425205,IL6
GO_Biological_Process_2023,Protein Insertion Into Mitochondrial Outer Membrane (GO:0045040),1/13,0.0618782205955173,0.1135932027245083,0,0,17.087628865979383,47.54781410425205,HSPA4
GO_Biological_Process_2023,Regulation Of IRE1-mediated Unfolded Protein Response (GO:1903894),1/13,0.0618782205955173,0.1135932027245083,0,0,17.087628865979383,47.54781410425205,HSPA5
GO_Biological_Process_2023,Regulation Of Cell Division (GO:0051302),2/83,0.0626239291468863,0.1148338343619802,0,0,5.097993827160494,14.12454155963278,MYC;CALM3
GO_Biological_Process_2023,Defense Response To Gram-positive Bacterium (GO:0050830),2/85,0.0652902026425697,0.1182070886265159,0,0,4.97464859437751,13.575384662564284,IL6;IL1B
GO_Biological_Process_2023,Establishment Of Protein Localization To Organelle (GO:0072594),2/85,0.0652902026425697,0.1182070886265159,0,0,4.97464859437751,13.575384662564284,STAT3;AKT1
GO_Biological_Process_2023,Negative Regulation Of Cell Cycle (GO:0045786),2/85,0.0652902026425697,0.1182070886265159,0,0,4.97464859437751,13.575384662564284,CDKN2A;PTEN
GO_Biological_Process_2023,Positive Regulation Of Endothelial Cell Migration (GO:0010595),2/85,0.0652902026425697,0.1182070886265159,0,0,4.97464859437751,13.575384662564284,AKT1;HIF1A
GO_Biological_Process_2023,2-Oxoglutarate Metabolic Process (GO:0006103),1/14,0.0664779974990266,0.1182070886265159,0,0,15.772402854877082,42.75715849568251,TAT
GO_Biological_Process_2023,Regulation Of Extracellular Matrix Disassembly (GO:0010715),1/14,0.0664779974990266,0.1182070886265159,0,0,15.772402854877082,42.75715849568251,IL6
GO_Biological_Process_2023,Regulation Of Feeding Behavior (GO:0060259),1/14,0.0664779974990266,0.1182070886265159,0,0,15.772402854877082,42.75715849568251,STAT3
GO_Biological_Process_2023,Regulation Of Histone H3-K4 Methylation (GO:0051569),1/14,0.0664779974990266,0.1182070886265159,0,0,15.772402854877082,42.75715849568251,CTNNB1
GO_Biological_Process_2023,Regulation Of Integrin Activation (GO:0033623),1/14,0.0664779974990266,0.1182070886265159,0,0,15.772402854877082,42.75715849568251,SRC
GO_Biological_Process_2023,Regulation Of Microglial Cell Activation (GO:1903978),1/14,0.0664779974990266,0.1182070886265159,0,0,15.772402854877082,42.75715849568251,IL6
GO_Biological_Process_2023,Cardiac Cell Development (GO:0055006),1/14,0.0664779974990266,0.1182070886265159,0,0,15.772402854877082,42.75715849568251,NKX2-5
GO_Biological_Process_2023,Response To Muscle Stretch (GO:0035994),1/14,0.0664779974990266,0.1182070886265159,0,0,15.772402854877082,42.75715849568251,CTNNB1
GO_Biological_Process_2023,Hyaluronan Metabolic Process (GO:0030212),1/14,0.0664779974990266,0.1182070886265159,0,0,15.772402854877082,42.75715849568251,IL1B
GO_Biological_Process_2023,Mitochondrion Transport Along Microtubule (GO:0047497),1/14,0.0664779974990266,0.1182070886265159,0,0,15.772402854877082,42.75715849568251,HIF1A
GO_Biological_Process_2023,Mitotic Recombination (GO:0006312),1/14,0.0664779974990266,0.1182070886265159,0,0,15.772402854877082,42.75715849568251,PTEN
GO_Biological_Process_2023,Negative Regulation Of Peptidyl-Threonine Phosphorylation (GO:0010801),1/14,0.0664779974990266,0.1182070886265159,0,0,15.772402854877082,42.75715849568251,CALM3
GO_Biological_Process_2023,Pancreas Development (GO:0031016),1/14,0.0664779974990266,0.1182070886265159,0,0,15.772402854877082,42.75715849568251,ZIC3
GO_Biological_Process_2023,Photoreceptor Cell Development (GO:0042461),1/14,0.0664779974990266,0.1182070886265159,0,0,15.772402854877082,42.75715849568251,TH
GO_Biological_Process_2023,Positive Regulation Of Adaptive Immune Response Based On Somatic Recombination Of Immune Receptors Built From Immunoglobulin Superfamily Domains (GO:0002824),1/14,0.0664779974990266,0.1182070886265159,0,0,15.772402854877082,42.75715849568251,IL1B
GO_Biological_Process_2023,Positive Regulation Of Exosomal Secretion (GO:1903543),1/14,0.0664779974990266,0.1182070886265159,0,0,15.772402854877082,42.75715849568251,IFNG
GO_Biological_Process_2023,Positive Regulation Of Protein-Containing Complex Disassembly (GO:0043243),1/14,0.0664779974990266,0.1182070886265159,0,0,15.772402854877082,42.75715849568251,TNF
GO_Biological_Process_2023,Positive Regulation Of Transcription From RNA Polymerase II Promoter Involved In Cellular Response To Chemical Stimulus (GO:1901522),1/14,0.0664779974990266,0.1182070886265159,0,0,15.772402854877082,42.75715849568251,HIF1A
GO_Biological_Process_2023,Post-Translational Protein Targeting To Endoplasmic Reticulum Membrane (GO:0006620),1/14,0.0664779974990266,0.1182070886265159,0,0,15.772402854877082,42.75715849568251,HSPA5
GO_Biological_Process_2023,Protein Homotrimerization (GO:0070207),1/14,0.0664779974990266,0.1182070886265159,0,0,15.772402854877082,42.75715849568251,PXDN
GO_Biological_Process_2023,Protein Trimerization (GO:0070206),1/14,0.0664779974990266,0.1182070886265159,0,0,15.772402854877082,42.75715849568251,PXDN
GO_Biological_Process_2023,Regulation Of MHC Class II Biosynthetic Process (GO:0045346),1/14,0.0664779974990266,0.1182070886265159,0,0,15.772402854877082,42.75715849568251,IFNG
GO_Biological_Process_2023,Regulation Of Bone Remodeling (GO:0046850),1/14,0.0664779974990266,0.1182070886265159,0,0,15.772402854877082,42.75715849568251,SRC
GO_Biological_Process_2023,Regulation Of Carbohydrate Catabolic Process (GO:0043470),1/14,0.0664779974990266,0.1182070886265159,0,0,15.772402854877082,42.75715849568251,HIF1A
GO_Biological_Process_2023,Negative Regulation Of Angiogenesis (GO:0016525),2/86,0.0666375028628048,0.1182347917965317,0,0,4.915178571428571,13.312700968810276,CTNNB1;TNF
GO_Biological_Process_2023,Negative Regulation Of Binding (GO:0051100),2/86,0.0666375028628048,0.1182347917965317,0,0,4.915178571428571,13.312700968810276,JUN;AKT1
GO_Biological_Process_2023,Regulation Of Cell Differentiation (GO:0045595),3/193,0.0692461995168415,0.122667582534266,0,0,3.2762326869806095,8.747826359045584,HSP90AB1;CTNNB1;TNF
GO_Biological_Process_2023,Negative Regulation Of Protein Kinase Activity (GO:0006469),2/88,0.0693598199478595,0.122667582534266,0,0,4.800387596899225,12.809582485612388,IFNG;AKT1
GO_Biological_Process_2023,Positive Regulation Of Cell Adhesion (GO:0045785),2/88,0.0693598199478595,0.122667582534266,0,0,4.800387596899225,12.809582485612388,ERBB2;TNF
GO_Biological_Process_2023,Positive Regulation Of DNA Repair (GO:0045739),2/89,0.0707345955450903,0.1235387352232747,0,0,4.744971264367816,12.56857714262448,ACTB;EGFR
GO_Biological_Process_2023,DNA Alkylation (GO:0006305),1/15,0.0710554502653649,0.1235387352232747,0,0,14.645066273932253,38.72587137976069,FOS
GO_Biological_Process_2023,Regulation Of Dephosphorylation (GO:0035303),1/15,0.0710554502653649,0.1235387352232747,0,0,14.645066273932253,38.72587137976069,SRC
GO_Biological_Process_2023,Regulation Of Granulocyte Macrophage Colony-Stimulating Factor Production (GO:0032645),1/15,0.0710554502653649,0.1235387352232747,0,0,14.645066273932253,38.72587137976069,IL1B
GO_Biological_Process_2023,T Cell Homeostasis (GO:0043029),1/15,0.0710554502653649,0.1235387352232747,0,0,14.645066273932253,38.72587137976069,AKT1
GO_Biological_Process_2023,Cellular Response To Estrogen Stimulus (GO:0071391),1/15,0.0710554502653649,0.1235387352232747,0,0,14.645066273932253,38.72587137976069,ESR1
GO_Biological_Process_2023,Dendritic Spine Morphogenesis (GO:0060997),1/15,0.0710554502653649,0.1235387352232747,0,0,14.645066273932253,38.72587137976069,PTEN
GO_Biological_Process_2023,Epiboly Involved In Wound Healing (GO:0090505),1/15,0.0710554502653649,0.1235387352232747,0,0,14.645066273932253,38.72587137976069,RHOA
GO_Biological_Process_2023,Sympathetic Nervous System Development (GO:0048485),1/15,0.0710554502653649,0.1235387352232747,0,0,14.645066273932253,38.72587137976069,CTNNB1
GO_Biological_Process_2023,miRNA Metabolic Process (GO:0010586),1/15,0.0710554502653649,0.1235387352232747,0,0,14.645066273932253,38.72587137976069,DICER1
GO_Biological_Process_2023,Negative Regulation Of Epithelial Cell Differentiation (GO:0030857),1/15,0.0710554502653649,0.1235387352232747,0,0,14.645066273932253,38.72587137976069,IFNG
GO_Biological_Process_2023,Negative Regulation Of Phagocytosis (GO:0050765),1/15,0.0710554502653649,0.1235387352232747,0,0,14.645066273932253,38.72587137976069,PRTN3
GO_Biological_Process_2023,Negative Regulation Of Synaptic Transmission (GO:0050805),1/15,0.0710554502653649,0.1235387352232747,0,0,14.645066273932253,38.72587137976069,IL1B
GO_Biological_Process_2023,Positive Regulation Of Glucose Metabolic Process (GO:0010907),1/15,0.0710554502653649,0.1235387352232747,0,0,14.645066273932253,38.72587137976069,AKT1
GO_Biological_Process_2023,Presynapse Assembly (GO:0099054),1/15,0.0710554502653649,0.1235387352232747,0,0,14.645066273932253,38.72587137976069,PTEN
GO_Biological_Process_2023,Regulation Of Bicellular Tight Junction Assembly (GO:2000810),1/15,0.0710554502653649,0.1235387352232747,0,0,14.645066273932253,38.72587137976069,TNF
GO_Biological_Process_2023,Lymphocyte Differentiation (GO:0030098),2/91,0.07351078467036,0.127537718282367,0,0,4.637874531835206,12.106351272634202,CD4;IL2
GO_Biological_Process_2023,Regulation Of Actin Cytoskeleton Organization (GO:0032956),2/91,0.07351078467036,0.127537718282367,0,0,4.637874531835206,12.106351272634202,CDC42;RHOA
GO_Biological_Process_2023,Apoptotic Nuclear Changes (GO:0030262),1/16,0.075610686071539,0.1284677944317877,0,0,13.6680412371134,35.29303731792002,DICER1
GO_Biological_Process_2023,Regulation Of Osteoblast Proliferation (GO:0033688),1/16,0.075610686071539,0.1284677944317877,0,0,13.6680412371134,35.29303731792002,RHOA
GO_Biological_Process_2023,Cellular Response To Gamma Radiation (GO:0071480),1/16,0.075610686071539,0.1284677944317877,0,0,13.6680412371134,35.29303731792002,TP53
GO_Biological_Process_2023,Negative Regulation Of ATP-dependent Activity (GO:0032780),1/16,0.075610686071539,0.1284677944317877,0,0,13.6680412371134,35.29303731792002,TP53
GO_Biological_Process_2023,Negative Regulation Of Anoikis (GO:2000811),1/16,0.075610686071539,0.1284677944317877,0,0,13.6680412371134,35.29303731792002,SRC
GO_Biological_Process_2023,Negative Regulation Of Biosynthetic Process (GO:0009890),1/16,0.075610686071539,0.1284677944317877,0,0,13.6680412371134,35.29303731792002,IL6
GO_Biological_Process_2023,Negative Regulation Of Chemokine Production (GO:0032682),1/16,0.075610686071539,0.1284677944317877,0,0,13.6680412371134,35.29303731792002,IL6
GO_Biological_Process_2023,Negative Regulation Of Cytokine Production Involved In Immune Response (GO:0002719),1/16,0.075610686071539,0.1284677944317877,0,0,13.6680412371134,35.29303731792002,TNF
GO_Biological_Process_2023,Negative Regulation Of Inflammatory Response To Antigenic Stimulus (GO:0002862),1/16,0.075610686071539,0.1284677944317877,0,0,13.6680412371134,35.29303731792002,SRC
GO_Biological_Process_2023,Oligodendrocyte Development (GO:0014003),1/16,0.075610686071539,0.1284677944317877,0,0,13.6680412371134,35.29303731792002,SOX10
GO_Biological_Process_2023,Pharyngeal System Development (GO:0060037),1/16,0.075610686071539,0.1284677944317877,0,0,13.6680412371134,35.29303731792002,NKX2-5
GO_Biological_Process_2023,Phosphatidylinositol Dephosphorylation (GO:0046856),1/16,0.075610686071539,0.1284677944317877,0,0,13.6680412371134,35.29303731792002,PTEN
GO_Biological_Process_2023,Positive Regulation By Host Of Viral Transcription (GO:0043923),1/16,0.075610686071539,0.1284677944317877,0,0,13.6680412371134,35.29303731792002,JUN
GO_Biological_Process_2023,Positive Regulation Of Homotypic Cell-Cell Adhesion (GO:0034112),1/16,0.075610686071539,0.1284677944317877,0,0,13.6680412371134,35.29303731792002,IL6
GO_Biological_Process_2023,Positive Regulation Of Lymphocyte Migration (GO:2000403),1/16,0.075610686071539,0.1284677944317877,0,0,13.6680412371134,35.29303731792002,RHOA
GO_Biological_Process_2023,Positive Regulation Of Telomere Capping (GO:1904355),1/16,0.075610686071539,0.1284677944317877,0,0,13.6680412371134,35.29303731792002,MAPK3
GO_Biological_Process_2023,Protein Localization To Endoplasmic Reticulum (GO:0070972),1/16,0.075610686071539,0.1284677944317877,0,0,13.6680412371134,35.29303731792002,HSPA5
GO_Biological_Process_2023,Regulation Of Golgi Organization (GO:1903358),1/16,0.075610686071539,0.1284677944317877,0,0,13.6680412371134,35.29303731792002,MAPK3
GO_Biological_Process_2023,Regulation Of NMDA Receptor Activity (GO:2000310),1/16,0.075610686071539,0.1284677944317877,0,0,13.6680412371134,35.29303731792002,IFNG
GO_Biological_Process_2023,Regulation Of Cardiac Muscle Contraction By Regulation Of The Release Of Sequestered Calcium Ion (GO:0010881),1/16,0.075610686071539,0.1284677944317877,0,0,13.6680412371134,35.29303731792002,CALM3
GO_Biological_Process_2023,Regulation Of Endothelial Cell Proliferation (GO:0001936),2/93,0.0763217069911863,0.1294082193875326,0,0,4.535485347985348,11.668887114625337,AKT1;HIF1A
GO_Biological_Process_2023,Positive Regulation Of Cellular Component Biogenesis (GO:0044089),2/93,0.0763217069911863,0.1294082193875326,0,0,4.535485347985348,11.668887114625337,IFNG;TNF
GO_Biological_Process_2023,Regulation Of Translation (GO:0006417),3/202,0.0770424552972922,0.1304956227355165,0,0,3.1266331658291455,8.01480721000028,IL6;ERBB2;GAPDH
GO_Biological_Process_2023,Proteolysis (GO:0006508),4/330,0.0790806606663214,0.1315447377529899,0,0,2.555279989557499,6.48347851056566,CYP2A6;PIP;PRTN3;CTSE
GO_Biological_Process_2023,Positive Regulation Of Transmembrane Receptor Protein Serine/Threonine Kinase Signaling Pathway (GO:0090100),2/95,0.0791664344827921,0.1315447377529899,0,0,4.4375,11.254400266815267,BMP3;HSP90AB1
GO_Biological_Process_2023,Regulation Of Cellular Respiration (GO:0043457),1/17,0.0801438116194418,0.1315447377529899,0,0,12.813144329896907,32.33951284796603,IFNG
GO_Biological_Process_2023,"DNA Damage Response, Signal Transduction By P53 Class Mediator Resulting In Cell Cycle Arrest (GO:0006977)",1/17,0.0801438116194418,0.1315447377529899,0,0,12.813144329896907,32.33951284796603,TP53
GO_Biological_Process_2023,Regulation Of Glucose Transmembrane Transport (GO:0010827),1/17,0.0801438116194418,0.1315447377529899,0,0,12.813144329896907,32.33951284796603,IL1B
GO_Biological_Process_2023,Regulation Of Inflammatory Response To Antigenic Stimulus (GO:0002861),1/17,0.0801438116194418,0.1315447377529899,0,0,12.813144329896907,32.33951284796603,SRC
GO_Biological_Process_2023,Regulation Of Leukocyte Chemotaxis (GO:0002688),1/17,0.0801438116194418,0.1315447377529899,0,0,12.813144329896907,32.33951284796603,IL6
GO_Biological_Process_2023,cGMP-mediated Signaling (GO:0019934),1/17,0.0801438116194418,0.1315447377529899,0,0,12.813144329896907,32.33951284796603,KCNC2
GO_Biological_Process_2023,Regulation Of Protein Sumoylation (GO:0033233),1/17,0.0801438116194418,0.1315447377529899,0,0,12.813144329896907,32.33951284796603,CTNNB1
GO_Biological_Process_2023,Regulation Of Receptor Signaling Pathway Via STAT (GO:1904892),1/17,0.0801438116194418,0.1315447377529899,0,0,12.813144329896907,32.33951284796603,IL6
GO_Biological_Process_2023,Cell Migration Involved In Sprouting Angiogenesis (GO:0002042),1/17,0.0801438116194418,0.1315447377529899,0,0,12.813144329896907,32.33951284796603,AKT1
GO_Biological_Process_2023,Regulation Of Ubiquitin Protein Ligase Activity (GO:1904666),1/17,0.0801438116194418,0.1315447377529899,0,0,12.813144329896907,32.33951284796603,PTEN
GO_Biological_Process_2023,Embryonic Heart Tube Development (GO:0035050),1/17,0.0801438116194418,0.1315447377529899,0,0,12.813144329896907,32.33951284796603,NKX2-5
GO_Biological_Process_2023,Epoxygenase P450 Pathway (GO:0019373),1/17,0.0801438116194418,0.1315447377529899,0,0,12.813144329896907,32.33951284796603,CYP2A6
GO_Biological_Process_2023,Extracellular Matrix Assembly (GO:0085029),1/17,0.0801438116194418,0.1315447377529899,0,0,12.813144329896907,32.33951284796603,PXDN
GO_Biological_Process_2023,Growth Hormone Receptor Signaling Pathway (GO:0060396),1/17,0.0801438116194418,0.1315447377529899,0,0,12.813144329896907,32.33951284796603,STAT3
GO_Biological_Process_2023,Intracellular Estrogen Receptor Signaling Pathway (GO:0030520),1/17,0.0801438116194418,0.1315447377529899,0,0,12.813144329896907,32.33951284796603,ESR1
GO_Biological_Process_2023,Leukocyte Tethering Or Rolling (GO:0050901),1/17,0.0801438116194418,0.1315447377529899,0,0,12.813144329896907,32.33951284796603,TNF
GO_Biological_Process_2023,Muscle Tissue Morphogenesis (GO:0060415),1/17,0.0801438116194418,0.1315447377529899,0,0,12.813144329896907,32.33951284796603,NKX2-5
GO_Biological_Process_2023,Myeloid Cell Activation Involved In Immune Response (GO:0002275),1/17,0.0801438116194418,0.1315447377529899,0,0,12.813144329896907,32.33951284796603,IFNG
GO_Biological_Process_2023,ncRNA Metabolic Process (GO:0034660),1/17,0.0801438116194418,0.1315447377529899,0,0,12.813144329896907,32.33951284796603,DICER1
GO_Biological_Process_2023,Negative Regulation Of Cellular Senescence (GO:2000773),1/17,0.0801438116194418,0.1315447377529899,0,0,12.813144329896907,32.33951284796603,PTEN
GO_Biological_Process_2023,Negative Regulation Of Leukocyte Activation (GO:0002695),1/17,0.0801438116194418,0.1315447377529899,0,0,12.813144329896907,32.33951284796603,FN1
GO_Biological_Process_2023,Negative Regulation Of Striated Muscle Cell Differentiation (GO:0051154),1/17,0.0801438116194418,0.1315447377529899,0,0,12.813144329896907,32.33951284796603,NKX2-5
GO_Biological_Process_2023,Negative Regulation Of Vascular Associated Smooth Muscle Cell Proliferation (GO:1904706),1/17,0.0801438116194418,0.1315447377529899,0,0,12.813144329896907,32.33951284796603,PTEN
GO_Biological_Process_2023,Positive Regulation Of Glial Cell Differentiation (GO:0045687),1/17,0.0801438116194418,0.1315447377529899,0,0,12.813144329896907,32.33951284796603,DICER1
GO_Biological_Process_2023,Positive Regulation Of Leukocyte Proliferation (GO:0070665),1/17,0.0801438116194418,0.1315447377529899,0,0,12.813144329896907,32.33951284796603,MAPK3
GO_Biological_Process_2023,Positive Regulation Of Macrophage Derived Foam Cell Differentiation (GO:0010744),1/17,0.0801438116194418,0.1315447377529899,0,0,12.813144329896907,32.33951284796603,NFKB1
GO_Biological_Process_2023,Positive Regulation Of Peptidyl-Serine Phosphorylation Of STAT Protein (GO:0033141),1/17,0.0801438116194418,0.1315447377529899,0,0,12.813144329896907,32.33951284796603,IFNG
GO_Biological_Process_2023,Positive Regulation Of Small GTPase Mediated Signal Transduction (GO:0051057),1/17,0.0801438116194418,0.1315447377529899,0,0,12.813144329896907,32.33951284796603,SRC
GO_Biological_Process_2023,Positive Regulation Of Stem Cell Differentiation (GO:2000738),1/17,0.0801438116194418,0.1315447377529899,0,0,12.813144329896907,32.33951284796603,NKX2-5
GO_Biological_Process_2023,Regulation Of Collagen Biosynthetic Process (GO:0032965),1/18,0.0846549330937291,0.1350369466728126,0,0,12.058823529411764,29.775308154544383,IL6
GO_Biological_Process_2023,Regulation Of Epithelial Cell Differentiation (GO:0030856),1/18,0.0846549330937291,0.1350369466728126,0,0,12.058823529411764,29.775308154544383,IFNG
GO_Biological_Process_2023,Regulation Of Exosomal Secretion (GO:1903541),1/18,0.0846549330937291,0.1350369466728126,0,0,12.058823529411764,29.775308154544383,IFNG
GO_Biological_Process_2023,T-helper Cell Differentiation (GO:0042093),1/18,0.0846549330937291,0.1350369466728126,0,0,12.058823529411764,29.775308154544383,IL6
GO_Biological_Process_2023,Regulation Of Lymphocyte Activation (GO:0051249),1/18,0.0846549330937291,0.1350369466728126,0,0,12.058823529411764,29.775308154544383,CD4
GO_Biological_Process_2023,Regulation Of Oxidative Stress-Induced Intrinsic Apoptotic Signaling Pathway (GO:1902175),1/18,0.0846549330937291,0.1350369466728126,0,0,12.058823529411764,29.775308154544383,NME5
GO_Biological_Process_2023,Regulation Of Peptidyl-Serine Phosphorylation Of STAT Protein (GO:0033139),1/18,0.0846549330937291,0.1350369466728126,0,0,12.058823529411764,29.775308154544383,IFNG
GO_Biological_Process_2023,Branching Involved In Ureteric Bud Morphogenesis (GO:0001658),1/18,0.0846549330937291,0.1350369466728126,0,0,12.058823529411764,29.775308154544383,MYC
GO_Biological_Process_2023,Regulation Of Protein Deacetylation (GO:0090311),1/18,0.0846549330937291,0.1350369466728126,0,0,12.058823529411764,29.775308154544383,IFNG
GO_Biological_Process_2023,Cardiac Atrium Morphogenesis (GO:0003209),1/18,0.0846549330937291,0.1350369466728126,0,0,12.058823529411764,29.775308154544383,NKX2-5
GO_Biological_Process_2023,Regulation Of Protein Neddylation (GO:2000434),1/18,0.0846549330937291,0.1350369466728126,0,0,12.058823529411764,29.775308154544383,HIF1A
GO_Biological_Process_2023,Cell Junction Maintenance (GO:0034331),1/18,0.0846549330937291,0.1350369466728126,0,0,12.058823529411764,29.775308154544383,PRTN3
GO_Biological_Process_2023,Cellular Response To Inorganic Substance (GO:0071241),1/18,0.0846549330937291,0.1350369466728126,0,0,12.058823529411764,29.775308154544383,KCNC2
GO_Biological_Process_2023,Detection Of Mechanical Stimulus (GO:0050982),1/18,0.0846549330937291,0.1350369466728126,0,0,12.058823529411764,29.775308154544383,CTNNB1
GO_Biological_Process_2023,Excitatory Postsynaptic Potential (GO:0060079),1/18,0.0846549330937291,0.1350369466728126,0,0,12.058823529411764,29.775308154544383,GRIN2B
GO_Biological_Process_2023,Ureteric Bud Morphogenesis (GO:0060675),1/18,0.0846549330937291,0.1350369466728126,0,0,12.058823529411764,29.775308154544383,MYC
GO_Biological_Process_2023,Vesicle-Mediated Transport In Synapse (GO:0099003),1/18,0.0846549330937291,0.1350369466728126,0,0,12.058823529411764,29.775308154544383,CPLX2
GO_Biological_Process_2023,Maintenance Of Protein Localization In Organelle (GO:0072595),1/18,0.0846549330937291,0.1350369466728126,0,0,12.058823529411764,29.775308154544383,HSPA5
GO_Biological_Process_2023,Mitotic Cytokinetic Process (GO:1902410),1/18,0.0846549330937291,0.1350369466728126,0,0,12.058823529411764,29.775308154544383,RHOA
GO_Biological_Process_2023,Negative Regulation Of ERBB Signaling Pathway (GO:1901185),1/18,0.0846549330937291,0.1350369466728126,0,0,12.058823529411764,29.775308154544383,EGFR
GO_Biological_Process_2023,Nitric Oxide Mediated Signal Transduction (GO:0007263),1/18,0.0846549330937291,0.1350369466728126,0,0,12.058823529411764,29.775308154544383,KCNC2
GO_Biological_Process_2023,Positive Regulation Of DNA Replication (GO:0045740),1/18,0.0846549330937291,0.1350369466728126,0,0,12.058823529411764,29.775308154544383,EGFR
GO_Biological_Process_2023,Positive Regulation Of Chromosome Segregation (GO:0051984),1/18,0.0846549330937291,0.1350369466728126,0,0,12.058823529411764,29.775308154544383,CDK1
GO_Biological_Process_2023,Positive Regulation Of Establishment Of Protein Localization (GO:1904951),1/18,0.0846549330937291,0.1350369466728126,0,0,12.058823529411764,29.775308154544383,TNF
GO_Biological_Process_2023,Positive Regulation Of Extracellular Matrix Organization (GO:1903055),1/18,0.0846549330937291,0.1350369466728126,0,0,12.058823529411764,29.775308154544383,IL6
GO_Biological_Process_2023,Positive Regulation Of Macrophage Migration (GO:1905523),1/18,0.0846549330937291,0.1350369466728126,0,0,12.058823529411764,29.775308154544383,MAPK3
GO_Biological_Process_2023,Positive Regulation Of Neuroblast Proliferation (GO:0002052),1/18,0.0846549330937291,0.1350369466728126,0,0,12.058823529411764,29.775308154544383,CTNNB1
GO_Biological_Process_2023,"Protein Localization To Chromosome, Centromeric Region (GO:0071459)",1/18,0.0846549330937291,0.1350369466728126,0,0,12.058823529411764,29.775308154544383,CDK1
GO_Biological_Process_2023,Regulation Of Cell Cycle G2/M Phase Transition (GO:1902749),1/18,0.0846549330937291,0.1350369466728126,0,0,12.058823529411764,29.775308154544383,TP53
GO_Biological_Process_2023,Antimicrobial Humoral Response (GO:0019730),2/100,0.0864201908419545,0.1375856332881117,0,0,4.210034013605442,10.308411171595903,PRTN3;GAPDH
GO_Biological_Process_2023,Protein Complex Oligomerization (GO:0051259),2/100,0.0864201908419545,0.1375856332881117,0,0,4.210034013605442,10.308411171595903,KCNC2;PXDN
GO_Biological_Process_2023,Hemopoiesis (GO:0030097),2/101,0.0878943838556413,0.1377834887766992,0,0,4.16729797979798,10.133282483069117,NKX2-5;TP53
GO_Biological_Process_2023,Visual Perception (GO:0007601),2/101,0.0878943838556413,0.1377834887766992,0,0,4.16729797979798,10.133282483069117,TH;POU6F2
GO_Biological_Process_2023,DNA Catabolic Process (GO:0006308),1/19,0.08914415615924,0.1377834887766992,0,0,11.38831615120275,27.531259847052414,DICER1
GO_Biological_Process_2023,Regulation Of Granulocyte Chemotaxis (GO:0071622),1/19,0.08914415615924,0.1377834887766992,0,0,11.38831615120275,27.531259847052414,MAPK3
GO_Biological_Process_2023,Regulation Of Protein-Containing Complex Disassembly (GO:0043244),1/19,0.08914415615924,0.1377834887766992,0,0,11.38831615120275,27.531259847052414,TNF
GO_Biological_Process_2023,Regulation Of Tissue Remodeling (GO:0034103),1/19,0.08914415615924,0.1377834887766992,0,0,11.38831615120275,27.531259847052414,IL2
GO_Biological_Process_2023,Cellular Response To Lectin (GO:1990858),1/19,0.08914415615924,0.1377834887766992,0,0,11.38831615120275,27.531259847052414,SRC
GO_Biological_Process_2023,Cortical Actin Cytoskeleton Organization (GO:0030866),1/19,0.08914415615924,0.1377834887766992,0,0,11.38831615120275,27.531259847052414,TNF
GO_Biological_Process_2023,Dopamine Metabolic Process (GO:0042417),1/19,0.08914415615924,0.1377834887766992,0,0,11.38831615120275,27.531259847052414,TH
GO_Biological_Process_2023,Dopaminergic Neuron Differentiation (GO:0071542),1/19,0.08914415615924,0.1377834887766992,0,0,11.38831615120275,27.531259847052414,CTNNB1
GO_Biological_Process_2023,Embryonic Digestive Tract Development (GO:0048566),1/19,0.08914415615924,0.1377834887766992,0,0,11.38831615120275,27.531259847052414,TNF
GO_Biological_Process_2023,Stimulatory C-type Lectin Receptor Signaling Pathway (GO:0002223),1/19,0.08914415615924,0.1377834887766992,0,0,11.38831615120275,27.531259847052414,SRC
GO_Biological_Process_2023,Establishment Of Skin Barrier (GO:0061436),1/19,0.08914415615924,0.1377834887766992,0,0,11.38831615120275,27.531259847052414,FLG2
GO_Biological_Process_2023,Eye Morphogenesis (GO:0048592),1/19,0.08914415615924,0.1377834887766992,0,0,11.38831615120275,27.531259847052414,STAT3
GO_Biological_Process_2023,tRNA Metabolic Process (GO:0006399),1/19,0.08914415615924,0.1377834887766992,0,0,11.38831615120275,27.531259847052414,DICER1
GO_Biological_Process_2023,Xenobiotic Catabolic Process (GO:0042178),1/19,0.08914415615924,0.1377834887766992,0,0,11.38831615120275,27.531259847052414,CYP2A6
GO_Biological_Process_2023,Intrinsic Apoptotic Signaling Pathway In Response To DNA Damage By P53 Class Mediator (GO:0042771),1/19,0.08914415615924,0.1377834887766992,0,0,11.38831615120275,27.531259847052414,TP53
GO_Biological_Process_2023,Leukocyte Adhesion To Vascular Endothelial Cell (GO:0061756),1/19,0.08914415615924,0.1377834887766992,0,0,11.38831615120275,27.531259847052414,TNF
GO_Biological_Process_2023,Negative Regulation Of Fatty Acid Metabolic Process (GO:0045922),1/19,0.08914415615924,0.1377834887766992,0,0,11.38831615120275,27.531259847052414,UGT1A8
GO_Biological_Process_2023,Negative Regulation Of Leukocyte Cell-Cell Adhesion (GO:1903038),1/19,0.08914415615924,0.1377834887766992,0,0,11.38831615120275,27.531259847052414,AKT1
GO_Biological_Process_2023,Negative Regulation Of Peptidyl-Serine Phosphorylation (GO:0033137),1/19,0.08914415615924,0.1377834887766992,0,0,11.38831615120275,27.531259847052414,PTEN
GO_Biological_Process_2023,Negative Regulation Of Telomere Maintenance Via Telomerase (GO:0032211),1/19,0.08914415615924,0.1377834887766992,0,0,11.38831615120275,27.531259847052414,SRC
GO_Biological_Process_2023,Neuron Apoptotic Process (GO:0051402),1/19,0.08914415615924,0.1377834887766992,0,0,11.38831615120275,27.531259847052414,GAPDH
GO_Biological_Process_2023,Oligodendrocyte Differentiation (GO:0048709),1/19,0.08914415615924,0.1377834887766992,0,0,11.38831615120275,27.531259847052414,SOX10
GO_Biological_Process_2023,Positive Regulation Of Activated T Cell Proliferation (GO:0042104),1/19,0.08914415615924,0.1377834887766992,0,0,11.38831615120275,27.531259847052414,IL2
GO_Biological_Process_2023,Positive Regulation Of calcineurin-NFAT Signaling Cascade (GO:0070886),1/19,0.08914415615924,0.1377834887766992,0,0,11.38831615120275,27.531259847052414,TNF
GO_Biological_Process_2023,Positive Regulation Of Calcineurin-Mediated Signaling (GO:0106058),1/19,0.08914415615924,0.1377834887766992,0,0,11.38831615120275,27.531259847052414,TNF
GO_Biological_Process_2023,Positive Regulation Of Histone Methylation (GO:0031062),1/19,0.08914415615924,0.1377834887766992,0,0,11.38831615120275,27.531259847052414,CTNNB1
GO_Biological_Process_2023,Protein Insertion Into Membrane (GO:0051205),1/19,0.08914415615924,0.1377834887766992,0,0,11.38831615120275,27.531259847052414,EGFR
GO_Biological_Process_2023,Regulation Of Acute Inflammatory Response (GO:0002673),1/19,0.08914415615924,0.1377834887766992,0,0,11.38831615120275,27.531259847052414,IL6
GO_Biological_Process_2023,Regulation Of Behavior (GO:0050795),1/19,0.08914415615924,0.1377834887766992,0,0,11.38831615120275,27.531259847052414,STAT3
GO_Biological_Process_2023,Sensory Perception Of Light Stimulus (GO:0050953),2/102,0.0893761356656344,0.1378826205621008,0,0,4.125416666666666,9.962475190601934,TH;POU6F2
GO_Biological_Process_2023,Protein Catabolic Process (GO:0030163),2/102,0.0893761356656344,0.1378826205621008,0,0,4.125416666666666,9.962475190601934,HSP90AA1;MAGEC2
GO_Biological_Process_2023,Positive Regulation Of Vasculature Development (GO:1904018),2/104,0.0923618860983623,0.141624158222985,0,0,4.044117647058823,9.633253532715042,IL1B;HIF1A
GO_Biological_Process_2023,DNA Methylation (GO:0006306),1/20,0.0936115860195749,0.141624158222985,0,0,10.788388497015736,25.553389086720664,FOS
GO_Biological_Process_2023,Fc-gamma Receptor Signaling Pathway Involved In Phagocytosis (GO:0038096),1/20,0.0936115860195749,0.141624158222985,0,0,10.788388497015736,25.553389086720664,SRC
GO_Biological_Process_2023,Regulation Of Macrophage Chemotaxis (GO:0010758),1/20,0.0936115860195749,0.141624158222985,0,0,10.788388497015736,25.553389086720664,MAPK3
GO_Biological_Process_2023,Regulation Of Protein Localization To Cell Periphery (GO:1904375),1/20,0.0936115860195749,0.141624158222985,0,0,10.788388497015736,25.553389086720664,ACTB
GO_Biological_Process_2023,Stress-Activated Protein Kinase Signaling Cascade (GO:0031098),1/20,0.0936115860195749,0.141624158222985,0,0,10.788388497015736,25.553389086720664,MAPK3
GO_Biological_Process_2023,Striated Muscle Cell Differentiation (GO:0051146),1/20,0.0936115860195749,0.141624158222985,0,0,10.788388497015736,25.553389086720664,KDM6B
GO_Biological_Process_2023,Transport Along Microtubule (GO:0010970),1/20,0.0936115860195749,0.141624158222985,0,0,10.788388497015736,25.553389086720664,CDC42
GO_Biological_Process_2023,Glutamate Metabolic Process (GO:0006536),1/20,0.0936115860195749,0.141624158222985,0,0,10.788388497015736,25.553389086720664,TAT
GO_Biological_Process_2023,Long-Term Synaptic Potentiation (GO:0060291),1/20,0.0936115860195749,0.141624158222985,0,0,10.788388497015736,25.553389086720664,GRIN2B
GO_Biological_Process_2023,Mesoderm Formation (GO:0001707),1/20,0.0936115860195749,0.141624158222985,0,0,10.788388497015736,25.553389086720664,KDM6B
GO_Biological_Process_2023,Negative Regulation Of Phosphate Metabolic Process (GO:0045936),1/20,0.0936115860195749,0.141624158222985,0,0,10.788388497015736,25.553389086720664,CDKN2A
GO_Biological_Process_2023,Negative Regulation Of Phosphoprotein Phosphatase Activity (GO:0032515),1/20,0.0936115860195749,0.141624158222985,0,0,10.788388497015736,25.553389086720664,TNF
GO_Biological_Process_2023,Peripheral Nervous System Development (GO:0007422),1/20,0.0936115860195749,0.141624158222985,0,0,10.788388497015736,25.553389086720664,SOX10
GO_Biological_Process_2023,Positive Regulation Of Lipid Catabolic Process (GO:0050996),1/20,0.0936115860195749,0.141624158222985,0,0,10.788388497015736,25.553389086720664,IL1B
GO_Biological_Process_2023,Positive Regulation Of Lipid Storage (GO:0010884),1/20,0.0936115860195749,0.141624158222985,0,0,10.788388497015736,25.553389086720664,NFKB1
GO_Biological_Process_2023,Positive Regulation Of Phospholipase Activity (GO:0010518),1/20,0.0936115860195749,0.141624158222985,0,0,10.788388497015736,25.553389086720664,ESR1
GO_Biological_Process_2023,Positive Regulation Of Vascular Associated Smooth Muscle Cell Proliferation (GO:1904707),1/20,0.0936115860195749,0.141624158222985,0,0,10.788388497015736,25.553389086720664,JUN
GO_Biological_Process_2023,protein-DNA Complex Disassembly (GO:0032986),1/20,0.0936115860195749,0.141624158222985,0,0,10.788388497015736,25.553389086720664,MYC
GO_Biological_Process_2023,Regulation Of Calcium Ion Import (GO:0090279),1/20,0.0936115860195749,0.141624158222985,0,0,10.788388497015736,25.553389086720664,CTNNB1
GO_Biological_Process_2023,Regulation Of Cardiac Muscle Contraction By Calcium Ion Signaling (GO:0010882),1/20,0.0936115860195749,0.141624158222985,0,0,10.788388497015736,25.553389086720664,CALM3
GO_Biological_Process_2023,Regulation Of Neuron Apoptotic Process (GO:0043523),2/105,0.0938656720844837,0.1417475176790503,0,0,4.00465210355987,9.474568524252726,CTNNB1;TNF
GO_Biological_Process_2023,Cellular Response To Organonitrogen Compound (GO:0071417),2/105,0.0938656720844837,0.1417475176790503,0,0,4.00465210355987,9.474568524252726,CTNNB1;ACTB
GO_Biological_Process_2023,Protein Localization (GO:0008104),4/351,0.0939767899853457,0.1417850008686162,0,0,2.398062419522963,5.670716050426439,CTNNB1;TP53;EGFR;ACTB
GO_Biological_Process_2023,Regulation Of Neurotransmitter Transport (GO:0051588),1/21,0.098057327354183,0.1463289635267237,0,0,10.248453608247422,23.798989697417564,CPLX2
GO_Biological_Process_2023,Cellular Response To Nerve Growth Factor Stimulus (GO:1990090),1/21,0.098057327354183,0.1463289635267237,0,0,10.248453608247422,23.798989697417564,AKT1
GO_Biological_Process_2023,Skin Epidermis Development (GO:0098773),1/21,0.098057327354183,0.1463289635267237,0,0,10.248453608247422,23.798989697417564,FLG2
GO_Biological_Process_2023,Focal Adhesion Assembly (GO:0048041),1/21,0.098057327354183,0.1463289635267237,0,0,10.248453608247422,23.798989697417564,SRC
GO_Biological_Process_2023,Negative Regulation Of Osteoclast Differentiation (GO:0045671),1/21,0.098057327354183,0.1463289635267237,0,0,10.248453608247422,23.798989697417564,CARTPT
GO_Biological_Process_2023,Positive Regulation Of G2/M Transition Of Mitotic Cell Cycle (GO:0010971),1/21,0.098057327354183,0.1463289635267237,0,0,10.248453608247422,23.798989697417564,CDK1
GO_Biological_Process_2023,Positive Regulation Of Heart Contraction (GO:0045823),1/21,0.098057327354183,0.1463289635267237,0,0,10.248453608247422,23.798989697417564,NKX2-5
GO_Biological_Process_2023,Positive Regulation Of Signal Transduction By P53 Class Mediator (GO:1901798),1/21,0.098057327354183,0.1463289635267237,0,0,10.248453608247422,23.798989697417564,MYC
GO_Biological_Process_2023,Positive Regulation Of Transcription Regulatory Region DNA Binding (GO:2000679),1/21,0.098057327354183,0.1463289635267237,0,0,10.248453608247422,23.798989697417564,IFNG
GO_Biological_Process_2023,Regulation Of Anoikis (GO:2000209),1/21,0.098057327354183,0.1463289635267237,0,0,10.248453608247422,23.798989697417564,SRC
GO_Biological_Process_2023,Regulation Of Cardiac Conduction (GO:1903779),1/21,0.098057327354183,0.1463289635267237,0,0,10.248453608247422,23.798989697417564,NKX2-5
GO_Biological_Process_2023,Regulation Of Cell-Substrate Junction Assembly (GO:0090109),1/21,0.098057327354183,0.1463289635267237,0,0,10.248453608247422,23.798989697417564,RHOA
GO_Biological_Process_2023,Positive Regulation Of DNA Metabolic Process (GO:0051054),2/108,0.0984194147676292,0.1466029904471576,0,0,3.890723270440251,9.020708783413909,MYC;EGFR
GO_Biological_Process_2023,Positive Regulation Of Translation (GO:0045727),2/108,0.0984194147676292,0.1466029904471576,0,0,3.890723270440251,9.020708783413909,IL6;ERBB2
GO_Biological_Process_2023,Cell-Matrix Adhesion (GO:0007160),2/109,0.0999511125783363,0.1486150931820875,0,0,3.8541666666666665,8.876431376010393,SRC;FN1
GO_Biological_Process_2023,Positive Regulation Of Cysteine-Type Endopeptidase Activity Involved In Apoptotic Process (GO:0043280),2/109,0.0999511125783363,0.1486150931820875,0,0,3.8541666666666665,8.876431376010393,MYC;TNF
GO_Biological_Process_2023,Regulation Of JNK Cascade (GO:0046328),2/110,0.1014895319273799,0.1504710266448079,0,0,3.818287037037037,8.735475630625318,IL1B;EGFR
GO_Biological_Process_2023,Fc Receptor Mediated Stimulatory Signaling Pathway (GO:0002431),1/22,0.1024814843673402,0.1504710266448079,0,0,9.759941089837998,22.233859615850243,SRC
GO_Biological_Process_2023,Blood Vessel Endothelial Cell Migration (GO:0043534),1/22,0.1024814843673402,0.1504710266448079,0,0,9.759941089837998,22.233859615850243,AKT1
GO_Biological_Process_2023,Regulation Of Protein Export From Nucleus (GO:0046825),1/22,0.1024814843673402,0.1504710266448079,0,0,9.759941089837998,22.233859615850243,IL1B
GO_Biological_Process_2023,Regulation Of Release Of Sequestered Calcium Ion Into Cytosol By Sarcoplasmic Reticulum (GO:0010880),1/22,0.1024814843673402,0.1504710266448079,0,0,9.759941089837998,22.233859615850243,CALM3
GO_Biological_Process_2023,Regulation Of Telomere Capping (GO:1904353),1/22,0.1024814843673402,0.1504710266448079,0,0,9.759941089837998,22.233859615850243,MAPK3
GO_Biological_Process_2023,Cellular Response To Low-Density Lipoprotein Particle Stimulus (GO:0071404),1/22,0.1024814843673402,0.1504710266448079,0,0,9.759941089837998,22.233859615850243,AKT1
GO_Biological_Process_2023,Dendritic Cell Differentiation (GO:0097028),1/22,0.1024814843673402,0.1504710266448079,0,0,9.759941089837998,22.233859615850243,PRTN3
GO_Biological_Process_2023,Membrane Protein Ectodomain Proteolysis (GO:0006509),1/22,0.1024814843673402,0.1504710266448079,0,0,9.759941089837998,22.233859615850243,PRTN3
GO_Biological_Process_2023,Modulation By Host Of Viral Process (GO:0044788),1/22,0.1024814843673402,0.1504710266448079,0,0,9.759941089837998,22.233859615850243,CDC42
GO_Biological_Process_2023,Negative Regulation Of Axonogenesis (GO:0050771),1/22,0.1024814843673402,0.1504710266448079,0,0,9.759941089837998,22.233859615850243,PTEN
GO_Biological_Process_2023,Positive Regulation Of Protein Autophosphorylation (GO:0031954),1/22,0.1024814843673402,0.1504710266448079,0,0,9.759941089837998,22.233859615850243,CALM3
GO_Biological_Process_2023,"Positive Regulation Of Synaptic Transmission, Glutamatergic (GO:0051968)",1/22,0.1024814843673402,0.1504710266448079,0,0,9.759941089837998,22.233859615850243,GRIN2B
GO_Biological_Process_2023,Positive Regulation Of Viral Life Cycle (GO:1903902),1/22,0.1024814843673402,0.1504710266448079,0,0,9.759941089837998,22.233859615850243,CD4
GO_Biological_Process_2023,T Cell Activation (GO:0042110),2/111,0.1030345718748846,0.1508786110431689,0,0,3.783065749235474,8.597738337450945,CD4;IL2
GO_Biological_Process_2023,Mitotic Cell Cycle Phase Transition (GO:0044772),2/111,0.1030345718748846,0.1508786110431689,0,0,3.783065749235474,8.597738337450945,MYC;CDK1
GO_Biological_Process_2023,Negative Regulation Of Inflammatory Response (GO:0050728),2/111,0.1030345718748846,0.1508786110431689,0,0,3.783065749235474,8.597738337450945,SRC;STAT3
GO_Biological_Process_2023,Negative Regulation Of Defense Response (GO:0031348),2/112,0.1045861322849291,0.1528937245935359,0,0,3.748484848484849,8.463120355325495,STAT3;AKT1
GO_Biological_Process_2023,Negative Regulation Of Intracellular Signal Transduction (GO:1902532),3/231,0.1045968024608243,0.1528937245935359,0,0,2.724930747922438,6.151918912978413,SRC;PTEN;ESR1
GO_Biological_Process_2023,Positive Regulation Of Cellular Component Organization (GO:0051130),2/113,0.1061441138319259,0.1543151811388691,0,0,3.714527027027027,8.331526416877884,IFNG;TNF
GO_Biological_Process_2023,Regulation Of Cholesterol Transport (GO:0032374),1/23,0.1068841607644753,0.1543151811388691,0,0,9.315838800374882,20.8303053683161,NFKB1
GO_Biological_Process_2023,Adaptive Immune Response Based On Somatic Recombination Of Immune Receptors Built From Immunoglobulin Superfamily Domains (GO:0002460),1/23,0.1068841607644753,0.1543151811388691,0,0,9.315838800374882,20.8303053683161,STAT3
GO_Biological_Process_2023,Regulation Of Myotube Differentiation (GO:0010830),1/23,0.1068841607644753,0.1543151811388691,0,0,9.315838800374882,20.8303053683161,NKX2-5
GO_Biological_Process_2023,Entrainment Of Circadian Clock By Photoperiod (GO:0043153),1/23,0.1068841607644753,0.1543151811388691,0,0,9.315838800374882,20.8303053683161,TP53
GO_Biological_Process_2023,Glial Cell Development (GO:0021782),1/23,0.1068841607644753,0.1543151811388691,0,0,9.315838800374882,20.8303053683161,SOX10
GO_Biological_Process_2023,Negative Regulation Of Epidermal Growth Factor Receptor Signaling Pathway (GO:0042059),1/23,0.1068841607644753,0.1543151811388691,0,0,9.315838800374882,20.8303053683161,EGFR
GO_Biological_Process_2023,Negative Regulation Of Neuron Differentiation (GO:0045665),1/23,0.1068841607644753,0.1543151811388691,0,0,9.315838800374882,20.8303053683161,SOX2
GO_Biological_Process_2023,Negative Regulation Of Oxidative Stress-Induced Cell Death (GO:1903202),1/23,0.1068841607644753,0.1543151811388691,0,0,9.315838800374882,20.8303053683161,NME5
GO_Biological_Process_2023,Positive Regulation Of Epithelial Cell Apoptotic Process (GO:1904037),1/23,0.1068841607644753,0.1543151811388691,0,0,9.315838800374882,20.8303053683161,IL6
GO_Biological_Process_2023,Positive Regulation Of Lamellipodium Assembly (GO:0010592),1/23,0.1068841607644753,0.1543151811388691,0,0,9.315838800374882,20.8303053683161,CDC42
GO_Biological_Process_2023,Positive Regulation Of Oxidoreductase Activity (GO:0051353),1/23,0.1068841607644753,0.1543151811388691,0,0,9.315838800374882,20.8303053683161,TNF
GO_Biological_Process_2023,Positive Regulation Of Protein Targeting To Membrane (GO:0090314),1/23,0.1068841607644753,0.1543151811388691,0,0,9.315838800374882,20.8303053683161,ERBB2
GO_Biological_Process_2023,Regulation Of T Cell Migration (GO:2000404),1/23,0.1068841607644753,0.1543151811388691,0,0,9.315838800374882,20.8303053683161,RHOA
GO_Biological_Process_2023,Negative Regulation Of Canonical Wnt Signaling Pathway (GO:0090090),2/114,0.1077084180084145,0.1553686837469931,0,0,3.6811755952380953,8.20286494458987,SOX2;NKX2-5
GO_Biological_Process_2023,Regulation Of Cytokine Production Involved In Immune Response (GO:0002718),1/24,0.1112654597409712,0.1588263686832456,0,0,8.910354101299866,19.565679904837808,TNF
GO_Biological_Process_2023,Fc-gamma Receptor Signaling Pathway (GO:0038094),1/24,0.1112654597409712,0.1588263686832456,0,0,8.910354101299866,19.565679904837808,SRC
GO_Biological_Process_2023,Regulation Of Execution Phase Of Apoptosis (GO:1900117),1/24,0.1112654597409712,0.1588263686832456,0,0,8.910354101299866,19.565679904837808,TP53
GO_Biological_Process_2023,Regulation Of Neuroblast Proliferation (GO:1902692),1/24,0.1112654597409712,0.1588263686832456,0,0,8.910354101299866,19.565679904837808,CTNNB1
GO_Biological_Process_2023,Regulation Of Ryanodine-Sensitive Calcium-Release Channel Activity (GO:0060314),1/24,0.1112654597409712,0.1588263686832456,0,0,8.910354101299866,19.565679904837808,CALM3
GO_Biological_Process_2023,Outflow Tract Septum Morphogenesis (GO:0003148),1/24,0.1112654597409712,0.1588263686832456,0,0,8.910354101299866,19.565679904837808,NKX2-5
GO_Biological_Process_2023,Photoperiodism (GO:0009648),1/24,0.1112654597409712,0.1588263686832456,0,0,8.910354101299866,19.565679904837808,TP53
GO_Biological_Process_2023,Positive Regulation Of Cell Cycle G2/M Phase Transition (GO:1902751),1/24,0.1112654597409712,0.1588263686832456,0,0,8.910354101299866,19.565679904837808,CDK1
GO_Biological_Process_2023,Positive Regulation Of Cellular Response To Transforming Growth Factor Beta Stimulus (GO:1903846),1/24,0.1112654597409712,0.1588263686832456,0,0,8.910354101299866,19.565679904837808,HSP90AB1
GO_Biological_Process_2023,Positive Regulation Of p38MAPK Cascade (GO:1900745),1/24,0.1112654597409712,0.1588263686832456,0,0,8.910354101299866,19.565679904837808,IL1B
GO_Biological_Process_2023,Positive Regulation Of Peptidyl-Threonine Phosphorylation (GO:0010800),1/24,0.1112654597409712,0.1588263686832456,0,0,8.910354101299866,19.565679904837808,CALM3
GO_Biological_Process_2023,Positive Regulation Of Transforming Growth Factor Beta Receptor Signaling Pathway (GO:0030511),1/24,0.1112654597409712,0.1588263686832456,0,0,8.910354101299866,19.565679904837808,HSP90AB1
GO_Biological_Process_2023,Positive Regulation Of Angiogenesis (GO:0045766),2/119,0.1156213851371365,0.1620927220823473,0,0,3.5229700854700856,7.600576666963773,IL1B;HIF1A
GO_Biological_Process_2023,Regulation Of Hippo Signaling (GO:0035330),1/25,0.1156254840416987,0.1620927220823473,0,0,8.538659793814434,18.42129521976745,SRC
GO_Biological_Process_2023,Regulation Of Myelination (GO:0031641),1/25,0.1156254840416987,0.1620927220823473,0,0,8.538659793814434,18.42129521976745,DICER1
GO_Biological_Process_2023,Regulation Of Platelet Aggregation (GO:0090330),1/25,0.1156254840416987,0.1620927220823473,0,0,8.538659793814434,18.42129521976745,IL6
GO_Biological_Process_2023,Cardiac Conduction System Development (GO:0003161),1/25,0.1156254840416987,0.1620927220823473,0,0,8.538659793814434,18.42129521976745,NKX2-5
GO_Biological_Process_2023,Regulation Of Synapse Organization (GO:0050807),1/25,0.1156254840416987,0.1620927220823473,0,0,8.538659793814434,18.42129521976745,TNF
GO_Biological_Process_2023,Cellular Response To Steroid Hormone Stimulus (GO:0071383),1/25,0.1156254840416987,0.1620927220823473,0,0,8.538659793814434,18.42129521976745,SRC
GO_Biological_Process_2023,"Chemical Synaptic Transmission, Postsynaptic (GO:0099565)",1/25,0.1156254840416987,0.1620927220823473,0,0,8.538659793814434,18.42129521976745,GRIN2B
GO_Biological_Process_2023,Ventricular Cardiac Muscle Tissue Development (GO:0003229),1/25,0.1156254840416987,0.1620927220823473,0,0,8.538659793814434,18.42129521976745,NKX2-5
GO_Biological_Process_2023,"Wound Healing, Spreading Of Cells (GO:0044319)",1/25,0.1156254840416987,0.1620927220823473,0,0,8.538659793814434,18.42129521976745,RHOA
GO_Biological_Process_2023,Negative Regulation Of Proteolysis Involved In Protein Catabolic Process (GO:1903051),1/25,0.1156254840416987,0.1620927220823473,0,0,8.538659793814434,18.42129521976745,HSP90AB1
GO_Biological_Process_2023,Negative Regulation Of Response To Wounding (GO:1903035),1/25,0.1156254840416987,0.1620927220823473,0,0,8.538659793814434,18.42129521976745,STAT3
GO_Biological_Process_2023,Negative Regulation Of Signaling Receptor Activity (GO:2000272),1/25,0.1156254840416987,0.1620927220823473,0,0,8.538659793814434,18.42129521976745,TNF
GO_Biological_Process_2023,Negative Regulation Of Telomere Maintenance Via Telomere Lengthening (GO:1904357),1/25,0.1156254840416987,0.1620927220823473,0,0,8.538659793814434,18.42129521976745,SRC
GO_Biological_Process_2023,Osteoclast Differentiation (GO:0030316),1/25,0.1156254840416987,0.1620927220823473,0,0,8.538659793814434,18.42129521976745,SRC
GO_Biological_Process_2023,Peptide Hormone Secretion (GO:0030072),1/25,0.1156254840416987,0.1620927220823473,0,0,8.538659793814434,18.42129521976745,IL6
GO_Biological_Process_2023,Positive Regulation Of T Cell Migration (GO:2000406),1/25,0.1156254840416987,0.1620927220823473,0,0,8.538659793814434,18.42129521976745,RHOA
GO_Biological_Process_2023,Positive Regulation Of Glucose Import (GO:0046326),1/25,0.1156254840416987,0.1620927220823473,0,0,8.538659793814434,18.42129521976745,AKT1
GO_Biological_Process_2023,Positive Regulation Of Release Of Cytochrome C From Mitochondria (GO:0090200),1/25,0.1156254840416987,0.1620927220823473,0,0,8.538659793814434,18.42129521976745,TP53
GO_Biological_Process_2023,Regulation Of B Cell Activation (GO:0050864),1/25,0.1156254840416987,0.1620927220823473,0,0,8.538659793814434,18.42129521976745,IL6
GO_Biological_Process_2023,Regulation Of Cell Cycle Phase Transition (GO:1901987),1/25,0.1156254840416987,0.1620927220823473,0,0,8.538659793814434,18.42129521976745,TP53
GO_Biological_Process_2023,DNA Damage Response (GO:0006974),4/384,0.1198490035513385,0.1664707802585058,0,0,2.186114221724524,4.63789079811112,MYC;CDK1;TP53;MAPK3
GO_Biological_Process_2023,Acute Inflammatory Response (GO:0002526),1/26,0.1199643358649244,0.1664707802585058,0,0,8.196701030927835,17.38160274385576,IL6
GO_Biological_Process_2023,Antigen Processing And Presentation Of Exogenous Peptide Antigen Via MHC Class II (GO:0019886),1/26,0.1199643358649244,0.1664707802585058,0,0,8.196701030927835,17.38160274385576,CTSE
GO_Biological_Process_2023,Cardiac Muscle Cell Development (GO:0055013),1/26,0.1199643358649244,0.1664707802585058,0,0,8.196701030927835,17.38160274385576,NKX2-5
GO_Biological_Process_2023,Histone H3-K4 Methylation (GO:0051568),1/26,0.1199643358649244,0.1664707802585058,0,0,8.196701030927835,17.38160274385576,KDM6A
GO_Biological_Process_2023,Mitotic G1 DNA Damage Checkpoint Signaling (GO:0031571),1/26,0.1199643358649244,0.1664707802585058,0,0,8.196701030927835,17.38160274385576,TP53
GO_Biological_Process_2023,Negative Regulation Of Catalytic Activity (GO:0043086),1/26,0.1199643358649244,0.1664707802585058,0,0,8.196701030927835,17.38160274385576,TP53
GO_Biological_Process_2023,Negative Regulation Of Insulin Receptor Signaling Pathway (GO:0046627),1/26,0.1199643358649244,0.1664707802585058,0,0,8.196701030927835,17.38160274385576,IL1B
GO_Biological_Process_2023,Nucleic Acid Phosphodiester Bond Hydrolysis (GO:0090305),1/26,0.1199643358649244,0.1664707802585058,0,0,8.196701030927835,17.38160274385576,DICER1
GO_Biological_Process_2023,Positive Regulation Of Nuclear Division (GO:0051785),1/26,0.1199643358649244,0.1664707802585058,0,0,8.196701030927835,17.38160274385576,IL1B
GO_Biological_Process_2023,Protein Localization To Cell Surface (GO:0034394),1/26,0.1199643358649244,0.1664707802585058,0,0,8.196701030927835,17.38160274385576,CTNNB1
GO_Biological_Process_2023,Regulation Of Actin Filament Bundle Assembly (GO:0032231),1/26,0.1199643358649244,0.1664707802585058,0,0,8.196701030927835,17.38160274385576,CDC42
GO_Biological_Process_2023,Protein Localization To Nucleus (GO:0034504),2/122,0.1204389023539793,0.1669882840232811,0,0,3.434375,7.269241703934282,STAT3;AKT1
GO_Biological_Process_2023,Regulation Of Cell Motility (GO:2000145),2/123,0.1220558057355056,0.1690874273384786,0,0,3.40581955922865,7.163381654810879,AKT1;RHOA
GO_Biological_Process_2023,Negative Regulation Of Growth (GO:0045926),2/124,0.1236780892740945,0.1705894053525722,0,0,3.3777322404371586,7.059707440693926,CDKN2A;TP53
GO_Biological_Process_2023,Activation Of Phospholipase C Activity (GO:0007202),1/27,0.1242821169854101,0.1705894053525722,0,0,7.8810467882632835,16.43356790965512,EGFR
GO_Biological_Process_2023,Chaperone Cofactor-Dependent Protein Refolding (GO:0051085),1/27,0.1242821169854101,0.1705894053525722,0,0,7.8810467882632835,16.43356790965512,HSPA5
GO_Biological_Process_2023,Respiratory Tube Development (GO:0030323),1/27,0.1242821169854101,0.1705894053525722,0,0,7.8810467882632835,16.43356790965512,ZIC3
GO_Biological_Process_2023,Cortical Cytoskeleton Organization (GO:0030865),1/27,0.1242821169854101,0.1705894053525722,0,0,7.8810467882632835,16.43356790965512,TNF
GO_Biological_Process_2023,"Synaptic Transmission, Glutamatergic (GO:0035249)",1/27,0.1242821169854101,0.1705894053525722,0,0,7.8810467882632835,16.43356790965512,GRIN2B
GO_Biological_Process_2023,Ventricular Septum Morphogenesis (GO:0060412),1/27,0.1242821169854101,0.1705894053525722,0,0,7.8810467882632835,16.43356790965512,NKX2-5
GO_Biological_Process_2023,Myeloid Cell Development (GO:0061515),1/27,0.1242821169854101,0.1705894053525722,0,0,7.8810467882632835,16.43356790965512,SRC
GO_Biological_Process_2023,Negative Regulation Of Cellular Response To Insulin Stimulus (GO:1900077),1/27,0.1242821169854101,0.1705894053525722,0,0,7.8810467882632835,16.43356790965512,IL1B
GO_Biological_Process_2023,Positive Regulation Of Calcium Ion Transmembrane Transporter Activity (GO:1901021),1/27,0.1242821169854101,0.1705894053525722,0,0,7.8810467882632835,16.43356790965512,CALM3
GO_Biological_Process_2023,Positive Regulation Of Filopodium Assembly (GO:0051491),1/27,0.1242821169854101,0.1705894053525722,0,0,7.8810467882632835,16.43356790965512,CDC42
GO_Biological_Process_2023,Negative Regulation Of Cell Growth (GO:0030308),2/125,0.125305662893095,0.1718507547022997,0,0,3.35010162601626,6.958158475626679,CDKN2A;TP53
GO_Biological_Process_2023,Regulation Of Glucose Metabolic Process (GO:0010906),1/28,0.128578928681802,0.1743029536503307,0,0,7.588774341351661,15.566187515435866,AKT1
GO_Biological_Process_2023,RNA Phosphodiester Bond Hydrolysis (GO:0090501),1/28,0.128578928681802,0.1743029536503307,0,0,7.588774341351661,15.566187515435866,DICER1
GO_Biological_Process_2023,Antigen Processing And Presentation Of Peptide Antigen Via MHC Class II (GO:0002495),1/28,0.128578928681802,0.1743029536503307,0,0,7.588774341351661,15.566187515435866,CTSE
GO_Biological_Process_2023,Regulation Of Plasma Membrane Bounded Cell Projection Organization (GO:0120035),1/28,0.128578928681802,0.1743029536503307,0,0,7.588774341351661,15.566187515435866,PTEN
GO_Biological_Process_2023,Regulation Of Protein Localization To Membrane (GO:1905475),1/28,0.128578928681802,0.1743029536503307,0,0,7.588774341351661,15.566187515435866,GPC5
GO_Biological_Process_2023,Regulation Of Protein Targeting To Membrane (GO:0090313),1/28,0.128578928681802,0.1743029536503307,0,0,7.588774341351661,15.566187515435866,ERBB2
GO_Biological_Process_2023,Regulation Of Protein Transport (GO:0051223),1/28,0.128578928681802,0.1743029536503307,0,0,7.588774341351661,15.566187515435866,TNF
GO_Biological_Process_2023,Determination Of Bilateral Symmetry (GO:0009855),1/28,0.128578928681802,0.1743029536503307,0,0,7.588774341351661,15.566187515435866,ZIC3
GO_Biological_Process_2023,Vascular Endothelial Growth Factor Receptor Signaling Pathway (GO:0048010),1/28,0.128578928681802,0.1743029536503307,0,0,7.588774341351661,15.566187515435866,SRC
GO_Biological_Process_2023,Hematopoietic Progenitor Cell Differentiation (GO:0002244),1/28,0.128578928681802,0.1743029536503307,0,0,7.588774341351661,15.566187515435866,TP53
GO_Biological_Process_2023,Negative Regulation Of Cation Channel Activity (GO:2001258),1/28,0.128578928681802,0.1743029536503307,0,0,7.588774341351661,15.566187515435866,CALM3
GO_Biological_Process_2023,Positive Regulation Of Defense Response To Virus By Host (GO:0002230),1/28,0.128578928681802,0.1743029536503307,0,0,7.588774341351661,15.566187515435866,HSP90AA1
GO_Biological_Process_2023,Positive Regulation Of Protein Import Into Nucleus (GO:0042307),1/28,0.128578928681802,0.1743029536503307,0,0,7.588774341351661,15.566187515435866,IFNG
GO_Biological_Process_2023,Regulation Of Cardiac Muscle Cell Action Potential (GO:0098901),1/28,0.128578928681802,0.1743029536503307,0,0,7.588774341351661,15.566187515435866,CALM3
GO_Biological_Process_2023,Protein Homooligomerization (GO:0051260),2/129,0.1318670821120361,0.1784659109638182,0,0,3.2439304461942258,6.572075978395852,KCNC2;PXDN
GO_Biological_Process_2023,Regulation Of DNA Repair (GO:0006282),2/129,0.1318670821120361,0.1784659109638182,0,0,3.2439304461942258,6.572075978395852,EGFR;ACTB
GO_Biological_Process_2023,RNA-mediated Gene Silencing (GO:0031047),1/29,0.132854871702785,0.1784796027863253,0,0,7.317378497790869,14.77011340018396,DICER1
GO_Biological_Process_2023,Alpha-Amino Acid Catabolic Process (GO:1901606),1/29,0.132854871702785,0.1784796027863253,0,0,7.317378497790869,14.77011340018396,TAT
GO_Biological_Process_2023,Regulation Of Monoatomic Ion Transmembrane Transport (GO:0034765),1/29,0.132854871702785,0.1784796027863253,0,0,7.317378497790869,14.77011340018396,GRIN2B
GO_Biological_Process_2023,Defense Response To Fungus (GO:0050832),1/29,0.132854871702785,0.1784796027863253,0,0,7.317378497790869,14.77011340018396,GAPDH
GO_Biological_Process_2023,Glycolytic Process (GO:0006096),1/29,0.132854871702785,0.1784796027863253,0,0,7.317378497790869,14.77011340018396,GAPDH
GO_Biological_Process_2023,Maintenance Of Blood-Brain Barrier (GO:0035633),1/29,0.132854871702785,0.1784796027863253,0,0,7.317378497790869,14.77011340018396,IL6
GO_Biological_Process_2023,Negative Regulation Of DNA Binding (GO:0043392),1/29,0.132854871702785,0.1784796027863253,0,0,7.317378497790869,14.77011340018396,JUN
GO_Biological_Process_2023,Positive Regulation Of B Cell Proliferation (GO:0030890),1/29,0.132854871702785,0.1784796027863253,0,0,7.317378497790869,14.77011340018396,IL2
GO_Biological_Process_2023,Positive Regulation Of Neural Precursor Cell Proliferation (GO:2000179),1/29,0.132854871702785,0.1784796027863253,0,0,7.317378497790869,14.77011340018396,CTNNB1
GO_Biological_Process_2023,Golgi Organization (GO:0007030),2/130,0.1335197804726887,0.1792263066312317,0,0,3.2184244791666665,6.480315852891217,CDC42;CDK1
GO_Biological_Process_2023,Synapse Organization (GO:0050808),2/131,0.1351772437253799,0.1813030297475912,0,0,3.193313953488372,6.3903591192759075,CDC42;PTEN
GO_Biological_Process_2023,Regulation Of Dendritic Spine Morphogenesis (GO:0061001),1/30,0.1371100464027112,0.1822587429123418,0,0,7.064699608958407,14.037356193959155,PTEN
GO_Biological_Process_2023,Regulation Of Macrophage Derived Foam Cell Differentiation (GO:0010743),1/30,0.1371100464027112,0.1822587429123418,0,0,7.064699608958407,14.037356193959155,NFKB1
GO_Biological_Process_2023,Extrinsic Apoptotic Signaling Pathway Via Death Domain Receptors (GO:0008625),1/30,0.1371100464027112,0.1822587429123418,0,0,7.064699608958407,14.037356193959155,TNF
GO_Biological_Process_2023,Innate Immune Response Activating Cell Surface Receptor Signaling Pathway (GO:0002220),1/30,0.1371100464027112,0.1822587429123418,0,0,7.064699608958407,14.037356193959155,SRC
GO_Biological_Process_2023,Mitotic G2 DNA Damage Checkpoint Signaling (GO:0007095),1/30,0.1371100464027112,0.1822587429123418,0,0,7.064699608958407,14.037356193959155,CDK1
GO_Biological_Process_2023,Negative Regulation Of Calcium Ion Transmembrane Transporter Activity (GO:1901020),1/30,0.1371100464027112,0.1822587429123418,0,0,7.064699608958407,14.037356193959155,CALM3
GO_Biological_Process_2023,Negative Regulation Of Epithelial To Mesenchymal Transition (GO:0010719),1/30,0.1371100464027112,0.1822587429123418,0,0,7.064699608958407,14.037356193959155,PTEN
GO_Biological_Process_2023,"Phagocytosis, Engulfment (GO:0006911)",1/30,0.1371100464027112,0.1822587429123418,0,0,7.064699608958407,14.037356193959155,CDC42
GO_Biological_Process_2023,Phospholipid Dephosphorylation (GO:0046839),1/30,0.1371100464027112,0.1822587429123418,0,0,7.064699608958407,14.037356193959155,PTEN
GO_Biological_Process_2023,Positive Regulation Of JUN Kinase Activity (GO:0043507),1/30,0.1371100464027112,0.1822587429123418,0,0,7.064699608958407,14.037356193959155,TNF
GO_Biological_Process_2023,Regulation Of Cell Migration Involved In Sprouting Angiogenesis (GO:0090049),1/30,0.1371100464027112,0.1822587429123418,0,0,7.064699608958407,14.037356193959155,RHOA
GO_Biological_Process_2023,Regulation Of Macrophage Activation (GO:0043030),1/31,0.1413445525662776,0.1857832798931153,0,0,6.828865979381443,13.361050061201013,IL6
GO_Biological_Process_2023,Antigen Processing And Presentation Of Exogenous Peptide Antigen (GO:0002478),1/31,0.1413445525662776,0.1857832798931153,0,0,6.828865979381443,13.361050061201013,CTSE
GO_Biological_Process_2023,Regulation Of Protein Autophosphorylation (GO:0031952),1/31,0.1413445525662776,0.1857832798931153,0,0,6.828865979381443,13.361050061201013,CALM3
GO_Biological_Process_2023,Cardiac Muscle Tissue Morphogenesis (GO:0055008),1/31,0.1413445525662776,0.1857832798931153,0,0,6.828865979381443,13.361050061201013,NKX2-5
GO_Biological_Process_2023,Central Nervous System Neuron Differentiation (GO:0021953),1/31,0.1413445525662776,0.1857832798931153,0,0,6.828865979381443,13.361050061201013,MDGA2
GO_Biological_Process_2023,Endodermal Cell Differentiation (GO:0035987),1/31,0.1413445525662776,0.1857832798931153,0,0,6.828865979381443,13.361050061201013,FN1
GO_Biological_Process_2023,Glutamine Family Amino Acid Metabolic Process (GO:0009064),1/31,0.1413445525662776,0.1857832798931153,0,0,6.828865979381443,13.361050061201013,TAT
GO_Biological_Process_2023,Negative Chemotaxis (GO:0050919),1/31,0.1413445525662776,0.1857832798931153,0,0,6.828865979381443,13.361050061201013,RHOA
GO_Biological_Process_2023,Negative Regulation Of Developmental Growth (GO:0048640),1/31,0.1413445525662776,0.1857832798931153,0,0,6.828865979381443,13.361050061201013,PTEN
GO_Biological_Process_2023,Positive Regulation Of Extrinsic Apoptotic Signaling Pathway (GO:2001238),1/31,0.1413445525662776,0.1857832798931153,0,0,6.828865979381443,13.361050061201013,TNF
GO_Biological_Process_2023,Positive Regulation Of Glucose Transmembrane Transport (GO:0010828),1/31,0.1413445525662776,0.1857832798931153,0,0,6.828865979381443,13.361050061201013,AKT1
GO_Biological_Process_2023,Positive Regulation Of Mononuclear Cell Migration (GO:0071677),1/31,0.1413445525662776,0.1857832798931153,0,0,6.828865979381443,13.361050061201013,TNF
GO_Biological_Process_2023,Positive Regulation Of Proteolysis Involved In Protein Catabolic Process (GO:1903052),1/31,0.1413445525662776,0.1857832798931153,0,0,6.828865979381443,13.361050061201013,PTEN
GO_Biological_Process_2023,Protein Localization To Chromatin (GO:0071168),1/31,0.1413445525662776,0.1857832798931153,0,0,6.828865979381443,13.361050061201013,ESR1
GO_Biological_Process_2023,Negative Regulation Of Signal Transduction (GO:0009968),3/267,0.1433172821896822,0.1882256551859695,0,0,2.349043062200957,4.563472684742416,IL1B;AKT1;TNF
GO_Biological_Process_2023,Negative Regulation Of Cellular Biosynthetic Process (GO:0031327),2/137,0.1452173732304741,0.1890534374615729,0,0,3.050462962962963,5.885940074806264,GAPDH;NFKB1
GO_Biological_Process_2023,'De Novo' Post-Translational Protein Folding (GO:0051084),1/32,0.1455584895854472,0.1890534374615729,0,0,6.608247422680412,12.73526431256762,HSPA5
GO_Biological_Process_2023,Cellular Nitrogen Compound Biosynthetic Process (GO:0044271),1/32,0.1455584895854472,0.1890534374615729,0,0,6.608247422680412,12.73526431256762,AKT1
GO_Biological_Process_2023,Regulation Of Transcription By RNA Polymerase I (GO:0006356),1/32,0.1455584895854472,0.1890534374615729,0,0,6.608247422680412,12.73526431256762,ERBB2
GO_Biological_Process_2023,Regulation Of Transmembrane Transport (GO:0034762),1/32,0.1455584895854472,0.1890534374615729,0,0,6.608247422680412,12.73526431256762,ACTB
GO_Biological_Process_2023,Regulation Of Ubiquitin-Protein Transferase Activity (GO:0051438),1/32,0.1455584895854472,0.1890534374615729,0,0,6.608247422680412,12.73526431256762,MAGEC2
GO_Biological_Process_2023,Respiratory System Development (GO:0060541),1/32,0.1455584895854472,0.1890534374615729,0,0,6.608247422680412,12.73526431256762,ZIC3
GO_Biological_Process_2023,Histone Lysine Methylation (GO:0034968),1/32,0.1455584895854472,0.1890534374615729,0,0,6.608247422680412,12.73526431256762,KDM6A
GO_Biological_Process_2023,Left/Right Pattern Formation (GO:0060972),1/32,0.1455584895854472,0.1890534374615729,0,0,6.608247422680412,12.73526431256762,ZIC3
GO_Biological_Process_2023,Mesenchymal Cell Migration (GO:0090497),1/32,0.1455584895854472,0.1890534374615729,0,0,6.608247422680412,12.73526431256762,SOX10
GO_Biological_Process_2023,miRNA Processing (GO:0035196),1/32,0.1455584895854472,0.1890534374615729,0,0,6.608247422680412,12.73526431256762,DICER1
GO_Biological_Process_2023,Muscle Cell Development (GO:0055001),1/32,0.1455584895854472,0.1890534374615729,0,0,6.608247422680412,12.73526431256762,NKX2-5
GO_Biological_Process_2023,Negative Regulation Of G1/S Transition Of Mitotic Cell Cycle (GO:2000134),1/32,0.1455584895854472,0.1890534374615729,0,0,6.608247422680412,12.73526431256762,PTEN
GO_Biological_Process_2023,Negative Regulation Of Proteasomal Ubiquitin-Dependent Protein Catabolic Process (GO:0032435),1/32,0.1455584895854472,0.1890534374615729,0,0,6.608247422680412,12.73526431256762,HSP90AB1
GO_Biological_Process_2023,Regulation Of Lamellipodium Assembly (GO:0010591),1/33,0.1497519563026486,0.1919207989120528,0,0,6.401417525773196,12.154851423469324,CDC42
GO_Biological_Process_2023,Regulation Of Protein Polymerization (GO:0032271),1/33,0.1497519563026486,0.1919207989120528,0,0,6.401417525773196,12.154851423469324,HSP90AA1
GO_Biological_Process_2023,Signal Transduction By P53 Class Mediator (GO:0072331),1/33,0.1497519563026486,0.1919207989120528,0,0,6.401417525773196,12.154851423469324,TP53
GO_Biological_Process_2023,Epithelial Tube Morphogenesis (GO:0060562),1/33,0.1497519563026486,0.1919207989120528,0,0,6.401417525773196,12.154851423469324,CTNNB1
GO_Biological_Process_2023,Vasculogenesis (GO:0001570),1/33,0.1497519563026486,0.1919207989120528,0,0,6.401417525773196,12.154851423469324,NKX2-5
GO_Biological_Process_2023,Ventricular Cardiac Muscle Tissue Morphogenesis (GO:0055010),1/33,0.1497519563026486,0.1919207989120528,0,0,6.401417525773196,12.154851423469324,NKX2-5
GO_Biological_Process_2023,Lung Development (GO:0030324),1/33,0.1497519563026486,0.1919207989120528,0,0,6.401417525773196,12.154851423469324,ZIC3
GO_Biological_Process_2023,ncRNA Catabolic Process (GO:0034661),1/33,0.1497519563026486,0.1919207989120528,0,0,6.401417525773196,12.154851423469324,DICER1
GO_Biological_Process_2023,Negative Regulation Of Endocytosis (GO:0045806),1/33,0.1497519563026486,0.1919207989120528,0,0,6.401417525773196,12.154851423469324,PRTN3
GO_Biological_Process_2023,Negative Regulation Of Epithelial Cell Migration (GO:0010633),1/33,0.1497519563026486,0.1919207989120528,0,0,6.401417525773196,12.154851423469324,PTEN
GO_Biological_Process_2023,Negative Regulation Of Small Molecule Metabolic Process (GO:0062014),1/33,0.1497519563026486,0.1919207989120528,0,0,6.401417525773196,12.154851423469324,UGT1A8
GO_Biological_Process_2023,Positive Regulation Of DNA Binding (GO:0043388),1/33,0.1497519563026486,0.1919207989120528,0,0,6.401417525773196,12.154851423469324,NME1
GO_Biological_Process_2023,Positive Regulation Of Chromosome Organization (GO:2001252),1/33,0.1497519563026486,0.1919207989120528,0,0,6.401417525773196,12.154851423469324,CDK1
GO_Biological_Process_2023,Positive Regulation Of Interleukin-12 Production (GO:0032735),1/33,0.1497519563026486,0.1919207989120528,0,0,6.401417525773196,12.154851423469324,IFNG
GO_Biological_Process_2023,Positive Regulation Of Ion Transmembrane Transporter Activity (GO:0032414),1/33,0.1497519563026486,0.1919207989120528,0,0,6.401417525773196,12.154851423469324,IFNG
GO_Biological_Process_2023,Positive Regulation Of Release Of Sequestered Calcium Ion Into Cytosol (GO:0051281),1/33,0.1497519563026486,0.1919207989120528,0,0,6.401417525773196,12.154851423469324,CALM3
GO_Biological_Process_2023,Regulation Of Activated T Cell Proliferation (GO:0046006),1/33,0.1497519563026486,0.1919207989120528,0,0,6.401417525773196,12.154851423469324,IL2
GO_Biological_Process_2023,Chemical Synaptic Transmission (GO:0007268),3/273,0.1501864230544274,0.1923167753143931,0,0,2.296140350877193,4.353201829612078,TH;PTEN;GRIN2B
GO_Biological_Process_2023,Negative Regulation Of Wnt Signaling Pathway (GO:0030178),2/140,0.1502950331732688,0.1923167753143931,0,0,2.983695652173913,5.65456581979102,SOX2;NKX2-5
GO_Biological_Process_2023,Regulation Of Metal Ion Transport (GO:0010959),1/34,0.1539250511865763,0.1949875552039668,0,0,6.207122774133083,11.61532352125674,CD4
GO_Biological_Process_2023,Regulation Of Neuronal Synaptic Plasticity (GO:0048168),1/34,0.1539250511865763,0.1949875552039668,0,0,6.207122774133083,11.61532352125674,GRIN2B
GO_Biological_Process_2023,Cellular Response To Hydrogen Peroxide (GO:0070301),1/34,0.1539250511865763,0.1949875552039668,0,0,6.207122774133083,11.61532352125674,IL6
GO_Biological_Process_2023,Response To Estrogen (GO:0043627),1/34,0.1539250511865763,0.1949875552039668,0,0,6.207122774133083,11.61532352125674,ESR1
GO_Biological_Process_2023,Embryonic Limb Morphogenesis (GO:0030326),1/34,0.1539250511865763,0.1949875552039668,0,0,6.207122774133083,11.61532352125674,CTNNB1
GO_Biological_Process_2023,Transcription Initiation-Coupled Chromatin Remodeling (GO:0045815),1/34,0.1539250511865763,0.1949875552039668,0,0,6.207122774133083,11.61532352125674,TP53
GO_Biological_Process_2023,Membrane Protein Proteolysis (GO:0033619),1/34,0.1539250511865763,0.1949875552039668,0,0,6.207122774133083,11.61532352125674,PRTN3
GO_Biological_Process_2023,Negative Regulation Of Cell Cycle Process (GO:0010948),1/34,0.1539250511865763,0.1949875552039668,0,0,6.207122774133083,11.61532352125674,TP53
GO_Biological_Process_2023,Negative Regulation Of Interleukin-6 Production (GO:0032715),1/34,0.1539250511865763,0.1949875552039668,0,0,6.207122774133083,11.61532352125674,TNF
GO_Biological_Process_2023,Negative Regulation Of Mitotic Cell Cycle (GO:0045930),1/34,0.1539250511865763,0.1949875552039668,0,0,6.207122774133083,11.61532352125674,CTNNB1
GO_Biological_Process_2023,Positive Regulation Of Transcription By RNA Polymerase I (GO:0045943),1/34,0.1539250511865763,0.1949875552039668,0,0,6.207122774133083,11.61532352125674,ERBB2
GO_Biological_Process_2023,Regulation Of Blood Circulation (GO:1903522),1/34,0.1539250511865763,0.1949875552039668,0,0,6.207122774133083,11.61532352125674,TH
GO_Biological_Process_2023,Regulation Of calcineurin-NFAT Signaling Cascade (GO:0070884),1/34,0.1539250511865763,0.1949875552039668,0,0,6.207122774133083,11.61532352125674,TNF
GO_Biological_Process_2023,Adherens Junction Organization (GO:0034332),1/35,0.15807787212422,0.1985641772936494,0,0,6.0242571255306245,11.112751366206078,CTNNB1
GO_Biological_Process_2023,Regulation Of Postsynaptic Membrane Potential (GO:0060078),1/35,0.15807787212422,0.1985641772936494,0,0,6.0242571255306245,11.112751366206078,GRIN2B
GO_Biological_Process_2023,Regulation Of Sodium Ion Transport (GO:0002028),1/35,0.15807787212422,0.1985641772936494,0,0,6.0242571255306245,11.112751366206078,NKX2-5
GO_Biological_Process_2023,Regulatory ncRNA Processing (GO:0070918),1/35,0.15807787212422,0.1985641772936494,0,0,6.0242571255306245,11.112751366206078,DICER1
GO_Biological_Process_2023,Endoderm Formation (GO:0001706),1/35,0.15807787212422,0.1985641772936494,0,0,6.0242571255306245,11.112751366206078,FN1
GO_Biological_Process_2023,Glutamate Receptor Signaling Pathway (GO:0007215),1/35,0.15807787212422,0.1985641772936494,0,0,6.0242571255306245,11.112751366206078,GRIN2B
GO_Biological_Process_2023,Intrinsic Apoptotic Signaling Pathway By P53 Class Mediator (GO:0072332),1/35,0.15807787212422,0.1985641772936494,0,0,6.0242571255306245,11.112751366206078,TP53
GO_Biological_Process_2023,Positive Regulation Of Cell Development (GO:0010720),1/35,0.15807787212422,0.1985641772936494,0,0,6.0242571255306245,11.112751366206078,IFNG
GO_Biological_Process_2023,Positive Regulation Of Mitotic Nuclear Division (GO:0045840),1/35,0.15807787212422,0.1985641772936494,0,0,6.0242571255306245,11.112751366206078,IL1B
GO_Biological_Process_2023,Positive Regulation Of Substrate Adhesion-Dependent Cell Spreading (GO:1900026),1/35,0.15807787212422,0.1985641772936494,0,0,6.0242571255306245,11.112751366206078,CDC42
GO_Biological_Process_2023,Regulation Of G2/M Transition Of Mitotic Cell Cycle (GO:0010389),1/35,0.15807787212422,0.1985641772936494,0,0,6.0242571255306245,11.112751366206078,CDK1
GO_Biological_Process_2023,"DNA Damage Response, Signal Transduction By P53 Class Mediator (GO:0030330)",1/36,0.162210516651361,0.2029793441418021,0,0,5.851840942562592,10.643681183156218,TP53
GO_Biological_Process_2023,Regulation Of Glucose Import (GO:0046324),1/36,0.162210516651361,0.2029793441418021,0,0,5.851840942562592,10.643681183156218,AKT1
GO_Biological_Process_2023,Regulation Of Peptidyl-Threonine Phosphorylation (GO:0010799),1/36,0.162210516651361,0.2029793441418021,0,0,5.851840942562592,10.643681183156218,CALM3
GO_Biological_Process_2023,Negative Regulation Of Protein Kinase B Signaling (GO:0051898),1/36,0.162210516651361,0.2029793441418021,0,0,5.851840942562592,10.643681183156218,PTEN
GO_Biological_Process_2023,Positive Regulation Of Interferon-Beta Production (GO:0032728),1/36,0.162210516651361,0.2029793441418021,0,0,5.851840942562592,10.643681183156218,HSP90AA1
GO_Biological_Process_2023,Negative Regulation Of DNA-binding Transcription Factor Activity (GO:0043433),2/149,0.1657327810991253,0.2065523985768992,0,0,2.7997448979591835,5.032201397301653,CDKN2A;ESR1
GO_Biological_Process_2023,Regulation Of Defense Response To Virus By Host (GO:0050691),1/37,0.1663230817512098,0.2065523985768992,0,0,5.689003436426117,10.20506581753972,HSP90AA1
GO_Biological_Process_2023,Regulation Of p38MAPK Cascade (GO:1900744),1/37,0.1663230817512098,0.2065523985768992,0,0,5.689003436426117,10.20506581753972,IL1B
GO_Biological_Process_2023,Synaptic Vesicle Cycle (GO:0099504),1/37,0.1663230817512098,0.2065523985768992,0,0,5.689003436426117,10.20506581753972,CPLX2
GO_Biological_Process_2023,Ventricular Septum Development (GO:0003281),1/37,0.1663230817512098,0.2065523985768992,0,0,5.689003436426117,10.20506581753972,NKX2-5
GO_Biological_Process_2023,Negative Regulation Of Endothelial Cell Migration (GO:0010596),1/37,0.1663230817512098,0.2065523985768992,0,0,5.689003436426117,10.20506581753972,TNF
GO_Biological_Process_2023,Negative Regulation Of Stress-Activated MAPK Cascade (GO:0032873),1/37,0.1663230817512098,0.2065523985768992,0,0,5.689003436426117,10.20506581753972,MYC
GO_Biological_Process_2023,Positive Regulation Of Exocytosis (GO:0045921),1/37,0.1663230817512098,0.2065523985768992,0,0,5.689003436426117,10.20506581753972,IFNG
GO_Biological_Process_2023,Positive Regulation Of Signaling (GO:0023056),1/37,0.1663230817512098,0.2065523985768992,0,0,5.689003436426117,10.20506581753972,TNF
GO_Biological_Process_2023,Regulation Of Cellular Component Biogenesis (GO:0044087),1/37,0.1663230817512098,0.2065523985768992,0,0,5.689003436426117,10.20506581753972,HSP90AA1
GO_Biological_Process_2023,G2/M Transition Of Mitotic Cell Cycle (GO:0000086),1/38,0.1704156640036253,0.2098897570899224,0,0,5.53496795764837,9.794207408116325,CDK1
GO_Biological_Process_2023,Regulation Of Neurotransmitter Secretion (GO:0046928),1/38,0.1704156640036253,0.2098897570899224,0,0,5.53496795764837,9.794207408116325,CPLX2
GO_Biological_Process_2023,Calcium-Dependent Cell-Cell Adhesion Via Plasma Membrane Cell Adhesion Molecules (GO:0016339),1/38,0.1704156640036253,0.2098897570899224,0,0,5.53496795764837,9.794207408116325,DSG1
GO_Biological_Process_2023,Regulation Of Protein Import Into Nucleus (GO:0042306),1/38,0.1704156640036253,0.2098897570899224,0,0,5.53496795764837,9.794207408116325,IFNG
GO_Biological_Process_2023,Regulation Of Telomere Maintenance (GO:0032204),1/38,0.1704156640036253,0.2098897570899224,0,0,5.53496795764837,9.794207408116325,MYC
GO_Biological_Process_2023,Response To Peptide (GO:1901652),1/38,0.1704156640036253,0.2098897570899224,0,0,5.53496795764837,9.794207408116325,STAT3
GO_Biological_Process_2023,Signal Release From Synapse (GO:0099643),1/38,0.1704156640036253,0.2098897570899224,0,0,5.53496795764837,9.794207408116325,CPLX2
GO_Biological_Process_2023,Fatty Acid Transport (GO:0015908),1/38,0.1704156640036253,0.2098897570899224,0,0,5.53496795764837,9.794207408116325,FABP7
GO_Biological_Process_2023,Membrane Assembly (GO:0071709),1/38,0.1704156640036253,0.2098897570899224,0,0,5.53496795764837,9.794207408116325,PTEN
GO_Biological_Process_2023,Positive Regulation Of Cation Channel Activity (GO:2001259),1/38,0.1704156640036253,0.2098897570899224,0,0,5.53496795764837,9.794207408116325,CALM3
GO_Biological_Process_2023,Positive Regulation Of Protein Tyrosine Kinase Activity (GO:0061098),1/38,0.1704156640036253,0.2098897570899224,0,0,5.53496795764837,9.794207408116325,SRC
GO_Biological_Process_2023,Regulation Of Cellular Component Organization (GO:0051128),2/153,0.1726821304379198,0.2125219028535598,0,0,2.7250275938189845,4.78597351374906,HSP90AA1;TNF
GO_Biological_Process_2023,RNA Transport (GO:0050658),1/39,0.174488359476585,0.2131482339182373,0,0,5.38903960933261,9.408709420253592,DDX39A
GO_Biological_Process_2023,Regulation Of Mitochondrial Membrane Potential (GO:0051881),1/39,0.174488359476585,0.2131482339182373,0,0,5.38903960933261,9.408709420253592,AKT1
GO_Biological_Process_2023,Regulation Of Monoatomic Cation Transmembrane Transport (GO:1904062),1/39,0.174488359476585,0.2131482339182373,0,0,5.38903960933261,9.408709420253592,GRIN2B
GO_Biological_Process_2023,Axonal Transport (GO:0098930),1/39,0.174488359476585,0.2131482339182373,0,0,5.38903960933261,9.408709420253592,HIF1A
GO_Biological_Process_2023,Negative Regulation Of Mitochondrion Organization (GO:0010823),1/39,0.174488359476585,0.2131482339182373,0,0,5.38903960933261,9.408709420253592,AKT1
GO_Biological_Process_2023,Negative Regulation Of Proteasomal Protein Catabolic Process (GO:1901799),1/39,0.174488359476585,0.2131482339182373,0,0,5.38903960933261,9.408709420253592,HSP90AB1
GO_Biological_Process_2023,Negative Regulation Of Protein Secretion (GO:0050709),1/39,0.174488359476585,0.2131482339182373,0,0,5.38903960933261,9.408709420253592,IL1B
GO_Biological_Process_2023,Negative Regulation Of Transport (GO:0051051),1/39,0.174488359476585,0.2131482339182373,0,0,5.38903960933261,9.408709420253592,PTEN
GO_Biological_Process_2023,Negative Regulation Of Ubiquitin-Dependent Protein Catabolic Process (GO:2000059),1/39,0.174488359476585,0.2131482339182373,0,0,5.38903960933261,9.408709420253592,HSP90AB1
GO_Biological_Process_2023,Organelle Transport Along Microtubule (GO:0072384),1/39,0.174488359476585,0.2131482339182373,0,0,5.38903960933261,9.408709420253592,CDC42
GO_Biological_Process_2023,Aortic Valve Development (GO:0003176),1/40,0.178541263849713,0.216489517715925,0,0,5.250594766058684,9.046436299448686,NKX2-5
GO_Biological_Process_2023,Regulation Of Protein Dephosphorylation (GO:0035304),1/40,0.178541263849713,0.216489517715925,0,0,5.250594766058684,9.046436299448686,CALM3
GO_Biological_Process_2023,Cell Cycle G2/M Phase Transition (GO:0044839),1/40,0.178541263849713,0.216489517715925,0,0,5.250594766058684,9.046436299448686,CDK1
GO_Biological_Process_2023,Regulation Of Small Molecule Metabolic Process (GO:0062012),1/40,0.178541263849713,0.216489517715925,0,0,5.250594766058684,9.046436299448686,HIF1A
GO_Biological_Process_2023,Endothelial Cell Migration (GO:0043542),1/40,0.178541263849713,0.216489517715925,0,0,5.250594766058684,9.046436299448686,RHOA
GO_Biological_Process_2023,Negative Regulation Of Cell-Cell Adhesion (GO:0022408),1/40,0.178541263849713,0.216489517715925,0,0,5.250594766058684,9.046436299448686,AKT1
GO_Biological_Process_2023,Negative Regulation Of Mitotic Cell Cycle Phase Transition (GO:1901991),1/40,0.178541263849713,0.216489517715925,0,0,5.250594766058684,9.046436299448686,PTEN
GO_Biological_Process_2023,Positive Regulation Of Catalytic Activity (GO:0043085),1/40,0.178541263849713,0.216489517715925,0,0,5.250594766058684,9.046436299448686,MAPK3
GO_Biological_Process_2023,Positive Regulation Of Monoatomic Ion Transport (GO:0043270),1/40,0.178541263849713,0.216489517715925,0,0,5.250594766058684,9.046436299448686,NKX2-5
GO_Biological_Process_2023,Protein Localization To Chromosome (GO:0034502),1/40,0.178541263849713,0.216489517715925,0,0,5.250594766058684,9.046436299448686,ESR1
GO_Biological_Process_2023,Regulation Of Microtubule-Based Process (GO:0032886),1/41,0.182574472256494,0.219919250672595,0,0,5.119072164948453,8.705479391213508,ERBB2
GO_Biological_Process_2023,Axoneme Assembly (GO:0035082),1/41,0.182574472256494,0.219919250672595,0,0,5.119072164948453,8.705479391213508,LRGUK
GO_Biological_Process_2023,Carbohydrate Catabolic Process (GO:0016052),1/41,0.182574472256494,0.219919250672595,0,0,5.119072164948453,8.705479391213508,GAPDH
GO_Biological_Process_2023,Regulation Of Release Of Cytochrome C From Mitochondria (GO:0090199),1/41,0.182574472256494,0.219919250672595,0,0,5.119072164948453,8.705479391213508,TP53
GO_Biological_Process_2023,Response To Amino Acid Starvation (GO:1990928),1/41,0.182574472256494,0.219919250672595,0,0,5.119072164948453,8.705479391213508,MAPK3
GO_Biological_Process_2023,Detection Of Chemical Stimulus Involved In Sensory Perception Of Bitter Taste (GO:0001580),1/41,0.182574472256494,0.219919250672595,0,0,5.119072164948453,8.705479391213508,PIP
GO_Biological_Process_2023,Synaptic Vesicle Exocytosis (GO:0016079),1/41,0.182574472256494,0.219919250672595,0,0,5.119072164948453,8.705479391213508,CPLX2
GO_Biological_Process_2023,Visual System Development (GO:0150063),1/41,0.182574472256494,0.219919250672595,0,0,5.119072164948453,8.705479391213508,SOX2
GO_Biological_Process_2023,Negative Regulation Of Proteolysis (GO:0045861),1/41,0.182574472256494,0.219919250672595,0,0,5.119072164948453,8.705479391213508,AKT1
GO_Biological_Process_2023,Cellular Response To Amino Acid Starvation (GO:0034198),1/42,0.1865880794728263,0.2232805641470165,0,0,4.993965300477747,8.384128010348471,MAPK3
GO_Biological_Process_2023,Regulation Of Ubiquitin-Dependent Protein Catabolic Process (GO:2000058),1/42,0.1865880794728263,0.2232805641470165,0,0,4.993965300477747,8.384128010348471,PTEN
GO_Biological_Process_2023,Collagen Fibril Organization (GO:0030199),1/42,0.1865880794728263,0.2232805641470165,0,0,4.993965300477747,8.384128010348471,PXDN
GO_Biological_Process_2023,Sensory Perception Of Bitter Taste (GO:0050913),1/42,0.1865880794728263,0.2232805641470165,0,0,4.993965300477747,8.384128010348471,PIP
GO_Biological_Process_2023,Stress-Activated MAPK Cascade (GO:0051403),1/42,0.1865880794728263,0.2232805641470165,0,0,4.993965300477747,8.384128010348471,MAPK3
GO_Biological_Process_2023,Monoatomic Cation Transport (GO:0006812),1/42,0.1865880794728263,0.2232805641470165,0,0,4.993965300477747,8.384128010348471,GRIN2B
GO_Biological_Process_2023,Monocyte Chemotaxis (GO:0002548),1/42,0.1865880794728263,0.2232805641470165,0,0,4.993965300477747,8.384128010348471,IL6
GO_Biological_Process_2023,Negative Regulation Of I-kappaB kinase/NF-kappaB Signaling (GO:0043124),1/42,0.1865880794728263,0.2232805641470165,0,0,4.993965300477747,8.384128010348471,ESR1
GO_Biological_Process_2023,Regulation Of Axonogenesis (GO:0050770),1/42,0.1865880794728263,0.2232805641470165,0,0,4.993965300477747,8.384128010348471,PTEN
GO_Biological_Process_2023,Regulation Of Chromosome Organization (GO:0033044),1/43,0.1905821797563973,0.2262474865171682,0,0,4.87481590574374,8.080844796889387,MYC
GO_Biological_Process_2023,Regulation Of Endothelial Cell Apoptotic Process (GO:2000351),1/43,0.1905821797563973,0.2262474865171682,0,0,4.87481590574374,8.080844796889387,TNF
GO_Biological_Process_2023,Regulation Of Filopodium Assembly (GO:0051489),1/43,0.1905821797563973,0.2262474865171682,0,0,4.87481590574374,8.080844796889387,CDC42
GO_Biological_Process_2023,Ephrin Receptor Signaling Pathway (GO:0048013),1/43,0.1905821797563973,0.2262474865171682,0,0,4.87481590574374,8.080844796889387,SRC
GO_Biological_Process_2023,Learning (GO:0007612),1/43,0.1905821797563973,0.2262474865171682,0,0,4.87481590574374,8.080844796889387,TH
GO_Biological_Process_2023,mRNA Transcription (GO:0009299),1/43,0.1905821797563973,0.2262474865171682,0,0,4.87481590574374,8.080844796889387,TP53
GO_Biological_Process_2023,Neurotransmitter Secretion (GO:0007269),1/43,0.1905821797563973,0.2262474865171682,0,0,4.87481590574374,8.080844796889387,CPLX2
GO_Biological_Process_2023,Positive Regulation Of T Cell Mediated Immunity (GO:0002711),1/43,0.1905821797563973,0.2262474865171682,0,0,4.87481590574374,8.080844796889387,IL1B
GO_Biological_Process_2023,Regulation Of JUN Kinase Activity (GO:0043506),1/43,0.1905821797563973,0.2262474865171682,0,0,4.87481590574374,8.080844796889387,TNF
GO_Biological_Process_2023,Regulation Of Cell-Cell Adhesion (GO:0022407),1/43,0.1905821797563973,0.2262474865171682,0,0,4.87481590574374,8.080844796889387,SRC
GO_Biological_Process_2023,Regulation Of Cellular Component Size (GO:0032535),1/43,0.1905821797563973,0.2262474865171682,0,0,4.87481590574374,8.080844796889387,PTEN
GO_Biological_Process_2023,Regulation Of Insulin Receptor Signaling Pathway (GO:0046626),1/44,0.1945568669523718,0.2288167017915153,0,0,4.761208343322944,7.794244625059676,IL1B
GO_Biological_Process_2023,Bone Development (GO:0060348),1/44,0.1945568669523718,0.2288167017915153,0,0,4.761208343322944,7.794244625059676,TP53
GO_Biological_Process_2023,Cellular Response To Ketone (GO:1901655),1/44,0.1945568669523718,0.2288167017915153,0,0,4.761208343322944,7.794244625059676,SRC
GO_Biological_Process_2023,Regulation Of Viral Entry Into Host Cell (GO:0046596),1/44,0.1945568669523718,0.2288167017915153,0,0,4.761208343322944,7.794244625059676,CD4
GO_Biological_Process_2023,Establishment Of Protein Localization To Mitochondrion (GO:0072655),1/44,0.1945568669523718,0.2288167017915153,0,0,4.761208343322944,7.794244625059676,AKT1
GO_Biological_Process_2023,Mitotic Spindle Assembly (GO:0090307),1/44,0.1945568669523718,0.2288167017915153,0,0,4.761208343322944,7.794244625059676,RHOA
GO_Biological_Process_2023,Neural Crest Cell Development (GO:0014032),1/44,0.1945568669523718,0.2288167017915153,0,0,4.761208343322944,7.794244625059676,SOX10
GO_Biological_Process_2023,Positive Regulation Of Biosynthetic Process (GO:0009891),1/44,0.1945568669523718,0.2288167017915153,0,0,4.761208343322944,7.794244625059676,AKT1
GO_Biological_Process_2023,Positive Regulation Of Chemotaxis (GO:0050921),1/44,0.1945568669523718,0.2288167017915153,0,0,4.761208343322944,7.794244625059676,IL6
GO_Biological_Process_2023,Positive Regulation Of Cytokine-Mediated Signaling Pathway (GO:0001961),1/44,0.1945568669523718,0.2288167017915153,0,0,4.761208343322944,7.794244625059676,HIF1A
GO_Biological_Process_2023,Positive Regulation Of Osteoblast Differentiation (GO:0045669),1/44,0.1945568669523718,0.2288167017915153,0,0,4.761208343322944,7.794244625059676,IL6
GO_Biological_Process_2023,Regulation Of B Cell Proliferation (GO:0030888),1/44,0.1945568669523718,0.2288167017915153,0,0,4.761208343322944,7.794244625059676,IL2
GO_Biological_Process_2023,Regulation Of Cell-Substrate Adhesion (GO:0010810),1/44,0.1945568669523718,0.2288167017915153,0,0,4.761208343322944,7.794244625059676,RHOA
GO_Biological_Process_2023,Regulation Of Cellular Metabolic Process (GO:0031323),1/45,0.1985122344186395,0.2319741117708568,0,0,4.652764761012183,7.523076495426043,HIF1A
GO_Biological_Process_2023,I-kappaB kinase/NF-kappaB Signaling (GO:0007249),1/45,0.1985122344186395,0.2319741117708568,0,0,4.652764761012183,7.523076495426043,NFKB1
GO_Biological_Process_2023,Regulation Of Protein Modification Process (GO:0031399),1/45,0.1985122344186395,0.2319741117708568,0,0,4.652764761012183,7.523076495426043,FN1
GO_Biological_Process_2023,Chromosome Organization (GO:0051276),1/45,0.1985122344186395,0.2319741117708568,0,0,4.652764761012183,7.523076495426043,MYC
GO_Biological_Process_2023,Detection Of Chemical Stimulus Involved In Sensory Perception Of Taste (GO:0050912),1/45,0.1985122344186395,0.2319741117708568,0,0,4.652764761012183,7.523076495426043,PIP
GO_Biological_Process_2023,Determination Of Left/Right Symmetry (GO:0007368),1/45,0.1985122344186395,0.2319741117708568,0,0,4.652764761012183,7.523076495426043,ZIC3
GO_Biological_Process_2023,Natural Killer Cell Activation (GO:0030101),1/45,0.1985122344186395,0.2319741117708568,0,0,4.652764761012183,7.523076495426043,IL2
GO_Biological_Process_2023,Negative Regulation Of Response To Biotic Stimulus (GO:0002832),1/45,0.1985122344186395,0.2319741117708568,0,0,4.652764761012183,7.523076495426043,AKT1
GO_Biological_Process_2023,Regulation Of Apoptotic Signaling Pathway (GO:2001233),1/45,0.1985122344186395,0.2319741117708568,0,0,4.652764761012183,7.523076495426043,TNF
GO_Biological_Process_2023,Brain Development (GO:0007420),2/169,0.200912810416673,0.23461247158109,0,0,2.4619510978043913,3.95114652649753,PTEN;GRIN2B
GO_Biological_Process_2023,Regulation Of Epidermal Growth Factor Receptor Signaling Pathway (GO:0042058),1/46,0.2024483751456497,0.235568470512962,0,0,4.54914089347079,7.266207923932136,EGFR
GO_Biological_Process_2023,Antiviral Innate Immune Response (GO:0140374),1/46,0.2024483751456497,0.235568470512962,0,0,4.54914089347079,7.266207923932136,TNF
GO_Biological_Process_2023,Response To Hydrogen Peroxide (GO:0042542),1/46,0.2024483751456497,0.235568470512962,0,0,4.54914089347079,7.266207923932136,IL6
GO_Biological_Process_2023,Intracellular Protein Transmembrane Transport (GO:0065002),1/46,0.2024483751456497,0.235568470512962,0,0,4.54914089347079,7.266207923932136,HSPA5
GO_Biological_Process_2023,Mitotic G2/M Transition Checkpoint (GO:0044818),1/46,0.2024483751456497,0.235568470512962,0,0,4.54914089347079,7.266207923932136,CDK1
GO_Biological_Process_2023,Generation Of Neurons (GO:0048699),2/172,0.2062688695466266,0.2391102411532588,0,0,2.4181372549019606,3.817210459150572,ERBB2;CCK
GO_Biological_Process_2023,Cognition (GO:0050890),1/47,0.2063653815917961,0.2391102411532588,0,0,4.450022411474675,7.022611447786596,TNF
GO_Biological_Process_2023,Response To Organonitrogen Compound (GO:0010243),1/47,0.2063653815917961,0.2391102411532588,0,0,4.450022411474675,7.022611447786596,IL6
GO_Biological_Process_2023,Negative Regulation Of Tumor Necrosis Factor Production (GO:0032720),1/47,0.2063653815917961,0.2391102411532588,0,0,4.450022411474675,7.022611447786596,DICER1
GO_Biological_Process_2023,Positive Regulation Of Lymphocyte Activation (GO:0051251),1/47,0.2063653815917961,0.2391102411532588,0,0,4.450022411474675,7.022611447786596,IL6
GO_Biological_Process_2023,Regulation Of T Cell Differentiation (GO:0045580),1/47,0.2063653815917961,0.2391102411532588,0,0,4.450022411474675,7.022611447786596,ACTB
GO_Biological_Process_2023,Neuron Differentiation (GO:0030182),2/173,0.2080577982428174,0.2409013125531705,0,0,2.403874269005848,3.7739368355234104,ERBB2;CTNNB1
GO_Biological_Process_2023,Regulation Of Neuron Projection Development (GO:0010975),2/174,0.2098484155311808,0.2424299489319596,0,0,2.389777131782946,3.731325937203785,PTEN;AKT1
GO_Biological_Process_2023,Cellular Response To Radiation (GO:0071478),1/48,0.2102633458478651,0.2424299489319596,0,0,4.355121737223075,6.791352910221466,TP53
GO_Biological_Process_2023,Cytoplasmic Microtubule Organization (GO:0031122),1/48,0.2102633458478651,0.2424299489319596,0,0,4.355121737223075,6.791352910221466,RHOA
GO_Biological_Process_2023,Myelination (GO:0042552),1/48,0.2102633458478651,0.2424299489319596,0,0,4.355121737223075,6.791352910221466,SOX10
GO_Biological_Process_2023,Negative Regulation Of ERK1 And ERK2 Cascade (GO:0070373),1/48,0.2102633458478651,0.2424299489319596,0,0,4.355121737223075,6.791352910221466,PTEN
GO_Biological_Process_2023,Positive Regulation Of Reactive Oxygen Species Metabolic Process (GO:2000379),1/48,0.2102633458478651,0.2424299489319596,0,0,4.355121737223075,6.791352910221466,TP53
GO_Biological_Process_2023,Interferon-Mediated Signaling Pathway (GO:0140888),1/49,0.214142359503524,0.2458671535040461,0,0,4.264175257731959,6.571581270407724,IFNG
GO_Biological_Process_2023,Intrinsic Apoptotic Signaling Pathway In Response To DNA Damage (GO:0008630),1/49,0.214142359503524,0.2458671535040461,0,0,4.264175257731959,6.571581270407724,TP53
GO_Biological_Process_2023,Negative Regulation Of Tumor Necrosis Factor Superfamily Cytokine Production (GO:1903556),1/49,0.214142359503524,0.2458671535040461,0,0,4.264175257731959,6.571581270407724,DICER1
GO_Biological_Process_2023,Nuclear Export (GO:0051168),1/49,0.214142359503524,0.2458671535040461,0,0,4.264175257731959,6.571581270407724,DDX39A
GO_Biological_Process_2023,Positive Regulation Of Nervous System Development (GO:0051962),1/49,0.214142359503524,0.2458671535040461,0,0,4.264175257731959,6.571581270407724,IFNG
GO_Biological_Process_2023,Positive Regulation Of Pathway-Restricted SMAD Protein Phosphorylation (GO:0010862),1/49,0.214142359503524,0.2458671535040461,0,0,4.264175257731959,6.571581270407724,BMP3
GO_Biological_Process_2023,Regulation Of Interferon-Beta Production (GO:0032648),1/50,0.2180025137484037,0.2490807580588507,0,0,4.176940879444562,6.362519703204576,HSP90AA1
GO_Biological_Process_2023,Regulation Of Interleukin-12 Production (GO:0032655),1/50,0.2180025137484037,0.2490807580588507,0,0,4.176940879444562,6.362519703204576,IFNG
GO_Biological_Process_2023,Dicarboxylic Acid Metabolic Process (GO:0043648),1/50,0.2180025137484037,0.2490807580588507,0,0,4.176940879444562,6.362519703204576,TAT
GO_Biological_Process_2023,Intracellular Iron Ion Homeostasis (GO:0006879),1/50,0.2180025137484037,0.2490807580588507,0,0,4.176940879444562,6.362519703204576,MYC
GO_Biological_Process_2023,Plasma Membrane Bounded Cell Projection Morphogenesis (GO:0120039),1/50,0.2180025137484037,0.2490807580588507,0,0,4.176940879444562,6.362519703204576,DICER1
GO_Biological_Process_2023,Positive Regulation Of Fat Cell Differentiation (GO:0045600),1/50,0.2180025137484037,0.2490807580588507,0,0,4.176940879444562,6.362519703204576,AKT1
GO_Biological_Process_2023,Pyruvate Metabolic Process (GO:0006090),1/50,0.2180025137484037,0.2490807580588507,0,0,4.176940879444562,6.362519703204576,GAPDH
GO_Biological_Process_2023,Regulation Of Release Of Sequestered Calcium Ion Into Cytosol (GO:0051279),1/51,0.2218438993599667,0.2525914945588533,0,0,4.09319587628866,6.163457809701746,CALM3
GO_Biological_Process_2023,Regulation Of Substrate Adhesion-Dependent Cell Spreading (GO:1900024),1/51,0.2218438993599667,0.2525914945588533,0,0,4.09319587628866,6.163457809701746,CDC42
GO_Biological_Process_2023,Microtubule Bundle Formation (GO:0001578),1/51,0.2218438993599667,0.2525914945588533,0,0,4.09319587628866,6.163457809701746,LRGUK
GO_Biological_Process_2023,Negative Regulation Of MAP Kinase Activity (GO:0043407),1/51,0.2218438993599667,0.2525914945588533,0,0,4.09319587628866,6.163457809701746,IL1B
GO_Biological_Process_2023,Regulated Exocytosis (GO:0045055),1/51,0.2218438993599667,0.2525914945588533,0,0,4.09319587628866,6.163457809701746,CPLX2
GO_Biological_Process_2023,Arachidonic Acid Metabolic Process (GO:0019369),1/52,0.2256666066310463,0.2557036101343511,0,0,4.012734990903578,5.9737447802585715,CYP2A6
GO_Biological_Process_2023,Regulation Of Protein Localization To Nucleus (GO:1900180),1/52,0.2256666066310463,0.2557036101343511,0,0,4.012734990903578,5.9737447802585715,CDK1
GO_Biological_Process_2023,Cell Cycle G1/S Phase Transition (GO:0044843),1/52,0.2256666066310463,0.2557036101343511,0,0,4.012734990903578,5.9737447802585715,MYC
GO_Biological_Process_2023,Cellular Response To Ionizing Radiation (GO:0071479),1/52,0.2256666066310463,0.2557036101343511,0,0,4.012734990903578,5.9737447802585715,TP53
GO_Biological_Process_2023,Sprouting Angiogenesis (GO:0002040),1/52,0.2256666066310463,0.2557036101343511,0,0,4.012734990903578,5.9737447802585715,AKT1
GO_Biological_Process_2023,Negative Regulation Of Innate Immune Response (GO:0045824),1/52,0.2256666066310463,0.2557036101343511,0,0,4.012734990903578,5.9737447802585715,AKT1
GO_Biological_Process_2023,Positive Regulation Of Telomere Maintenance (GO:0032206),1/52,0.2256666066310463,0.2557036101343511,0,0,4.012734990903578,5.9737447802585715,MAPK3
GO_Biological_Process_2023,Actin Cytoskeleton Reorganization (GO:0031532),1/53,0.2294707254570178,0.2582331520040275,0,0,3.935368754956384,5.792783373999554,RHOA
GO_Biological_Process_2023,Blood Vessel Morphogenesis (GO:0048514),1/53,0.2294707254570178,0.2582331520040275,0,0,3.935368754956384,5.792783373999554,NKX2-5
GO_Biological_Process_2023,Regulation Of Proteasomal Protein Catabolic Process (GO:0061136),1/53,0.2294707254570178,0.2582331520040275,0,0,3.935368754956384,5.792783373999554,HSP90AB1
GO_Biological_Process_2023,Cellular Response To Alcohol (GO:0097306),1/53,0.2294707254570178,0.2582331520040275,0,0,3.935368754956384,5.792783373999554,CTNNB1
GO_Biological_Process_2023,Spermatid Development (GO:0007286),1/53,0.2294707254570178,0.2582331520040275,0,0,3.935368754956384,5.792783373999554,NME5
GO_Biological_Process_2023,Glycoprotein Metabolic Process (GO:0009100),1/53,0.2294707254570178,0.2582331520040275,0,0,3.935368754956384,5.792783373999554,HIF1A
GO_Biological_Process_2023,Mitochondrial Transport (GO:0006839),1/53,0.2294707254570178,0.2582331520040275,0,0,3.935368754956384,5.792783373999554,HSP90AA1
GO_Biological_Process_2023,Negative Regulation Of Metabolic Process (GO:0009892),1/53,0.2294707254570178,0.2582331520040275,0,0,3.935368754956384,5.792783373999554,IL1B
GO_Biological_Process_2023,Negative Regulation Of Viral Genome Replication (GO:0045071),1/53,0.2294707254570178,0.2582331520040275,0,0,3.935368754956384,5.792783373999554,TNF
GO_Biological_Process_2023,"Regulation Of Alternative mRNA Splicing, Via Spliceosome (GO:0000381)",1/53,0.2294707254570178,0.2582331520040275,0,0,3.935368754956384,5.792783373999554,RBFOX3
GO_Biological_Process_2023,Regulation Of Exocytosis (GO:0017157),1/54,0.2332563453153367,0.2610627897500669,0,0,3.8609219996109703,5.6200246083287,CPLX2
GO_Biological_Process_2023,Regulation Of Lipid Metabolic Process (GO:0019216),1/54,0.2332563453153367,0.2610627897500669,0,0,3.8609219996109703,5.6200246083287,IL1B
GO_Biological_Process_2023,Apical Junction Assembly (GO:0043297),1/54,0.2332563453153367,0.2610627897500669,0,0,3.8609219996109703,5.6200246083287,RHOA
GO_Biological_Process_2023,Epidermal Cell Differentiation (GO:0009913),1/54,0.2332563453153367,0.2610627897500669,0,0,3.8609219996109703,5.6200246083287,CTNNB1
GO_Biological_Process_2023,Negative Regulation Of Neuron Projection Development (GO:0010977),1/54,0.2332563453153367,0.2610627897500669,0,0,3.8609219996109703,5.6200246083287,PTEN
GO_Biological_Process_2023,Negative Regulation Of Protein Ubiquitination (GO:0031397),1/54,0.2332563453153367,0.2610627897500669,0,0,3.8609219996109703,5.6200246083287,AKT1
GO_Biological_Process_2023,Nucleosome Assembly (GO:0006334),1/54,0.2332563453153367,0.2610627897500669,0,0,3.8609219996109703,5.6200246083287,H3-4
GO_Biological_Process_2023,Organelle Disassembly (GO:1903008),1/54,0.2332563453153367,0.2610627897500669,0,0,3.8609219996109703,5.6200246083287,CDK1
GO_Biological_Process_2023,Defense Response To Virus (GO:0051607),2/189,0.236871595914967,0.2647380701387751,0,0,2.1964126559714794,3.163354937056446,IL6;TNF
GO_Biological_Process_2023,Endocytosis (GO:0006897),2/189,0.236871595914967,0.2647380701387751,0,0,2.1964126559714794,3.163354937056446,CDC42;MAPK3
GO_Biological_Process_2023,Neuron Migration (GO:0001764),1/55,0.2370235551881547,0.2647380701387751,0,0,3.7892325315005726,5.4549630625325705,CCK
GO_Biological_Process_2023,RNA Polymerase II Preinitiation Complex Assembly (GO:0051123),1/56,0.2407724437654913,0.2680143124029148,0,0,3.720149953139644,5.297132709549115,ESR1
GO_Biological_Process_2023,Regulation Of Mitotic Nuclear Division (GO:0007088),1/56,0.2407724437654913,0.2680143124029148,0,0,3.720149953139644,5.297132709549115,IL1B
GO_Biological_Process_2023,Regulation Of Reactive Oxygen Species Metabolic Process (GO:2000377),1/56,0.2407724437654913,0.2680143124029148,0,0,3.720149953139644,5.297132709549115,TP53
GO_Biological_Process_2023,Regulation Of Stem Cell Population Maintenance (GO:2000036),1/56,0.2407724437654913,0.2680143124029148,0,0,3.720149953139644,5.297132709549115,MYC
GO_Biological_Process_2023,Nucleotide-Excision Repair (GO:0006289),1/56,0.2407724437654913,0.2680143124029148,0,0,3.720149953139644,5.297132709549115,TP53
GO_Biological_Process_2023,Regulation Of Transcription Initiation By RNA Polymerase II (GO:0060260),1/57,0.244503099154247,0.2719827975019823,0,0,3.6535346097201766,5.146103219812559,NKX2-5
GO_Biological_Process_2023,Eye Development (GO:0001654),1/58,0.2482156091537258,0.2749954456099605,0,0,3.589256646771568,5.001476661240363,SOX2
GO_Biological_Process_2023,Glycosaminoglycan Biosynthetic Process (GO:0006024),1/58,0.2482156091537258,0.2749954456099605,0,0,3.589256646771568,5.001476661240363,IL1B
GO_Biological_Process_2023,mRNA Transport (GO:0051028),1/58,0.2482156091537258,0.2749954456099605,0,0,3.589256646771568,5.001476661240363,DDX39A
GO_Biological_Process_2023,Memory (GO:0007613),1/58,0.2482156091537258,0.2749954456099605,0,0,3.589256646771568,5.001476661240363,TH
GO_Biological_Process_2023,Positive Regulation Of Mitochondrion Organization (GO:0010822),1/58,0.2482156091537258,0.2749954456099605,0,0,3.589256646771568,5.001476661240363,TP53
GO_Biological_Process_2023,Positive Regulation Of Type II Interferon Production (GO:0032729),1/58,0.2482156091537258,0.2749954456099605,0,0,3.589256646771568,5.001476661240363,IL1B
GO_Biological_Process_2023,Regulation Of Multicellular Organismal Development (GO:2000026),1/59,0.2519100611723781,0.2774049802320491,0,0,3.527195165303946,4.862884559804865,CDK1
GO_Biological_Process_2023,Cellular Response To Chemokine (GO:1990869),1/59,0.2519100611723781,0.2774049802320491,0,0,3.527195165303946,4.862884559804865,RHOA
GO_Biological_Process_2023,Regulation Of Type I Interferon Production (GO:0032479),1/59,0.2519100611723781,0.2774049802320491,0,0,3.527195165303946,4.862884559804865,GAPDH
GO_Biological_Process_2023,Chordate Embryonic Development (GO:0043009),1/59,0.2519100611723781,0.2774049802320491,0,0,3.527195165303946,4.862884559804865,NKX2-5
GO_Biological_Process_2023,Cilium Movement (GO:0003341),1/59,0.2519100611723781,0.2774049802320491,0,0,3.527195165303946,4.862884559804865,NME5
GO_Biological_Process_2023,Transcription Preinitiation Complex Assembly (GO:0070897),1/59,0.2519100611723781,0.2774049802320491,0,0,3.527195165303946,4.862884559804865,ESR1
GO_Biological_Process_2023,Microtubule Cytoskeleton Organization Involved In Mitosis (GO:1902850),1/59,0.2519100611723781,0.2774049802320491,0,0,3.527195165303946,4.862884559804865,CDK1
GO_Biological_Process_2023,Negative Regulation Of Cytokine-Mediated Signaling Pathway (GO:0001960),1/59,0.2519100611723781,0.2774049802320491,0,0,3.527195165303946,4.862884559804865,IL6
GO_Biological_Process_2023,protein-DNA Complex Assembly (GO:0065004),1/59,0.2519100611723781,0.2774049802320491,0,0,3.527195165303946,4.862884559804865,H3-4
GO_Biological_Process_2023,DNA-templated Transcription (GO:0006351),2/199,0.2549997632475111,0.2806192973982993,0,0,2.0838620981387477,2.847582266279318,TP53;NFKB1
GO_Biological_Process_2023,Regulation Of Pathway-Restricted SMAD Protein Phosphorylation (GO:0060393),1/61,0.2592451383594584,0.2845288993484237,0,0,3.409278350515464,4.602461626806041,BMP3
GO_Biological_Process_2023,Negative Regulation Of Autophagy (GO:0010507),1/61,0.2592451383594584,0.2845288993484237,0,0,3.409278350515464,4.602461626806041,STAT3
GO_Biological_Process_2023,Negative Regulation Of Viral Process (GO:0048525),1/61,0.2592451383594584,0.2845288993484237,0,0,3.409278350515464,4.602461626806041,TNF
GO_Biological_Process_2023,Positive Regulation Of Organelle Assembly (GO:1902117),1/61,0.2592451383594584,0.2845288993484237,0,0,3.409278350515464,4.602461626806041,TNF
GO_Biological_Process_2023,Regulation Of Embryonic Development (GO:0045995),1/62,0.2628859362223205,0.2877558915478164,0,0,3.353219536927497,4.480018809740678,CDK1
GO_Biological_Process_2023,mRNA Export From Nucleus (GO:0006406),1/62,0.2628859362223205,0.2877558915478164,0,0,3.353219536927497,4.480018809740678,DDX39A
GO_Biological_Process_2023,Protein-Containing Complex Disassembly (GO:0032984),1/62,0.2628859362223205,0.2877558915478164,0,0,3.353219536927497,4.480018809740678,MYC
GO_Biological_Process_2023,Regulation Of T Cell Activation (GO:0050863),1/62,0.2628859362223205,0.2877558915478164,0,0,3.353219536927497,4.480018809740678,CD4
GO_Biological_Process_2023,Defense Response To Bacterium (GO:0042742),2/204,0.2640789540197041,0.288869321873751,0,0,2.0317656765676566,2.7053105301299336,IL6;IL1B
GO_Biological_Process_2023,G1/S Transition Of Mitotic Cell Cycle (GO:0000082),1/63,0.2665090212957127,0.2911398417479095,0,0,3.2989690721649483,4.362382465759548,MYC
GO_Biological_Process_2023,Phosphatidylinositol Metabolic Process (GO:0046488),1/63,0.2665090212957127,0.2911398417479095,0,0,3.2989690721649483,4.362382465759548,PTEN
GO_Biological_Process_2023,Regulation Of Secretion By Cell (GO:1903530),1/64,0.2701144788961077,0.2948824510473787,0,0,3.2464408443789887,4.249296982984643,CPLX2
GO_Biological_Process_2023,RNA Export From Nucleus (GO:0006405),1/65,0.2737023938699437,0.2984028089769858,0,0,3.1955541237113403,4.140523949487855,DDX39A
GO_Biological_Process_2023,Antimicrobial Humoral Immune Response Mediated By Antimicrobial Peptide (GO:0061844),1/65,0.2737023938699437,0.2984028089769858,0,0,3.1955541237113403,4.140523949487855,GAPDH
GO_Biological_Process_2023,Regulation Of Endocytosis (GO:0030100),1/66,0.2772728507525331,0.3020950224047824,0,0,3.146233148295004,4.035840754835468,SRC
GO_Biological_Process_2023,Activation Of Cysteine-Type Endopeptidase Activity Involved In Apoptotic Process (GO:0006919),1/67,0.28082593355257,0.3053587086875397,0,0,3.098406747891284,3.9350393284799976,TNF
GO_Biological_Process_2023,Regulation Of Viral Genome Replication (GO:0045069),1/67,0.28082593355257,0.3053587086875397,0,0,3.098406747891284,3.9350393284799976,TNF
GO_Biological_Process_2023,Negative Regulation Of Cellular Catabolic Process (GO:0031330),1/67,0.28082593355257,0.3053587086875397,0,0,3.098406747891284,3.9350393284799976,STAT3
GO_Biological_Process_2023,Regulation Of GTPase Activity (GO:0043087),2/214,0.2822391782656855,0.3066924404037839,0,0,1.9349449685534592,2.4477061933335778,ERBB2;PRTN3
GO_Biological_Process_2023,Telomere Maintenance (GO:0000723),1/68,0.2843617259878341,0.3087946568393995,0,0,3.0520080012309587,3.837924990994313,PTEN
GO_Biological_Process_2023,Establishment Of Protein Localization To Membrane (GO:0090150),1/69,0.2878803113466071,0.3122028723052644,0,0,3.0069739235900546,3.744315415160726,EGFR
GO_Biological_Process_2023,Phagocytosis (GO:0006909),1/69,0.2878803113466071,0.3122028723052644,0,0,3.0069739235900546,3.744315415160726,CDC42
GO_Biological_Process_2023,Sensory Organ Development (GO:0007423),1/70,0.2913817724582175,0.3151680395976639,0,0,2.963245181532945,3.6540396801360706,SOX2
GO_Biological_Process_2023,Negative Regulation Of Epithelial Cell Proliferation (GO:0050680),1/70,0.2913817724582175,0.3151680395976639,0,0,2.963245181532945,3.6540396801360706,SOX2
GO_Biological_Process_2023,Positive Regulation Of Protein Polymerization (GO:0032273),1/70,0.2913817724582175,0.3151680395976639,0,0,2.963245181532945,3.6540396801360706,HSP90AA1
GO_Biological_Process_2023,Positive Regulation Of Protein Transport (GO:0051222),1/70,0.2913817724582175,0.3151680395976639,0,0,2.963245181532945,3.6540396801360706,TNF
GO_Biological_Process_2023,Regulation Of Double-Strand Break Repair Via Homologous Recombination (GO:0010569),1/71,0.2948661918739197,0.3183082478638963,0,0,2.920765832106038,3.5669374081524774,ACTB
GO_Biological_Process_2023,Synapse Assembly (GO:0007416),1/71,0.2948661918739197,0.3183082478638963,0,0,2.920765832106038,3.5669374081524774,PTEN
GO_Biological_Process_2023,Negative Regulation Of Protein Binding (GO:0032091),1/71,0.2948661918739197,0.3183082478638963,0,0,2.920765832106038,3.5669374081524774,AKT1
GO_Biological_Process_2023,Negative Regulation Of Cell Adhesion (GO:0007162),1/72,0.2983336516633654,0.3218399144339523,0,0,2.879483084071439,3.4828579812315383,RHOA
GO_Biological_Process_2023,DNA Replication (GO:0006260),1/73,0.301784233455671,0.3249223430980783,0,0,2.839347079037801,3.4016598236456796,CDK1
GO_Biological_Process_2023,Ubiquitin-Dependent ERAD Pathway (GO:0030433),1/73,0.301784233455671,0.3249223430980783,0,0,2.839347079037801,3.4016598236456796,HSPA5
GO_Biological_Process_2023,Positive Regulation Of Secretion By Cell (GO:1903532),1/73,0.301784233455671,0.3249223430980783,0,0,2.839347079037801,3.4016598236456796,IL1B
GO_Biological_Process_2023,Negative Regulation Of Neuron Apoptotic Process (GO:0043524),1/74,0.3052180186658498,0.3284041942815922,0,0,2.8003106905804267,3.3232097443236976,HIF1A
GO_Biological_Process_2023,Regulation Of Plasma Membrane Bounded Cell Projection Assembly (GO:0120032),1/75,0.3086350881376858,0.3312132265252892,0,0,2.7623293396489275,3.247382340330225,CDC42
GO_Biological_Process_2023,Defense Response To Gram-negative Bacterium (GO:0050829),1/75,0.3086350881376858,0.3312132265252892,0,0,2.7623293396489275,3.247382340330225,IL6
GO_Biological_Process_2023,Nucleosome Organization (GO:0034728),1/75,0.3086350881376858,0.3312132265252892,0,0,2.7623293396489275,3.247382340330225,H3-4
GO_Biological_Process_2023,Regulation Of DNA Replication (GO:0006275),1/75,0.3086350881376858,0.3312132265252892,0,0,2.7623293396489275,3.247382340330225,EGFR
GO_Biological_Process_2023,Transcription Initiation At RNA Polymerase II Promoter (GO:0006367),1/76,0.3120355224846555,0.3346438403670294,0,0,2.725360824742268,3.1740594439298153,ESR1
GO_Biological_Process_2023,Cell Morphogenesis Involved In Neuron Differentiation (GO:0048667),1/77,0.3154194017875858,0.3371724639798331,0,0,2.689365165491047,3.103129620962854,CCK
GO_Biological_Process_2023,Negative Regulation Of Blood Vessel Morphogenesis (GO:2000181),1/77,0.3154194017875858,0.3371724639798331,0,0,2.689365165491047,3.103129620962854,CTNNB1
GO_Biological_Process_2023,Neutrophil Migration (GO:1990266),1/77,0.3154194017875858,0.3371724639798331,0,0,2.689365165491047,3.103129620962854,PRTN3
GO_Biological_Process_2023,Positive Regulation Of JNK Cascade (GO:0046330),1/77,0.3154194017875858,0.3371724639798331,0,0,2.689365165491047,3.103129620962854,IL1B
GO_Biological_Process_2023,Positive Regulation Of Response To Stimulus (GO:0048584),1/77,0.3154194017875858,0.3371724639798331,0,0,2.689365165491047,3.103129620962854,EGFR
GO_Biological_Process_2023,Positive Regulation Of GTPase Activity (GO:0043547),2/234,0.31842435492623,0.3398875548188062,0,0,1.7663433908045978,2.0213509802177403,ERBB2;PRTN3
GO_Biological_Process_2023,Regulation Of Innate Immune Response (GO:0045088),1/78,0.318786805828229,0.3398875548188062,0,0,2.65430445842817,3.0344877054794863,AKT1
GO_Biological_Process_2023,Negative Regulation Of Protein Modification Process (GO:0031400),1/78,0.318786805828229,0.3398875548188062,0,0,2.65430445842817,3.0344877054794863,PTEN
GO_Biological_Process_2023,Organonitrogen Compound Catabolic Process (GO:1901565),1/78,0.318786805828229,0.3398875548188062,0,0,2.65430445842817,3.0344877054794863,MAGEC2
GO_Biological_Process_2023,Response To Insulin (GO:0032868),1/79,0.3221378140557969,0.3432376319673633,0,0,2.620142743854084,2.9680343741099,AKT1
GO_Biological_Process_2023,Calcium Ion Transmembrane Transport (GO:0070588),1/80,0.3254725054176833,0.3461173633665073,0,0,2.5868458828135195,2.903675755319197,GRIN2B
GO_Biological_Process_2023,Response To Type II Interferon (GO:0034341),1/80,0.3254725054176833,0.3461173633665073,0,0,2.5868458828135195,2.903675755319197,GAPDH
GO_Biological_Process_2023,Wound Healing (GO:0042060),1/80,0.3254725054176833,0.3461173633665073,0,0,2.5868458828135195,2.903675755319197,ERBB2
GO_Biological_Process_2023,Cytoskeleton-Dependent Cytokinesis (GO:0061640),1/81,0.328790958588603,0.3489686982952679,0,0,2.554381443298969,2.841323066159758,RHOA
GO_Biological_Process_2023,Spindle Assembly (GO:0051225),1/81,0.328790958588603,0.3489686982952679,0,0,2.554381443298969,2.841323066159758,RHOA
GO_Biological_Process_2023,Negative Regulation Of NF-kappaB Transcription Factor Activity (GO:0032088),1/81,0.328790958588603,0.3489686982952679,0,0,2.554381443298969,2.841323066159758,CDKN2A
GO_Biological_Process_2023,Cilium Assembly (GO:0060271),2/243,0.3345868234183214,0.3548154910651558,0,0,1.6996023513139695,1.860824712027758,LRGUK;NME8
GO_Biological_Process_2023,Calcium Ion Transmembrane Import Into Cytosol (GO:0097553),1/83,0.3353794629483792,0.3548154910651558,0,0,2.4918280110636157,2.7223038195129785,GRIN2B
GO_Biological_Process_2023,Epigenetic Regulation Of Gene Expression (GO:0040029),1/83,0.3353794629483792,0.3548154910651558,0,0,2.4918280110636157,2.7223038195129785,TP53
GO_Biological_Process_2023,Phospholipase C-activating G Protein-Coupled Receptor Signaling Pathway (GO:0007200),1/83,0.3353794629483792,0.3548154910651558,0,0,2.4918280110636157,2.7223038195129785,ESR1
GO_Biological_Process_2023,Positive Regulation Of Ubiquitin-Dependent Protein Catabolic Process (GO:2000060),1/83,0.3353794629483792,0.3548154910651558,0,0,2.4918280110636157,2.7223038195129785,PTEN
GO_Biological_Process_2023,Positive Regulation Of Protein Ubiquitination (GO:0031398),1/84,0.3386496695258499,0.3580446634690936,0,0,2.461681778661036,2.6654822694327445,MAGEC2
GO_Biological_Process_2023,Regulation Of Osteoblast Differentiation (GO:0045667),1/85,0.3419039487323971,0.3605572450367961,0,0,2.4322533136966125,2.6103561158195174,IL6
GO_Biological_Process_2023,mRNA Metabolic Process (GO:0016071),1/85,0.3419039487323971,0.3605572450367961,0,0,2.4322533136966125,2.6103561158195174,TP53
GO_Biological_Process_2023,Macromolecule Catabolic Process (GO:0009057),1/85,0.3419039487323971,0.3605572450367961,0,0,2.4322533136966125,2.6103561158195174,MAGEC2
GO_Biological_Process_2023,Mitotic Spindle Organization (GO:0007052),1/85,0.3419039487323971,0.3605572450367961,0,0,2.4322533136966125,2.6103561158195174,RHOA
GO_Biological_Process_2023,Regulation Of Mitotic Cell Cycle Phase Transition (GO:1901990),1/86,0.3451423773061049,0.3637388876933485,0,0,2.4035172832019405,2.55685750192156,CDKN2A
GO_Biological_Process_2023,Regulation Of Type II Interferon Production (GO:0032649),1/87,0.3483650316799588,0.3668998378526746,0,0,2.3754495324862144,2.5049220014523534,IL1B
GO_Biological_Process_2023,Regulation Of Endothelial Cell Migration (GO:0010594),1/88,0.3515719878907218,0.3695667153579373,0,0,2.3480270174191253,2.454488409664901,AKT1
GO_Biological_Process_2023,Negative Regulation Of Neuron Death (GO:1901215),1/88,0.3515719878907218,0.3695667153579373,0,0,2.3480270174191253,2.454488409664901,AKT1
GO_Biological_Process_2023,Positive Regulation Of Plasma Membrane Bounded Cell Projection Assembly (GO:0120034),1/88,0.3515719878907218,0.3695667153579373,0,0,2.3480270174191253,2.454488409664901,CDC42
GO_Biological_Process_2023,ERAD Pathway (GO:0036503),1/89,0.3547633216110165,0.3726829523062021,0,0,2.321227741330834,2.40549854852336,HSPA5
GO_Biological_Process_2023,Positive Regulation Of Binding (GO:0051099),1/91,0.3610994225583894,0.3790967100724816,0,0,2.2694158075601374,2.3116313665291885,NME1
GO_Biological_Process_2023,Negative Regulation Of Amide Metabolic Process (GO:0034249),1/93,0.3673739327584958,0.3854376574215891,0,0,2.21985656656208,2.2229090009650587,GAPDH
GO_Biological_Process_2023,"Regulation Of mRNA Splicing, Via Spliceosome (GO:0048024)",1/94,0.3704882767624049,0.3884570764011687,0,0,2.195876288659794,2.180359077073003,RBFOX3
GO_Biological_Process_2023,T Cell Receptor Signaling Pathway (GO:0050852),1/95,0.3735874448386316,0.3914567422639489,0,0,2.17240622943628,2.1389580797658323,MOG
GO_Biological_Process_2023,Regulation Of Macroautophagy (GO:0016241),1/96,0.3766715102489588,0.3944367694958823,0,0,2.1494302767227347,2.098664596023561,GAPDH
GO_Biological_Process_2023,Monocarboxylic Acid Metabolic Process (GO:0032787),1/97,0.3797405457787955,0.397397271792714,0,0,2.126932989690722,2.0594390968586938,UGT1A8
GO_Biological_Process_2023,Negative Regulation Of Macromolecule Biosynthetic Process (GO:0010558),1/98,0.3827946239738108,0.399829349770484,0,0,2.1048995642469976,2.021243832477004,GAPDH
GO_Biological_Process_2023,Phosphatidylinositol Biosynthetic Process (GO:0006661),1/98,0.3827946239738108,0.399829349770484,0,0,2.1048995642469976,2.021243832477004,PTEN
GO_Biological_Process_2023,Positive Regulation Of Cold-Induced Thermogenesis (GO:0120162),1/98,0.3827946239738108,0.399829349770484,0,0,2.1048995642469976,2.021243832477004,KDM6B
GO_Biological_Process_2023,Axon Development (GO:0061564),1/99,0.3858338168827518,0.4024920388180071,0,0,2.083315800547023,1.9840427369076143,CCK
GO_Biological_Process_2023,Cellular Response To Insulin Stimulus (GO:0032869),1/99,0.3858338168827518,0.4024920388180071,0,0,2.083315800547023,1.9840427369076143,AKT1
GO_Biological_Process_2023,Regulation Of Organelle Organization (GO:0033043),1/100,0.3888581963975129,0.4053896044930924,0,0,2.062168072477351,1.947801335478516,MAPK3
GO_Biological_Process_2023,Macroautophagy (GO:0016236),1/104,0.4008090043986375,0.4175835093385931,0,0,1.9816835151636472,1.811794309382868,SRC
GO_Biological_Process_2023,Monoatomic Cation Transmembrane Transport (GO:0098655),2/281,0.4014025218170517,0.4179368462264993,0,0,1.4652777777777777,1.3374917234592636,KCNC2;GRIN2B
GO_Biological_Process_2023,Intrinsic Apoptotic Signaling Pathway (GO:0097193),1/105,0.403760381976319,0.4198596883462608,0,0,1.962529738302934,1.779884339065254,TP53
GO_Biological_Process_2023,Positive Regulation Of Stress-Activated MAPK Cascade (GO:0032874),1/105,0.403760381976319,0.4198596883462608,0,0,1.962529738302934,1.779884339065254,IL1B
GO_Biological_Process_2023,Response To Calcium Ion (GO:0051592),1/106,0.4066973697706775,0.4226462862322728,0,0,1.943740795287187,1.7487562515727495,CALM3
GO_Biological_Process_2023,Negative Regulation Of Translation (GO:0017148),1/107,0.4096200372899212,0.4251457493792422,0,0,1.9253063606302276,1.718384612639862,GAPDH
GO_Biological_Process_2023,Positive Regulation Of Autophagy (GO:0010508),1/107,0.4096200372899212,0.4251457493792422,0,0,1.9253063606302276,1.718384612639862,IFNG
GO_Biological_Process_2023,Response To Tumor Necrosis Factor (GO:0034612),1/108,0.4125284536610831,0.4273545077964436,0,0,1.907216494845361,1.6887450303875085,AKT1
GO_Biological_Process_2023,Glycerophospholipid Biosynthetic Process (GO:0046474),1/108,0.4125284536610831,0.4273545077964436,0,0,1.907216494845361,1.6887450303875085,PTEN
GO_Biological_Process_2023,Lipid Transport (GO:0006869),1/108,0.4125284536610831,0.4273545077964436,0,0,1.907216494845361,1.6887450303875085,FABP7
GO_Biological_Process_2023,Regulation Of Proteasomal Ubiquitin-Dependent Protein Catabolic Process (GO:0032434),1/109,0.4154226875634459,0.4298107529387542,0,0,1.8894616265750288,1.6598141040315888,HSP90AB1
GO_Biological_Process_2023,Extracellular Structure Organization (GO:0043062),1/109,0.4154226875634459,0.4298107529387542,0,0,1.8894616265750288,1.6598141040315888,PXDN
GO_Biological_Process_2023,External Encapsulating Structure Organization (GO:0045229),1/110,0.4183028075280152,0.4324414145625871,0,0,1.872032535704152,1.6315693739152295,PXDN
GO_Biological_Process_2023,DNA Repair (GO:0006281),2/291,0.418491691512181,0.4324414145625871,0,0,1.4138552479815456,1.231606821336937,CDK1;TP53
GO_Biological_Process_2023,RNA Metabolic Process (GO:0016070),1/111,0.4211688816394573,0.4343882439005829,0,0,1.854920337394564,1.603989277094884,DICER1
GO_Biological_Process_2023,Regulation Of Transforming Growth Factor Beta Receptor Signaling Pathway (GO:0017015),1/111,0.4211688816394573,0.4343882439005829,0,0,1.854920337394564,1.603989277094884,HSP90AB1
GO_Biological_Process_2023,Mitotic Sister Chromatid Segregation (GO:0000070),1/111,0.4211688816394573,0.4343882439005829,0,0,1.854920337394564,1.603989277094884,RHOA
GO_Biological_Process_2023,Protein Deubiquitination (GO:0016579),1/112,0.4240209777534018,0.4370554996542279,0,0,1.8381164669824464,1.5770531031709,CDK1
GO_Biological_Process_2023,Protein Modification By Small Protein Removal (GO:0070646),1/114,0.4296835053146595,0.4426144195811821,0,0,1.8054009670650488,1.5250337071281508,CDK1
GO_Biological_Process_2023,Regulation Of Protein Binding (GO:0043393),1/118,0.4408437712414358,0.4535418385408134,0,0,1.7433254031192176,1.427896344547782,AKT1
GO_Biological_Process_2023,Regulation Of Small GTPase Mediated Signal Transduction (GO:0051056),1/118,0.4408437712414358,0.4535418385408134,0,0,1.7433254031192176,1.427896344547782,SRC
GO_Biological_Process_2023,Fatty Acid Metabolic Process (GO:0006631),1/122,0.4517878316611055,0.4642197669913673,0,0,1.685354008690466,1.3390855700276298,UGT1A8
GO_Biological_Process_2023,Potassium Ion Transport (GO:0006813),1/122,0.4517878316611055,0.4642197669913673,0,0,1.685354008690466,1.3390855700276298,KCNC2
GO_Biological_Process_2023,Protein Dephosphorylation (GO:0006470),1/124,0.4571800835620697,0.4691735648297817,0,0,1.657782247925572,1.2975095446652958,PTEN
GO_Biological_Process_2023,Regulation Of DNA Metabolic Process (GO:0051052),1/124,0.4571800835620697,0.4691735648297817,0,0,1.657782247925572,1.2975095446652958,MYC
GO_Biological_Process_2023,Protein-Containing Complex Organization (GO:0043933),1/126,0.4625198326979215,0.4743571068181554,0,0,1.6310927835051547,1.257679929580152,TP53
GO_Biological_Process_2023,Proteasome-Mediated Ubiquitin-Dependent Protein Catabolic Process (GO:0043161),2/319,0.4649923590689901,0.4765954123208676,0,0,1.2871319663512093,0.985601102520332,HSPA5;CTNNB1
GO_Biological_Process_2023,Intracellular Protein Transport (GO:0006886),2/325,0.474676722270805,0.4862181138970901,0,0,1.2628353973168214,0.9409655420029098,STAT3;AKT1
GO_Biological_Process_2023,Plasma Membrane Bounded Cell Projection Organization (GO:0120036),1/132,0.4782290992554852,0.4895516573686991,0,0,1.5559140631148185,1.1477439295388412,IL6
GO_Biological_Process_2023,Negative Regulation Of Cell Motility (GO:2000146),1/133,0.4808027571164223,0.4918797820313088,0,0,1.5440487347703842,1.1307040494954523,PTEN
GO_Biological_Process_2023,Antigen Receptor-Mediated Signaling Pathway (GO:0050851),1/134,0.4833638491296161,0.4941921618668073,0,0,1.5323618324160917,1.1140049832421544,MOG
GO_Biological_Process_2023,Potassium Ion Transmembrane Transport (GO:0071805),1/137,0.4909723362006207,0.5013471400731012,0,0,1.4983323226197696,1.0658649103080529,KCNC2
GO_Biological_Process_2023,Protein Localization To Plasma Membrane (GO:0072659),1/137,0.4909723362006207,0.5013471400731012,0,0,1.4983323226197696,1.0658649103080529,TNF
GO_Biological_Process_2023,Protein Localization To Cell Periphery (GO:1990778),1/142,0.5034074423524445,0.5137257315435195,0,0,1.4448343935073482,0.9916699057420328,TNF
GO_Biological_Process_2023,Actin Filament Organization (GO:0007015),1/144,0.5082968662074447,0.5183933899309943,0,0,1.4244827337610844,0.9639326795067452,CDC42
GO_Biological_Process_2023,Regulation Of Cold-Induced Thermogenesis (GO:0120161),1/146,0.5131386354184548,0.5230066860995789,0,0,1.404692499111269,0.9372237948758618,KDM6B
GO_Biological_Process_2023,Dephosphorylation (GO:0016311),1/147,0.5155417933513556,0.5251302953975681,0,0,1.3950007061149554,0.9242394508391598,PTEN
GO_Biological_Process_2023,Defense Response To Symbiont (GO:0140546),1/148,0.5179332096288451,0.5272393205825233,0,0,1.3854407742478434,0.9114939321449408,IL6
GO_Biological_Process_2023,Skeletal System Development (GO:0001501),1/149,0.5203129410323081,0.5293338465115061,0,0,1.376010030649206,0.8989815313839802,BMP3
GO_Biological_Process_2023,Neuron Development (GO:0048666),1/150,0.5226810441703094,0.5314139576558282,0,0,1.366705874212966,0.8866967113802702,IL6
GO_Biological_Process_2023,Peptidyl-Serine Phosphorylation (GO:0018105),1/158,0.5412139411085454,0.549916206086172,0,0,1.2965394970122792,0.7959982670496375,CDK1
GO_Biological_Process_2023,Negative Regulation Of Cell Migration (GO:0030336),1/163,0.5524334302438791,0.5609691754577834,0,0,1.2562046582665138,0.7454599092040817,PTEN
GO_Biological_Process_2023,Peptidyl-Serine Modification (GO:0018209),1/166,0.5590343169918047,0.567321422370312,0,0,1.2331771321462044,0.7171472772890255,CDK1
GO_Biological_Process_2023,Membrane Organization (GO:0061024),1/167,0.5612131269691958,0.5691809676607338,0,0,1.22568625015526,0.70802322718239,EGFR
GO_Biological_Process_2023,Cell-Cell Adhesion Via Plasma-Membrane Adhesion Molecules (GO:0098742),1/172,0.5719483613744488,0.5797107697336332,0,0,1.1895460300235123,0.6646071810960344,DSG1
GO_Biological_Process_2023,Extracellular Matrix Organization (GO:0030198),1/176,0.5803490250204362,0.5878627916822298,0,0,1.162120765832106,0.6323396463769343,PXDN
GO_Biological_Process_2023,"RNA Splicing, Via Transesterification Reactions With Bulged Adenosine As Nucleophile (GO:0000377)",1/180,0.5885864716678382,0.5958395397105719,0,0,1.135921211772159,0.6020739412458554,DDX39A
GO_Biological_Process_2023,Intracellular Monoatomic Cation Homeostasis (GO:0030003),1/190,0.6084864672070275,0.6156054591263216,0,0,1.0752740958926523,0.5341753173993521,MYC
GO_Biological_Process_2023,Organelle Organization (GO:0006996),2/418,0.6104793349811162,0.6172415676147531,0,0,0.9758613782051282,0.4815981639331395,CDC42;MYC
GO_Biological_Process_2023,Transcription By RNA Polymerase II (GO:0006366),1/192,0.6123506025511324,0.6183724892387895,0,0,1.0639067307173316,0.5217933545246598,NFKB1
GO_Biological_Process_2023,Protein Localization To Membrane (GO:0072657),1/192,0.6123506025511324,0.6183724892387895,0,0,1.0639067307173316,0.5217933545246598,TNF
GO_Biological_Process_2023,Regulation Of Signal Transduction (GO:0009966),1/193,0.6142684900515228,0.619928212011457,0,0,1.058311855670103,0.515739884332066,SRC
GO_Biological_Process_2023,Endomembrane System Organization (GO:0010256),1/196,0.6199659799621341,0.625294109931115,0,0,1.0418715305313244,0.4981090617085314,CDC42
GO_Biological_Process_2023,Anterograde Trans-Synaptic Signaling (GO:0098916),1/199,0.6255801602265438,0.6305694498479825,0,0,1.0259293970634178,0.4812386562071875,GRIN2B
GO_Biological_Process_2023,"mRNA Splicing, Via Spliceosome (GO:0000398)",1/211,0.6472276433105314,0.6519895879578191,0,0,0.9667157584683358,0.420576652998003,DDX39A
GO_Biological_Process_2023,mRNA Processing (GO:0006397),1/214,0.6524430205440072,0.6568406144324779,0,0,0.9529548424568026,0.4069417057266628,DDX39A
GO_Biological_Process_2023,Proteasomal Protein Catabolic Process (GO:0010498),1/220,0.6626458933133542,0.66670373711809,0,0,0.9265640446264652,0.3812945664533511,CTNNB1
GO_Biological_Process_2023,Protein Polyubiquitination (GO:0000209),1/226,0.6725522165283597,0.6762566045018941,0,0,0.9015807560137457,0.3576350198344012,CTNNB1
GO_Biological_Process_2023,Cilium Organization (GO:0044782),1/228,0.675789906299703,0.6790965235782337,0,0,0.8935464825832236,0.3501567771739546,NME8
GO_Biological_Process_2023,Plasma Membrane Bounded Cell Projection Assembly (GO:0120031),1/275,0.7433828734155269,0.7465636069814858,0,0,0.73850553089021,0.2189994281423733,NME8
GO_Biological_Process_2023,Inorganic Cation Transmembrane Transport (GO:0098662),1/284,0.7546342226539279,0.7574001391694585,0,0,0.7146916323631197,0.2012015037995011,KCNC2
GO_Biological_Process_2023,DNA Metabolic Process (GO:0006259),1/288,0.7594767493578445,0.7617950544535644,0,0,0.704587090053522,0.1938499251216412,CDK1
GO_Biological_Process_2023,Gene Expression (GO:0010467),1/296,0.7688797832477686,0.770756243975646,0,0,0.6852000698934125,0.1800847280054215,DDX39A
GO_Biological_Process_2023,Organelle Assembly (GO:0070925),1/322,0.7969971719163798,0.7984550935723242,0,0,0.6288659793814433,0.1426922996408902,NME8
GO_Biological_Process_2023,Ubiquitin-Dependent Protein Catabolic Process (GO:0006511),1/367,0.8378856918467982,0.8389068809898168,0,0,0.5502788575291533,0.0973297990765264,CTNNB1
GO_Biological_Process_2023,Vesicle-Mediated Transport (GO:0016192),1/411,0.8699548060579999,0.8704846201908002,0,0,0.4901181795323108,0.0682803317790856,CDC42
GO_Biological_Process_2023,Protein Ubiquitination (GO:0016567),1/434,0.8841304055801288,0.8841304055801288,0,0,0.4635365824623223,0.0570848590555938,CTNNB1
