Gene_set,Term,Overlap,P-value,Adjusted P-value,Old P-value,Old Adjusted P-value,Odds Ratio,Combined Score,Genes
Reactome_2022,Developmental Biology R-HSA-1266738,34/1073,5.0905065280782125e-19,4.194577379136446e-16,0,0,9.495935440882503,399.9853182556929,FLG;GSK3B;HSP90AB1;SRC;TNF;EGFR;SOX2;CDC42;H3C13;MYC;ERBB2;AKT1;H3-3B;KDM6A;MAPK3;HSPA8;JUN;HSP90AA1;KRT2;KRT1;STAT3;SOX10;LCE1C;NFKB1;RHOA;LCE2B;PTPRC;KRT14;CDK2;DSG1;CTNNB1;DSG3;FGF10;EZH2
Reactome_2022,Signaling By Interleukins R-HSA-449147,24/453,2.3003481934736317e-18,9.477434557111365e-16,0,0,14.524568764568764,589.8931548338536,HSPA8;JUN;HSP90AA1;SERPINB2;CCL20;STAT3;FN1;FOS;PTGS2;TNF;HIF1A;NFKB1;SOX2;CDC42;CD4;IFNG;H3C13;MYC;IL1B;CASP3;BCL2;AKT1;TP53;MAPK3
Reactome_2022,Interleukin-4 And Interleukin-13 Signaling R-HSA-6785807,14/107,1.7046867336993774e-16,4.6822062285609575e-14,0,0,35.080581910183426,1273.705070871899,HSPA8;HSP90AA1;STAT3;FN1;FOS;PTGS2;TNF;HIF1A;SOX2;MYC;IL1B;BCL2;AKT1;TP53
Reactome_2022,Cytokine Signaling In Immune System R-HSA-1280215,24/702,4.212863890991554e-14,8.678499615442602e-12,0,0,9.072802359882006,279.42460825691666,HSPA8;JUN;HSP90AA1;SERPINB2;CCL20;STAT3;FN1;FOS;PTGS2;TNF;HIF1A;NFKB1;SOX2;CDC42;CD4;IFNG;H3C13;MYC;IL1B;CASP3;BCL2;AKT1;TP53;MAPK3
Reactome_2022,Cellular Responses To Stress R-HSA-2262752,24/722,7.76134168441908e-14,1.2790691095922644e-11,0,0,8.803667621776505,265.7566321805851,KDM6B;HSPA8;GSK3B;JUN;HSP90AA1;HSP90AB1;HSPA5;HSPA4;CDKN2A;STAT3;FOS;HIF1A;NFKB1;MTOR;H3C13;MYC;ALB;CDK2;AKT1;ATM;TP53;EZH2;H3-3B;MAPK3
Reactome_2022,Cellular Responses To Stimuli R-HSA-8953897,24/736,1.1768667295747837e-13,1.5113254607918925e-11,0,0,8.624269662921348,256.75098137965324,KDM6B;HSPA8;GSK3B;JUN;HSP90AA1;HSP90AB1;HSPA5;HSPA4;CDKN2A;STAT3;FOS;HIF1A;NFKB1;MTOR;H3C13;MYC;ALB;CDK2;AKT1;ATM;TP53;EZH2;H3-3B;MAPK3
Reactome_2022,Immune System R-HSA-168256,37/1943,1.2838929885368021e-13,1.5113254607918925e-11,0,0,5.634287310022679,167.24654690166423,HSP90AB1;SRC;PTEN;PTGS2;TNF;HIF1A;SOX2;CDC42;MUC2;H3C13;MYC;CASP3;AKT1;CTSE;MAPK3;HSPA8;JUN;HSP90AA1;SERPINB2;HSPA5;CCL20;KRT1;STAT3;FN1;FOS;NFKB1;RHOA;MTOR;FLG2;CD4;PTPRC;IFNG;IL1B;BCL2;DSG1;CTNNB1;TP53
Reactome_2022,ESR-mediated Signaling R-HSA-8939211,14/188,4.882586906932789e-13,5.029064514140773e-11,0,0,18.673292765382016,529.3492153345065,JUN;HSP90AA1;HSP90AB1;EGF;SRC;FOS;ESR1;EGFR;H3C13;MYC;BCL2;AKT1;H3-3B;MAPK3
Reactome_2022,Cellular Senescence R-HSA-2559583,13/165,1.7036483115648977e-12,1.5597846763660842e-10,0,0,19.640223378212973,532.2156654578978,KDM6B;JUN;CDKN2A;STAT3;FOS;NFKB1;H3C13;CDK2;ATM;TP53;EZH2;H3-3B;MAPK3
Reactome_2022,Signaling By Non-Receptor Tyrosine Kinases R-HSA-9006927,9/52,3.796187668337547e-12,3.1280586387101387e-10,0,0,46.181395348837206,1214.433252511271,EGF;PXDN;ERBB2;STAT3;CDK2;AKT1;HIF1A;RHOA;EGFR
Reactome_2022,Signaling By Receptor Tyrosine Kinases R-HSA-9006934,18/496,3.651797128644485e-11,2.7070043245072712e-09,0,0,9.02975360297536,217.01402429780285,HSP90AA1;EGF;SRC;STAT3;FOS;ESR1;HIF1A;EGFR;RHOA;MTOR;CDC42;MYC;PXDN;ERBB2;AKT1;CTNNB1;FGF10;MAPK3
Reactome_2022,Signaling By Nuclear Receptors R-HSA-9006931,14/260,3.9422393075348615e-11,2.7070043245072712e-09,0,0,13.15973218555715,315.2635864064368,JUN;HSP90AA1;HSP90AB1;EGF;SRC;FOS;ESR1;EGFR;H3C13;MYC;BCL2;AKT1;H3-3B;MAPK3
Reactome_2022,PIP3 Activates AKT Signaling R-HSA-1257604,14/268,5.899157665031461e-11,3.739158396912249e-09,0,0,12.740064844835572,300.074728314914,GSK3B;JUN;EGF;SRC;PTEN;ESR1;EGFR;MTOR;ERBB2;AKT1;TP53;FGF10;EZH2;MAPK3
Reactome_2022,Extra-nuclear Estrogen Signaling R-HSA-9009391,9/73,9.199088072404419e-11,5.414320408329458e-09,0,0,30.9953125,716.2809566648875,HSP90AA1;SRC;EGF;BCL2;AKT1;FOS;ESR1;EGFR;MAPK3
Reactome_2022,PI3K/AKT Signaling In Cancer R-HSA-2219528,10/105,1.0853792227959175e-10,5.962349863892241e-09,0,0,23.425192193968066,537.4657705846021,GSK3B;EGF;SRC;ERBB2;PTEN;AKT1;ESR1;EGFR;MTOR;FGF10
Reactome_2022,Disease R-HSA-1643685,31/1736,1.2662660672171831e-10,6.521270246168493e-09,0,0,4.86524064171123,110.87775640166996,GSK3B;HSP90AB1;SRC;PTEN;EGFR;CDC42;MUC2;H3C13;MYC;ERBB2;AKT1;H3-3B;MAPK3;JUN;HSP90AA1;EGF;CDKN2A;STAT3;FN1;ESR1;NFKB1;MTOR;ACE2;CD4;IL1B;CDK2;CTNNB1;ATM;TP53;FGF10;EZH2
Reactome_2022,Signal Transduction R-HSA-162582,37/2465,1.5905086108904828e-10,7.709288796316221e-09,0,0,4.294660413455918,96.89525679220452,GSK3B;HSP90AB1;SRC;PTEN;TNF;HIF1A;EGFR;SOX2;CDC42;H3C13;MYC;CASP3;ERBB2;AKT1;H3-3B;MAPK3;JUN;HSP90AA1;EGF;CCL20;STAT3;NPY1R;FN1;FOS;ESR1;NFKB1;RHOA;MTOR;PXDN;CDK2;BCL2;CDK1;DSG1;CTNNB1;TP53;FGF10;EZH2
Reactome_2022,Senescence-Associated Secretory Phenotype (SASP) R-HSA-2559582,9/81,2.3930922933906745e-10,1.0955044720855088e-08,0,0,27.540277777777774,610.107059493174,JUN;H3C13;CDKN2A;STAT3;CDK2;FOS;NFKB1;H3-3B;MAPK3
Reactome_2022,Diseases Of Signal Transduction By Growth Factor Receptors And Second Messengers R-HSA-5663202,16/424,2.844808402564478e-10,1.2337484861648056e-08,0,0,9.210016536735177,202.43943496695272,GSK3B;HSP90AA1;EGF;SRC;STAT3;FN1;PTEN;ESR1;EGFR;MTOR;MYC;ERBB2;AKT1;CTNNB1;FGF10;MAPK3
Reactome_2022,Intracellular Signaling By Second Messengers R-HSA-9006925,14/306,3.3868123115349087e-10,1.3953666723523829e-08,0,0,11.060676873489122,241.1886970758418,GSK3B;JUN;EGF;SRC;PTEN;ESR1;EGFR;MTOR;ERBB2;AKT1;TP53;FGF10;EZH2;MAPK3
Reactome_2022,Regulation Of TP53 Degradation R-HSA-6804757,7/36,4.35667110321163e-10,1.709474756688754e-08,0,0,52.13793103448276,1123.788404173414,CDKN2A;CDK2;CDK1;AKT1;ATM;TP53;MTOR
Reactome_2022,Programmed Cell Death R-HSA-5357801,12/208,4.872531130655395e-10,1.8249843871182023e-08,0,0,13.866995073891626,297.33940023967455,HSP90AA1;CDKN2A;IL1B;CASP3;STAT3;BCL2;AKT1;DSG1;CTNNB1;DSG3;TP53;MAPK3
Reactome_2022,Regulation Of TP53 Expression And Degradation R-HSA-6806003,7/37,5.351628087511353e-10,1.9172789322214587e-08,0,0,50.39746376811594,1075.9077404153634,CDKN2A;CDK2;CDK1;AKT1;ATM;TP53;MTOR
Reactome_2022,Oxidative Stress Induced Senescence R-HSA-2559580,9/93,8.403368153831494e-10,2.8851563994821468e-08,0,0,23.591666666666665,493.0002091907211,KDM6B;JUN;H3C13;CDKN2A;FOS;TP53;H3-3B;MAPK3;EZH2
Reactome_2022,Cellular Response To Heat Stress R-HSA-3371556,9/99,1.4759774605484708e-09,4.86482170996776e-08,0,0,22.01222222222222,447.595324392456,HSPA8;GSK3B;HSP90AA1;HSP90AB1;HSPA5;HSPA4;ATM;MTOR;MAPK3
Reactome_2022,Estrogen-dependent Nuclear Events Downstream Of ESR-membrane Signaling R-HSA-9634638,6/24,1.579899490035066e-09,5.007066076111133e-08,0,0,71.26523297491039,1444.254413181987,EGF;BCL2;AKT1;FOS;EGFR;MAPK3
Reactome_2022,Generic Transcription Pathway R-HSA-212436,24/1190,2.520484159997508e-09,7.692144251251656e-08,0,0,5.141680960548885,101.79918923687369,GSK3B;JUN;CDKN2A;SRC;PTEN;FOS;ESR1;EGFR;NFKB1;MTOR;SOX2;IFNG;H3C13;MYC;CDK2;ERBB2;CDK1;AKT1;CTNNB1;ATM;TP53;EZH2;H3-3B;MAPK3
Reactome_2022,Signaling By ERBB2 R-HSA-1227986,7/49,4.254440261360554e-09,1.2520209912003918e-07,0,0,35.97644927536232,693.4569474081517,HSP90AA1;SRC;EGF;ERBB2;AKT1;RHOA;EGFR
Reactome_2022,Negative Regulation Of PI3K/AKT Network R-HSA-199418,9/113,4.8091724767401384e-09,1.366468317528922e-07,0,0,19.035576923076924,364.5834709743677,EGF;SRC;ERBB2;PTEN;AKT1;ESR1;EGFR;FGF10;MAPK3
Reactome_2022,Gene Expression (Transcription) R-HSA-74160,26/1449,5.451261152926086e-09,1.4972797300036982e-07,0,0,4.62488087101339,87.99954546798389,GSK3B;SRC;PTEN;EGFR;SOX2;H3C13;MYC;ERBB2;AKT1;H3-3B;MAPK3;JUN;HSP90AA1;CDKN2A;DICER1;FOS;ESR1;NFKB1;MTOR;IFNG;CDK2;CDK1;CTNNB1;ATM;TP53;EZH2
Reactome_2022,Estrogen-dependent Gene Expression R-HSA-9018519,9/119,7.604050017326892e-09,2.0212055529926965e-07,0,0,17.991818181818182,336.3495713282781,JUN;HSP90AA1;HSP90AB1;H3C13;MYC;BCL2;FOS;ESR1;H3-3B
Reactome_2022,Intrinsic Pathway For Apoptosis R-HSA-109606,7/55,9.8104950984504e-09,2.526202487850978e-07,0,0,31.469882246376812,580.2987467728972,CDKN2A;CASP3;STAT3;BCL2;AKT1;TP53;MAPK3
Reactome_2022,RNA Polymerase II Transcription R-HSA-73857,24/1312,1.6860417941487197e-08,4.209995267813773e-07,0,0,4.624347826086956,82.76795126535478,GSK3B;JUN;CDKN2A;SRC;PTEN;FOS;ESR1;EGFR;NFKB1;MTOR;SOX2;IFNG;H3C13;MYC;CDK2;ERBB2;CDK1;AKT1;CTNNB1;ATM;TP53;EZH2;H3-3B;MAPK3
Reactome_2022,Apoptosis R-HSA-109581,10/178,1.9027620548354944e-08,4.5866099611568137e-07,0,0,13.19756554307116,234.61806119251236,CDKN2A;CASP3;STAT3;BCL2;AKT1;DSG1;CTNNB1;DSG3;TP53;MAPK3
Reactome_2022,VEGFA-VEGFR2 Pathway R-HSA-4420097,8/93,1.948195978646705e-08,4.5866099611568137e-07,0,0,20.494893341952164,363.861764776237,CDC42;HSP90AA1;SRC;PXDN;AKT1;CTNNB1;RHOA;MTOR
Reactome_2022,Signaling By VEGF R-HSA-194138,8/102,4.0448857894479377e-08,9.258294140291946e-07,0,0,18.52419920505027,315.34165600461256,CDC42;HSP90AA1;SRC;PXDN;AKT1;CTNNB1;RHOA;MTOR
Reactome_2022,"PI5P, PP2A And IER3 Regulate PI3K/AKT Signaling R-HSA-6811558",8/106,5.4732299710390985e-08,1.2189031070638424e-06,0,0,17.764521193092623,297.037215826299,EGF;SRC;ERBB2;AKT1;ESR1;EGFR;FGF10;MAPK3
Reactome_2022,Innate Immune System R-HSA-168249,20/1035,1.3755338131716338e-07,2.9827364790879637e-06,0,0,4.710606721955478,74.42407099868669,HSPA8;JUN;HSP90AA1;HSP90AB1;SRC;KRT1;FOS;NFKB1;RHOA;CDC42;FLG2;CD4;MUC2;PTPRC;IL1B;BCL2;DSG1;CTNNB1;TP53;MAPK3
Reactome_2022,Apoptotic Cleavage Of Cell Adhesion Proteins R-HSA-351906,4/11,1.8147041629790164e-07,3.834144180242845e-06,0,0,119.66315789473684,1857.432261559373,CASP3;CTNNB1;DSG1;DSG3
Reactome_2022,Downregulation Of ERBB2 Signaling R-HSA-8863795,5/29,2.9001364119898473e-07,5.974281008699086e-06,0,0,44.053634751773046,663.1542486043787,HSP90AA1;EGF;ERBB2;AKT1;EGFR
Reactome_2022,MAPK Family Signaling Cascades R-HSA-5683057,11/318,5.019421886963912e-07,1.008781374355674e-05,0,0,7.978013029315961,115.71933089465018,CDC42;JUN;EGF;SRC;MYC;ERBB2;FN1;CDK1;EGFR;FGF10;MAPK3
Reactome_2022,Regulation Of PTEN Gene Transcription R-HSA-8943724,6/61,5.623833835026832e-07,1.1033426381100262e-05,0,0,23.27976539589443,335.0210137443009,JUN;PTEN;TP53;MTOR;MAPK3;EZH2
Reactome_2022,ERBB2 Regulates Cell Motility R-HSA-6785631,4/15,7.393065295996654e-07,1.3494089131123638e-05,0,0,76.13397129186603,1074.8253909754442,EGF;ERBB2;EGFR;RHOA
Reactome_2022,Signaling By ERBB2 ECD Mutants R-HSA-9665348,4/15,7.393065295996654e-07,1.3494089131123638e-05,0,0,76.13397129186603,1074.8253909754442,HSP90AA1;EGF;ERBB2;EGFR
Reactome_2022,Semaphorin Interactions R-HSA-373755,6/64,7.503482031652167e-07,1.3494089131123638e-05,0,0,22.07230255839822,311.27968962850764,GSK3B;HSP90AA1;HSP90AB1;PTPRC;ERBB2;RHOA
Reactome_2022,Signaling By NOTCH R-HSA-157118,9/203,7.533108010093293e-07,1.3494089131123638e-05,0,0,10.158247422680413,143.2189762946505,JUN;H3C13;EGF;MYC;AKT1;TP53;HIF1A;EGFR;H3-3B
Reactome_2022,Hemostasis R-HSA-109582,14/576,9.243575035295697e-07,1.620575708315671e-05,0,0,5.66769939292443,78.7479614831523,SERPINB2;HSPA5;EGF;SRC;FN1;RHOA;CDC42;H3C13;ALB;CDK2;AKT1;TP53;H3-3B;MAPK3
Reactome_2022,GAB1 Signalosome R-HSA-180292,4/17,1.2792895935197354e-06,2.1961138022088793e-05,0,0,64.41457489878543,874.0546129611943,EGF;SRC;PXDN;EGFR
Reactome_2022,Ovarian Tumor Domain Proteases R-HSA-5689896,5/39,1.3520781516569875e-06,2.2736987693170568e-05,0,0,31.081038798498124,420.0250487113108,PTEN;CDK1;ESR1;TP53;RHOA
Reactome_2022,Diseases Of Programmed Cell Death R-HSA-9645723,6/71,1.3939290575692808e-06,2.2971950868741747e-05,0,0,19.68833746898263,265.46541713663566,JUN;H3C13;CDKN2A;TP53;H3-3B;EZH2
Reactome_2022,"Cell Cycle, Mitotic R-HSA-69278",13/523,1.8312531692137905e-06,2.9587306106513008e-05,0,0,5.747446420428637,75.9266986043856,GSK3B;HSP90AA1;HSP90AB1;CDKN2A;SRC;H3C13;MYC;CDK2;CDK1;AKT1;TP53;H3-3B;MAPK3
Reactome_2022,Constitutive Signaling By Aberrant PI3K In Cancer R-HSA-2219530,6/78,2.4311716959973284e-06,3.852472072118844e-05,0,0,17.767921146953405,229.68835508997165,SRC;EGF;ERBB2;ESR1;EGFR;FGF10
Reactome_2022,Interleukin-10 Signaling R-HSA-6783783,5/45,2.802529884837727e-06,4.357140802087334e-05,0,0,26.41090425531915,337.6630944599387,CCL20;IL1B;STAT3;PTGS2;TNF
Reactome_2022,Regulation Of HSF1-mediated Heat Shock Response R-HSA-3371453,6/81,3.035389069601121e-06,4.631778876576525e-05,0,0,17.05462365591398,216.6819089919887,GSK3B;HSPA8;HSPA5;HSPA4;ATM;MAPK3
Reactome_2022,Signaling By ERBB2 TMD/JMD Mutants R-HSA-9665686,4/21,3.168524914847909e-06,4.747026417881231e-05,0,0,49.248297213622294,623.5939758450005,HSP90AA1;EGF;ERBB2;EGFR
Reactome_2022,Cell Cycle R-HSA-1640170,14/654,4.068934621195302e-06,5.9871466569016586e-05,0,0,4.956875,61.5253737045461,GSK3B;HSP90AA1;HSP90AB1;CDKN2A;SRC;H3C13;MYC;CDK2;CDK1;AKT1;ATM;TP53;H3-3B;MAPK3
Reactome_2022,Signaling By EGFR R-HSA-177929,5/49,4.306183386657277e-06,6.225079141413328e-05,0,0,24.00507736943907,296.593738938839,CDC42;SRC;EGF;PXDN;EGFR
Reactome_2022,"Platelet Activation, Signaling And Aggregation R-HSA-76002",9/254,4.7747065425066955e-06,6.783376191423305e-05,0,0,8.022857142857143,98.29747412773412,CDC42;HSPA5;EGF;SRC;ALB;FN1;AKT1;RHOA;MAPK3
Reactome_2022,Signaling By ERBB2 KD Mutants R-HSA-9664565,4/24,5.561793522008124e-06,7.767657393448634e-05,0,0,41.85473684210526,506.4251522424778,HSP90AA1;EGF;ERBB2;EGFR
Reactome_2022,PTEN Regulation R-HSA-6807070,7/139,5.881881435603368e-06,8.077783838228625e-05,0,0,11.395174571805006,137.2393104867228,JUN;PTEN;AKT1;TP53;MTOR;EZH2;MAPK3
Reactome_2022,Signaling By ERBB2 In Cancer R-HSA-1227990,4/25,6.596089736331308e-06,8.910127774978685e-05,0,0,39.85964912280702,475.4870916253907,HSP90AA1;EGF;ERBB2;EGFR
Reactome_2022,Signaling By ALK R-HSA-201556,4/26,7.765838501620809e-06,0.00010321049879573462,0,0,38.04593301435407,447.63993021619257,SRC;MYC;STAT3;HIF1A
Reactome_2022,VEGFR2 Mediated Vascular Permeability R-HSA-5218920,4/27,9.081876088944903e-06,0.00011723947688719624,0,0,36.389931350114416,422.45907432046346,HSP90AA1;AKT1;CTNNB1;MTOR
Reactome_2022,Keratinization R-HSA-6805567,8/208,9.105978787355048e-06,0.00011723947688719624,0,0,8.65978021978022,100.5104262794478,FLG;LCE2B;KRT2;KRT1;KRT14;DSG1;DSG3;LCE1C
Reactome_2022,Transcriptional Regulation By TP53 R-HSA-3700989,10/354,1.024866923064954e-05,0.00012992159147777262,0,0,6.3878364253984845,73.38578167192169,JUN;CDKN2A;CDK2;CDK1;PTEN;AKT1;ATM;FOS;TP53;MTOR
Reactome_2022,Transcriptional Regulation Of Granulopoiesis R-HSA-9616222,5/59,1.0871997163476116e-05,0.0001357352373137018,0,0,19.54984239558708,223.4414074651456,H3C13;MYC;STAT3;CDK2;H3-3B
Reactome_2022,Regulation Of TP53 Activity R-HSA-5633007,7/157,1.3062662302896052e-05,0.00016065124981472158,0,0,10.018623188405796,112.6669578016381,CDKN2A;CDK2;CDK1;AKT1;ATM;TP53;MTOR
Reactome_2022,Activation Of AP-1 Family Of Transcription Factors R-HSA-450341,3/10,1.3765887521568278e-05,0.00016681016643782737,0,0,88.8125,994.1064611567896,JUN;FOS;MAPK3
Reactome_2022,Nervous System Development R-HSA-9675108,12/545,1.5918345007444748e-05,0.00019009733748020973,0,0,5.012098078540467,55.37385173440623,CDC42;HSPA8;GSK3B;HSP90AA1;PTPRC;HSP90AB1;SRC;ERBB2;SOX10;EGFR;RHOA;MAPK3
Reactome_2022,Infectious Disease R-HSA-5663205,16/961,1.8918379427879944e-05,0.0002226963521224725,0,0,3.866845158411424,42.053397552403005,GSK3B;JUN;HSP90AA1;HSP90AB1;SRC;EGFR;NFKB1;CDC42;ACE2;CD4;H3C13;IL1B;AKT1;CTNNB1;EZH2;MAPK3
Reactome_2022,Costimulation By CD28 Family R-HSA-388841,5/68,2.1854956327136097e-05,0.0002536406199092978,0,0,16.749408983451538,179.73929512065823,CDC42;CD4;SRC;AKT1;MTOR
Reactome_2022,CD28 Co-Stimulation R-HSA-389356,4/34,2.3369824639037905e-05,0.0002674546597578782,0,0,27.889122807017543,297.41141598400975,CDC42;SRC;AKT1;MTOR
Reactome_2022,Transcriptional Regulation By RUNX2 R-HSA-8878166,6/119,2.7902243904334692e-05,0.00031495135585166834,0,0,11.297744790179848,118.47722899421072,GSK3B;SRC;CDK1;AKT1;ESR1;MAPK3
Reactome_2022,HSF1-dependent Transactivation R-HSA-3371571,4/36,2.9459124081788508e-05,0.0003236575765785831,0,0,26.143421052631577,272.74141999386535,HSPA8;HSP90AA1;HSP90AB1;MTOR
Reactome_2022,Transcriptional Regulation By AP-2 (TFAP2) Family Of Transcription Factors R-HSA-8864260,4/36,2.9459124081788508e-05,0.0003236575765785831,0,0,26.143421052631577,272.74141999386535,MYC;ERBB2;ESR1;EGFR
Reactome_2022,ERBB2 Activates PTK6 Signaling R-HSA-8847993,3/13,3.245643490821255e-05,0.00034732600473204073,0,0,62.159375,642.4551717332324,EGF;ERBB2;EGFR
Reactome_2022,TFAP2 (AP-2) Family Regulates Transcription Of Growth Factors And Their Receptors R-HSA-8866910,3/13,3.245643490821255e-05,0.00034732600473204073,0,0,62.159375,642.4551717332324,ERBB2;ESR1;EGFR
Reactome_2022,Formation Of Cornified Envelope R-HSA-6809371,5/74,3.299094607801039e-05,0.000348519738054879,0,0,15.28831329016343,157.76434574919315,LCE2B;FLG;DSG1;DSG3;LCE1C
Reactome_2022,Apoptotic Cleavage Of Cellular Proteins R-HSA-111465,4/38,3.663688398828788e-05,0.0003821366127385977,0,0,24.603095975232197,251.3072183176531,CASP3;CTNNB1;DSG1;DSG3
Reactome_2022,Transcriptional Regulation By VENTX R-HSA-8853884,4/39,4.0669467715403326e-05,0.0004187125689532785,0,0,23.89894736842105,241.61914479203955,CDKN2A;CTNNB1;TP53;NFKB1
Reactome_2022,Constitutive Signaling By EGFRvIII R-HSA-5637810,3/14,4.115985204516451e-05,0.0004187125689532785,0,0,56.50568181818182,570.5970444206038,HSP90AA1;EGF;EGFR
Reactome_2022,Autophagy R-HSA-9612973,6/128,4.207778990319574e-05,0.00042283047414918645,0,0,10.459545214172396,105.39027834019994,HSPA8;HSP90AA1;HSP90AB1;SRC;ATM;MTOR
Reactome_2022,GRB2 Events In ERBB2 Signaling R-HSA-1963640,3/15,5.1265084949774006e-05,0.0005089449397423347,0,0,51.794270833333336,511.6497377189916,EGF;ERBB2;EGFR
Reactome_2022,Axon Guidance R-HSA-422475,11/519,5.193971938362766e-05,0.0005095039139536809,0,0,4.771899606299213,47.07682604551866,CDC42;HSPA8;GSK3B;HSP90AA1;PTPRC;HSP90AB1;SRC;ERBB2;EGFR;RHOA;MAPK3
Reactome_2022,TCF Dependent Signaling In Response To WNT R-HSA-201681,7/198,5.7835626514213086e-05,0.0005606653676201363,0,0,7.851695879808787,76.61610716751564,SOX2;GSK3B;H3C13;MYC;AKT1;CTNNB1;H3-3B
Reactome_2022,PI3K Events In ERBB2 Signaling R-HSA-1963642,3/16,6.286897987251736e-05,0.0006023725513366779,0,0,47.80769230769231,462.5134960896842,EGF;ERBB2;EGFR
Reactome_2022,MAPK1/MAPK3 Signaling R-HSA-5684996,8/277,7.05287379110516e-05,0.0006679963222839829,0,0,6.4159483639037544,61.333196158126576,EGF;SRC;ERBB2;FN1;CDK1;EGFR;FGF10;MAPK3
Reactome_2022,Fcgamma Receptor (FCGR) Dependent Phagocytosis R-HSA-2029480,5/87,7.192989084579653e-05,0.0006735253415560947,0,0,12.856123508043591,122.64508682920614,CDC42;HSP90AA1;HSP90AB1;SRC;MAPK3
Reactome_2022,Activation Of HOX Genes During Differentiation R-HSA-5619507,5/91,8.91282446077414e-05,0.0008235715380305789,0,0,12.255690252350322,114.28963394006702,JUN;H3C13;H3-3B;KDM6A;EZH2
Reactome_2022,Mitotic G1 Phase And G1/S Transition R-HSA-453279,6/147,9.092643686485056e-05,0.0008235715380305789,0,0,9.041409288492336,84.13447034815457,CDKN2A;SRC;MYC;CDK2;CDK1;AKT1
Reactome_2022,Constitutive Signaling By Ligand-Responsive EGFR Cancer Variants R-HSA-1236382,3/18,9.095268199124112e-05,0.0008235715380305789,0,0,41.42916666666667,385.50548704840793,HSP90AA1;EGF;EGFR
Reactome_2022,Signaling By WNT R-HSA-195721,8/294,0.00010667415032372514,0.0009535254135736794,0,0,6.029355260124491,55.142865496995014,SOX2;GSK3B;H3C13;MYC;AKT1;CTNNB1;RHOA;H3-3B
Reactome_2022,Nuclear Events Stimulated By ALK Signaling In Cancer R-HSA-9725371,3/19,0.00010761876633780606,0.0009535254135736794,0,0,38.837890625,354.85852550299643,STAT3;FN1;MAPK3
Reactome_2022,Transcriptional Regulation By RUNX3 R-HSA-8878159,5/95,0.00010932749137697812,0.0009583601371769146,0,0,11.708628841607563,106.7963083327556,SRC;CDKN2A;MYC;CTNNB1;TP53
Reactome_2022,MyD88 Cascade Initiated On Plasma Membrane R-HSA-975871,5/96,0.00011488573693393584,0.0009964826024585595,0,0,11.579378068739771,105.0431678340306,JUN;FOS;TP53;NFKB1;MAPK3
Reactome_2022,Apoptotic Factor-Mediated Response R-HSA-111471,3/20,0.0001261560956566538,0.0010714413254846,0,0,36.5514705882353,328.1587580174437,CDKN2A;CASP3;MAPK3
Reactome_2022,Chaperone Mediated Autophagy R-HSA-9613829,3/20,0.0001261560956566538,0.0010714413254846,0,0,36.5514705882353,328.1587580174437,HSPA8;HSP90AA1;HSP90AB1
Reactome_2022,Apoptotic Execution Phase R-HSA-75153,4/52,0.00012742870133191422,0.0010714413254846,0,0,17.414912280701753,156.17612449806762,CASP3;DSG1;CTNNB1;DSG3
Reactome_2022,TRAF6 Mediated Induction Of NFkB And MAP Kinases Upon TLR7/8 Or 9 Activation R-HSA-975138,5/101,0.00014600357272669448,0.0011934665807027,0,0,10.973515070921986,96.9167624227922,JUN;FOS;TP53;NFKB1;MAPK3
Reactome_2022,Inflammasomes R-HSA-622312,3/21,0.00014665418694653583,0.0011934665807027,0,0,34.51909722222222,304.7150252794808,HSP90AB1;BCL2;NFKB1
Reactome_2022,SHC1 Events In ERBB2 Signaling R-HSA-1250196,3/21,0.00014665418694653583,0.0011934665807027,0,0,34.51909722222222,304.7150252794808,EGF;ERBB2;EGFR
Reactome_2022,Interleukin-12 Family Signaling R-HSA-447115,4/54,0.00014773494081515178,0.0011934665807027,0,0,16.716631578947368,147.4422089028019,CDC42;SERPINB2;IFNG;STAT3
Reactome_2022,MyD88 Dependent Cascade Initiated On Endosome R-HSA-975155,5/102,0.00015293243913849674,0.0012234595131079,0,0,10.859837683702567,95.40925935655623,JUN;FOS;TP53;NFKB1;MAPK3
Reactome_2022,Toll Like Receptor 3 (TLR3) Cascade R-HSA-168164,5/103,0.0001601100501725327,0.0012564826794492,0,0,10.748480243161094,93.93794638847623,JUN;FOS;TP53;NFKB1;MAPK3
Reactome_2022,Toll Like Receptor 7/8 (TLR7/8) Cascade R-HSA-168181,5/103,0.0001601100501725327,0.0012564826794492,0,0,10.748480243161094,93.93794638847623,JUN;FOS;TP53;NFKB1;MAPK3
Reactome_2022,Meiotic Recombination R-HSA-912446,4/56,0.00017028392069143994,0.0013237165155636,0,0,16.072064777327935,139.47407554154114,H3C13;CDK2;ATM;H3-3B
Reactome_2022,Regulated Necrosis R-HSA-5218859,4/57,0.00018244398085530427,0.0013848908411751,0,0,15.768023833167826,135.74797972820028,HSP90AA1;CASP3;IL1B;TP53
Reactome_2022,Signaling By ERBB4 R-HSA-1236394,4/57,0.00018244398085530427,0.0013848908411751,0,0,15.768023833167826,135.74797972820028,SRC;EGF;ESR1;EGFR
Reactome_2022,Toll Like Receptor 9 (TLR9) Cascade R-HSA-168138,5/106,0.00018319551175739323,0.0013848908411751,0,0,10.427638508531704,89.72937686026508,JUN;FOS;TP53;NFKB1;MAPK3
Reactome_2022,MyD88-independent TLR4 Cascade R-HSA-166166,5/107,0.0001914285928627822,0.0014339741865357,0,0,10.32488527325824,88.39129844908975,JUN;FOS;TP53;NFKB1;MAPK3
Reactome_2022,Role Of GTSE1 In G2/M Progression After G2 Checkpoint R-HSA-8852276,4/59,0.00020862556597536165,0.0015487159131864,0,0,15.19311004784689,128.76114370505445,HSP90AA1;HSP90AB1;CDK1;TP53
Reactome_2022,Defective Intrinsic Pathway For Apoptosis R-HSA-9734009,3/24,0.0002207869375035619,0.0016095728287219,0,0,29.583333333333332,249.04174198623193,JUN;CDKN2A;TP53
Reactome_2022,Signaling By EGFR In Cancer R-HSA-1643713,3/24,0.0002207869375035619,0.0016095728287219,0,0,29.583333333333332,249.04174198623193,HSP90AA1;EGF;EGFR
Reactome_2022,Formation Of beta-catenin:TCF Transactivating Complex R-HSA-201722,4/60,0.00022268361950765063,0.0016095728287219,0,0,14.921052631578949,125.48244980138006,H3C13;MYC;CTNNB1;H3-3B
Reactome_2022,Leishmania Infection R-HSA-9658195,7/247,0.00022822982223376928,0.0016353162914837,0,0,6.233106884057971,52.26558259084591,CDC42;JUN;HSP90AB1;SRC;IL1B;NFKB1;MAPK3
Reactome_2022,MyD88:MAL(TIRAP) Cascade Initiated On Plasma Membrane R-HSA-166058,5/112,0.0002369109577859724,0.0016720232999237,0,0,9.839928415191888,82.14201216127458,JUN;FOS;TP53;NFKB1;MAPK3
Reactome_2022,Selective Autophagy R-HSA-9663891,4/61,0.00023741107535325115,0.0016720232999237,0,0,14.65854108956602,122.3360417840641,HSPA8;HSP90AA1;SRC;ATM
Reactome_2022,Cell Recruitment (Pro-Inflammatory Response) R-HSA-9664424,3/25,0.00024999499059859726,0.0017076150757251,0,0,28.23721590909091,234.20143626014345,HSP90AB1;IL1B;NFKB1
Reactome_2022,MAP Kinase Activation R-HSA-450294,4/62,0.0002528265039301853,0.0017076150757251,0,0,14.40508166969147,119.31451214914696,JUN;FOS;NFKB1;MAPK3
Reactome_2022,Pre-NOTCH Transcription And Translation R-HSA-1912408,4/62,0.0002528265039301853,0.0017076150757251,0,0,14.40508166969147,119.31451214914696,JUN;H3C13;TP53;H3-3B
Reactome_2022,Regulation Of Actin Dynamics For Phagocytic Cup Formation R-HSA-2029482,4/62,0.0002528265039301853,0.0017076150757251,0,0,14.40508166969147,119.31451214914696,CDC42;HSP90AA1;HSP90AB1;MAPK3
Reactome_2022,TP53 Regulates Transcription Of DNA Repair Genes R-HSA-6796648,4/62,0.0002528265039301853,0.0017076150757251,0,0,14.40508166969147,119.31451214914696,JUN;ATM;FOS;TP53
Reactome_2022,Macroautophagy R-HSA-1632852,5/114,0.00025723894141643143,0.001709394255864,0,0,9.65840327932852,79.83158225725104,HSPA8;HSP90AA1;SRC;ATM;MTOR
Reactome_2022,Signaling By NTRK1 (TRKA) R-HSA-187037,5/114,0.00025723894141643143,0.001709394255864,0,0,9.65840327932852,79.83158225725104,SRC;STAT3;FOS;RHOA;MAPK3
Reactome_2022,Attenuation Phase R-HSA-3371568,3/26,0.00028159031963469633,0.0018127376826483,0,0,27.008152173913043,220.79319187429456,HSPA8;HSP90AA1;HSP90AB1
Reactome_2022,Constitutive Signaling By AKT1 E17K In Cancer R-HSA-5674400,3/26,0.00028159031963469633,0.0018127376826483,0,0,27.008152173913043,220.79319187429456,GSK3B;AKT1;MTOR
Reactome_2022,HDMs Demethylate Histones R-HSA-3214842,3/26,0.00028159031963469633,0.0018127376826483,0,0,27.008152173913043,220.79319187429456,KDM6B;H3C13;KDM6A
Reactome_2022,Pyroptosis R-HSA-5620971,3/26,0.00028159031963469633,0.0018127376826483,0,0,27.008152173913043,220.79319187429456,CASP3;IL1B;TP53
Reactome_2022,Cellular Response To Chemical Stress R-HSA-9711123,6/182,0.0002908422636375355,0.0018577831413746,0,0,7.230571847507331,58.87659059136677,GSK3B;CDKN2A;MYC;ALB;STAT3;AKT1
Reactome_2022,p53-Dependent G1 DNA Damage Response R-HSA-69563,4/65,0.0003033879983785877,0.0019230131589535,0,0,13.694564279551336,110.9327912273597,CDKN2A;CDK2;ATM;TP53
Reactome_2022,G0 And Early G1 R-HSA-1538133,3/27,0.0003156541094587421,0.001970446865106,0,0,25.881510416666668,208.62732352770757,MYC;CDK2;CDK1
Reactome_2022,Integrin Signaling R-HSA-354192,3/27,0.0003156541094587421,0.001970446865106,0,0,25.881510416666668,208.62732352770757,SRC;FN1;AKT1
Reactome_2022,G1/S DNA Damage Checkpoints R-HSA-69615,4/67,0.0003408808478698484,0.0021119234484568,0,0,13.258479532163742,105.85540308411824,CDKN2A;CDK2;ATM;TP53
Reactome_2022,Biosynthesis Of EPA-derived SPMs R-HSA-9018679,2/6,0.00035915145937275825,0.0021601518432346,0,0,102.5618556701031,813.4966772432183,HPGD;PTGS2
Reactome_2022,CLEC7A/inflammasome Pathway R-HSA-5660668,2/6,0.00035915145937275825,0.0021601518432346,0,0,102.5618556701031,813.4966772432183,IL1B;NFKB1
Reactome_2022,PTK6 Promotes HIF1A Stabilization R-HSA-8857538,2/6,0.00035915145937275825,0.0021601518432346,0,0,102.5618556701031,813.4966772432183,HIF1A;EGFR
Reactome_2022,Uptake And Function Of Diphtheria Toxin R-HSA-5336415,2/6,0.00035915145937275825,0.0021601518432346,0,0,102.5618556701031,813.4966772432183,HSP90AA1;HSP90AB1
Reactome_2022,Interleukin-17 Signaling R-HSA-448424,4/69,0.0003815801788378721,0.002267053187296,0,0,12.849230769230768,101.13873111034364,JUN;FOS;NFKB1;MAPK3
Reactome_2022,RHO GTPase Effectors R-HSA-195258,7/269,0.00038242766144921985,0.002267053187296,0,0,5.703327248589446,44.8793169677743,CDC42;H3C13;SRC;CTNNB1;RHOA;H3-3B;MAPK3
Reactome_2022,FCERI Mediated MAPK Activation R-HSA-2871796,3/29,0.00039150511834186696,0.0023042872679549,0,0,23.888221153846153,187.41532497939392,JUN;FOS;MAPK3
Reactome_2022,RAF/MAP Kinase Cascade R-HSA-5673001,7/271,0.00039980111018520994,0.0023364263460469,0,0,5.659543807641634,44.28334591533704,EGF;SRC;ERBB2;FN1;EGFR;FGF10;MAPK3
Reactome_2022,Activation Of BH3-only Proteins R-HSA-114452,3/30,0.0004334480544214506,0.0024976307471557,0,0,23.002314814814813,178.12391305752828,BCL2;AKT1;TP53
Reactome_2022,MAPK Targets/ Nuclear Events Mediated By MAP Kinases R-HSA-450282,3/30,0.0004334480544214506,0.0024976307471557,0,0,23.002314814814813,178.12391305752828,JUN;FOS;MAPK3
Reactome_2022,Deubiquitination R-HSA-5688426,7/279,0.0004757257641426084,0.0027173298703728,0,0,5.49084878516624,42.0086665596935,MYC;CDK1;PTEN;TP53;ESR1;HIF1A;RHOA
Reactome_2022,EGFR Downregulation R-HSA-182971,3/31,0.0004781709116554196,0.0027173298703728,0,0,22.1796875,169.57573972762742,CDC42;EGF;EGFR
Reactome_2022,Signaling By NTRKs R-HSA-166520,5/132,0.0005053587435124108,0.0028521616757138,0,0,8.281956776679511,62.86205614947841,SRC;STAT3;FOS;RHOA;MAPK3
Reactome_2022,Neutrophil Degranulation R-HSA-6798695,9/468,0.0005238895027409865,0.002907493961063,0,0,4.235729847494554,31.997676505316864,FLG2;HSPA8;HSP90AA1;PTPRC;HSP90AB1;KRT1;DSG1;NFKB1;RHOA
Reactome_2022,G-protein Beta:Gamma Signaling R-HSA-397795,3/32,0.0005257483012116406,0.002907493961063,0,0,21.41379310344828,161.6888700758816,CDC42;AKT1;RHOA
Reactome_2022,RNA Polymerase I Promoter Opening R-HSA-73728,3/32,0.0005257483012116406,0.002907493961063,0,0,21.41379310344828,161.6888700758816,H3C13;H3-3B;MAPK3
Reactome_2022,Negative Regulation Of FGFR1 Signaling R-HSA-5654726,3/33,0.000576253558460808,0.0031181656931926,0,0,20.698958333333337,154.3927599684108,SRC;MAPK3;FGF10
Reactome_2022,Oncogene Induced Senescence R-HSA-2559585,3/33,0.000576253558460808,0.0031181656931926,0,0,20.698958333333337,154.3927599684108,CDKN2A;TP53;MAPK3
Reactome_2022,Signaling By High-Kinase Activity BRAF Mutants R-HSA-6802948,3/33,0.000576253558460808,0.0031181656931926,0,0,20.698958333333337,154.3927599684108,SRC;FN1;MAPK3
Reactome_2022,Factors Involved In Megakaryocyte Development And Platelet Production R-HSA-983231,5/136,0.0005789797949738829,0.0031181656931926,0,0,8.027448432678252,59.838551105879695,CDC42;H3C13;CDK2;TP53;H3-3B
Reactome_2022,Pre-NOTCH Expression And Processing R-HSA-1912422,4/78,0.0006085734176102123,0.0032562629617585,0,0,11.281365576102418,83.53166429522867,JUN;H3C13;TP53;H3-3B
Reactome_2022,EPHB-mediated Forward Signaling R-HSA-3928662,3/34,0.0006297587560245082,0.0033264180446422,0,0,20.030241935483872,147.62636309589882,CDC42;SRC;RHOA
Reactome_2022,Negative Regulation Of FGFR2 Signaling R-HSA-5654727,3/34,0.0006297587560245082,0.0033264180446422,0,0,20.030241935483872,147.62636309589882,SRC;MAPK3;FGF10
Reactome_2022,Toll Like Receptor 4 (TLR4) Cascade R-HSA-166016,5/140,0.0006603784418167005,0.0034090945894751,0,0,7.7880220646178095,57.02932962916552,JUN;FOS;TP53;NFKB1;MAPK3
Reactome_2022,Binding Of TCF/LEF:CTNNB1 To Target Gene Promoters R-HSA-4411364,2/8,0.0006660973651765811,0.0034090945894751,0,0,68.36769759450172,500.0464475569458,MYC;CTNNB1
Reactome_2022,Inhibition Of Signaling By Overexpressed EGFR R-HSA-5638303,2/8,0.0006660973651765811,0.0034090945894751,0,0,68.36769759450172,500.0464475569458,EGF;EGFR
Reactome_2022,InlA-mediated Entry Of Listeria Monocytogenes Into Host Cells R-HSA-8876493,2/8,0.0006660973651765811,0.0034090945894751,0,0,68.36769759450172,500.0464475569458,SRC;CTNNB1
Reactome_2022,RUNX3 Regulates WNT Signaling R-HSA-8951430,2/8,0.0006660973651765811,0.0034090945894751,0,0,68.36769759450172,500.0464475569458,MYC;CTNNB1
Reactome_2022,Gene And Protein Expression By JAK-STAT Signaling After Interleukin-12 Stimulation R-HSA-8950505,3/35,0.0006863347161217998,0.0034909864573108,0,0,19.4033203125,141.33660106037408,CDC42;SERPINB2;IFNG
Reactome_2022,TP53 Regulates Metabolic Genes R-HSA-5628897,4/81,0.0007018342007309204,0.00354792258529,0,0,10.840191387559807,78.71944667705385,PTEN;AKT1;TP53;MTOR
Reactome_2022,Platelet Aggregation (Plug Formation) R-HSA-76009,3/36,0.0007460510234598187,0.0037484514837249,0,0,18.814393939393938,135.47711808178047,SRC;FN1;AKT1
Reactome_2022,MAP2K And MAPK Activation R-HSA-5674135,3/37,0.000808976037464977,0.0040399773022493,0,0,18.26011029411765,130.00726069671498,SRC;FN1;MAPK3
Reactome_2022,BH3-only Proteins Associate With And Inactivate Anti-Apoptotic BCL-2 Members R-HSA-111453,2/9,0.0008536491010186947,0.0041869455907107,0,0,58.597938144329895,414.0524647164975,STAT3;BCL2
Reactome_2022,EGFR Interacts With Phospholipase C-gamma R-HSA-212718,2/9,0.0008536491010186947,0.0041869455907107,0,0,58.597938144329895,414.0524647164975,EGF;EGFR
Reactome_2022,Interleukin-1 Processing R-HSA-448706,2/9,0.0008536491010186947,0.0041869455907107,0,0,58.597938144329895,414.0524647164975,IL1B;NFKB1
Reactome_2022,HSP90 Chaperone Cycle For Steroid Hormone Receptors (SHR) In Presence Of Ligand R-HSA-3371497,3/38,0.0008751769051099342,0.0042420339400622,0,0,17.7375,124.89123658079023,HSPA8;HSP90AA1;HSP90AB1
Reactome_2022,Signaling By RAF1 Mutants R-HSA-9656223,3/38,0.0008751769051099342,0.0042420339400622,0,0,17.7375,124.89123658079023,SRC;FN1;MAPK3
Reactome_2022,Meiosis R-HSA-1500620,4/88,0.0009580679771390584,0.0046166550477344,0,0,9.933333333333334,69.04254546328687,H3C13;CDK2;ATM;H3-3B
Reactome_2022,MAPK6/MAPK4 Signaling R-HSA-5687128,4/90,0.0010419308007194,0.0049515476818791,0,0,9.701346389228886,66.61603877841954,CDC42;JUN;MYC;CDK1
Reactome_2022,Constitutive Signaling By Overexpressed ERBB2 R-HSA-9634285,2/10,0.0010636212860347,0.0049515476818791,0,0,51.27061855670103,351.0025453408367,HSP90AA1;ERBB2
Reactome_2022,MAPK3 (ERK1) Activation R-HSA-110056,2/10,0.0010636212860347,0.0049515476818791,0,0,51.27061855670103,351.0025453408367,CDK1;MAPK3
Reactome_2022,RHO GTPases Activate KTN1 R-HSA-5625970,2/10,0.0010636212860347,0.0049515476818791,0,0,51.27061855670103,351.0025453408367,CDC42;RHOA
Reactome_2022,STAT3 Nuclear Events Downstream Of ALK Signaling R-HSA-9701898,2/10,0.0010636212860347,0.0049515476818791,0,0,51.27061855670103,351.0025453408367,STAT3;HIF1A
Reactome_2022,"Tetrahydrobiopterin (BH4) Synthesis, Recycling, Salvage And Regulation R-HSA-1474151",2/10,0.0010636212860347,0.0049515476818791,0,0,51.27061855670103,351.0025453408367,HSP90AA1;AKT1
Reactome_2022,Paradoxical Activation Of RAF Signaling By Kinase Inactive BRAF R-HSA-6802955,3/41,0.0010940881602687,0.0050647676632667,0,0,16.33470394736842,111.36729983754054,SRC;FN1;MAPK3
Reactome_2022,Deactivation Of Beta-Catenin Transactivating Complex R-HSA-3769402,3/42,0.0011740400797504,0.0053448012470407,0,0,15.915064102564102,107.38378234277717,SOX2;AKT1;CTNNB1
Reactome_2022,Defective Pyroptosis R-HSA-9710421,3/42,0.0011740400797504,0.0053448012470407,0,0,15.915064102564102,107.38378234277717,H3C13;H3-3B;EZH2
Reactome_2022,PRC2 Methylates Histones And DNA R-HSA-212300,3/42,0.0011740400797504,0.0053448012470407,0,0,15.915064102564102,107.38378234277717,H3C13;H3-3B;EZH2
Reactome_2022,Condensation Of Prophase Chromosomes R-HSA-2299718,3/43,0.0012575858202976,0.0056936852523367,0,0,15.51640625,103.62727202736151,H3C13;CDK1;H3-3B
Reactome_2022,Toll-like Receptor Cascades R-HSA-168898,5/162,0.0012704261594884,0.0057203888274235,0,0,6.689253286353164,44.60663585398984,JUN;FOS;TP53;NFKB1;MAPK3
Reactome_2022,RHO GTPases Activate IQGAPs R-HSA-5626467,2/11,0.0012957918894975,0.005771527118627,0,0,45.57159221076747,302.9888042778111,CDC42;CTNNB1
Reactome_2022,eNOS Activation R-HSA-203615,2/11,0.0012957918894975,0.005771527118627,0,0,45.57159221076747,302.9888042778111,HSP90AA1;AKT1
Reactome_2022,HCMV Early Events R-HSA-9609690,4/96,0.0013243339101511,0.0058448605048183,0,0,9.065903890160182,60.07834580555352,H3C13;EGFR;NFKB1;EZH2
Reactome_2022,Signaling By Rho GTPases R-HSA-194315,10/644,0.0013264428572828,0.0058448605048183,0,0,3.4145606635239076,22.622333275626374,CDC42;HSP90AA1;HSP90AB1;H3C13;SRC;DSG1;CTNNB1;RHOA;H3-3B;MAPK3
Reactome_2022,Interleukin-12 Signaling R-HSA-9020591,3/44,0.0013447855059515,0.0058941662601282,0,0,15.13719512195122,100.07987970271886,CDC42;SERPINB2;IFNG
Reactome_2022,L1CAM Interactions R-HSA-373760,4/99,0.0014838593622132,0.0064693127749401,0,0,8.778282548476454,57.17391026452858,HSPA8;SRC;EGFR;MAPK3
Reactome_2022,KEAP1-NFE2L2 Pathway R-HSA-9755511,4/100,0.001539882179182,0.0066173624947007,0,0,8.68640350877193,56.25357799233447,GSK3B;CDKN2A;MYC;AKT1
Reactome_2022,GRB2 Events In EGFR Signaling R-HSA-179812,2/12,0.0015499404872296,0.0066173624947007,0,0,41.01237113402062,265.33112403993107,EGF;EGFR
Reactome_2022,"POU5F1 (OCT4), SOX2, NANOG Activate Genes Related To Proliferation R-HSA-2892247",2/12,0.0015499404872296,0.0066173624947007,0,0,41.01237113402062,265.33112403993107,SOX2;STAT3
Reactome_2022,TP53 Regulates Transcription Of Caspase Activators And Caspases R-HSA-6803207,2/12,0.0015499404872296,0.0066173624947007,0,0,41.01237113402062,265.33112403993107,ATM;TP53
Reactome_2022,"Signaling By Rho GTPases, Miro GTPases And RHOBTB3 R-HSA-9716542",10/660,0.0015914153102522,0.0067594134827208,0,0,3.327744165946413,21.441093347564863,CDC42;HSP90AA1;HSP90AB1;H3C13;SRC;DSG1;CTNNB1;RHOA;H3-3B;MAPK3
Reactome_2022,Cyclin D Associated Events In G1 R-HSA-69231,3/47,0.0016288926095658,0.00684799750144,0,0,14.102982954545457,90.53910388239198,SRC;CDKN2A;CDK2
Reactome_2022,PKMTs Methylate Histone Lysines R-HSA-3214841,3/47,0.0016288926095658,0.00684799750144,0,0,14.102982954545457,90.53910388239198,H3C13;NFKB1;EZH2
Reactome_2022,Cytochrome C-Mediated Apoptotic Response R-HSA-111461,2/13,0.0018258482536678,0.0074960302824935,0,0,37.28209934395501,235.0901291502568,CASP3;MAPK3
Reactome_2022,Downregulation Of ERBB2:ERBB3 Signaling R-HSA-1358803,2/13,0.0018258482536678,0.0074960302824935,0,0,37.28209934395501,235.0901291502568,ERBB2;AKT1
Reactome_2022,"PTK6 Regulates RHO GTPases, RAS GTPase And MAP Kinases R-HSA-8849471",2/13,0.0018258482536678,0.0074960302824935,0,0,37.28209934395501,235.0901291502568,PXDN;RHOA
Reactome_2022,SHC1 Events In EGFR Signaling R-HSA-180336,2/13,0.0018258482536678,0.0074960302824935,0,0,37.28209934395501,235.0901291502568,EGF;EGFR
Reactome_2022,Signaling By FGFR1 R-HSA-5654736,3/49,0.0018376190741064,0.0074960302824935,0,0,13.488451086956522,84.9675912217824,SRC;MAPK3;FGF10
Reactome_2022,TP53 Regulates Transcription Of Cell Cycle Genes R-HSA-6791312,3/49,0.0018376190741064,0.0074960302824935,0,0,13.488451086956522,84.9675912217824,CDK2;CDK1;TP53
Reactome_2022,Gene Silencing By RNA R-HSA-211000,4/108,0.0020421750764857,0.0082894200148979,0,0,8.01497975708502,49.64269931934712,HSP90AA1;H3C13;DICER1;H3-3B
Reactome_2022,G2/M Transition R-HSA-69275,5/182,0.0021187805530261,0.0083314167202477,0,0,5.9273951196057215,36.494465354084895,HSP90AA1;HSP90AB1;CDK2;CDK1;TP53
Reactome_2022,Metabolism Of Proteins R-HSA-392499,19/1890,0.0021210147954095,0.0083314167202477,0,0,2.2886825227151255,14.088810630995969,HSPA8;CPB1;CDKN2A;STAT3;FN1;PTEN;MSLN;ESR1;HIF1A;RHOA;ACE2;MUC2;H3C13;MYC;ALB;CDK1;CTNNB1;TP53;H3-3B
Reactome_2022,AKT Phosphorylates Targets In Cytosol R-HSA-198323,2/14,0.0021232979505485,0.0083314167202477,0,0,34.17353951890034,210.3307802944267,GSK3B;AKT1
Reactome_2022,DCC Mediated Attractive Signaling R-HSA-418885,2/14,0.0021232979505485,0.0083314167202477,0,0,34.17353951890034,210.3307802944267,CDC42;SRC
Reactome_2022,Golgi Cisternae Pericentriolar Stack Reorganization R-HSA-162658,2/14,0.0021232979505485,0.0083314167202477,0,0,34.17353951890034,210.3307802944267,CDK1;MAPK3
Reactome_2022,Regulation Of TP53 Activity Thru Association With Co-factors R-HSA-6804759,2/14,0.0021232979505485,0.0083314167202477,0,0,34.17353951890034,210.3307802944267,AKT1;TP53
Reactome_2022,TP53 Regulates Transcription Of Genes Involved In G1 Cell Cycle Arrest R-HSA-6804116,2/14,0.0021232979505485,0.0083314167202477,0,0,34.17353951890034,210.3307802944267,CDK2;TP53
Reactome_2022,Mitotic G2-G2/M Phases R-HSA-453274,5/184,0.0022218811515911,0.0086769197578725,0,0,5.860572922857482,35.80459052280353,HSP90AA1;HSP90AB1;CDK2;CDK1;TP53
Reactome_2022,"Nucleotide-binding Domain, Leucine Rich Repeat Containing NLR Signaling Pathways R-HSA-168643",3/53,0.0023033809474062,0.0089527636823716,0,0,12.406875,75.35163247123117,HSP90AB1;BCL2;NFKB1
Reactome_2022,Mitotic Prophase R-HSA-68875,4/112,0.0023314368461656,0.0090192674236643,0,0,7.716569200779727,46.772213483948384,H3C13;CDK1;H3-3B;MAPK3
Reactome_2022,Reproduction R-HSA-1474165,4/113,0.0024079333213309,0.009105289181855,0,0,7.645388701110575,46.09394482584433,H3C13;CDK2;ATM;H3-3B
Reactome_2022,Activation Of BAD And Translocation To Mitochondria R-HSA-111447,2/15,0.0024420739189198,0.009105289181855,0,0,31.54321966693101,189.7295527731584,BCL2;AKT1
Reactome_2022,CTNNB1 S33 Mutants Not Phosphorylated R-HSA-5358747,2/15,0.0024420739189198,0.009105289181855,0,0,31.54321966693101,189.7295527731584,GSK3B;CTNNB1
Reactome_2022,EPHA-mediated Growth Cone Collapse R-HSA-3928663,2/15,0.0024420739189198,0.009105289181855,0,0,31.54321966693101,189.7295527731584,SRC;RHOA
Reactome_2022,GRB2:SOS Provides Linkage To MAPK Signaling For Integrins R-HSA-354194,2/15,0.0024420739189198,0.009105289181855,0,0,31.54321966693101,189.7295527731584,SRC;FN1
Reactome_2022,Metabolism Of Nitric Oxide: NOS3 Activation And Regulation R-HSA-202131,2/15,0.0024420739189198,0.009105289181855,0,0,31.54321966693101,189.7295527731584,HSP90AA1;AKT1
Reactome_2022,Synthesis Of Prostaglandins (PG) And Thromboxanes (TX) R-HSA-2162123,2/15,0.0024420739189198,0.009105289181855,0,0,31.54321966693101,189.7295527731584,HPGD;PTGS2
Reactome_2022,p130Cas Linkage To MAPK Signaling For Integrins R-HSA-372708,2/15,0.0024420739189198,0.009105289181855,0,0,31.54321966693101,189.7295527731584,SRC;FN1
Reactome_2022,Signaling By ALK Fusions And Activated Point Mutants R-HSA-9725370,3/55,0.0025612307654695,0.0095065502285895,0,0,11.928485576923077,71.18046273594426,STAT3;FN1;MAPK3
Reactome_2022,Epigenetic Regulation Of Gene Expression R-HSA-212165,4/116,0.0026477645058588,0.0097399908608379,0,0,7.439473684210526,44.14613127932489,GSK3B;H3C13;EZH2;H3-3B
Reactome_2022,TCR Signaling R-HSA-202403,4/116,0.0026477645058588,0.0097399908608379,0,0,7.439473684210526,44.14613127932489,CD4;PTPRC;PTEN;NFKB1
Reactome_2022,Stabilization Of P53 R-HSA-69541,3/56,0.0026965679513087,0.009875431075015,0,0,11.702830188679243,69.23131545182403,CDKN2A;ATM;TP53
Reactome_2022,Sema3A PAK Dependent Axon Repulsion R-HSA-399954,2/16,0.0027819620672849,0.0100541085238718,0,0,29.288659793814432,172.35201288039633,HSP90AA1;HSP90AB1
Reactome_2022,Spry Regulation Of FGF Signaling R-HSA-1295596,2/16,0.0027819620672849,0.0100541085238718,0,0,29.288659793814432,172.35201288039633,SRC;MAPK3
Reactome_2022,NLRP3 Inflammasome R-HSA-844456,2/16,0.0027819620672849,0.0100541085238718,0,0,29.288659793814432,172.35201288039633,HSP90AB1;NFKB1
Reactome_2022,HCMV Infection R-HSA-9609646,4/121,0.0030830942989262,0.0110196846259106,0,0,7.119748088169141,41.16511288263146,H3C13;EGFR;NFKB1;EZH2
Reactome_2022,Arachidonic Acid Metabolism R-HSA-2142753,3/59,0.0031287815953977,0.0110196846259106,0,0,11.07421875,63.866255600774856,HPGD;PTGS2;CYP4F8
Reactome_2022,B-WICH Complex Positively Regulates rRNA Expression R-HSA-5250924,3/59,0.0031287815953977,0.0110196846259106,0,0,11.07421875,63.866255600774856,GSK3B;H3C13;H3-3B
Reactome_2022,Beta-catenin Phosphorylation Cascade R-HSA-196299,2/17,0.003142749862972,0.0110196846259106,0,0,27.334707903780068,157.5205488452212,GSK3B;CTNNB1
Reactome_2022,Biosynthesis Of DHA-derived SPMs R-HSA-9018677,2/17,0.003142749862972,0.0110196846259106,0,0,27.334707903780068,157.5205488452212,HPGD;PTGS2
Reactome_2022,Gastrin-CREB Signaling Pathway Via PKC And MAPK R-HSA-881907,2/17,0.003142749862972,0.0110196846259106,0,0,27.334707903780068,157.5205488452212,EGFR;MAPK3
Reactome_2022,Gastrulation R-HSA-9758941,2/17,0.003142749862972,0.0110196846259106,0,0,27.334707903780068,157.5205488452212,SOX2;CTNNB1
Reactome_2022,FCGR3A-mediated Phagocytosis R-HSA-9664422,3/60,0.0032817347324348,0.0114582602522301,0,0,10.87938596491228,62.2233763844449,CDC42;SRC;MAPK3
Reactome_2022,Adaptive Immune System R-HSA-1280218,10/733,0.0034011412802799,0.0118250650419858,0,0,2.9804031267968982,16.939551043676847,CDC42;CD4;PTPRC;HSPA5;SRC;PTEN;AKT1;CTSE;NFKB1;MTOR
Reactome_2022,DNA Damage/Telomere Stress Induced Senescence R-HSA-2559586,3/61,0.003439200370644,0.0118956638592692,0,0,10.69127155172414,60.646411984638426,CDK2;ATM;TP53
Reactome_2022,Transcriptional Regulation By RUNX1 R-HSA-8878171,5/204,0.0034638332646199,0.0118956638592692,0,0,5.266224740724901,29.83516128410569,IFNG;H3C13;SRC;ESR1;H3-3B
Reactome_2022,Platelet Degranulation R-HSA-114608,4/125,0.0034647564638648,0.0118956638592692,0,0,6.882992605480644,38.9929304298686,HSPA5;EGF;ALB;FN1
Reactome_2022,Metabolism Of Angiotensinogen To Angiotensins R-HSA-2022377,2/18,0.0035242263234814,0.0119504629240688,0,0,25.625,144.73241770614385,ACE2;CPB1
Reactome_2022,Metabolism Of Amine-Derived Hormones R-HSA-209776,2/18,0.0035242263234814,0.0119504629240688,0,0,25.625,144.73241770614385,DDC;TH
Reactome_2022,TP53 Regulates Transcription Of Genes Involved In G2 Cell Cycle Arrest R-HSA-6804114,2/18,0.0035242263234814,0.0119504629240688,0,0,25.625,144.73241770614385,CDK1;TP53
Reactome_2022,RHO GTPases Activate PKNs R-HSA-5625740,3/62,0.0036012200123127,0.0121118583271253,0,0,10.509533898305085,59.13170959844158,H3C13;RHOA;H3-3B
Reactome_2022,Signaling By BRAF And RAF1 Fusions R-HSA-6802952,3/62,0.0036012200123127,0.0121118583271253,0,0,10.509533898305085,59.13170959844158,SRC;FN1;MAPK3
Reactome_2022,G1/S Transition R-HSA-69206,4/129,0.0038773811720576,0.0127872488990509,0,0,6.661389473684211,36.98799994225023,MYC;CDK2;CDK1;AKT1
Reactome_2022,Biosynthesis Of Specialized Proresolving Mediators (SPMs) R-HSA-9018678,2/19,0.0039261820041989,0.0127872488990509,0,0,24.116434202547,133.6071635204122,HPGD;PTGS2
Reactome_2022,Listeria Monocytogenes Entry Into Host Cells R-HSA-8876384,2/19,0.0039261820041989,0.0127872488990509,0,0,24.116434202547,133.6071635204122,SRC;CTNNB1
Reactome_2022,Metabolism Of Cofactors R-HSA-8978934,2/19,0.0039261820041989,0.0127872488990509,0,0,24.116434202547,133.6071635204122,HSP90AA1;AKT1
Reactome_2022,Nicotinamide Salvaging R-HSA-197264,2/19,0.0039261820041989,0.0127872488990509,0,0,24.116434202547,133.6071635204122,SLC5A8;PTGS2
Reactome_2022,Regulation Of TP53 Activity Thru Methylation R-HSA-6804760,2/19,0.0039261820041989,0.0127872488990509,0,0,24.116434202547,133.6071635204122,ATM;TP53
Reactome_2022,SUMOylation Of Transcription Factors R-HSA-3232118,2/19,0.0039261820041989,0.0127872488990509,0,0,24.116434202547,133.6071635204122,CDKN2A;TP53
Reactome_2022,Signaling By KIT In Disease R-HSA-9669938,2/19,0.0039261820041989,0.0127872488990509,0,0,24.116434202547,133.6071635204122,SRC;STAT3
Reactome_2022,Fc Epsilon Receptor (FCERI) Signaling R-HSA-2454202,4/130,0.0039855108223573,0.0128786702651862,0,0,6.608187134502924,36.510827258444,JUN;FOS;NFKB1;MAPK3
Reactome_2022,Response To Elevated Platelet Cytosolic Ca2+ R-HSA-76005,4/130,0.0039855108223573,0.0128786702651862,0,0,6.608187134502924,36.510827258444,HSPA5;EGF;ALB;FN1
Reactome_2022,Phosphorylation Of CD3 And TCR Zeta Chains R-HSA-202427,2/20,0.0043484089895178,0.0138343204917479,0,0,22.77548682703322,123.85185041479878,CD4;PTPRC
Reactome_2022,Sema4D Induced Cell Migration And Growth-Cone Collapse R-HSA-416572,2/20,0.0043484089895178,0.0138343204917479,0,0,22.77548682703322,123.85185041479878,ERBB2;RHOA
Reactome_2022,Signal Transduction By L1 R-HSA-445144,2/20,0.0043484089895178,0.0138343204917479,0,0,22.77548682703322,123.85185041479878,EGFR;MAPK3
Reactome_2022,TP53 Regulates Transcription Of Genes Involved In Cytochrome C Release R-HSA-6803204,2/20,0.0043484089895178,0.0138343204917479,0,0,22.77548682703322,123.85185041479878,ATM;TP53
Reactome_2022,CTLA4 Inhibitory Signaling R-HSA-389513,2/21,0.004790700886259,0.0151828366549133,0,0,21.57569180683668,115.23746482857185,SRC;AKT1
Reactome_2022,Death Receptor Signaling R-HSA-73887,4/139,0.0050519041991448,0.0159493067436604,0,0,6.164834307992202,32.59958240430221,CASP3;TNF;NFKB1;RHOA
Reactome_2022,C-type Lectin Receptors (CLRs) R-HSA-5621481,4/141,0.0053124270553746,0.0167077858535446,0,0,6.074222051479063,31.814992173135906,MUC2;SRC;IL1B;NFKB1
Reactome_2022,Clathrin-mediated Endocytosis R-HSA-8856828,4/142,0.0054460006072845,0.0170627547543819,0,0,6.029900839054157,31.43311193902496,HSPA8;CD4;EGF;EGFR
Reactome_2022,Signaling By FGFR2 R-HSA-5654738,3/72,0.005480361721529,0.0171053714338633,0,0,8.981884057971014,46.76493537656069,SRC;MAPK3;FGF10
Reactome_2022,CD28 Dependent PI3K/Akt Signaling R-HSA-389357,2/23,0.0057346613696212,0.0176979811556852,0,0,19.518900343642613,100.74146719605557,AKT1;MTOR
Reactome_2022,RAF-independent MAPK1/3 Activation R-HSA-112409,2/23,0.0057346613696212,0.0176979811556852,0,0,19.518900343642613,100.74146719605557,CDK1;MAPK3
Reactome_2022,RHOBTB2 GTPase Cycle R-HSA-9013418,2/23,0.0057346613696212,0.0176979811556852,0,0,19.518900343642613,100.74146719605557,HSP90AA1;HSP90AB1
Reactome_2022,Positive Epigenetic Regulation Of rRNA Expression R-HSA-5250913,3/74,0.0059145289618441,0.0181849696438789,0,0,8.727992957746478,44.77760123392785,GSK3B;H3C13;H3-3B
Reactome_2022,Growth Hormone Receptor Signaling R-HSA-982772,2/24,0.0062359246796265,0.0188911835882803,0,0,18.63074039362699,94.59625050266868,STAT3;MAPK3
Reactome_2022,Other Interleukin Signaling R-HSA-449836,2/24,0.0062359246796265,0.0188911835882803,0,0,18.63074039362699,94.59625050266868,CD4;CASP3
Reactome_2022,RUNX2 Regulates Osteoblast Differentiation R-HSA-8940973,2/24,0.0062359246796265,0.0188911835882803,0,0,18.63074039362699,94.59625050266868,SRC;MAPK3
Reactome_2022,Sema4D In Semaphorin Signaling R-HSA-400685,2/24,0.0062359246796265,0.0188911835882803,0,0,18.63074039362699,94.59625050266868,ERBB2;RHOA
Reactome_2022,G2/M Checkpoints R-HSA-69481,4/148,0.0062948424748958,0.0189998175799053,0,0,5.776900584795322,29.27747448140842,CDK2;CDK1;ATM;TP53
Reactome_2022,G2/M DNA Damage Checkpoint R-HSA-69473,3/77,0.006603441576186,0.0198169254054527,0,0,8.372888513513514,42.03327612835062,CDK1;ATM;TP53
Reactome_2022,Chromatin Modifying Enzymes R-HSA-3247509,5/238,0.0066136583574023,0.0198169254054527,0,0,4.490000913158616,22.533600840566912,KDM6B;H3C13;NFKB1;EZH2;KDM6A
Reactome_2022,Cyclin A/B1/B2 Associated Events During G2/M Transition R-HSA-69273,2/25,0.0067564423254116,0.0199545106671656,0,0,17.81981174361273,89.05021124053485,CDK2;CDK1
Reactome_2022,G Beta:Gamma Signaling Thru PI3Kgamma R-HSA-392451,2/25,0.0067564423254116,0.0199545106671656,0,0,17.81981174361273,89.05021124053485,AKT1;RHOA
Reactome_2022,Interleukin-7 Signaling R-HSA-1266695,2/25,0.0067564423254116,0.0199545106671656,0,0,17.81981174361273,89.05021124053485,H3C13;STAT3
Reactome_2022,NOTCH3 Activation And Transmission Of Signal To Nucleus R-HSA-9013507,2/25,0.0067564423254116,0.0199545106671656,0,0,17.81981174361273,89.05021124053485,EGF;EGFR
Reactome_2022,Nuclear Events Mediated By NFE2L2 R-HSA-9759194,3/78,0.0068432370674529,0.019995841643905,0,0,8.260833333333334,41.17607752090754,GSK3B;CDKN2A;MYC
Reactome_2022,Oncogenic MAPK Signaling R-HSA-6802957,3/78,0.0068432370674529,0.019995841643905,0,0,8.260833333333334,41.17607752090754,SRC;FN1;MAPK3
Reactome_2022,RNA Polymerase I Promoter Clearance R-HSA-73854,3/78,0.0068432370674529,0.019995841643905,0,0,8.260833333333334,41.17607752090754,H3C13;H3-3B;MAPK3
Reactome_2022,Interleukin-1 Family Signaling R-HSA-446652,4/152,0.0069070521535941,0.0201109928429737,0,0,5.619630156472262,27.958853289883223,IL1B;STAT3;TP53;NFKB1
Reactome_2022,RNA Polymerase I Transcription R-HSA-73864,3/79,0.0070881570654884,0.020565638809727,0,0,8.15172697368421,40.34558610107036,H3C13;H3-3B;MAPK3
Reactome_2022,DDX58/IFIH1-mediated Induction Of Interferon-Alpha/Beta R-HSA-168928,3/81,0.007593474408792,0.0219544663608585,0,0,7.941907051282051,38.76020758471405,HSP90AA1;HSP90AB1;NFKB1
Reactome_2022,Cyclin E Associated Events During G1/S Transition R-HSA-69202,3/82,0.0078539217626974,0.0226280822813381,0,0,7.8409810126582276,38.00321422472152,MYC;CDK2;AKT1
Reactome_2022,Cyclin A:Cdk2-associated Events At S Phase Entry R-HSA-69656,3/84,0.0083905132220425,0.0239572009960214,0,0,7.646604938271605,36.555769347084976,MYC;CDK2;AKT1
Reactome_2022,Degradation Of Beta-Catenin By Destruction Complex R-HSA-195253,3/84,0.0083905132220425,0.0239572009960214,0,0,7.646604938271605,36.555769347084976,GSK3B;MYC;CTNNB1
Reactome_2022,S Phase R-HSA-69242,4/161,0.0084256879632905,0.0239572009960214,0,0,5.295072075092189,25.291753701964968,GSK3B;MYC;CDK2;AKT1
Reactome_2022,Downstream Signal Transduction R-HSA-186763,2/28,0.008431539185493,0.0239572009960214,0,0,15.761300555114987,75.2724399640349,SRC;STAT3
Reactome_2022,Signaling By FGFR R-HSA-190236,3/86,0.0089481842580778,0.0250448817175185,0,0,7.461596385542169,35.19116168083113,SRC;MAPK3;FGF10
Reactome_2022,Disassembly Of Destruction Complex And Recruitment Of AXIN To Membrane R-HSA-4641262,2/29,0.0090270993569211,0.0250448817175185,0,0,15.176785032455136,71.44508260735158,GSK3B;CTNNB1
Reactome_2022,HSF1 Activation R-HSA-3371511,2/29,0.0090270993569211,0.0250448817175185,0,0,15.176785032455136,71.44508260735158,HSP90AA1;HSP90AB1
Reactome_2022,Myogenesis R-HSA-525793,2/29,0.0090270993569211,0.0250448817175185,0,0,15.176785032455136,71.44508260735158,CDC42;CTNNB1
Reactome_2022,Negative Regulation Of FGFR3 Signaling R-HSA-5654732,2/29,0.0090270993569211,0.0250448817175185,0,0,15.176785032455136,71.44508260735158,SRC;MAPK3
Reactome_2022,Regulation Of TP53 Activity Thru Acetylation R-HSA-6804758,2/29,0.0090270993569211,0.0250448817175185,0,0,15.176785032455136,71.44508260735158,AKT1;TP53
Reactome_2022,Uptake And Actions Of Bacterial Toxins R-HSA-5339562,2/29,0.0090270993569211,0.0250448817175185,0,0,15.176785032455136,71.44508260735158,HSP90AA1;HSP90AB1
Reactome_2022,Transcriptional Regulation Of Pluripotent Stem Cells R-HSA-452723,2/30,0.0096409337003277,0.0266581522452015,0,0,14.6340206185567,67.92727962001706,SOX2;STAT3
Reactome_2022,Peptide Hormone Metabolism R-HSA-2980736,3/89,0.0098245850513269,0.0270751106431216,0,0,7.200218023255814,33.28565285637053,ACE2;CPB1;CTNNB1
Reactome_2022,Regulation Of TP53 Activity Thru Phosphorylation R-HSA-6804756,3/90,0.010127436038827,0.027816690986645,0,0,7.117097701149425,32.68532171325279,CDK2;ATM;TP53
Reactome_2022,Negative Regulation Of FGFR4 Signaling R-HSA-5654733,2/31,0.0102728504943795,0.0279367287371905,0,0,14.128688233202986,64.68467733221605,SRC;MAPK3
Reactome_2022,Nicotinate Metabolism R-HSA-196807,2/31,0.0102728504943795,0.0279367287371905,0,0,14.128688233202986,64.68467733221605,SLC5A8;PTGS2
Reactome_2022,RUNX2 Regulates Bone Development R-HSA-8941326,2/31,0.0102728504943795,0.0279367287371905,0,0,14.128688233202986,64.68467733221605,SRC;MAPK3
Reactome_2022,EPH-Ephrin Signaling R-HSA-2682334,3/91,0.0104356765910804,0.02819343446246,0,0,7.0358664772727275,32.10131600919137,CDC42;SRC;RHOA
Reactome_2022,Signaling By TGF-beta Receptor Complex R-HSA-170834,3/91,0.0104356765910804,0.02819343446246,0,0,7.0358664772727275,32.10131600919137,MYC;RHOA;MAPK3
Reactome_2022,GPVI-mediated Activation Cascade R-HSA-114604,2/32,0.0109226594375045,0.0292216603133238,0,0,13.657044673539518,61.68772086834981,CDC42;RHOA
Reactome_2022,Nuclear Signaling By ERBB4 R-HSA-1251985,2/32,0.0109226594375045,0.0292216603133238,0,0,13.657044673539518,61.68772086834981,SRC;ESR1
Reactome_2022,Thrombin Signaling Thru Proteinase Activated Receptors (PARs) R-HSA-456926,2/32,0.0109226594375045,0.0292216603133238,0,0,13.657044673539518,61.68772086834981,SRC;MAPK3
Reactome_2022,Cell Cycle Checkpoints R-HSA-69620,5/271,0.0112092880871911,0.0298914348991764,0,0,3.9263717805151175,17.633384945619195,CDKN2A;CDK2;CDK1;ATM;TP53
Reactome_2022,Downstream TCR Signaling R-HSA-202424,3/94,0.0113929073256884,0.0302830826979589,0,0,6.802884615384615,30.441305088902403,CD4;PTEN;NFKB1
Reactome_2022,Signaling By WNT In Cancer R-HSA-4791275,2/33,0.0115901716335852,0.0306099404681866,0,0,13.215829730628531,58.91085370390265,GSK3B;CTNNB1
Reactome_2022,Signaling To ERKs R-HSA-187687,2/33,0.0115901716335852,0.0306099404681866,0,0,13.215829730628531,58.91085370390265,SRC;MAPK3
Reactome_2022,GPCR Downstream Signaling R-HSA-388396,8/619,0.011720983947629,0.0307632121114682,0,0,2.7754896494667363,12.340866523917658,CDC42;CCL20;SRC;NPY1R;AKT1;EGFR;RHOA;MAPK3
Reactome_2022,P75 NTR Receptor-Mediated Signaling R-HSA-193704,3/95,0.0117228745182051,0.0307632121114682,0,0,6.728600543478261,29.916792949902295,CASP3;RHOA;NFKB1
Reactome_2022,DNA Methylation R-HSA-5334118,2/34,0.0122751995866745,0.0321103633632375,0,0,12.802190721649485,56.3318711837846,H3C13;H3-3B
Reactome_2022,Potential Therapeutics For SARS R-HSA-9679191,3/97,0.0123992345624069,0.0323321812639979,0,0,6.584773936170213,28.907951289437772,ACE2;HSP90AA1;HSP90AB1
Reactome_2022,RHOBTB GTPase Cycle R-HSA-9706574,2/35,0.0129775571881922,0.033733460956058,0,0,12.41362074351765,53.9313946964376,HSP90AA1;HSP90AB1
Reactome_2022,CLEC7A (Dectin-1) Signaling R-HSA-5607764,3/99,0.0130975872688471,0.0339384022312266,0,0,6.446940104166667,27.949595072021538,SRC;IL1B;NFKB1
Reactome_2022,SARS-CoV-2 Infection R-HSA-9694516,5/283,0.0133158958607435,0.0343959190885663,0,0,3.754592071024032,16.215320146217845,ACE2;GSK3B;HSP90AA1;HSP90AB1;AKT1
Reactome_2022,Activated PKN1 Stimulates Transcription Of Androgen Receptor Regulated KLK2 And KLK3 R-HSA-5625886,2/36,0.013697059712945,0.0349555978547572,0,0,12.047907822922983,51.69244112778035,H3C13;H3-3B
Reactome_2022,RHO GTPases Activate WASPs And WAVEs R-HSA-5663213,2/36,0.013697059712945,0.0349555978547572,0,0,12.047907822922983,51.69244112778035,CDC42;MAPK3
Reactome_2022,SMAD2/SMAD3:SMAD4 Heterotrimer Regulates Transcription R-HSA-2173796,2/36,0.013697059712945,0.0349555978547572,0,0,12.047907822922983,51.69244112778035,MYC;MAPK3
Reactome_2022,Vesicle-mediated Transport R-HSA-5653656,8/637,0.0137354699022336,0.0349555978547572,0,0,2.693548105312811,11.549324854908471,HSPA8;CD4;HSP90AA1;EGF;SRC;ALB;AKT1;EGFR
Reactome_2022,Metabolism Of Vitamins And Cofactors R-HSA-196854,4/186,0.0137446768263851,0.0349555978547572,0,0,4.561943319838057,19.55752394756347,SLC5A8;HSP90AA1;AKT1;PTGS2
Reactome_2022,SIRT1 Negatively Regulates rRNA Expression R-HSA-427359,2/37,0.0144335238008332,0.0365945341904203,0,0,11.703092783505154,49.60006815590735,H3C13;H3-3B
Reactome_2022,Cargo Recognition For Clathrin-Mediated Endocytosis R-HSA-8856825,3/104,0.0149403287857234,0.0376478009768688,0,0,6.126237623762377,25.752810529199575,CD4;EGF;EGFR
Reactome_2022,Phase I - Functionalization Of Compounds R-HSA-211945,3/104,0.0149403287857234,0.0376478009768688,0,0,6.126237623762377,25.752810529199575,CYP2A6;HSP90AB1;CYP4F8
Reactome_2022,Assembly Of ORC Complex At Origin Of Replication R-HSA-68616,2/38,0.0151867674658197,0.0380361592457005,0,0,11.377434135166094,47.64108028526383,H3C13;H3-3B
Reactome_2022,Association Of TriC/CCT With Target Proteins During Biosynthesis R-HSA-390471,2/38,0.0151867674658197,0.0380361592457005,0,0,11.377434135166094,47.64108028526383,STAT3;TP53
Reactome_2022,Post-translational Protein Phosphorylation R-HSA-8957275,3/106,0.0157163914240977,0.0392433531316864,0,0,6.006674757281553,24.94602703692151,ALB;FN1;MSLN
Reactome_2022,RHOU GTPase Cycle R-HSA-9013420,2/39,0.0159566100631577,0.0396031526868733,0,0,11.069378657007524,45.80378393112329,CDC42;SRC
Reactome_2022,Signaling By FGFR3 R-HSA-5654741,2/39,0.0159566100631577,0.0396031526868733,0,0,11.069378657007524,45.80378393112329,SRC;MAPK3
Reactome_2022,Signaling By FGFR4 R-HSA-5654743,2/40,0.0167428723048413,0.0414298101477154,0,0,10.777536625067825,44.077782248456614,SRC;MAPK3
Reactome_2022,Binding And Uptake Of Ligands By Scavenger Receptors R-HSA-2173782,2/41,0.0175453762297159,0.0430279464681129,0,0,10.500660851176317,42.453802476068866,HSP90AA1;ALB
Reactome_2022,MTOR Signaling R-HSA-165159,2/41,0.0175453762297159,0.0430279464681129,0,0,10.500660851176317,42.453802476068866,AKT1;MTOR
Reactome_2022,Regulation Of Beta-Cell Development R-HSA-186712,2/41,0.0175453762297159,0.0430279464681129,0,0,10.500660851176317,42.453802476068866,AKT1;FGF10
Reactome_2022,Ub-specific Processing Proteases R-HSA-5689880,4/201,0.0177723110542428,0.0434551463166056,0,0,4.211381244990649,16.972344794728958,MYC;PTEN;TP53;HIF1A
Reactome_2022,Signaling By SCF-KIT R-HSA-1433557,2/42,0.0183639452107539,0.0447689078510687,0,0,10.23762886597938,40.92354991919948,SRC;STAT3
Reactome_2022,Post-translational Protein Modification R-HSA-597592,13/1383,0.0187389044194051,0.0455482514501175,0,0,2.0446698353420474,8.13196572250884,HSPA8;CDKN2A;FN1;PTEN;MSLN;ESR1;HIF1A;RHOA;MUC2;MYC;ALB;CDK1;TP53
Reactome_2022,Interleukin-1 Signaling R-HSA-9020702,3/114,0.0190449338566053,0.0461559573465964,0,0,5.571509009009009,22.068491742492647,IL1B;TP53;NFKB1
Reactome_2022,TP53 Regulates Transcription Of Cell Death Genes R-HSA-5633008,2/44,0.0200485784197727,0.0484458317240255,0,0,9.74914089347079,38.11521227729213,ATM;TP53
Reactome_2022,ERCC6 (CSB) And EHMT2 (G9a) Positively Regulate rRNA Expression R-HSA-427389,2/45,0.0209142959495074,0.0502430899778253,0,0,9.52193718532726,36.824400369482454,H3C13;H3-3B
Reactome_2022,TAK1-dependent IKK And NF-kappa-B Activation R-HSA-445989,2/45,0.0209142959495074,0.0502430899778253,0,0,9.52193718532726,36.824400369482454,TP53;NFKB1
Reactome_2022,Signaling By GPCR R-HSA-372790,8/689,0.0209764357781588,0.0502458810500084,0,0,2.4811605428345516,9.58808658136515,CDC42;CCL20;SRC;NPY1R;AKT1;EGFR;RHOA;MAPK3
Reactome_2022,RHO GTPases Activate Formins R-HSA-5663220,3/119,0.0213083926181698,0.0507459986051213,0,0,5.330010775862069,20.513368700965213,CDC42;SRC;RHOA
Reactome_2022,Signaling By TGFB Family Members R-HSA-9006936,3/119,0.0213083926181698,0.0507459986051213,0,0,5.330010775862069,20.513368700965213,MYC;RHOA;MAPK3
Reactome_2022,Cell-Cell Communication R-HSA-1500931,3/120,0.0217780349309063,0.0517149878474548,0,0,5.284188034188034,20.22181288730443,SRC;PXDN;CTNNB1
Reactome_2022,RHO GTPase Cycle R-HSA-9012999,6/441,0.0223458089527406,0.0529107660260296,0,0,2.8870596959584724,10.974050230623638,CDC42;HSP90AA1;HSP90AB1;SRC;DSG1;RHOA
Reactome_2022,Regulation Of IGF Transport And Uptake By IGFBPs R-HSA-381426,3/123,0.0232208861228806,0.0548252440265148,0,0,5.151302083333333,19.382820531192316,ALB;FN1;MSLN
Reactome_2022,NOTCH1 Intracellular Domain Regulates Transcription R-HSA-2122947,2/48,0.0236029992693329,0.0555682039940866,0,0,8.899596593455849,33.3412839225343,MYC;HIF1A
Reactome_2022,Activation Of NOXA And Translocation To Mitochondria R-HSA-111448,1/5,0.0245084435490269,0.0556805805988736,0,0,50.75765306122449,188.24681569293375,TP53
Reactome_2022,Attachment And Entry R-HSA-9678110,1/5,0.0245084435490269,0.0556805805988736,0,0,50.75765306122449,188.24681569293375,ACE2
Reactome_2022,Biosynthesis Of E-series 18(S)-resolvins R-HSA-9018896,1/5,0.0245084435490269,0.0556805805988736,0,0,50.75765306122449,188.24681569293375,HPGD
Reactome_2022,G2 Phase R-HSA-68911,1/5,0.0245084435490269,0.0556805805988736,0,0,50.75765306122449,188.24681569293375,CDK2
Reactome_2022,G2/M DNA Replication Checkpoint R-HSA-69478,1/5,0.0245084435490269,0.0556805805988736,0,0,50.75765306122449,188.24681569293375,CDK1
Reactome_2022,GRB7 Events In ERBB2 Signaling R-HSA-1306955,1/5,0.0245084435490269,0.0556805805988736,0,0,50.75765306122449,188.24681569293375,ERBB2
Reactome_2022,LRR FLII-interacting Protein 1 (LRRFIP1) Activates Type I IFN Production R-HSA-3134973,1/5,0.0245084435490269,0.0556805805988736,0,0,50.75765306122449,188.24681569293375,CTNNB1
Reactome_2022,PTK6 Expression R-HSA-8849473,1/5,0.0245084435490269,0.0556805805988736,0,0,50.75765306122449,188.24681569293375,HIF1A
Reactome_2022,Serotonin And Melatonin Biosynthesis R-HSA-209931,1/5,0.0245084435490269,0.0556805805988736,0,0,50.75765306122449,188.24681569293375,DDC
Reactome_2022,TFAP2 (AP-2) Family Regulates Transcription Of Cell Cycle Factors R-HSA-8866911,1/5,0.0245084435490269,0.0556805805988736,0,0,50.75765306122449,188.24681569293375,MYC
Reactome_2022,vRNP Assembly R-HSA-192905,1/5,0.0245084435490269,0.0556805805988736,0,0,50.75765306122449,188.24681569293375,HSP90AA1
Reactome_2022,Netrin-1 Signaling R-HSA-373752,2/49,0.0245291878123678,0.0556805805988736,0,0,8.709804781750384,32.29501138894197,CDC42;SRC
Reactome_2022,Signaling By NOTCH3 R-HSA-9012852,2/49,0.0245291878123678,0.0556805805988736,0,0,8.709804781750384,32.29501138894197,EGF;EGFR
Reactome_2022,DNA Replication Pre-Initiation R-HSA-69002,3/127,0.0252238358813558,0.0571001119951572,0,0,4.984122983870968,18.341402438678227,H3C13;CDK2;H3-3B
Reactome_2022,Autodegradation Of E3 Ubiquitin Ligase COP1 R-HSA-349425,2/51,0.0264254963029073,0.0594934670863269,0,0,8.353460972017674,30.35168200032022,ATM;TP53
Reactome_2022,Transcriptional Activity Of SMAD2/SMAD3:SMAD4 Heterotrimer R-HSA-2173793,2/51,0.0264254963029073,0.0594934670863269,0,0,8.353460972017674,30.35168200032022,MYC;MAPK3
Reactome_2022,SARS-CoV-1 Infection R-HSA-9678108,2/52,0.0273952873805881,0.0613416217434909,0,0,8.1859793814433,29.448113492372215,GSK3B;ACE2
Reactome_2022,Signaling By PDGF R-HSA-186797,2/52,0.0273952873805881,0.0613416217434909,0,0,8.1859793814433,29.448113492372215,SRC;STAT3
Reactome_2022,Insulin Receptor Signaling Cascade R-HSA-74751,2/53,0.0283792858387639,0.0623889695614341,0,0,8.025065696381645,28.586052585583012,MAPK3;FGF10
Reactome_2022,Activated NTRK2 Signals Thru FYN R-HSA-9032500,1/6,0.0293383172477935,0.0623889695614341,0,0,40.60408163265306,143.28615448776517,SRC
Reactome_2022,Activated NTRK3 Signals Thru PI3K R-HSA-9603381,1/6,0.0293383172477935,0.0623889695614341,0,0,40.60408163265306,143.28615448776517,SRC
Reactome_2022,Activation Of Caspases Thru Apoptosome-Mediated Cleavage R-HSA-111459,1/6,0.0293383172477935,0.0623889695614341,0,0,40.60408163265306,143.28615448776517,CASP3
Reactome_2022,Binding And Entry Of HIV Virion R-HSA-173107,1/6,0.0293383172477935,0.0623889695614341,0,0,40.60408163265306,143.28615448776517,CD4
Reactome_2022,FGFR1b Ligand Binding And Activation R-HSA-190370,1/6,0.0293383172477935,0.0623889695614341,0,0,40.60408163265306,143.28615448776517,FGF10
Reactome_2022,Fibronectin Matrix Formation R-HSA-1566977,1/6,0.0293383172477935,0.0623889695614341,0,0,40.60408163265306,143.28615448776517,FN1
Reactome_2022,NADE Modulates Death Signaling R-HSA-205025,1/6,0.0293383172477935,0.0623889695614341,0,0,40.60408163265306,143.28615448776517,CASP3
Reactome_2022,Negative Feedback Regulation Of MAPK Pathway R-HSA-5674499,1/6,0.0293383172477935,0.0623889695614341,0,0,40.60408163265306,143.28615448776517,MAPK3
Reactome_2022,PTK6 Regulates Cell Cycle R-HSA-8849470,1/6,0.0293383172477935,0.0623889695614341,0,0,40.60408163265306,143.28615448776517,CDK2
Reactome_2022,Phosphorylation Of Emi1 R-HSA-176417,1/6,0.0293383172477935,0.0623889695614341,0,0,40.60408163265306,143.28615448776517,CDK1
Reactome_2022,RUNX1 Regulates Estrogen Receptor Mediated Transcription R-HSA-8931987,1/6,0.0293383172477935,0.0623889695614341,0,0,40.60408163265306,143.28615448776517,ESR1
Reactome_2022,RUNX1 Regulates Transcription Of Genes Involved In WNT Signaling R-HSA-8939256,1/6,0.0293383172477935,0.0623889695614341,0,0,40.60408163265306,143.28615448776517,ESR1
Reactome_2022,Scavenging By Class F Receptors R-HSA-3000484,1/6,0.0293383172477935,0.0623889695614341,0,0,40.60408163265306,143.28615448776517,HSP90AA1
Reactome_2022,Sensing Of DNA Double Strand Breaks R-HSA-5693548,1/6,0.0293383172477935,0.0623889695614341,0,0,40.60408163265306,143.28615448776517,ATM
Reactome_2022,Suppression Of Apoptosis R-HSA-9635465,1/6,0.0293383172477935,0.0623889695614341,0,0,40.60408163265306,143.28615448776517,MAPK3
Reactome_2022,Synthesis Of 15-Eicosatetraenoic Acid Derivatives R-HSA-2142770,1/6,0.0293383172477935,0.0623889695614341,0,0,40.60408163265306,143.28615448776517,PTGS2
Reactome_2022,Synthesis Of Lipoxins (LX) R-HSA-2142700,1/6,0.0293383172477935,0.0623889695614341,0,0,40.60408163265306,143.28615448776517,HPGD
Reactome_2022,TNFR1-mediated Ceramide Production R-HSA-5626978,1/6,0.0293383172477935,0.0623889695614341,0,0,40.60408163265306,143.28615448776517,TNF
Reactome_2022,Regulation Of RUNX3 Expression And Activity R-HSA-8941858,2/54,0.0293773303274714,0.0623889695614341,0,0,7.870340999206978,27.762879563228957,SRC;CDKN2A
Reactome_2022,Cytoprotection By HMOX1 R-HSA-9707564,2/57,0.0324541447903871,0.068569782839177,0,0,7.439925023430178,25.5035207248898,STAT3;ALB
Reactome_2022,NCAM Signaling For Neurite Out-Growth R-HSA-375165,2/57,0.0324541447903871,0.068569782839177,0,0,7.439925023430178,25.5035207248898,SRC;MAPK3
Reactome_2022,Beta-catenin Independent WNT Signaling R-HSA-3858494,3/142,0.0335376778346164,0.0703377094149829,0,0,4.442895683453237,15.084011871097118,MYC;CTNNB1;RHOA
Reactome_2022,"Activation Of NIMA Kinases NEK9, NEK6, NEK7 R-HSA-2980767",1/7,0.0341445191334868,0.0703377094149829,0,0,33.835034013605444,114.2660933823874,CDK1
Reactome_2022,Aryl Hydrocarbon Receptor Signaling R-HSA-8937144,1/7,0.0341445191334868,0.0703377094149829,0,0,33.835034013605444,114.2660933823874,HSP90AB1
Reactome_2022,DEx/H-box Helicases Activate Type I IFN And Inflammatory Cytokines Production R-HSA-3134963,1/7,0.0341445191334868,0.0703377094149829,0,0,33.835034013605444,114.2660933823874,NFKB1
Reactome_2022,IkBA Variant Leads To EDA-ID R-HSA-5603029,1/7,0.0341445191334868,0.0703377094149829,0,0,33.835034013605444,114.2660933823874,NFKB1
Reactome_2022,Inactivation Of CDC42 And RAC1 R-HSA-428543,1/7,0.0341445191334868,0.0703377094149829,0,0,33.835034013605444,114.2660933823874,CDC42
Reactome_2022,Insulin-like Growth Factor-2 mRNA Binding Proteins (IGF2BPs/IMPs/VICKZs) Bind RNA R-HSA-428359,1/7,0.0341445191334868,0.0703377094149829,0,0,33.835034013605444,114.2660933823874,MYC
Reactome_2022,RSK Activation R-HSA-444257,1/7,0.0341445191334868,0.0703377094149829,0,0,33.835034013605444,114.2660933823874,MAPK3
Reactome_2022,RUNX3 Regulates CDKN1A Transcription R-HSA-8941855,1/7,0.0341445191334868,0.0703377094149829,0,0,33.835034013605444,114.2660933823874,TP53
Reactome_2022,SMAC (DIABLO) Binds To IAPs R-HSA-111463,1/7,0.0341445191334868,0.0703377094149829,0,0,33.835034013605444,114.2660933823874,CASP3
Reactome_2022,RNA Polymerase I Promoter Escape R-HSA-73772,2/59,0.0345726811447628,0.0710421178635525,0,0,7.178151564478206,24.152265347098023,H3C13;H3-3B
Reactome_2022,Recruitment And ATM-mediated Phosphorylation Of Repair And Signal Proteins At DNA Double Strand Breaks R-HSA-5693565,2/60,0.0356516813552209,0.0728957455005013,0,0,7.054034838250978,23.517862726463346,ATM;TP53
Reactome_2022,Transcriptional Regulation By MECP2 R-HSA-8986944,2/60,0.0356516813552209,0.0728957455005013,0,0,7.054034838250978,23.517862726463346,SOX2;PTEN
Reactome_2022,SARS-CoV Infections R-HSA-9679506,5/369,0.0364551347040544,0.0740262902129848,0,0,2.854950900163666,9.454663700063826,ACE2;GSK3B;HSP90AA1;HSP90AB1;AKT1
Reactome_2022,Ca2+ Pathway R-HSA-4086398,2/61,0.0367436319139694,0.0740262902129848,0,0,6.93412545867552,22.908896773223752,MYC;CTNNB1
Reactome_2022,DNA Double Strand Break Response R-HSA-5693606,2/61,0.0367436319139694,0.0740262902129848,0,0,6.93412545867552,22.908896773223752,ATM;TP53
Reactome_2022,Nuclear Events (Kinase And Transcription Factor Activation) R-HSA-198725,2/61,0.0367436319139694,0.0740262902129848,0,0,6.93412545867552,22.908896773223752,FOS;MAPK3
Reactome_2022,Post NMDA Receptor Activation Events R-HSA-438064,2/61,0.0367436319139694,0.0740262902129848,0,0,6.93412545867552,22.908896773223752,SRC;MAPK3
Reactome_2022,Signaling By FGFR In Disease R-HSA-1226099,2/61,0.0367436319139694,0.0740262902129848,0,0,6.93412545867552,22.908896773223752,STAT3;FGF10
Reactome_2022,DNA Double-Strand Break Repair R-HSA-5693532,3/149,0.0378475113320397,0.0760642666770751,0,0,4.228381849315069,13.84452578736011,CDK2;ATM;TP53
Reactome_2022,Alpha-defensins R-HSA-1462054,1/8,0.0389271636980285,0.0760848367141557,0,0,29.0,94.13582631773188,CD4
Reactome_2022,Axonal Growth Inhibition (RHOA Activation) R-HSA-193634,1/8,0.0389271636980285,0.0760848367141557,0,0,29.0,94.13582631773188,RHOA
Reactome_2022,EGFR Transactivation By Gastrin R-HSA-2179392,1/8,0.0389271636980285,0.0760848367141557,0,0,29.0,94.13582631773188,EGFR
Reactome_2022,Nef Mediated CD4 Down-regulation R-HSA-167590,1/8,0.0389271636980285,0.0760848367141557,0,0,29.0,94.13582631773188,CD4
Reactome_2022,Netrin Mediated Repulsion Signals R-HSA-418886,1/8,0.0389271636980285,0.0760848367141557,0,0,29.0,94.13582631773188,SRC
Reactome_2022,RUNX2 Regulates Genes Involved In Cell Migration R-HSA-8941332,1/8,0.0389271636980285,0.0760848367141557,0,0,29.0,94.13582631773188,AKT1
Reactome_2022,Regulation Of Cytoskeletal Remodeling And Cell Spreading By IPP Complex Components R-HSA-446388,1/8,0.0389271636980285,0.0760848367141557,0,0,29.0,94.13582631773188,PXDN
Reactome_2022,Regulation Of Gene Expression In Early Pancreatic Precursor Cells R-HSA-210747,1/8,0.0389271636980285,0.0760848367141557,0,0,29.0,94.13582631773188,FGF10
Reactome_2022,"SMAC, XIAP-regulated Apoptotic Response R-HSA-111469",1/8,0.0389271636980285,0.0760848367141557,0,0,29.0,94.13582631773188,CASP3
Reactome_2022,Sema4D Mediated Inhibition Of Cell Attachment And Migration R-HSA-416550,1/8,0.0389271636980285,0.0760848367141557,0,0,29.0,94.13582631773188,RHOA
Reactome_2022,Cytosolic Sensors Of Pathogen-Associated DNA R-HSA-1834949,2/63,0.0389657780259389,0.0760848367141557,0,0,6.706101064728748,21.761777472008543,CTNNB1;NFKB1
Reactome_2022,Signaling By MET R-HSA-6806834,2/63,0.0389657780259389,0.0760848367141557,0,0,6.706101064728748,21.761777472008543,SRC;STAT3
Reactome_2022,M Phase R-HSA-68886,5/380,0.0405297403461098,0.078951550934266,0,0,2.769645390070922,8.878705528288645,HSP90AA1;H3C13;CDK1;H3-3B;MAPK3
Reactome_2022,Cytochrome P450 - Arranged By Substrate Type R-HSA-211897,2/65,0.0412379189233274,0.0801416160208061,0,0,6.492554410080183,20.700841546756664,CYP2A6;CYP4F8
Reactome_2022,DNA Replication R-HSA-69306,3/155,0.0417563693517854,0.0808934039157501,0,0,4.060238486842105,12.89492472793214,H3C13;CDK2;H3-3B
Reactome_2022,RUNX1 Regulates Genes Involved In Megakaryocyte Differentiation And Platelet Function R-HSA-8936459,2/66,0.0423923672539713,0.0808934039157501,0,0,6.390786082474227,20.199913253204997,H3C13;H3-3B
Reactome_2022,Regulation Of PTEN Stability And Activity R-HSA-8948751,2/67,0.0435588723480064,0.0808934039157501,0,0,6.2921490880253765,19.71734182558464,PTEN;AKT1
Reactome_2022,ATF6 (ATF6-alpha) Activates Chaperone Genes R-HSA-381183,1/9,0.0436863649787728,0.0808934039157501,0,0,25.37372448979592,79.43800744515411,HSPA5
Reactome_2022,Activation Of PUMA And Translocation To Mitochondria R-HSA-139915,1/9,0.0436863649787728,0.0808934039157501,0,0,25.37372448979592,79.43800744515411,TP53
Reactome_2022,CHL1 Interactions R-HSA-447041,1/9,0.0436863649787728,0.0808934039157501,0,0,25.37372448979592,79.43800744515411,HSPA8
Reactome_2022,Downregulation Of ERBB4 Signaling R-HSA-1253288,1/9,0.0436863649787728,0.0808934039157501,0,0,25.37372448979592,79.43800744515411,SRC
Reactome_2022,E2F-enabled Inhibition Of Pre-Replication Complex Formation R-HSA-113507,1/9,0.0436863649787728,0.0808934039157501,0,0,25.37372448979592,79.43800744515411,CDK1
Reactome_2022,GP1b-IX-V Activation Signaling R-HSA-430116,1/9,0.0436863649787728,0.0808934039157501,0,0,25.37372448979592,79.43800744515411,SRC
Reactome_2022,Interleukin-23 Signaling R-HSA-9020933,1/9,0.0436863649787728,0.0808934039157501,0,0,25.37372448979592,79.43800744515411,STAT3
Reactome_2022,Interleukin-9 Signaling R-HSA-8985947,1/9,0.0436863649787728,0.0808934039157501,0,0,25.37372448979592,79.43800744515411,STAT3
Reactome_2022,Lipophagy R-HSA-9613354,1/9,0.0436863649787728,0.0808934039157501,0,0,25.37372448979592,79.43800744515411,HSPA8
Reactome_2022,PI3K/AKT Activation R-HSA-198203,1/9,0.0436863649787728,0.0808934039157501,0,0,25.37372448979592,79.43800744515411,RHOA
Reactome_2022,PI5P Regulates TP53 Acetylation R-HSA-6811555,1/9,0.0436863649787728,0.0808934039157501,0,0,25.37372448979592,79.43800744515411,TP53
Reactome_2022,"POU5F1 (OCT4), SOX2, NANOG Repress Genes Related To Differentiation R-HSA-2892245",1/9,0.0436863649787728,0.0808934039157501,0,0,25.37372448979592,79.43800744515411,SOX2
Reactome_2022,PTK6 Regulates RTKs And Their Effectors AKT1 And DOK1 R-HSA-8849469,1/9,0.0436863649787728,0.0808934039157501,0,0,25.37372448979592,79.43800744515411,AKT1
Reactome_2022,RHO GTPases Activate Rhotekin And Rhophilins R-HSA-5666185,1/9,0.0436863649787728,0.0808934039157501,0,0,25.37372448979592,79.43800744515411,RHOA
Reactome_2022,Regulation Of PTEN Localization R-HSA-8948747,1/9,0.0436863649787728,0.0808934039157501,0,0,25.37372448979592,79.43800744515411,PTEN
Reactome_2022,Regulation Of Commissural Axon Pathfinding By SLIT And ROBO R-HSA-428542,1/9,0.0436863649787728,0.0808934039157501,0,0,25.37372448979592,79.43800744515411,SRC
Reactome_2022,Small Interfering RNA (siRNA) Biogenesis R-HSA-426486,1/9,0.0436863649787728,0.0808934039157501,0,0,25.37372448979592,79.43800744515411,DICER1
Reactome_2022,p75NTR Regulates Axonogenesis R-HSA-193697,1/9,0.0436863649787728,0.0808934039157501,0,0,25.37372448979592,79.43800744515411,RHOA
Reactome_2022,Loss Of Nlp From Mitotic Centrosomes R-HSA-380259,2/69,0.0459274741062558,0.0848525530572978,0,0,6.103708262809663,18.803643851865345,HSP90AA1;CDK1
Reactome_2022,AKT Phosphorylates Targets In Nucleus R-HSA-198693,1/10,0.048422236549271,0.0869279366374714,0,0,22.55328798185941,68.28675824910428,AKT1
Reactome_2022,Caspase Activation Via Dependence Receptors In Absence Of Ligand R-HSA-418889,1/10,0.048422236549271,0.0869279366374714,0,0,22.55328798185941,68.28675824910428,CASP3
Reactome_2022,Condensation Of Prometaphase Chromosomes R-HSA-2514853,1/10,0.048422236549271,0.0869279366374714,0,0,22.55328798185941,68.28675824910428,CDK1
Reactome_2022,Crosslinking Of Collagen Fibrils R-HSA-2243919,1/10,0.048422236549271,0.0869279366374714,0,0,22.55328798185941,68.28675824910428,PXDN
Reactome_2022,FGFR2b Ligand Binding And Activation R-HSA-190377,1/10,0.048422236549271,0.0869279366374714,0,0,22.55328798185941,68.28675824910428,FGF10
Reactome_2022,HDL Remodeling R-HSA-8964058,1/10,0.048422236549271,0.0869279366374714,0,0,22.55328798185941,68.28675824910428,ALB
Reactome_2022,Interleukin-21 Signaling R-HSA-9020958,1/10,0.048422236549271,0.0869279366374714,0,0,22.55328798185941,68.28675824910428,STAT3
Reactome_2022,MASTL Facilitates Mitotic Progression R-HSA-2465910,1/10,0.048422236549271,0.0869279366374714,0,0,22.55328798185941,68.28675824910428,CDK1
Reactome_2022,Organic Anion Transporters R-HSA-428643,1/10,0.048422236549271,0.0869279366374714,0,0,22.55328798185941,68.28675824910428,SLC5A8
Reactome_2022,RUNX1 And FOXP3 Control Development Of Regulatory T Lymphocytes (Tregs) R-HSA-8877330,1/10,0.048422236549271,0.0869279366374714,0,0,22.55328798185941,68.28675824910428,IFNG
Reactome_2022,RUNX3 Regulates p14-ARF R-HSA-8951936,1/10,0.048422236549271,0.0869279366374714,0,0,22.55328798185941,68.28675824910428,CDKN2A
Reactome_2022,Receptor Mediated Mitophagy R-HSA-8934903,1/10,0.048422236549271,0.0869279366374714,0,0,22.55328798185941,68.28675824910428,SRC
Reactome_2022,Signal Attenuation R-HSA-74749,1/10,0.048422236549271,0.0869279366374714,0,0,22.55328798185941,68.28675824910428,MAPK3
Reactome_2022,AURKA Activation By TPX2 R-HSA-8854518,2/72,0.0495672144736363,0.088597363831402,0,0,5.8412371134020615,17.549562683215672,HSP90AA1;CDK1
Reactome_2022,Regulation Of RUNX2 Expression And Activity R-HSA-8939902,2/72,0.0495672144736363,0.088597363831402,0,0,5.8412371134020615,17.549562683215672,GSK3B;ESR1
Reactome_2022,SUMO E3 Ligases SUMOylate Target Proteins R-HSA-3108232,3/168,0.0508928835544077,0.0907699914476882,0,0,3.737878787878788,11.1315233058638,CDKN2A;TP53;ESR1
Reactome_2022,Activation Of NMDA Receptors And Postsynaptic Events R-HSA-442755,2/74,0.0520499600664898,0.0917885756405475,0,0,5.678407789232532,16.782825245925853,SRC;MAPK3
Reactome_2022,NoRC Negatively Regulates rRNA Expression R-HSA-427413,2/74,0.0520499600664898,0.0917885756405475,0,0,5.678407789232532,16.782825245925853,H3C13;H3-3B
Reactome_2022,Signaling By NOTCH1 R-HSA-1980143,2/74,0.0520499600664898,0.0917885756405475,0,0,5.678407789232532,16.782825245925853,MYC;HIF1A
Reactome_2022,ATF6 (ATF6-alpha) Activates Chaperones R-HSA-381033,1/11,0.0531348914812392,0.0917885756405475,0,0,20.296938775510203,59.569921519069155,HSPA5
Reactome_2022,CYP2E1 Reactions R-HSA-211999,1/11,0.0531348914812392,0.0917885756405475,0,0,20.296938775510203,59.569921519069155,CYP2A6
Reactome_2022,Formation Of Apoptosome R-HSA-111458,1/11,0.0531348914812392,0.0917885756405475,0,0,20.296938775510203,59.569921519069155,MAPK3
Reactome_2022,Interleukin-27 Signaling R-HSA-9020956,1/11,0.0531348914812392,0.0917885756405475,0,0,20.296938775510203,59.569921519069155,STAT3
Reactome_2022,Interleukin-6 Signaling R-HSA-1059683,1/11,0.0531348914812392,0.0917885756405475,0,0,20.296938775510203,59.569921519069155,STAT3
Reactome_2022,Killing Mechanisms R-HSA-9664420,1/11,0.0531348914812392,0.0917885756405475,0,0,20.296938775510203,59.569921519069155,JUN
Reactome_2022,Pexophagy R-HSA-9664873,1/11,0.0531348914812392,0.0917885756405475,0,0,20.296938775510203,59.569921519069155,ATM
Reactome_2022,Regulated Proteolysis Of p75NTR R-HSA-193692,1/11,0.0531348914812392,0.0917885756405475,0,0,20.296938775510203,59.569921519069155,NFKB1
Reactome_2022,Regulation Of PTEN mRNA Translation R-HSA-8943723,1/11,0.0531348914812392,0.0917885756405475,0,0,20.296938775510203,59.569921519069155,PTEN
Reactome_2022,Regulation Of Gene Expression By Hypoxia-inducible Factor R-HSA-1234158,1/11,0.0531348914812392,0.0917885756405475,0,0,20.296938775510203,59.569921519069155,HIF1A
Reactome_2022,Signaling By Leptin R-HSA-2586552,1/11,0.0531348914812392,0.0917885756405475,0,0,20.296938775510203,59.569921519069155,STAT3
Reactome_2022,Signaling By PDGFRA Extracellular Domain Mutants R-HSA-9673770,1/11,0.0531348914812392,0.0917885756405475,0,0,20.296938775510203,59.569921519069155,STAT3
Reactome_2022,Transcriptional Regulation By Small RNAs R-HSA-5578749,2/76,0.0545764181184926,0.094003202256951,0,0,5.524380050153246,16.06574458221198,H3C13;H3-3B
Reactome_2022,Fatty Acid Metabolism R-HSA-8978868,3/173,0.0546450653896596,0.094003202256951,0,0,3.62702205882353,10.54337723214052,HPGD;CYP4F8;PTGS2
Reactome_2022,SUMOylation R-HSA-2990846,3/174,0.0554110830844332,0.0951223592949437,0,0,3.60562865497076,10.43099590019223,CDKN2A;TP53;ESR1
Reactome_2022,Negative Epigenetic Regulation Of rRNA Expression R-HSA-5250941,2/77,0.0558556993328479,0.09548775155657,0,0,5.450446735395189,15.724450052187713,H3C13;H3-3B
Reactome_2022,Signaling By Insulin Receptor R-HSA-74752,2/77,0.0558556993328479,0.09548775155657,0,0,5.450446735395189,15.724450052187713,MAPK3;FGF10
Reactome_2022,ALK Mutants Bind TKIs R-HSA-9700645,1/12,0.0578244423082685,0.0964521061984074,0,0,18.450834879406308,52.5912212421319,FN1
Reactome_2022,CD28 Dependent Vav1 Pathway R-HSA-389359,1/12,0.0578244423082685,0.0964521061984074,0,0,18.450834879406308,52.5912212421319,CDC42
Reactome_2022,Caspase-mediated Cleavage Of Cytoskeletal Proteins R-HSA-264870,1/12,0.0578244423082685,0.0964521061984074,0,0,18.450834879406308,52.5912212421319,CASP3
Reactome_2022,Eicosanoids R-HSA-211979,1/12,0.0578244423082685,0.0964521061984074,0,0,18.450834879406308,52.5912212421319,CYP4F8
Reactome_2022,Frs2-mediated Activation R-HSA-170968,1/12,0.0578244423082685,0.0964521061984074,0,0,18.450834879406308,52.5912212421319,MAPK3
Reactome_2022,Interleukin-35 Signaling R-HSA-8984722,1/12,0.0578244423082685,0.0964521061984074,0,0,18.450834879406308,52.5912212421319,STAT3
Reactome_2022,Maturation Of Nucleoprotein R-HSA-9683610,1/12,0.0578244423082685,0.0964521061984074,0,0,18.450834879406308,52.5912212421319,GSK3B
Reactome_2022,PECAM1 Interactions R-HSA-210990,1/12,0.0578244423082685,0.0964521061984074,0,0,18.450834879406308,52.5912212421319,SRC
Reactome_2022,Regulation Of Localization Of FOXO Transcription Factors R-HSA-9614399,1/12,0.0578244423082685,0.0964521061984074,0,0,18.450834879406308,52.5912212421319,AKT1
Reactome_2022,Scavenging Of Heme From Plasma R-HSA-2168880,1/12,0.0578244423082685,0.0964521061984074,0,0,18.450834879406308,52.5912212421319,ALB
Reactome_2022,TP53 Regulates Transcription Of Death Receptors And Ligands R-HSA-6803211,1/12,0.0578244423082685,0.0964521061984074,0,0,18.450834879406308,52.5912212421319,TP53
Reactome_2022,p38MAPK Events R-HSA-171007,1/12,0.0578244423082685,0.0964521061984074,0,0,18.450834879406308,52.5912212421319,SRC
Reactome_2022,Amyloid Fiber Formation R-HSA-977225,2/79,0.0584456954199043,0.0972914202545478,0,0,5.30834114339269,15.073869356438186,H3C13;H3-3B
Reactome_2022,Processing Of DNA Double-Strand Break Ends R-HSA-5693607,2/80,0.0597561451076461,0.0988736216238965,0,0,5.240021147237642,14.763671793485386,CDK2;ATM
Reactome_2022,Recruitment Of NuMA To Mitotic Centrosomes R-HSA-380320,2/80,0.0597561451076461,0.0988736216238965,0,0,5.240021147237642,14.763671793485386,HSP90AA1;CDK1
Reactome_2022,Regulation Of APC/C Activators Between G1/S And Early Anaphase R-HSA-176408,2/80,0.0597561451076461,0.0988736216238965,0,0,5.240021147237642,14.763671793485386,CDK2;CDK1
Reactome_2022,Centrosome Maturation R-HSA-380287,2/81,0.061076720836651,0.1008561482352714,0,0,5.173430771238419,14.462969742980084,HSP90AA1;CDK1
Reactome_2022,Advanced Glycosylation Endproduct Receptor Signaling R-HSA-879415,1/13,0.0624910010872804,0.1009658527370962,0,0,16.912414965986393,46.89360626939404,MAPK3
Reactome_2022,Apoptosis Induced DNA Fragmentation R-HSA-140342,1/13,0.0624910010872804,0.1009658527370962,0,0,16.912414965986393,46.89360626939404,CASP3
Reactome_2022,Chk1/Chk2(Cds1) Mediated Inactivation Of Cyclin B:Cdk1 Complex R-HSA-75035,1/13,0.0624910010872804,0.1009658527370962,0,0,16.912414965986393,46.89360626939404,CDK1
Reactome_2022,Dissolution Of Fibrin Clot R-HSA-75205,1/13,0.0624910010872804,0.1009658527370962,0,0,16.912414965986393,46.89360626939404,SERPINB2
Reactome_2022,ERKs Are Inactivated R-HSA-202670,1/13,0.0624910010872804,0.1009658527370962,0,0,16.912414965986393,46.89360626939404,MAPK3
Reactome_2022,FCGR Activation R-HSA-2029481,1/13,0.0624910010872804,0.1009658527370962,0,0,16.912414965986393,46.89360626939404,SRC
Reactome_2022,FGFRL1 Modulation Of FGFR1 Signaling R-HSA-5658623,1/13,0.0624910010872804,0.1009658527370962,0,0,16.912414965986393,46.89360626939404,FGF10
Reactome_2022,NF-kB Is Activated And Signals Survival R-HSA-209560,1/13,0.0624910010872804,0.1009658527370962,0,0,16.912414965986393,46.89360626939404,NFKB1
Reactome_2022,SARS-CoV-2 Targets Host Intracellular Signaling And Regulatory Pathways R-HSA-9755779,1/13,0.0624910010872804,0.1009658527370962,0,0,16.912414965986393,46.89360626939404,AKT1
Reactome_2022,Signal Regulatory Protein Family Interactions R-HSA-391160,1/13,0.0624910010872804,0.1009658527370962,0,0,16.912414965986393,46.89360626939404,SRC
Reactome_2022,TNFR1-induced Proapoptotic Signaling R-HSA-5357786,1/13,0.0624910010872804,0.1009658527370962,0,0,16.912414965986393,46.89360626939404,TNF
Reactome_2022,Transcriptional Regulation Of White Adipocyte Differentiation R-HSA-381340,2/84,0.0650979091337076,0.1049719708927106,0,0,4.983404576313804,13.613977818810048,TNF;NFKB1
Reactome_2022,APC Truncation Mutants Have Impaired AXIN Binding R-HSA-5467337,1/14,0.0671346793118268,0.1067933894844503,0,0,15.610675039246468,42.165284659663705,GSK3B
Reactome_2022,Heme Biosynthesis R-HSA-189451,1/14,0.0671346793118268,0.1067933894844503,0,0,15.610675039246468,42.165284659663705,ALB
Reactome_2022,Interleukin-15 Signaling R-HSA-8983432,1/14,0.0671346793118268,0.1067933894844503,0,0,15.610675039246468,42.165284659663705,STAT3
Reactome_2022,Prolonged ERK Activation Events R-HSA-169893,1/14,0.0671346793118268,0.1067933894844503,0,0,15.610675039246468,42.165284659663705,MAPK3
Reactome_2022,Regulation Of IFNG Signaling R-HSA-877312,1/14,0.0671346793118268,0.1067933894844503,0,0,15.610675039246468,42.165284659663705,IFNG
Reactome_2022,Repression Of WNT Target Genes R-HSA-4641265,1/14,0.0671346793118268,0.1067933894844503,0,0,15.610675039246468,42.165284659663705,MYC
Reactome_2022,TP53 Regulates Transcription Of Additional Cell Death Genes With Uncertain Roles In P53-Dependent Apoptosis R-HSA-6803205,1/14,0.0671346793118268,0.1067933894844503,0,0,15.610675039246468,42.165284659663705,TP53
Reactome_2022,Cell Junction Organization R-HSA-446728,2/86,0.0678269748276058,0.1076867577224417,0,0,4.864261168384879,13.088731111004432,PXDN;CTNNB1
Reactome_2022,APC/C-mediated Degradation Of Cell Cycle Proteins R-HSA-174143,2/87,0.0692056117380672,0.1094537890060795,0,0,4.806791995148575,12.837371161063562,CDK2;CDK1
Reactome_2022,Regulation Of PLK1 Activity At G2/M Transition R-HSA-2565942,2/87,0.0692056117380672,0.1094537890060795,0,0,4.806791995148575,12.837371161063562,HSP90AA1;CDK1
Reactome_2022,Regulation Of mRNA Stability By Proteins That Bind AU-rich Elements R-HSA-450531,2/88,0.0705934856554823,0.1114349275481177,0,0,4.750659314313114,12.59313041892752,HSPA8;AKT1
Reactome_2022,Depolymerisation Of Nuclear Lamina R-HSA-4419969,1/15,0.0717555879791134,0.1126221037995989,0,0,14.494897959183673,38.18665714573386,CDK1
Reactome_2022,Fatty Acids R-HSA-211935,1/15,0.0717555879791134,0.1126221037995989,0,0,14.494897959183673,38.18665714573386,CYP4F8
Reactome_2022,Signaling By Activin R-HSA-1502540,1/15,0.0717555879791134,0.1126221037995989,0,0,14.494897959183673,38.18665714573386,MAPK3
Reactome_2022,Chaperonin-mediated Protein Folding R-HSA-390466,2/90,0.0733964533100624,0.1149780031023023,0,0,4.642221180880974,12.124923100711902,STAT3;TP53
Reactome_2022,SARS-CoV-2-host Interactions R-HSA-9705683,3/196,0.0735356888773219,0.1149780031023023,0,0,3.191062176165803,8.328622587468846,HSP90AA1;HSP90AB1;AKT1
Reactome_2022,Telomere Maintenance R-HSA-157579,2/92,0.0762349050222547,0.116510300287257,0,0,4.538602520045819,11.682071735309378,CDK2;H3-3B
Reactome_2022,CRMPs In Sema3A Signaling R-HSA-399956,1/16,0.0763538375668917,0.116510300287257,0,0,13.527891156462584,34.798835876655495,GSK3B
Reactome_2022,Cell-extracellular Matrix Interactions R-HSA-446353,1/16,0.0763538375668917,0.116510300287257,0,0,13.527891156462584,34.798835876655495,PXDN
Reactome_2022,Early Phase Of HIV Life Cycle R-HSA-162594,1/16,0.0763538375668917,0.116510300287257,0,0,13.527891156462584,34.798835876655495,CD4
Reactome_2022,FGFR1 Ligand Binding And Activation R-HSA-190242,1/16,0.0763538375668917,0.116510300287257,0,0,13.527891156462584,34.798835876655495,FGF10
Reactome_2022,Heme Degradation R-HSA-189483,1/16,0.0763538375668917,0.116510300287257,0,0,13.527891156462584,34.798835876655495,ALB
Reactome_2022,MAP3K8 (TPL2)-dependent MAPK1/3 Activation R-HSA-5684264,1/16,0.0763538375668917,0.116510300287257,0,0,13.527891156462584,34.798835876655495,NFKB1
Reactome_2022,Phospholipase C-mediated Cascade: FGFR1 R-HSA-5654219,1/16,0.0763538375668917,0.116510300287257,0,0,13.527891156462584,34.798835876655495,FGF10
Reactome_2022,Regulation Of KIT Signaling R-HSA-1433559,1/16,0.0763538375668917,0.116510300287257,0,0,13.527891156462584,34.798835876655495,SRC
Reactome_2022,Signaling By NTRK3 (TRKC) R-HSA-9034015,1/16,0.0763538375668917,0.116510300287257,0,0,13.527891156462584,34.798835876655495,SRC
Reactome_2022,TGF-beta Receptor Signaling In EMT (Epithelial To Mesenchymal Transition) R-HSA-2173791,1/16,0.0763538375668917,0.116510300287257,0,0,13.527891156462584,34.798835876655495,RHOA
Reactome_2022,Transcription Of E2F Targets Under Negative Control By P107 (RBL1) And P130 (RBL2) In Complex With HDAC1 R-HSA-1362300,1/16,0.0763538375668917,0.116510300287257,0,0,13.527891156462584,34.798835876655495,CDK1
Reactome_2022,p75NTR Signals Via NF-kB R-HSA-193639,1/16,0.0763538375668917,0.116510300287257,0,0,13.527891156462584,34.798835876655495,NFKB1
Reactome_2022,Membrane Trafficking R-HSA-199991,6/599,0.0768841840061633,0.1171027127931212,0,0,2.1006364575966927,5.389088499195886,HSPA8;CD4;EGF;SRC;AKT1;EGFR
Reactome_2022,Aberrant Regulation Of Mitotic G1/S Transition In Cancer Due To RB1 Defects R-HSA-9659787,1/17,0.0809295379966837,0.1208078610675134,0,0,12.681760204081632,31.884182268430106,CDK2
Reactome_2022,Activated Point Mutants Of FGFR2 R-HSA-2033519,1/17,0.0809295379966837,0.1208078610675134,0,0,12.681760204081632,31.884182268430106,FGF10
Reactome_2022,Butyrate Response Factor 1 Binds And Destabilizes mRNA R-HSA-450385,1/17,0.0809295379966837,0.1208078610675134,0,0,12.681760204081632,31.884182268430106,AKT1
Reactome_2022,Formation Of Senescence-Associated Heterochromatin Foci (SAHF) R-HSA-2559584,1/17,0.0809295379966837,0.1208078610675134,0,0,12.681760204081632,31.884182268430106,TP53
Reactome_2022,KSRP (KHSRP) Binds And Destabilizes mRNA R-HSA-450604,1/17,0.0809295379966837,0.1208078610675134,0,0,12.681760204081632,31.884182268430106,AKT1
Reactome_2022,MET Activates PTK2 Signaling R-HSA-8874081,1/17,0.0809295379966837,0.1208078610675134,0,0,12.681760204081632,31.884182268430106,SRC
Reactome_2022,Protein Methylation R-HSA-8876725,1/17,0.0809295379966837,0.1208078610675134,0,0,12.681760204081632,31.884182268430106,HSPA8
Reactome_2022,RIP-mediated NFkB Activation Via ZBP1 R-HSA-1810476,1/17,0.0809295379966837,0.1208078610675134,0,0,12.681760204081632,31.884182268430106,NFKB1
Reactome_2022,Regulation Of RUNX1 Expression And Activity R-HSA-8934593,1/17,0.0809295379966837,0.1208078610675134,0,0,12.681760204081632,31.884182268430106,SRC
Reactome_2022,Signaling By Cytosolic FGFR1 Fusion Mutants R-HSA-1839117,1/17,0.0809295379966837,0.1208078610675134,0,0,12.681760204081632,31.884182268430106,STAT3
Reactome_2022,Translocation Of ZAP-70 To Immunological Synapse R-HSA-202430,1/17,0.0809295379966837,0.1208078610675134,0,0,12.681760204081632,31.884182268430106,CD4
Reactome_2022,Protein Folding R-HSA-391251,2/96,0.0820144458187472,0.1222059735165419,0,0,4.344593112524676,10.865218604443312,STAT3;TP53
Reactome_2022,Anchoring Of Basal Body To Plasma Membrane R-HSA-5620912,2/97,0.0834800307525847,0.1241652442962631,0,0,4.2986435160065115,10.674167311796651,HSP90AA1;CDK1
Reactome_2022,RUNX1 Regulates Transcription Of Genes Involved In Differentiation Of HSCs R-HSA-8939236,2/98,0.0849536650943849,0.1251115917170552,0,0,4.253651202749141,10.48801205800616,H3C13;H3-3B
Reactome_2022,Signaling By ROBO Receptors R-HSA-376176,3/209,0.0853363680174139,0.1251115917170552,0,0,2.9877123786407767,7.353221947943549,CDC42;SRC;RHOA
Reactome_2022,Defective GALNT12 Causes CRCS1 R-HSA-5083636,1/18,0.0854827987095899,0.1251115917170552,0,0,11.935174069627852,29.353845802361935,MUC2
Reactome_2022,Defective GALNT3 Causes HFTC R-HSA-5083625,1/18,0.0854827987095899,0.1251115917170552,0,0,11.935174069627852,29.353845802361935,MUC2
Reactome_2022,Ephrin Signaling R-HSA-3928664,1/18,0.0854827987095899,0.1251115917170552,0,0,11.935174069627852,29.353845802361935,SRC
Reactome_2022,Phospholipase C-mediated Cascade; FGFR2 R-HSA-5654221,1/18,0.0854827987095899,0.1251115917170552,0,0,11.935174069627852,29.353845802361935,FGF10
Reactome_2022,Recycling Of Bile Acids And Salts R-HSA-159418,1/18,0.0854827987095899,0.1251115917170552,0,0,11.935174069627852,29.353845802361935,ALB
Reactome_2022,Regulation Of NF-kappa B Signaling R-HSA-9758274,1/18,0.0854827987095899,0.1251115917170552,0,0,11.935174069627852,29.353845802361935,TP53
Reactome_2022,VEGFR2 Mediated Cell Proliferation R-HSA-5218921,1/18,0.0854827987095899,0.1251115917170552,0,0,11.935174069627852,29.353845802361935,SRC
Reactome_2022,Defective C1GALT1C1 Causes TNPS R-HSA-5083632,1/19,0.090013728593284,0.1296701265050106,0,0,11.27154195011338,27.139540712465095,MUC2
Reactome_2022,"GABA Synthesis, Release, Reuptake And Degradation R-HSA-888590",1/19,0.090013728593284,0.1296701265050106,0,0,11.27154195011338,27.139540712465095,HSPA8
Reactome_2022,Initiation Of Nuclear Envelope (NE) Reformation R-HSA-2995383,1/19,0.090013728593284,0.1296701265050106,0,0,11.27154195011338,27.139540712465095,CDK1
Reactome_2022,Other Semaphorin Interactions R-HSA-416700,1/19,0.090013728593284,0.1296701265050106,0,0,11.27154195011338,27.139540712465095,PTPRC
Reactome_2022,RHO GTPases Activate ROCKs R-HSA-5627117,1/19,0.090013728593284,0.1296701265050106,0,0,11.27154195011338,27.139540712465095,RHOA
Reactome_2022,RHO GTPases Activate CIT R-HSA-5625900,1/19,0.090013728593284,0.1296701265050106,0,0,11.27154195011338,27.139540712465095,RHOA
Reactome_2022,Signaling By PDGFR In Disease R-HSA-9671555,1/19,0.090013728593284,0.1296701265050106,0,0,11.27154195011338,27.139540712465095,STAT3
Reactome_2022,Signaling To RAS R-HSA-167044,1/19,0.090013728593284,0.1296701265050106,0,0,11.27154195011338,27.139540712465095,SRC
Reactome_2022,Transcription Of E2F Targets Under Negative Control By DREAM Complex R-HSA-1362277,1/19,0.090013728593284,0.1296701265050106,0,0,11.27154195011338,27.139540712465095,MYC
Reactome_2022,Biological Oxidations R-HSA-211859,3/218,0.0939499569241963,0.1340559161671261,0,0,2.8613372093023255,6.767042503887928,CYP2A6;HSP90AB1;CYP4F8
Reactome_2022,CD209 (DC-SIGN) Signaling R-HSA-5621575,1/20,0.0945224360353158,0.1340559161671261,0,0,10.677765843179378,25.18797462704863,NFKB1
Reactome_2022,FGFR2 Ligand Binding And Activation R-HSA-190241,1/20,0.0945224360353158,0.1340559161671261,0,0,10.677765843179378,25.18797462704863,FGF10
Reactome_2022,G Beta:Gamma Signaling Thru CDC42 R-HSA-8964616,1/20,0.0945224360353158,0.1340559161671261,0,0,10.677765843179378,25.18797462704863,CDC42
Reactome_2022,Nef-mediated Downmodulation Of Cell Surface Receptors By Recruitment To Clathrin Adapters R-HSA-164938,1/20,0.0945224360353158,0.1340559161671261,0,0,10.677765843179378,25.18797462704863,CD4
Reactome_2022,Phosphorylation Of APC/C R-HSA-176412,1/20,0.0945224360353158,0.1340559161671261,0,0,10.677765843179378,25.18797462704863,CDK1
Reactome_2022,Regulation Of Gene Expression In Beta Cells R-HSA-210745,1/20,0.0945224360353158,0.1340559161671261,0,0,10.677765843179378,25.18797462704863,AKT1
Reactome_2022,SHC-mediated cascade:FGFR1 R-HSA-5654688,1/20,0.0945224360353158,0.1340559161671261,0,0,10.677765843179378,25.18797462704863,FGF10
Reactome_2022,Signaling By Hippo R-HSA-2028269,1/20,0.0945224360353158,0.1340559161671261,0,0,10.677765843179378,25.18797462704863,CASP3
Reactome_2022,Deregulated CDK5 Triggers Neurodegenerative Pathways In Alzheimers Disease Models R-HSA-8862803,1/21,0.0990090289156653,0.1382770166550987,0,0,10.143367346938776,23.45698564957499,JUN
Reactome_2022,Interleukin-37 Signaling R-HSA-9008059,1/21,0.0990090289156653,0.1382770166550987,0,0,10.143367346938776,23.45698564957499,STAT3
Reactome_2022,PD-1 Signaling R-HSA-389948,1/21,0.0990090289156653,0.1382770166550987,0,0,10.143367346938776,23.45698564957499,CD4
Reactome_2022,PI-3K cascade:FGFR1 R-HSA-5654689,1/21,0.0990090289156653,0.1382770166550987,0,0,10.143367346938776,23.45698564957499,FGF10
Reactome_2022,RHO GTPases Activate PAKs R-HSA-5627123,1/21,0.0990090289156653,0.1382770166550987,0,0,10.143367346938776,23.45698564957499,CDC42
Reactome_2022,Synthesis Of Leukotrienes (LT) And Eoxins (EX) R-HSA-2142691,1/21,0.0990090289156653,0.1382770166550987,0,0,10.143367346938776,23.45698564957499,CYP4F8
Reactome_2022,"Synthesis, Secretion, And Inactivation Of Glucagon-like Peptide-1 (GLP-1) R-HSA-381771",1/21,0.0990090289156653,0.1382770166550987,0,0,10.143367346938776,23.45698564957499,CTNNB1
Reactome_2022,TP53 Regulates Transcription Of Additional Cell Cycle Genes With Uncertain Roles In P53 Pathway R-HSA-6804115,1/21,0.0990090289156653,0.1382770166550987,0,0,10.143367346938776,23.45698564957499,TP53
Reactome_2022,ZBP1(DAI) Mediated Induction Of Type I IFNs R-HSA-1606322,1/21,0.0990090289156653,0.1382770166550987,0,0,10.143367346938776,23.45698564957499,NFKB1
Reactome_2022,Assembly Of Pre-Replicative Complex R-HSA-68867,2/110,0.103224663992394,0.142817853252146,0,0,3.778732340588011,8.580924746389616,H3C13;H3-3B
Reactome_2022,E2F Mediated Regulation Of DNA Replication R-HSA-113510,1/22,0.103473614552829,0.142817853252146,0,0,9.65986394557823,21.912808540819068,CDK1
Reactome_2022,ERK/MAPK Targets R-HSA-198753,1/22,0.103473614552829,0.142817853252146,0,0,9.65986394557823,21.912808540819068,MAPK3
Reactome_2022,FRS-mediated FGFR1 Signaling R-HSA-5654693,1/22,0.103473614552829,0.142817853252146,0,0,9.65986394557823,21.912808540819068,FGF10
Reactome_2022,Response Of Mtb To Phagocytosis R-HSA-9637690,1/22,0.103473614552829,0.142817853252146,0,0,9.65986394557823,21.912808540819068,MAPK3
Reactome_2022,SHC-mediated cascade:FGFR2 R-HSA-5654699,1/22,0.103473614552829,0.142817853252146,0,0,9.65986394557823,21.912808540819068,FGF10
Reactome_2022,Signaling By NODAL R-HSA-1181150,1/22,0.103473614552829,0.142817853252146,0,0,9.65986394557823,21.912808540819068,MAPK3
Reactome_2022,Long-term Potentiation R-HSA-9620244,1/23,0.1079162997886252,0.1479584542859021,0,0,9.220315398886829,20.528104250379776,SRC
Reactome_2022,PI-3K cascade:FGFR2 R-HSA-5654695,1/23,0.1079162997886252,0.1479584542859021,0,0,9.220315398886829,20.528104250379776,FGF10
Reactome_2022,Signaling By NTRK2 (TRKB) R-HSA-9006115,1/23,0.1079162997886252,0.1479584542859021,0,0,9.220315398886829,20.528104250379776,SRC
Reactome_2022,Telomere Extension By Telomerase R-HSA-171319,1/23,0.1079162997886252,0.1479584542859021,0,0,9.220315398886829,20.528104250379776,CDK2
Reactome_2022,HDR Thru Homologous Recombination (HRR) Or Single Strand Annealing (SSA) R-HSA-5693567,2/114,0.1095365325397148,0.1499304033433971,0,0,3.643041237113402,8.05657533094375,CDK2;ATM
Reactome_2022,APC/C:Cdc20 Mediated Degradation Of Cyclin B R-HSA-174048,1/24,0.112337190972945,0.1512513813099783,0,0,8.818988464951198,19.28051614969918,CDK1
Reactome_2022,Aggrephagy R-HSA-9646399,1/24,0.112337190972945,0.1512513813099783,0,0,8.818988464951198,19.28051614969918,HSP90AA1
Reactome_2022,FRS-mediated FGFR2 Signaling R-HSA-5654700,1/24,0.112337190972945,0.1512513813099783,0,0,8.818988464951198,19.28051614969918,FGF10
Reactome_2022,Impaired BRCA2 Binding To PALB2 R-HSA-9709603,1/24,0.112337190972945,0.1512513813099783,0,0,8.818988464951198,19.28051614969918,ATM
Reactome_2022,"Incretin Synthesis, Secretion, And Inactivation R-HSA-400508",1/24,0.112337190972945,0.1512513813099783,0,0,8.818988464951198,19.28051614969918,CTNNB1
Reactome_2022,Interleukin-6 Family Signaling R-HSA-6783589,1/24,0.112337190972945,0.1512513813099783,0,0,8.818988464951198,19.28051614969918,STAT3
Reactome_2022,MicroRNA (miRNA) Biogenesis R-HSA-203927,1/24,0.112337190972945,0.1512513813099783,0,0,8.818988464951198,19.28051614969918,DICER1
Reactome_2022,RHO GTPases Activate NADPH Oxidases R-HSA-5668599,1/24,0.112337190972945,0.1512513813099783,0,0,8.818988464951198,19.28051614969918,MAPK3
Reactome_2022,Xenobiotics R-HSA-211981,1/24,0.112337190972945,0.1512513813099783,0,0,8.818988464951198,19.28051614969918,CYP2A6
Reactome_2022,mTORC1-mediated Signaling R-HSA-166208,1/24,0.112337190972945,0.1512513813099783,0,0,8.818988464951198,19.28051614969918,MTOR
Reactome_2022,Chromosome Maintenance R-HSA-73886,2/118,0.1159482085299889,0.1556485251799029,0,0,3.5167081407749734,7.577140385210083,CDK2;H3-3B
Reactome_2022,ADP Signaling Thru P2Y Purinoceptor 1 R-HSA-418592,1/25,0.1167363938849271,0.1556485251799029,0,0,8.451105442176871,18.151596366550063,SRC
Reactome_2022,Defective HDR Thru Homologous Recombination (HRR) Due To BRCA1 Loss-Of-Function R-HSA-9701192,1/25,0.1167363938849271,0.1556485251799029,0,0,8.451105442176871,18.151596366550063,ATM
Reactome_2022,Inactivation Of CSF3 (G-CSF) Signaling R-HSA-9705462,1/25,0.1167363938849271,0.1556485251799029,0,0,8.451105442176871,18.151596366550063,STAT3
Reactome_2022,TRAF6 Mediated NF-kB Activation R-HSA-933542,1/25,0.1167363938849271,0.1556485251799029,0,0,8.451105442176871,18.151596366550063,NFKB1
Reactome_2022,Termination Of O-glycan Biosynthesis R-HSA-977068,1/25,0.1167363938849271,0.1556485251799029,0,0,8.451105442176871,18.151596366550063,MUC2
Reactome_2022,Homology Directed Repair R-HSA-5693538,2/119,0.1175659843496673,0.1565014072764553,0,0,3.4864745792580845,7.463689749994849,CDK2;ATM
Reactome_2022,SARS-CoV-2 Activates/Modulates Innate And Adaptive Immune Responses R-HSA-9705671,2/121,0.1208186907302953,0.159676715879588,0,0,3.4275318374772588,7.2439661100237664,HSP90AA1;HSP90AB1
Reactome_2022,Caspase Activation Via Extrinsic Apoptotic Signaling Pathway R-HSA-5357769,1/26,0.1211140138649787,0.159676715879588,0,0,8.11265306122449,17.125996503061426,CASP3
Reactome_2022,Infection With Mycobacterium Tuberculosis R-HSA-9635486,1/26,0.1211140138649787,0.159676715879588,0,0,8.11265306122449,17.125996503061426,MAPK3
Reactome_2022,Interleukin-20 Family Signaling R-HSA-8854691,1/26,0.1211140138649787,0.159676715879588,0,0,8.11265306122449,17.125996503061426,STAT3
Reactome_2022,Synthesis Of IP3 And IP4 In Cytosol R-HSA-1855204,1/26,0.1211140138649787,0.159676715879588,0,0,8.11265306122449,17.125996503061426,PTEN
Reactome_2022,TNFR1-induced NFkappaB Signaling Pathway R-HSA-5357956,1/26,0.1211140138649787,0.159676715879588,0,0,8.11265306122449,17.125996503061426,TNF
Reactome_2022,Metabolism Of Water-Soluble Vitamins And Cofactors R-HSA-196849,2/122,0.1224534320315341,0.1611847092555657,0,0,3.3987972508591064,7.137557388414753,SLC5A8;PTGS2
Reactome_2022,Transmission Across Chemical Synapses R-HSA-112315,3/246,0.1228710816248932,0.1614765091848676,0,0,2.528034979423868,5.300327662416975,HSPA8;SRC;MAPK3
Reactome_2022,CREB1 Phosphorylation Thru NMDA Receptor-Mediated Activation Of RAS Signaling R-HSA-442742,1/27,0.1254701557147521,0.163846922835112,0,0,7.800235478806908,16.19085012410627,MAPK3
Reactome_2022,Gap Junction Trafficking And Regulation R-HSA-157858,1/27,0.1254701557147521,0.163846922835112,0,0,7.800235478806908,16.19085012410627,SRC
Reactome_2022,Resolution Of D-loop Structures Thru Synthesis-Dependent Strand Annealing (SDSA) R-HSA-5693554,1/27,0.1254701557147521,0.163846922835112,0,0,7.800235478806908,16.19085012410627,ATM
Reactome_2022,Role Of Nef In HIV-1 Replication And Disease Pathogenesis R-HSA-164952,1/27,0.1254701557147521,0.163846922835112,0,0,7.800235478806908,16.19085012410627,CD4
Reactome_2022,"Antigen Presentation: Folding, Assembly, Peptide Loading Of Class I MHC R-HSA-983170",1/28,0.1298049236999525,0.1681749325923913,0,0,7.510959939531368,15.335296224041254,HSPA5
Reactome_2022,MET Promotes Cell Motility R-HSA-8875878,1/28,0.1298049236999525,0.1681749325923913,0,0,7.510959939531368,15.335296224041254,SRC
Reactome_2022,Metabolism Of Porphyrins R-HSA-189445,1/28,0.1298049236999525,0.1681749325923913,0,0,7.510959939531368,15.335296224041254,ALB
Reactome_2022,Mitophagy R-HSA-5205647,1/28,0.1298049236999525,0.1681749325923913,0,0,7.510959939531368,15.335296224041254,SRC
Reactome_2022,Recycling Pathway Of L1 R-HSA-437239,1/28,0.1298049236999525,0.1681749325923913,0,0,7.510959939531368,15.335296224041254,SRC
Reactome_2022,Adherens Junctions Interactions R-HSA-418990,1/29,0.1341184216510177,0.1713388828533932,0,0,7.24234693877551,14.55010766501914,CTNNB1
Reactome_2022,Dectin-2 Family R-HSA-5621480,1/29,0.1341184216510177,0.1713388828533932,0,0,7.24234693877551,14.55010766501914,MUC2
Reactome_2022,Downstream Signaling Of Activated FGFR2 R-HSA-5654696,1/29,0.1341184216510177,0.1713388828533932,0,0,7.24234693877551,14.55010766501914,FGF10
Reactome_2022,EGR2 And SOX10-mediated Initiation Of Schwann Cell Myelination R-HSA-9619665,1/29,0.1341184216510177,0.1713388828533932,0,0,7.24234693877551,14.55010766501914,SOX10
Reactome_2022,Energy Dependent Regulation Of mTOR By LKB1-AMPK R-HSA-380972,1/29,0.1341184216510177,0.1713388828533932,0,0,7.24234693877551,14.55010766501914,MTOR
Reactome_2022,G1/S-Specific Transcription R-HSA-69205,1/29,0.1341184216510177,0.1713388828533932,0,0,7.24234693877551,14.55010766501914,CDK1
Reactome_2022,PIWI-interacting RNA (piRNA) Biogenesis R-HSA-5601884,1/29,0.1341184216510177,0.1713388828533932,0,0,7.24234693877551,14.55010766501914,HSP90AA1
Reactome_2022,Regulation Of Necroptotic Cell Death R-HSA-5675482,1/29,0.1341184216510177,0.1713388828533932,0,0,7.24234693877551,14.55010766501914,HSP90AA1
Reactome_2022,SUMOylation Of Intracellular Receptors R-HSA-4090294,1/29,0.1341184216510177,0.1713388828533932,0,0,7.24234693877551,14.55010766501914,ESR1
Reactome_2022,Downstream Signaling Of Activated FGFR1 R-HSA-5654687,1/30,0.1384107528555566,0.1757326045500441,0,0,6.992258972554539,13.82739870293458,FGF10
Reactome_2022,FGFR1 Mutant Receptor Activation R-HSA-1839124,1/30,0.1384107528555566,0.1757326045500441,0,0,6.992258972554539,13.82739870293458,STAT3
Reactome_2022,Signaling By CSF3 (G-CSF) R-HSA-9674555,1/30,0.1384107528555566,0.1757326045500441,0,0,6.992258972554539,13.82739870293458,STAT3
Reactome_2022,Translation Of Structural Proteins R-HSA-9683701,1/30,0.1384107528555566,0.1757326045500441,0,0,6.992258972554539,13.82739870293458,GSK3B
Reactome_2022,Cell Surface Interactions At Vascular Wall R-HSA-202733,2/134,0.1424708011977144,0.1797706186222099,0,0,3.0879412683536396,6.017218568843845,SRC;FN1
Reactome_2022,Diseases Associated With TLR Signaling Cascade R-HSA-5602358,1/31,0.1426820201200549,0.1797706186222099,0,0,6.758843537414966,13.16039270810627,NFKB1
Reactome_2022,Downregulation Of SMAD2/3:SMAD4 Transcriptional Activity R-HSA-2173795,1/31,0.1426820201200549,0.1797706186222099,0,0,6.758843537414966,13.16039270810627,MAPK3
Reactome_2022,Late Endosomal Microautophagy R-HSA-9615710,1/31,0.1426820201200549,0.1797706186222099,0,0,6.758843537414966,13.16039270810627,HSPA8
Reactome_2022,RIPK1-mediated Regulated Necrosis R-HSA-5213460,1/31,0.1426820201200549,0.1797706186222099,0,0,6.758843537414966,13.16039270810627,HSP90AA1
Reactome_2022,Activation Of Pre-Replicative Complex R-HSA-68962,1/32,0.1469323257611995,0.1840003593118973,0,0,6.540487162606978,12.54323618558598,CDK2
Reactome_2022,Generation Of Second Messenger Molecules R-HSA-202433,1/32,0.1469323257611995,0.1840003593118973,0,0,6.540487162606978,12.54323618558598,CD4
Reactome_2022,PERK Regulates Gene Expression R-HSA-381042,1/32,0.1469323257611995,0.1840003593118973,0,0,6.540487162606978,12.54323618558598,HSPA5
Reactome_2022,RAF Activation R-HSA-5673000,1/32,0.1469323257611995,0.1840003593118973,0,0,6.540487162606978,12.54323618558598,SRC
Reactome_2022,FGFR2 Mutant Receptor Activation R-HSA-1839126,1/33,0.1511617716095434,0.1881530208553834,0,0,6.33577806122449,11.970848723326087,FGF10
Reactome_2022,Plasma Lipoprotein Remodeling R-HSA-8963899,1/33,0.1511617716095434,0.1881530208553834,0,0,6.33577806122449,11.970848723326087,ALB
Reactome_2022,Resolution Of D-loop Structures Thru Holliday Junction Intermediates R-HSA-5693568,1/33,0.1511617716095434,0.1881530208553834,0,0,6.33577806122449,11.970848723326087,ATM
Reactome_2022,Signal Amplification R-HSA-392518,1/33,0.1511617716095434,0.1881530208553834,0,0,6.33577806122449,11.970848723326087,SRC
Reactome_2022,Lysosome Vesicle Biogenesis R-HSA-432720,1/34,0.1553704589766444,0.1925191852582782,0,0,6.1434755720470005,11.438801065469375,HSPA8
Reactome_2022,Resolution Of D-Loop Structures R-HSA-5693537,1/34,0.1553704589766444,0.1925191852582782,0,0,6.1434755720470005,11.438801065469375,ATM
Reactome_2022,Transcriptional Regulation By E2F6 R-HSA-8953750,1/34,0.1553704589766444,0.1925191852582782,0,0,6.1434755720470005,11.438801065469375,EZH2
Reactome_2022,Impaired BRCA2 Binding To RAD51 R-HSA-9709570,1/35,0.1595584887396804,0.1971157342151374,0,0,5.962484993997599,10.94321537216386,ATM
Reactome_2022,Regulation Of TNFR1 Signaling R-HSA-5357905,1/35,0.1595584887396804,0.1971157342151374,0,0,5.962484993997599,10.94321537216386,TNF
Reactome_2022,Aberrant Regulation Of Mitotic Cell Cycle Due To RB1 Defects R-HSA-9687139,1/36,0.1637259612098498,0.2010584084007693,0,0,5.791836734693877,10.48068313038553,CDK2
Reactome_2022,Activation Of ATR In Response To Replication Stress R-HSA-176187,1/36,0.1637259612098498,0.2010584084007693,0,0,5.791836734693877,10.48068313038553,CDK2
Reactome_2022,Nuclear Pore Complex (NPC) Disassembly R-HSA-3301854,1/36,0.1637259612098498,0.2010584084007693,0,0,5.791836734693877,10.48068313038553,CDK1
Reactome_2022,Signaling By FGFR1 In Disease R-HSA-5655302,1/36,0.1637259612098498,0.2010584084007693,0,0,5.791836734693877,10.48068313038553,STAT3
Reactome_2022,Early SARS-CoV-2 Infection Events R-HSA-9772572,1/37,0.1678729762999577,0.2049293814387632,0,0,5.630668934240362,10.048197177896714,ACE2
Reactome_2022,FLT3 Signaling R-HSA-9607240,1/37,0.1678729762999577,0.2049293814387632,0,0,5.630668934240362,10.048197177896714,AKT1
Reactome_2022,HDR Thru Single Strand Annealing (SSA) R-HSA-5685938,1/37,0.1678729762999577,0.2049293814387632,0,0,5.630668934240362,10.048197177896714,ATM
Reactome_2022,RHOV GTPase Cycle R-HSA-9013424,1/37,0.1678729762999577,0.2049293814387632,0,0,5.630668934240362,10.048197177896714,CDC42
Reactome_2022,Diseases Of Mitotic Cell Cycle R-HSA-9675126,1/38,0.1719996334133106,0.2093466734602185,0,0,5.478212906784336,9.643095121573042,CDK2
Reactome_2022,FCGR3A-mediated IL10 Synthesis R-HSA-9664323,1/38,0.1719996334133106,0.2093466734602185,0,0,5.478212906784336,9.643095121573042,SRC
Reactome_2022,Extracellular Matrix Organization R-HSA-1474244,3/291,0.1749904918702976,0.2126728101786508,0,0,2.128146701388889,3.70941000715162,CASP3;PXDN;FN1
Reactome_2022,NGF-stimulated Transcription R-HSA-9031628,1/39,0.1761060314564623,0.2137133577615978,0,0,5.333780880773362,9.263011982506484,FOS
Reactome_2022,Presynaptic Phase Of Homologous DNA Pairing And Strand Exchange R-HSA-5693616,1/40,0.1801922688656712,0.2180299993323246,0,0,5.196755625327054,8.905840371656716,ATM
Reactome_2022,RET Signaling R-HSA-8853659,1/40,0.1801922688656712,0.2180299993323246,0,0,5.196755625327054,8.905840371656716,SRC
Reactome_2022,Defective Homologous Recombination Repair (HRR) Due To BRCA2 Loss Of Function R-HSA-9701190,1/41,0.1842584436385668,0.2222971560149034,0,0,5.066581632653061,8.569696843013316,ATM
Reactome_2022,Negative Regulation Of MAPK Pathway R-HSA-5675221,1/41,0.1842584436385668,0.2222971560149034,0,0,5.066581632653061,8.569696843013316,MAPK3
Reactome_2022,RND3 GTPase Cycle R-HSA-9696264,1/42,0.1883046532515607,0.2265153785099066,0,0,4.9427575908412145,8.252893343942876,DSG1
Reactome_2022,Signaling By FGFR2 In Disease R-HSA-5655253,1/42,0.1883046532515607,0.2265153785099066,0,0,4.9427575908412145,8.252893343942876,FGF10
Reactome_2022,Defensins R-HSA-1461973,1/43,0.1923309947723218,0.2296822314382509,0,0,4.824829931972789,7.953912881527455,CD4
Reactome_2022,GPER1 Signaling R-HSA-9634597,1/43,0.1923309947723218,0.2296822314382509,0,0,4.824829931972789,7.953912881527455,SRC
Reactome_2022,Homologous DNA Pairing And Strand Exchange R-HSA-5693579,1/43,0.1923309947723218,0.2296822314382509,0,0,4.824829931972789,7.953912881527455,ATM
Reactome_2022,RND2 GTPase Cycle R-HSA-9696270,1/43,0.1923309947723218,0.2296822314382509,0,0,4.824829931972789,7.953912881527455,DSG1
Reactome_2022,Smooth Muscle Contraction R-HSA-445355,1/43,0.1923309947723218,0.2296822314382509,0,0,4.824829931972789,7.953912881527455,PXDN
Reactome_2022,Aspirin ADME R-HSA-9749641,1/44,0.1963375647234362,0.233115494714858,0,0,4.7123872804935925,7.671388710729669,ALB
Reactome_2022,Interleukin-2 Family Signaling R-HSA-451927,1/44,0.1963375647234362,0.233115494714858,0,0,4.7123872804935925,7.671388710729669,STAT3
Reactome_2022,PI3K Cascade R-HSA-109704,1/44,0.1963375647234362,0.233115494714858,0,0,4.7123872804935925,7.671388710729669,FGF10
Reactome_2022,TNF Signaling R-HSA-75893,1/44,0.1963375647234362,0.233115494714858,0,0,4.7123872804935925,7.671388710729669,TNF
Reactome_2022,DNA Repair R-HSA-73894,3/310,0.1986230396052005,0.2354897620642953,0,0,1.9945032573289905,3.2238084070964463,CDK2;ATM;TP53
Reactome_2022,Bile Acid And Bile Salt Metabolism R-HSA-194068,1/45,0.200324459201293,0.2371657390544043,0,0,4.605055658627087,7.4040864558079,ALB
Reactome_2022,G Alpha (I) Signaling Events R-HSA-418594,3/312,0.2011555958033662,0.2378080501319566,0,0,1.9813915857605175,3.177511246061779,CCL20;SRC;NPY1R
Reactome_2022,IRS-mediated Signaling R-HSA-112399,1/47,0.2082396039645442,0.2458301341931009,0,0,4.404392191659272,6.9107816867744924,FGF10
Reactome_2022,IRE1alpha Activates Chaperones R-HSA-381070,1/48,0.2121680441057898,0.2493958178932537,0,0,4.3104646113764655,6.682843716128026,HSPA5
Reactome_2022,Inhibition Of DNA Recombination At Telomere R-HSA-9670095,1/48,0.2121680441057898,0.2493958178932537,0,0,4.3104646113764655,6.682843716128026,H3-3B
Reactome_2022,Inositol Phosphate Metabolism R-HSA-1483249,1/48,0.2121680441057898,0.2493958178932537,0,0,4.3104646113764655,6.682843716128026,PTEN
Reactome_2022,EPH-ephrin Mediated Repulsion Of Cells R-HSA-3928665,1/49,0.2160771886111481,0.253268283663707,0,0,4.2204506802721085,6.466235125579845,SRC
Reactome_2022,RMTs Methylate Histone Arginines R-HSA-3214858,1/49,0.2160771886111481,0.253268283663707,0,0,4.2204506802721085,6.466235125579845,H3C13
Reactome_2022,Extension Of Telomeres R-HSA-180786,1/50,0.2199671313012003,0.2570963350243816,0,0,4.134110787172012,6.26018948804807,CDK2
Reactome_2022,Neurotransmitter Release Cycle R-HSA-112310,1/50,0.2199671313012003,0.2570963350243816,0,0,4.134110787172012,6.26018948804807,HSPA8
Reactome_2022,Diseases Of DNA Repair R-HSA-9675135,1/51,0.2238379654636096,0.2586851101571029,0,0,4.051224489795918,6.06400592882887,ATM
Reactome_2022,GSK3B And BTRC:CUL1-mediated-degradation Of NFE2L2 R-HSA-9762114,1/51,0.2238379654636096,0.2586851101571029,0,0,4.051224489795918,6.06400592882887,GSK3B
Reactome_2022,IRS-related Events Triggered By IGF1R R-HSA-2428928,1/51,0.2238379654636096,0.2586851101571029,0,0,4.051224489795918,6.06400592882887,FGF10
Reactome_2022,Nonhomologous End-Joining (NHEJ) R-HSA-5693571,1/51,0.2238379654636096,0.2586851101571029,0,0,4.051224489795918,6.06400592882887,ATM
Reactome_2022,Synthesis Of PIPs At Plasma Membrane R-HSA-1660499,1/51,0.2238379654636096,0.2586851101571029,0,0,4.051224489795918,6.06400592882887,PTEN
Reactome_2022,Translocation Of SLC2A4 (GLUT4) To Plasma Membrane R-HSA-1445148,1/51,0.2238379654636096,0.2586851101571029,0,0,4.051224489795918,6.06400592882887,AKT1
Reactome_2022,Ubiquitin-dependent Degradation Of Cyclin D R-HSA-75815,1/51,0.2238379654636096,0.2586851101571029,0,0,4.051224489795918,6.06400592882887,GSK3B
Reactome_2022,Vpu Mediated Degradation Of CD4 R-HSA-180534,1/51,0.2238379654636096,0.2586851101571029,0,0,4.051224489795918,6.06400592882887,CD4
Reactome_2022,Neurotransmitter Receptors And Postsynaptic Signal Transmission R-HSA-112314,2/182,0.2275778012041381,0.2624005343976694,0,0,2.258991981672394,3.3439025092202574,SRC;MAPK3
Reactome_2022,IGF1R Signaling Cascade R-HSA-2428924,1/52,0.2276897840950651,0.2624005343976694,0,0,3.971588635454182,5.877042371985223,FGF10
Reactome_2022,Negative Regulation Of NOTCH4 Signaling R-HSA-9604323,1/53,0.2315226796253723,0.2653333630198982,0,0,3.895015698587127,5.698709605268148,AKT1
Reactome_2022,Nuclear Envelope Breakdown R-HSA-2980766,1/53,0.2315226796253723,0.2653333630198982,0,0,3.895015698587127,5.698709605268148,CDK1
Reactome_2022,Nuclear Receptor Transcription Pathway R-HSA-383280,1/53,0.2315226796253723,0.2653333630198982,0,0,3.895015698587127,5.698709605268148,ESR1
Reactome_2022,Signaling By Type 1 Insulin-like Growth Factor 1 Receptor (IGF1R) R-HSA-2404192,1/53,0.2315226796253723,0.2653333630198982,0,0,3.895015698587127,5.698709605268148,FGF10
Reactome_2022,Cilium Assembly R-HSA-5617833,2/186,0.2348785575675734,0.2682122781896575,0,0,2.209435230838189,3.200779377574563,HSP90AA1;CDK1
Reactome_2022,Mitotic Prometaphase R-HSA-68877,2/186,0.2348785575675734,0.2682122781896575,0,0,2.209435230838189,3.200779377574563,HSP90AA1;CDK1
Reactome_2022,AUF1 (hnRNP D0) Binds And Destabilizes mRNA R-HSA-450408,1/54,0.2353367440911679,0.2682122781896575,0,0,3.8213323065075087,5.528466035409756,HSPA8
Reactome_2022,RHOJ GTPase Cycle R-HSA-9013409,1/54,0.2353367440911679,0.2682122781896575,0,0,3.8213323065075087,5.528466035409756,CDC42
Reactome_2022,Amino Acids Regulate mTORC1 R-HSA-9639288,1/55,0.2391320690843626,0.2717859654145032,0,0,3.7503779289493577,5.365813052901269,MTOR
Reactome_2022,Golgi Associated Vesicle Biogenesis R-HSA-432722,1/55,0.2391320690843626,0.2717859654145032,0,0,3.7503779289493577,5.365813052901269,HSPA8
Reactome_2022,Chemokine Receptors Bind Chemokines R-HSA-380108,1/56,0.2429087456960643,0.2756980805145413,0,0,3.682003710575139,5.210290922491977,CCL20
Reactome_2022,Assembly Of Collagen Fibrils And Other Multimeric Structures R-HSA-2022090,1/57,0.24666686462221,0.2795783995167828,0,0,3.616071428571429,5.061475129166085,PXDN
Reactome_2022,Constitutive Signaling By NOTCH1 HD+PEST Domain Mutants R-HSA-2894862,1/58,0.2504065161532353,0.2830383666807488,0,0,3.552452559971357,4.918973126047551,MYC
Reactome_2022,Late SARS-CoV-2 Infection Events R-HSA-9772573,1/58,0.2504065161532353,0.2830383666807488,0,0,3.552452559971357,4.918973126047551,GSK3B
Reactome_2022,Peptide Ligand-Binding Receptors R-HSA-375276,2/196,0.2531850372889837,0.2848997265913,0,0,2.0944840046763735,2.8770558757782196,CCL20;NPY1R
Reactome_2022,Degradation Of GLI2 By Proteasome R-HSA-5610783,1/59,0.2541277901026765,0.2848997265913,0,0,3.491027445460943,4.782421433224194,GSK3B
Reactome_2022,GLI3 Is Processed To GLI3R By Proteasome R-HSA-5610785,1/59,0.2541277901026765,0.2848997265913,0,0,3.491027445460943,4.782421433224194,GSK3B
Reactome_2022,O-linked Glycosylation Of Mucins R-HSA-913709,1/59,0.2541277901026765,0.2848997265913,0,0,3.491027445460943,4.782421433224194,MUC2
Reactome_2022,RHOQ GTPase Cycle R-HSA-9013406,1/59,0.2541277901026765,0.2848997265913,0,0,3.491027445460943,4.782421433224194,CDC42
Reactome_2022,SCF(Skp2)-mediated Degradation Of P27/P21 R-HSA-187577,1/59,0.2541277901026765,0.2848997265913,0,0,3.491027445460943,4.782421433224194,CDK2
Reactome_2022,HDACs Deacetylate Histones R-HSA-3214815,1/60,0.25783077585673,0.2886583686222086,0,0,3.4316845382220684,4.65148304199707,H3C13
Reactome_2022,Interferon Signaling R-HSA-913531,2/200,0.2605209452628556,0.2912744354092171,0,0,2.0517546600020826,2.7597577787968723,IFNG;MAPK3
Reactome_2022,Cell-cell Junction Organization R-HSA-421270,1/61,0.2615155624003951,0.2919902756340455,0,0,3.3743197278911565,4.525845089772744,CTNNB1
Reactome_2022,Oxygen-dependent Proline Hydroxylation Of Hypoxia-inducible Factor Alpha R-HSA-1234176,1/64,0.2724616099866224,0.3038002254789944,0,0,3.2131519274376417,4.1779250708981355,HIF1A
Reactome_2022,FOXO-mediated Transcription R-HSA-9614085,1/65,0.2760744807676439,0.3074126650709981,0,0,3.162786989795918,4.070774401763339,AKT1
Reactome_2022,Activation Of NF-kappaB In B Cells R-HSA-1169091,1/66,0.2796695907321195,0.3105764727267742,0,0,3.113971742543171,3.9676559032118983,NFKB1
Reactome_2022,Integrin Cell Surface Interactions R-HSA-216083,1/66,0.2796695907321195,0.3105764727267742,0,0,3.113971742543171,3.9676559032118983,FN1
Reactome_2022,G Alpha (Q) Signaling Events R-HSA-416476,2/212,0.2825350266806619,0.3133362880011647,0,0,1.9333333333333331,2.443641979140743,EGFR;MAPK3
Reactome_2022,HDR Thru Homologous Recombination (HRR) R-HSA-5685942,1/67,0.2832470263652049,0.3137036958668397,0,0,3.066635745207174,3.8683643519169673,ATM
Reactome_2022,Circadian Clock R-HSA-400253,1/69,0.2903492181156227,0.3202781201168314,0,0,2.976140456182473,3.680506237161116,HIF1A
Reactome_2022,Diseases Associated With O-glycosylation Of Proteins R-HSA-3906995,1/69,0.2903492181156227,0.3202781201168314,0,0,2.976140456182473,3.680506237161116,MUC2
Reactome_2022,Orc1 Removal From Chromatin R-HSA-68949,1/69,0.2903492181156227,0.3202781201168314,0,0,2.976140456182473,3.680506237161116,CDK2
Reactome_2022,Metabolism Of Lipids R-HSA-556833,5/732,0.2964574296399966,0.3265787727584989,0,0,1.4028798033305043,1.7056937195749922,HPGD;ALB;PTEN;CYP4F8;PTGS2
Reactome_2022,"Plasma Lipoprotein Assembly, Remodeling, And Clearance R-HSA-174824",1/71,0.2973817391972986,0.3267234041314321,0,0,2.8908163265306124,3.505804684406461,ALB
Reactome_2022,trans-Golgi Network Vesicle Budding R-HSA-199992,1/71,0.2973817391972986,0.3267234041314321,0,0,2.8908163265306124,3.505804684406461,HSPA8
Reactome_2022,Neuronal System R-HSA-112316,3/386,0.2988490167170215,0.3278982553592886,0,0,1.5925261096605745,1.923479780035553,HSPA8;SRC;MAPK3
Reactome_2022,CDK-mediated Phosphorylation And Removal Of Cdc6 R-HSA-69017,1/72,0.3008720848743497,0.329241165918279,0,0,2.8499568841621157,3.4229979193514453,CDK2
Reactome_2022,Cdc20:Phospho-APC/C Mediated Degradation Of Cyclin A R-HSA-174184,1/72,0.3008720848743497,0.329241165918279,0,0,2.8499568841621157,3.4229979193514453,CDK1
Reactome_2022,APC:Cdc20 Mediated Degradation Of Cell Cycle Proteins Before Cycle Checkpoint Satisfied R-HSA-179419,1/73,0.3043452660894062,0.3317202371133211,0,0,2.810232426303855,3.343031356689387,CDK1
Reactome_2022,Cellular Response To Hypoxia R-HSA-1234174,1/73,0.3043452660894062,0.3317202371133211,0,0,2.810232426303855,3.343031356689387,HIF1A
Reactome_2022,RHOC GTPase Cycle R-HSA-9013106,1/73,0.3043452660894062,0.3317202371133211,0,0,2.810232426303855,3.343031356689387,RHOA
Reactome_2022,"Cell Death Signaling Via NRAGE, NRIF And NADE R-HSA-204998",1/74,0.3078013663461844,0.3346020130201265,0,0,2.7715963097567795,3.265773646062485,CASP3
Reactome_2022,RHOG GTPase Cycle R-HSA-9013408,1/74,0.3078013663461844,0.3346020130201265,0,0,2.7715963097567795,3.265773646062485,CDC42
Reactome_2022,APC/C:Cdc20 Mediated Degradation Of Mitotic Proteins R-HSA-176409,1/75,0.3112404688406589,0.3370067625817384,0,0,2.734004412575841,3.191101117194685,CDK1
Reactome_2022,ISG15 Antiviral Mechanism R-HSA-1169408,1/75,0.3112404688406589,0.3370067625817384,0,0,2.734004412575841,3.191101117194685,MAPK3
Reactome_2022,Nuclear Envelope (NE) Reassembly R-HSA-2995410,1/75,0.3112404688406589,0.3370067625817384,0,0,2.734004412575841,3.191101117194685,CDK1
Reactome_2022,Metabolism R-HSA-1430728,12/2049,0.3136558335119577,0.3391763868948204,0,0,1.2096219931271477,1.4025070651814753,SLC5A8;CYP2A6;HSP90AA1;DDC;HSP90AB1;HPGD;TH;ALB;PTEN;AKT1;CYP4F8;PTGS2
Reactome_2022,Activation Of APC/C And APC/C:Cdc20 Mediated Degradation Of Mitotic Proteins R-HSA-176814,1/76,0.3146626563027286,0.3393743832374978,0,0,2.697414965986394,3.1188972389470715,CDK1
Reactome_2022,SUMOylation Of DNA Damage Response And Repair Proteins R-HSA-3108214,1/76,0.3146626563027286,0.3393743832374978,0,0,2.697414965986394,3.1188972389470715,CDKN2A
Reactome_2022,FCERI Mediated NF-kB Activation R-HSA-2871837,1/78,0.3214566150845788,0.3457966721014268,0,0,2.62708719851577,2.981462056839342,NFKB1
Reactome_2022,G Alpha (12/13) Signaling Events R-HSA-416482,1/78,0.3214566150845788,0.3457966721014268,0,0,2.62708719851577,2.981462056839342,RHOA
Reactome_2022,Downstream Signaling Events Of B Cell Receptor (BCR) R-HSA-1168372,1/79,0.3248285499837176,0.3489683509603433,0,0,2.5932757718472006,2.9160291027167355,NFKB1
Reactome_2022,Signaling By NOTCH4 R-HSA-9013694,1/81,0.3315227364712461,0.3556962693389411,0,0,2.528188775510204,2.7912692807310164,AKT1
Reactome_2022,PI Metabolism R-HSA-1483255,1/82,0.3348451492584174,0.358793762014221,0,0,2.496850592088687,2.73177201105479,PTEN
Reactome_2022,Antiviral Mechanism By IFN-stimulated Genes R-HSA-1169410,1/83,0.3381512151541468,0.3618657159571649,0,0,2.4662767546042805,2.674090416659631,MAPK3
Reactome_2022,RAC2 GTPase Cycle R-HSA-9013404,1/87,0.3512135969613066,0.3753566846901643,0,0,2.35109159943047,2.4600898570326124,CDC42
Reactome_2022,PCP/CE Pathway R-HSA-4086400,1/88,0.3544391152115018,0.3783132525055408,0,0,2.3239502697630776,2.4104446686187133,RHOA
Reactome_2022,Antimicrobial Peptides R-HSA-6803157,1/89,0.3576487585509577,0.3797713621726664,0,0,2.297425788497217,2.3622221454976327,CD4
Reactome_2022,Interferon Gamma Signaling R-HSA-877300,1/89,0.3576487585509577,0.3797713621726664,0,0,2.297425788497217,2.3622221454976327,IFNG
Reactome_2022,RAB GEFs Exchange GTP For GDP On RABs R-HSA-8876198,1/89,0.3576487585509577,0.3797713621726664,0,0,2.297425788497217,2.3622221454976327,AKT1
Reactome_2022,Unfolded Protein Response (UPR) R-HSA-381119,1/89,0.3576487585509577,0.3797713621726664,0,0,2.297425788497217,2.3622221454976327,HSPA5
Reactome_2022,Collagen Formation R-HSA-1474290,1/90,0.3608426043269181,0.3821777711637282,0,0,2.27149736299014,2.315367733821622,PXDN
Reactome_2022,Switching Of Origins To A Post-Replicative State R-HSA-69052,1/90,0.3608426043269181,0.3821777711637282,0,0,2.27149736299014,2.315367733821622,CDK2
Reactome_2022,HCMV Late Events R-HSA-9610379,1/91,0.3640207295484168,0.3850488846571187,0,0,2.246145124716554,2.269829520354966,H3C13
Reactome_2022,Post-translational Modification: Synthesis Of GPI-anchored Proteins R-HSA-163125,1/92,0.3671832107677797,0.3878961098367314,0,0,2.2213500784929354,2.225558078777643,MSLN
Reactome_2022,RAC3 GTPase Cycle R-HSA-9013423,1/93,0.3703301241728348,0.3907196188456029,0,0,2.19709405501331,2.182506325224557,CDC42
Reactome_2022,Drug ADME R-HSA-9748784,1/95,0.3765775507485954,0.3968029434997988,0,0,2.150130264871906,2.0998844617159325,ALB
Reactome_2022,Hedgehog Off State R-HSA-5610787,1/98,0.3858338168827518,0.4060371201933429,0,0,2.083315800547023,1.9840427369076143,GSK3B
Reactome_2022,TNFR2 Non-Canonical NF-kB Pathway R-HSA-5668541,1/100,0.3919289465238684,0.4119253213465148,0,0,2.0410224695938983,1.9117741389719496,TNF
Reactome_2022,Organelle Biogenesis And Maintenance R-HSA-1852241,2/275,0.3958901094650606,0.4155585352856178,0,0,1.4824213587100186,1.3736392152682757,HSP90AA1;CDK1
Reactome_2022,MHC Class II Antigen Presentation R-HSA-2132295,1/104,0.4039401343045305,0.4229309665399405,0,0,1.9613631860511191,1.77795335766201,CTSE
Reactome_2022,Transport Of Inorganic Cations/Anions And Amino Acids/Oligopeptides R-HSA-425393,1/104,0.4039401343045305,0.4229309665399405,0,0,1.9613631860511191,1.77795335766201,SLC5A8
Reactome_2022,HATs Acetylate Histones R-HSA-3214847,1/106,0.4098573516877627,0.4280386030300588,0,0,1.923809523809524,1.715934406782979,H3C13
Reactome_2022,Resolution Of Sister Chromatid Cohesion R-HSA-2500257,1/106,0.4098573516877627,0.4280386030300588,0,0,1.923809523809524,1.715934406782979,CDK1
Reactome_2022,O-linked Glycosylation R-HSA-5173105,1/107,0.4127941170677454,0.430559939827623,0,0,1.905564112437428,1.686055162619566,MUC2
Reactome_2022,Degradation Of Extracellular Matrix R-HSA-1474228,1/109,0.4186243157546825,0.4355384295225485,0,0,1.870086923658352,1.6284368765459123,CASP3
Reactome_2022,Signaling By B Cell Receptor (BCR) R-HSA-983705,1/109,0.4186243157546825,0.4355384295225485,0,0,1.870086923658352,1.6284368765459123,NFKB1
Reactome_2022,Synthesis Of DNA R-HSA-69239,1/119,0.4469267678153735,0.4643980538207664,0,0,1.7107402282947075,1.377762653839732,CDK2
Reactome_2022,Rab Regulation Of Trafficking R-HSA-9007101,1/122,0.4551483856003421,0.4723454278774331,0,0,1.6680721875527071,1.3129926485038452,AKT1
Reactome_2022,Host Interactions Of HIV Factors R-HSA-162909,1/130,0.476485915368248,0.4938671625955174,0,0,1.5639930390760957,1.159414807355212,CD4
Reactome_2022,Class A/1 (Rhodopsin-like Receptors) R-HSA-373076,2/327,0.4831908965105164,0.5001875612118915,0,0,1.2419349722442503,0.9033132953835814,CCL20;NPY1R
Reactome_2022,Signaling By Hedgehog R-HSA-5358351,1/135,0.489399606408169,0.505979015910077,0,0,1.505254340542187,1.075618523602017,GSK3B
Reactome_2022,Influenza Viral RNA Transcription And Replication R-HSA-168273,1/137,0.4944763372236363,0.5105870950780405,0,0,1.48296818727491,1.0443892155035843,HSP90AA1
Reactome_2022,Diseases Of Glycosylation R-HSA-3781865,1/143,0.5094086432764261,0.5253475870585421,0,0,1.4198764012647311,0.9577133756717252,MUC2
Reactome_2022,RHOA GTPase Cycle R-HSA-8980692,1/147,0.5191200859954508,0.5346936885753143,0,0,1.3806961140620633,0.9052120456892928,RHOA
Reactome_2022,CDC42 GTPase Cycle R-HSA-9013148,1/149,0.5239041978776239,0.5382756347271347,0,0,1.361900165471594,0.8803955134057883,CDC42
Reactome_2022,HIV Life Cycle R-HSA-162587,1/149,0.5239041978776239,0.5382756347271347,0,0,1.361900165471594,0.8803955134057883,CD4
Reactome_2022,Cellular Response To Starvation R-HSA-9711097,1/153,0.5333315220833812,0.5459194710518088,0,0,1.3257921589688506,0.8334089342440957,MTOR
Reactome_2022,G Alpha (S) Signaling Events R-HSA-418555,1/153,0.5333315220833812,0.5459194710518088,0,0,1.3257921589688506,0.8334089342440957,SRC
Reactome_2022,Metabolism Of Steroids R-HSA-8957322,1/153,0.5333315220833812,0.5459194710518088,0,0,1.3257921589688506,0.8334089342440957,ALB
Reactome_2022,Metabolism Of Amino Acids And Derivatives R-HSA-71291,2/364,0.540470849792329,0.552540918398113,0,0,1.112889445805092,0.6847770966862092,DDC;TH
Reactome_2022,Influenza Infection R-HSA-168255,1/157,0.5425740208037632,0.5540037089743505,0,0,1.2915358451072736,0.7896847420460786,HSP90AA1
Reactome_2022,Anti-inflammatory Response Favoring Leishmania Infection R-HSA-9662851,1/165,0.5605188219399583,0.5716182045526307,0,0,1.2280363364858138,0.7109009713882375,SRC
Reactome_2022,RAC1 GTPase Cycle R-HSA-9013149,1/178,0.5882042085913648,0.5991103434849007,0,0,1.1370921249855874,0.6034332972475993,CDC42
Reactome_2022,mRNA Splicing - Major Pathway R-HSA-72163,1/181,0.5943438143185709,0.6046164234549413,0,0,1.1179705215419502,0.5816770606995607,HSPA8
Reactome_2022,mRNA Splicing R-HSA-72172,1/189,0.6102766196965284,0.6200591055856219,0,0,1.0699630916196263,0.5283937292260591,HSPA8
Reactome_2022,Muscle Contraction R-HSA-397014,1/196,0.6237086396667608,0.6329260087258756,0,0,1.0311878597592885,0.4867948568293317,PXDN
Reactome_2022,Metabolism Of RNA R-HSA-8953854,3/666,0.6449660576152155,0.6536091661968583,0,0,0.9067684766214178,0.3976701954587052,HSPA8;MYC;AKT1
Reactome_2022,Phospholipid Metabolism R-HSA-1483257,1/208,0.6456770161216537,0.6536091661968583,0,0,0.9708173124322192,0.4246897371398425,PTEN
Reactome_2022,GPCR Ligand Binding R-HSA-500792,2/458,0.6656645595062648,0.6730154564824076,0,0,0.8792277084463737,0.3578187727308899,CCL20;NPY1R
Reactome_2022,HIV Infection R-HSA-162906,1/229,0.6811088272717328,0.6877863647940047,0,0,0.8804600787683494,0.3381258843545446,CD4
Reactome_2022,Mitotic Anaphase R-HSA-68882,1/232,0.6858754834586032,0.6917520175886034,0,0,0.8688930117501547,0.3276240854101059,CDK1
Reactome_2022,Mitotic Metaphase And Anaphase R-HSA-2555396,1/233,0.6874486416504636,0.6924910522249169,0,0,0.865103800140746,0.324213355309391,CDK1
Reactome_2022,Neddylation R-HSA-8951664,1/237,0.6936636627250178,0.6978984836207749,0,0,0.8502680733310273,0.3110009136887185,HIF1A
Reactome_2022,Processing Of Capped Intron-Containing Pre-mRNA R-HSA-72203,1/242,0.7012606486648464,0.7046814323168701,0,0,0.8324159539334406,0.2954041419000209,HSPA8
Reactome_2022,Diseases Of Metabolism R-HSA-5668914,1/247,0.7086710883934894,0.7103953489491913,0,0,0.8152895304463249,0.2807561757477568,MUC2
Reactome_2022,SLC-mediated Transmembrane Transport R-HSA-425407,1/247,0.7086710883934894,0.7103953489491913,0,0,0.8152895304463249,0.2807561757477568,SLC5A8
Reactome_2022,Class I MHC Mediated Antigen Processing And Presentation R-HSA-983169,1/378,0.8494842638927342,0.8505164440432723,0,0,0.5284469225355924,0.0862033597627943,HSPA5
Reactome_2022,Transport Of Small Molecules R-HSA-382551,2/706,0.8689032399318811,0.8689032399318811,0,0,0.5622364104967198,0.0790074318117429,SLC5A8;ALB
