Gene_set,Term,Overlap,P-value,Adjusted P-value,Old P-value,Old Adjusted P-value,Odds Ratio,Combined Score,Genes
Reactome_2022,Signaling By Receptor Tyrosine Kinases R-HSA-9006934,15/496,2.1303506821025632e-08,1.3127674797095554e-05,0,0,7.209682209682209,127.35466816370072,NTRK2;SRC;PLAT;NRG1;LAMC2;FOS;EGFR;MYCN;MYC;ERBB2;ID4;AKT1;CTNNB1;PGR;FGFR4
Reactome_2022,Signal Transduction R-HSA-162582,33/2465,4.1152585570832465e-08,1.3127674797095554e-05,0,0,3.5914884868421053,61.07677806959918,HSP90AB1;SRC;ADCY2;PLAT;LAMC2;EGFR;SCUBE2;GJA1;WNT11;GNG4;MYC;ERBB2;TNFSF10;AKT1;WNT4;LINGO1;NTRK2;TGFB2;JUN;CBX2;NPY1R;NRG1;FOS;ALDH1A3;MYCN;FABP7;PPP1R1B;ID4;CTNNB1;PGR;FGFR4;S100A9;TP53
Reactome_2022,ESR-mediated Signaling R-HSA-8939211,9/188,3.954145595295233e-07,8.409149632661196e-05,0,0,11.017877094972068,162.44021008104738,JUN;HSP90AB1;GNG4;SRC;MYC;AKT1;PGR;FOS;EGFR
Reactome_2022,Signaling By Nuclear Receptors R-HSA-9006931,10/260,6.545298371605911e-07,0.00010439750902711428,0,0,8.83191011235955,125.76064746711006,ALDH1A3;JUN;HSP90AB1;GNG4;SRC;MYC;AKT1;PGR;FOS;EGFR
Reactome_2022,Intracellular Signaling By Second Messengers R-HSA-9006925,10/306,2.842947201791065e-06,0.0003627600629485399,0,0,7.441922259337989,95.0383281062689,JUN;SRC;CBX2;ERBB2;AKT1;ADCY2;NRG1;FGFR4;TP53;EGFR
Reactome_2022,Signaling By ERBB2 R-HSA-1227986,5/49,4.306183386657277e-06,0.0004338229970418497,0,0,24.00507736943907,296.593738938839,SRC;ERBB2;AKT1;NRG1;EGFR
Reactome_2022,Developmental Biology R-HSA-1266738,18/1073,4.75981344716763e-06,0.0004338229970418497,0,0,3.9696682464454978,48.649483526546774,JUN;HSP90AB1;SRC;KRT23;KRT5;EGFR;CACNA1H;MYC;KRT14;ERBB2;AKT1;CTNNB1;DSG3;PTGDS;DSC3;KRT6A;RPL19;WNT4
Reactome_2022,PIP3 Activates AKT Signaling R-HSA-1257604,9/268,7.366463501146368e-06,0.0005874754642164229,0,0,7.583783783783784,89.62950088096758,JUN;SRC;CBX2;ERBB2;AKT1;NRG1;FGFR4;TP53;EGFR
Reactome_2022,Downregulation Of ERBB2 Signaling R-HSA-8863795,4/29,1.2197853608612927e-05,0.0008377709835010076,0,0,33.47536842105263,378.7487057508999,ERBB2;AKT1;NRG1;EGFR
Reactome_2022,PI3K/AKT Signaling In Cancer R-HSA-2219528,6/105,1.3681025874541638e-05,0.0008377709835010076,0,0,12.90452916259368,144.5242828444539,SRC;ERBB2;AKT1;NRG1;FGFR4;EGFR
Reactome_2022,"PI5P, PP2A And IER3 Regulate PI3K/AKT Signaling R-HSA-6811558",6/106,1.444432730174151e-05,0.0008377709835010076,0,0,12.77483870967742,142.3782447387019,SRC;ERBB2;AKT1;NRG1;FGFR4;EGFR
Reactome_2022,Negative Regulation Of PI3K/AKT Network R-HSA-199418,6/113,2.0805789423339037e-05,0.0011061744710075,0,0,11.934880916490805,128.66134936171554,SRC;ERBB2;AKT1;NRG1;FGFR4;EGFR
Reactome_2022,Extra-nuclear Estrogen Signaling R-HSA-9009391,5/73,3.088219096308855e-05,0.0012942003419649,0,0,15.51392365456821,161.1172304687459,SRC;GNG4;AKT1;FOS;EGFR
Reactome_2022,Disease R-HSA-1643685,22/1736,3.207519247898329e-05,0.0012942003419649,0,0,3.031671945324221,31.370006102399625,JUN;HSP90AB1;S100A1;CDKN2A;SRC;SLC1A1;ABCA4;ADCY2;NRG1;EGFR;GJA1;SLPI;GNG4;MYC;ERBB2;AKT1;CTNNB1;FGFR4;S100A9;TP53;RPL19;LTF
Reactome_2022,Downregulation Of ERBB2:ERBB3 Signaling R-HSA-1358803,3/13,3.245643490821255e-05,0.0012942003419649,0,0,62.159375,642.4551717332324,ERBB2;AKT1;NRG1
Reactome_2022,ERBB2 Activates PTK6 Signaling R-HSA-8847993,3/13,3.245643490821255e-05,0.0012942003419649,0,0,62.159375,642.4551717332324,ERBB2;NRG1;EGFR
Reactome_2022,Constitutive Signaling By Aberrant PI3K In Cancer R-HSA-2219530,5/78,4.256578239614189e-05,0.0015974687746316,0,0,14.44768289128534,145.40812449451144,SRC;ERBB2;NRG1;FGFR4;EGFR
Reactome_2022,ERBB2 Regulates Cell Motility R-HSA-6785631,3/15,5.1265084949774006e-05,0.001721427589366,0,0,51.794270833333336,511.6497377189916,ERBB2;NRG1;EGFR
Reactome_2022,GRB2 Events In ERBB2 Signaling R-HSA-1963640,3/15,5.1265084949774006e-05,0.001721427589366,0,0,51.794270833333336,511.6497377189916,ERBB2;NRG1;EGFR
Reactome_2022,PI3K Events In ERBB2 Signaling R-HSA-1963642,3/16,6.286897987251736e-05,0.0020055204579333,0,0,47.80769230769231,462.5134960896842,ERBB2;NRG1;EGFR
Reactome_2022,Oxidative Stress Induced Senescence R-HSA-2559580,5/93,9.883188015420392e-05,0.0030026066446848,0,0,11.975942940038683,110.4432275995174,JUN;CDKN2A;CBX2;FOS;TP53
Reactome_2022,Transcriptional Regulation By RUNX3 R-HSA-8878159,5/95,0.00010932749137697812,0.0031704972499323,0,0,11.708628841607563,106.7963083327556,SRC;CDKN2A;MYC;CTNNB1;TP53
Reactome_2022,Signaling By Non-Receptor Tyrosine Kinases R-HSA-9006927,4/52,0.00012742870133191422,0.0035347613673809,0,0,17.414912280701753,156.17612449806762,ERBB2;AKT1;NRG1;EGFR
Reactome_2022,SHC1 Events In ERBB2 Signaling R-HSA-1250196,3/21,0.00014665418694653583,0.0037426148508755,0,0,34.51909722222222,304.7150252794808,ERBB2;NRG1;EGFR
Reactome_2022,Signaling By ERBB2 TMD/JMD Mutants R-HSA-9665686,3/21,0.00014665418694653583,0.0037426148508755,0,0,34.51909722222222,304.7150252794808,ERBB2;NRG1;EGFR
Reactome_2022,Signaling By ERBB4 R-HSA-1236394,4/57,0.00018244398085530427,0.0044768946071416,0,0,15.768023833167826,135.74797972820028,SRC;NRG1;PGR;EGFR
Reactome_2022,Interleukin-4 And Interleukin-13 Signaling R-HSA-6785807,5/107,0.0001914285928627822,0.0045233867498687,0,0,10.32488527325824,88.39129844908975,MYC;AKT1;FOS;PTGS2;TP53
Reactome_2022,Defective Intrinsic Pathway For Apoptosis R-HSA-9734009,3/24,0.0002207869375035619,0.0046440497800487,0,0,29.583333333333332,249.04174198623193,JUN;CDKN2A;TP53
Reactome_2022,Signaling By ERBB2 KD Mutants R-HSA-9664565,3/24,0.0002207869375035619,0.0046440497800487,0,0,29.583333333333332,249.04174198623193,ERBB2;NRG1;EGFR
Reactome_2022,Estrogen-dependent Nuclear Events Downstream Of ESR-membrane Signaling R-HSA-9634638,3/24,0.0002207869375035619,0.0046440497800487,0,0,29.583333333333332,249.04174198623193,AKT1;FOS;EGFR
Reactome_2022,MyD88:MAL(TIRAP) Cascade Initiated On Plasma Membrane R-HSA-166058,5/112,0.0002369109577859724,0.0046440497800487,0,0,9.839928415191888,82.14201216127458,JUN;S100A1;FOS;S100A9;TP53
Reactome_2022,Ca2+ Pathway R-HSA-4086398,4/61,0.00023741107535325115,0.0046440497800487,0,0,14.65854108956602,122.3360417840641,WNT11;GNG4;MYC;CTNNB1
Reactome_2022,GRB7 Events In ERBB2 Signaling R-HSA-1306955,2/5,0.0002402094713818293,0.0046440497800487,0,0,136.75601374570448,1139.724511594925,ERBB2;NRG1
Reactome_2022,Signaling By ERBB2 In Cancer R-HSA-1227990,3/25,0.00024999499059859726,0.0046910824706442,0,0,28.23721590909091,234.20143626014345,ERBB2;NRG1;EGFR
Reactome_2022,Apoptosis R-HSA-109581,6/178,0.00025811375647482096,0.0047050450465981,0,0,7.400225056264066,61.141474576645095,CDKN2A;TNFSF10;AKT1;CTNNB1;DSG3;TP53
Reactome_2022,Signaling By ALK R-HSA-201556,3/26,0.00028159031963469633,0.0049904062201926,0,0,27.008152173913043,220.79319187429456,MYCN;SRC;MYC
Reactome_2022,Estrogen-dependent Gene Expression R-HSA-9018519,5/119,0.000313862277238988,0.0054120035913101,0,0,9.232456140350877,74.47412701991787,JUN;HSP90AB1;MYC;PGR;FOS
Reactome_2022,Activated NTRK2 Signals Thru FYN R-HSA-9032500,2/6,0.00035915145937275825,0.0058753495148671,0,0,102.5618556701031,813.4966772432183,NTRK2;SRC
Reactome_2022,Metal Sequestration By Antimicrobial Proteins R-HSA-6799990,2/6,0.00035915145937275825,0.0058753495148671,0,0,102.5618556701031,813.4966772432183,S100A9;LTF
Reactome_2022,Insulin-like Growth Factor-2 mRNA Binding Proteins (IGF2BPs/IMPs/VICKZs) Bind RNA R-HSA-428359,2/7,0.000501189726718219,0.0079863670517387,0,0,82.04536082474227,623.4237936654181,MYC;IGF2BP2
Reactome_2022,Signaling By NOTCH R-HSA-157118,6/203,0.000519839394790461,0.0079863670517387,0,0,6.452922875388898,48.79694245058413,JUN;MYC;FABP7;AKT1;TP53;EGFR
Reactome_2022,Nuclear Signaling By ERBB4 R-HSA-1251985,3/32,0.0005257483012116406,0.0079863670517387,0,0,21.41379310344828,161.6888700758816,SRC;NRG1;PGR
Reactome_2022,Programmed Cell Death R-HSA-5357801,6/208,0.0005908357391146462,0.0085671182171623,0,0,6.291600127754711,46.7715824338452,CDKN2A;TNFSF10;AKT1;CTNNB1;DSG3;TP53
Reactome_2022,Keratinization R-HSA-6805567,6/208,0.0005908357391146462,0.0085671182171623,0,0,6.291600127754711,46.7715824338452,KRT14;KRT23;KRT5;DSG3;DSC3;KRT6A
Reactome_2022,Toll Like Receptor 4 (TLR4) Cascade R-HSA-166016,5/140,0.0006603784418167005,0.0086728595710746,0,0,7.7880220646178095,57.02932962916552,JUN;S100A1;FOS;S100A9;TP53
Reactome_2022,Neuronal System R-HSA-112316,8/386,0.0006648576153100619,0.0086728595710746,0,0,4.54049654049654,33.217989601889066,GNG4;SRC;SLC1A1;SLITRK6;ADCY2;NRG1;DLGAP3;PPM1E
Reactome_2022,Binding Of TCF/LEF:CTNNB1 To Target Gene Promoters R-HSA-4411364,2/8,0.0006660973651765811,0.0086728595710746,0,0,68.36769759450172,500.0464475569458,MYC;CTNNB1
Reactome_2022,RUNX3 Regulates WNT Signaling R-HSA-8951430,2/8,0.0006660973651765811,0.0086728595710746,0,0,68.36769759450172,500.0464475569458,MYC;CTNNB1
Reactome_2022,InlA-mediated Entry Of Listeria Monocytogenes Into Host Cells R-HSA-8876493,2/8,0.0006660973651765811,0.0086728595710746,0,0,68.36769759450172,500.0464475569458,SRC;CTNNB1
Reactome_2022,Beta-catenin Independent WNT Signaling R-HSA-3858494,5/142,0.0007041534274326624,0.0089849977340407,0,0,7.673551793756794,55.698585341266885,WNT11;GNG4;MYC;CTNNB1;WNT4
Reactome_2022,Regulation Of TP53 Degradation R-HSA-6804757,3/36,0.0007460510234598187,0.0091534721724493,0,0,18.814393939393938,135.47711808178047,CDKN2A;AKT1;TP53
Reactome_2022,Transcriptional Regulation By AP-2 (TFAP2) Family Of Transcription Factors R-HSA-8864260,3/36,0.0007460510234598187,0.0091534721724493,0,0,18.814393939393938,135.47711808178047,MYC;ERBB2;EGFR
Reactome_2022,Regulation Of TP53 Expression And Degradation R-HSA-6806003,3/37,0.000808976037464977,0.0097382398472199,0,0,18.26011029411765,130.00726069671498,CDKN2A;AKT1;TP53
Reactome_2022,Transcriptional Regulation By VENTX R-HSA-8853884,3/39,0.0009447195722076116,0.011161686797564,0,0,17.24392361111111,120.09741705099448,CDKN2A;CTNNB1;TP53
Reactome_2022,MAPK Family Signaling Cascades R-HSA-5683057,7/318,0.0010266539013848,0.0119091852560642,0,0,4.792744303089613,32.981032222960366,JUN;SRC;MYC;ERBB2;NRG1;FGFR4;EGFR
Reactome_2022,Activation Of AP-1 Family Of Transcription Factors R-HSA-450341,2/10,0.0010636212860347,0.0121176853658954,0,0,51.27061855670103,351.0025453408367,JUN;FOS
Reactome_2022,Diseases Of Signal Transduction By Growth Factor Receptors And Second Messengers R-HSA-5663202,8/424,0.0012170563013096,0.0136224898286938,0,0,4.11770921386306,27.635265039847233,SRC;MYC;ERBB2;AKT1;CTNNB1;NRG1;FGFR4;EGFR
Reactome_2022,GPER1 Signaling R-HSA-9634597,3/43,0.0012575858202976,0.0137378286398924,0,0,15.51640625,103.62727202736151,SRC;GNG4;ADCY2
Reactome_2022,Toll-like Receptor Cascades R-HSA-168898,5/162,0.0012704261594884,0.0137378286398924,0,0,6.689253286353164,44.60663585398984,JUN;S100A1;FOS;S100A9;TP53
Reactome_2022,Apoptotic Cleavage Of Cell Adhesion Proteins R-HSA-351906,2/11,0.0012957918894975,0.0137785870916576,0,0,45.57159221076747,302.9888042778111,CTNNB1;DSG3
Reactome_2022,Cellular Senescence R-HSA-2559583,5/165,0.001377971386912,0.0144122253254082,0,0,6.56283244680851,43.23031496438744,JUN;CDKN2A;CBX2;FOS;TP53
Reactome_2022,Transmission Across Chemical Synapses R-HSA-112315,6/246,0.0014073443643418,0.0144820274911309,0,0,5.285215053763441,34.702990426339184,GNG4;SRC;SLC1A1;ADCY2;NRG1;PPM1E
Reactome_2022,TFAP2 (AP-2) Family Regulates Transcription Of Growth Factors And Their Receptors R-HSA-8866910,2/13,0.0018258482536678,0.0182014247787512,0,0,37.28209934395501,235.0901291502568,ERBB2;EGFR
Reactome_2022,Transcriptional Regulation Of Testis Differentiation R-HSA-9690406,2/13,0.0018258482536678,0.0182014247787512,0,0,37.28209934395501,235.0901291502568,PTGDS;WNT4
Reactome_2022,Neurotransmitter Receptors And Postsynaptic Signal Transmission R-HSA-112314,5/182,0.0021187805530261,0.0205252135219695,0,0,5.9273951196057215,36.494465354084895,GNG4;SRC;ADCY2;NRG1;PPM1E
Reactome_2022,Regulation Of TP53 Activity Thru Association With Co-factors R-HSA-6804759,2/14,0.0021232979505485,0.0205252135219695,0,0,34.17353951890034,210.3307802944267,AKT1;TP53
Reactome_2022,Hemostasis R-HSA-109582,9/576,0.0022245014309915,0.0211825658652631,0,0,3.4098765432098768,20.828284502172732,SLC7A5;TGFB2;GNG4;CEACAM6;SRC;AKT1;PLAT;S100A9;TP53
Reactome_2022,Signaling By ERBB2 ECD Mutants R-HSA-9665348,2/15,0.0024420739189198,0.0225803356560996,0,0,31.54321966693101,189.7295527731584,ERBB2;EGFR
Reactome_2022,Synthesis Of Prostaglandins (PG) And Thromboxanes (TX) R-HSA-2162123,2/15,0.0024420739189198,0.0225803356560996,0,0,31.54321966693101,189.7295527731584,PTGS2;PTGDS
Reactome_2022,Signaling By NTRK1 (TRKA) R-HSA-187037,4/114,0.0024861406868536,0.0226593965458944,0,0,7.5755023923444975,45.4304673547837,NTRK2;SRC;ID4;FOS
Reactome_2022,Intrinsic Pathway For Apoptosis R-HSA-109606,3/55,0.0025612307654695,0.0230150032164724,0,0,11.928485576923077,71.18046273594426,CDKN2A;AKT1;TP53
Reactome_2022,Cell-Cell Communication R-HSA-1500931,4/120,0.0029923793673934,0.0263825580602129,0,0,7.181488203266787,41.73655755962239,SRC;CTNNB1;LAMC2;CLDN1
Reactome_2022,Cellular Responses To Stress R-HSA-2262752,10/722,0.0030544910337511,0.0263825580602129,0,0,3.028184572654968,17.536647774850838,JUN;HSP90AB1;CDKN2A;MYC;CBX2;AKT1;PGR;FOS;TP53;RPL19
Reactome_2022,GAB1 Signalosome R-HSA-180292,2/17,0.003142749862972,0.0263825580602129,0,0,27.334707903780068,157.5205488452212,SRC;EGFR
Reactome_2022,MET Activates PTK2 Signaling R-HSA-8874081,2/17,0.003142749862972,0.0263825580602129,0,0,27.334707903780068,157.5205488452212,SRC;LAMC2
Reactome_2022,MyD88 Deficiency (TLR2/4) R-HSA-5602498,2/17,0.003142749862972,0.0263825580602129,0,0,27.334707903780068,157.5205488452212,S100A1;S100A9
Reactome_2022,Signaling By WNT R-HSA-195721,6/294,0.0034284449472315,0.0277587209182861,0,0,4.393593189964157,24.93649054884974,WNT11;GNG4;MYC;AKT1;CTNNB1;WNT4
Reactome_2022,Regulation Of PTEN Gene Transcription R-HSA-8943724,3/61,0.003439200370644,0.0277587209182861,0,0,10.69127155172414,60.646411984638426,JUN;CBX2;TP53
Reactome_2022,Cellular Responses To Stimuli R-HSA-8953897,10/736,0.0035009386261519,0.0277587209182861,0,0,2.9676231157334323,16.78109015268741,JUN;HSP90AB1;CDKN2A;MYC;CBX2;AKT1;PGR;FOS;TP53;RPL19
Reactome_2022,Regulation Of TLR By Endogenous Ligand R-HSA-5686938,2/18,0.0035242263234814,0.0277587209182861,0,0,25.625,144.73241770614385,S100A1;S100A9
Reactome_2022,IRAK4 Deficiency (TLR2/4) R-HSA-5603041,2/18,0.0035242263234814,0.0277587209182861,0,0,25.625,144.73241770614385,S100A1;S100A9
Reactome_2022,TP53 Regulates Transcription Of DNA Repair Genes R-HSA-6796648,3/62,0.0036012200123127,0.0280192483884822,0,0,10.509533898305085,59.13170959844158,JUN;FOS;TP53
Reactome_2022,SUMOylation Of Transcription Factors R-HSA-3232118,2/19,0.0039261820041989,0.0298202871271297,0,0,24.116434202547,133.6071635204122,CDKN2A;TP53
Reactome_2022,Listeria Monocytogenes Entry Into Host Cells R-HSA-8876384,2/19,0.0039261820041989,0.0298202871271297,0,0,24.116434202547,133.6071635204122,SRC;CTNNB1
Reactome_2022,Signaling By NTRKs R-HSA-166520,4/132,0.0042078629960055,0.0315837246053123,0,0,6.504276315789474,35.58359722336076,NTRK2;SRC;ID4;FOS
Reactome_2022,Cell Surface Interactions At Vascular Wall R-HSA-202733,4/134,0.004438456271587,0.032927152340378,0,0,6.403562753036438,34.69097238890281,SLC7A5;CEACAM6;SRC;S100A9
Reactome_2022,CTLA4 Inhibitory Signaling R-HSA-389513,2/21,0.004790700886259,0.0351318064992332,0,0,21.57569180683668,115.23746482857185,SRC;AKT1
Reactome_2022,Innate Immune System R-HSA-168249,12/1035,0.0050451336066146,0.0362147739219599,0,0,2.5453197155088145,13.463038838990055,JUN;PTPRN2;HSP90AB1;SLPI;S100A1;CEACAM6;SRC;CTNNB1;FOS;S100A9;TP53;LTF
Reactome_2022,PTEN Regulation R-HSA-6807070,4/139,0.0050519041991448,0.0362147739219599,0,0,6.164834307992202,32.59958240430221,JUN;CBX2;AKT1;TP53
Reactome_2022,Diseases Of Programmed Cell Death R-HSA-9645723,3/71,0.0052707201017753,0.0373635491659184,0,0,9.114430147058824,47.810547995298634,JUN;CDKN2A;TP53
Reactome_2022,Signaling By NTRK2 (TRKB) R-HSA-9006115,2/23,0.0057346613696212,0.0393410102561117,0,0,19.518900343642613,100.74146719605557,NTRK2;SRC
Reactome_2022,Triglyceride Catabolism R-HSA-163560,2/23,0.0057346613696212,0.0393410102561117,0,0,19.518900343642613,100.74146719605557,FABP3;FABP7
Reactome_2022,Long-term Potentiation R-HSA-9620244,2/23,0.0057346613696212,0.0393410102561117,0,0,19.518900343642613,100.74146719605557,SRC;NRG1
Reactome_2022,Activation Of NMDA Receptors And Postsynaptic Events R-HSA-442755,3/74,0.0059145289618441,0.0401432923154952,0,0,8.727992957746478,44.77760123392785,SRC;NRG1;PPM1E
Reactome_2022,Mitotic G1 Phase And G1/S Transition R-HSA-453279,4/147,0.0061476452670958,0.0412862913727069,0,0,5.817592933382407,29.62135738782103,CDKN2A;SRC;MYC;AKT1
Reactome_2022,ADP Signaling Thru P2Y Purinoceptor 1 R-HSA-418592,2/25,0.0067564423254116,0.0444392804496147,0,0,17.81981174361273,89.05021124053485,SRC;GNG4
Reactome_2022,G Beta:Gamma Signaling Thru PI3Kgamma R-HSA-392451,2/25,0.0067564423254116,0.0444392804496147,0,0,17.81981174361273,89.05021124053485,GNG4;AKT1
Reactome_2022,Signaling By GPCR R-HSA-372790,9/689,0.007138248934065,0.0460877010367417,0,0,2.8266176470588236,13.969957855900024,WNT11;GNG4;SRC;PPP1R1B;NPY1R;AKT1;ADCY2;EGFR;WNT4
Reactome_2022,Signaling By Interleukins R-HSA-449147,7/453,0.0072791524448958,0.0460877010367417,0,0,3.318994930785728,16.338551913298414,JUN;MYC;AKT1;FOS;PTGS2;S100A9;TP53
Reactome_2022,Synthesis Of IP3 And IP4 In Cytosol R-HSA-1855204,2/26,0.0072960153678854,0.0460877010367417,0,0,17.076460481099655,84.02347584727124,ITPKA;PLCE1
Reactome_2022,WNT Ligand Biogenesis And Trafficking R-HSA-3238698,2/26,0.0072960153678854,0.0460877010367417,0,0,17.076460481099655,84.02347584727124,WNT11;WNT4
Reactome_2022,Senescence-Associated Secretory Phenotype (SASP) R-HSA-2559582,3/81,0.007593474408792,0.0472202691367421,0,0,7.941907051282051,38.76020758471405,JUN;CDKN2A;FOS
Reactome_2022,Leishmania Infection R-HSA-9658195,5/247,0.0077032932925427,0.0472202691367421,0,0,4.321039212238438,21.02664063241612,JUN;HSP90AB1;GNG4;SRC;ADCY2
Reactome_2022,Gap Junction Trafficking And Regulation R-HSA-157858,2/27,0.0078544463289156,0.0472202691367421,0,0,16.39257731958763,79.44950281459498,GJA1;SRC
Reactome_2022,VEGFR2 Mediated Vascular Permeability R-HSA-5218920,2/27,0.0078544463289156,0.0472202691367421,0,0,16.39257731958763,79.44950281459498,AKT1;CTNNB1
Reactome_2022,Integrin Signaling R-HSA-354192,2/27,0.0078544463289156,0.0472202691367421,0,0,16.39257731958763,79.44950281459498,SRC;AKT1
Reactome_2022,Infectious Disease R-HSA-5663205,11/961,0.0079193868301432,0.0472202691367421,0,0,2.4935526315789476,12.064908526561211,GJA1;JUN;HSP90AB1;GNG4;SRC;AKT1;CTNNB1;ADCY2;EGFR;RPL19;LTF
Reactome_2022,MET Promotes Cell Motility R-HSA-8875878,2/28,0.008431539185493,0.0493515779848122,0,0,15.761300555114987,75.2724399640349,SRC;LAMC2
Reactome_2022,Molecules Associated With Elastic Fibres R-HSA-2129379,2/28,0.008431539185493,0.0493515779848122,0,0,15.761300555114987,75.2724399640349,TGFB2;BMP7
Reactome_2022,Cell Junction Organization R-HSA-446728,3/86,0.0089481842580778,0.0514222266938899,0,0,7.461596385542169,35.19116168083113,CTNNB1;LAMC2;CLDN1
Reactome_2022,Regulation Of TP53 Activity Thru Acetylation R-HSA-6804758,2/29,0.0090270993569211,0.0514222266938899,0,0,15.176785032455136,71.44508260735158,AKT1;TP53
Reactome_2022,FCERI Mediated MAPK Activation R-HSA-2871796,2/29,0.0090270993569211,0.0514222266938899,0,0,15.176785032455136,71.44508260735158,JUN;FOS
Reactome_2022,Opioid Signaling R-HSA-111885,3/88,0.0095271054493213,0.0534862234852966,0,0,7.285294117647059,33.90294916132167,GNG4;PPP1R1B;ADCY2
Reactome_2022,Activation Of BH3-only Proteins R-HSA-114452,2/30,0.0096409337003277,0.0534862234852966,0,0,14.6340206185567,67.92727962001706,AKT1;TP53
Reactome_2022,MAPK Targets/ Nuclear Events Mediated By MAP Kinases R-HSA-450282,2/30,0.0096409337003277,0.0534862234852966,0,0,14.6340206185567,67.92727962001706,JUN;FOS
Reactome_2022,SUMO E3 Ligases SUMOylate Target Proteins R-HSA-3108232,4/168,0.0097474068601341,0.0536107377307379,0,0,5.067265725288832,23.46526098798357,CDKN2A;CBX2;PGR;TP53
Reactome_2022,Chaperonin-mediated Protein Folding R-HSA-390466,3/90,0.010127436038827,0.0550762908858331,0,0,7.117097701149425,32.68532171325279,TUBA3D;GNG4;TP53
Reactome_2022,Diseases Associated With TLR Signaling Cascade R-HSA-5602358,2/31,0.0102728504943795,0.0550762908858331,0,0,14.128688233202986,64.68467733221605,S100A1;S100A9
Reactome_2022,Negative Regulation Of FGFR4 Signaling R-HSA-5654733,2/31,0.0102728504943795,0.0550762908858331,0,0,14.128688233202986,64.68467733221605,SRC;FGFR4
Reactome_2022,Class B/2 (Secretin Family Receptors) R-HSA-373080,3/92,0.0107493242102732,0.056493091806918,0,0,6.956460674157303,31.53302678422756,WNT11;GNG4;WNT4
Reactome_2022,G-protein Beta:Gamma Signaling R-HSA-397795,2/32,0.0109226594375045,0.056493091806918,0,0,13.657044673539518,61.68772086834981,GNG4;AKT1
Reactome_2022,Glucagon Signaling In Metabolic Regulation R-HSA-163359,2/32,0.0109226594375045,0.056493091806918,0,0,13.657044673539518,61.68772086834981,GNG4;ADCY2
Reactome_2022,Thrombin Signaling Thru Proteinase Activated Receptors (PARs) R-HSA-456926,2/32,0.0109226594375045,0.056493091806918,0,0,13.657044673539518,61.68772086834981,SRC;GNG4
Reactome_2022,SUMOylation R-HSA-2990846,4/174,0.0109821080657947,0.056493091806918,0,0,4.886934984520124,22.047347903693808,CDKN2A;CBX2;PGR;TP53
Reactome_2022,VEGFA-VEGFR2 Pathway R-HSA-4420097,3/93,0.0110683957301955,0.056493091806918,0,0,6.878819444444445,30.979874044611513,SRC;AKT1;CTNNB1
Reactome_2022,RAF/MAP Kinase Cascade R-HSA-5673001,5/271,0.0112092880871911,0.0567581412668885,0,0,3.9263717805151175,17.633384945619195,SRC;ERBB2;NRG1;FGFR4;EGFR
Reactome_2022,Oncogene Induced Senescence R-HSA-2559585,2/33,0.0115901716335852,0.0577697617361514,0,0,13.215829730628531,58.91085370390265,CDKN2A;TP53
Reactome_2022,Signal Amplification R-HSA-392518,2/33,0.0115901716335852,0.0577697617361514,0,0,13.215829730628531,58.91085370390265,SRC;GNG4
Reactome_2022,Protein Folding R-HSA-391251,3/96,0.0120583121835351,0.0591784859468878,0,0,6.655913978494624,29.4058349396503,TUBA3D;GNG4;TP53
Reactome_2022,MyD88 Cascade Initiated On Plasma Membrane R-HSA-975871,3/96,0.0120583121835351,0.0591784859468878,0,0,6.655913978494624,29.4058349396503,JUN;FOS;TP53
Reactome_2022,MAPK1/MAPK3 Signaling R-HSA-5684996,5/277,0.0122317349032901,0.0593301313355936,0,0,3.838587296620776,16.90406934243499,SRC;ERBB2;NRG1;FGFR4;EGFR
Reactome_2022,CD28 Co-Stimulation R-HSA-389356,2/34,0.0122751995866745,0.0593301313355936,0,0,12.802190721649485,56.3318711837846,SRC;AKT1
Reactome_2022,KEAP1-NFE2L2 Pathway R-HSA-9755511,3/100,0.0134550429542985,0.0645437398860334,0,0,6.380154639175258,27.48826655672556,CDKN2A;MYC;AKT1
Reactome_2022,Platelet Aggregation (Plug Formation) R-HSA-76009,2/36,0.013697059712945,0.0652143589317831,0,0,12.047907822922983,51.69244112778035,SRC;AKT1
Reactome_2022,TRAF6 Mediated Induction Of NFkB And MAP Kinases Upon TLR7/8 Or 9 Activation R-HSA-975138,3/101,0.0138180340835391,0.0653030055207259,0,0,6.314732142857143,27.03829835586359,JUN;FOS;TP53
Reactome_2022,Signaling By VEGF R-HSA-194138,3/102,0.0141865718166554,0.065884435249072,0,0,6.250631313131313,26.59930783049972,SRC;AKT1;CTNNB1
Reactome_2022,MyD88 Dependent Cascade Initiated On Endosome R-HSA-975155,3/102,0.0141865718166554,0.065884435249072,0,0,6.250631313131313,26.59930783049972,JUN;FOS;TP53
Reactome_2022,Triglyceride Metabolism R-HSA-8979227,2/37,0.0144335238008332,0.065884435249072,0,0,11.703092783505154,49.60006815590735,FABP3;FABP7
Reactome_2022,Generic Transcription Pathway R-HSA-212436,12/1190,0.0144362281036948,0.065884435249072,0,0,2.192260406299397,9.290831151362289,JUN;CDKN2A;SRC;MYC;CBX2;ERBB2;AKT1;CTNNB1;PGR;FOS;TP53;EGFR
Reactome_2022,Toll Like Receptor 3 (TLR3) Cascade R-HSA-168164,3/103,0.0145606667243246,0.065884435249072,0,0,6.1878125,26.170928767943153,JUN;FOS;TP53
Reactome_2022,Toll Like Receptor 7/8 (TLR7/8) Cascade R-HSA-168181,3/103,0.0145606667243246,0.065884435249072,0,0,6.1878125,26.170928767943153,JUN;FOS;TP53
Reactome_2022,Transport Of Inorganic Cations/Anions And Amino Acids/Oligopeptides R-HSA-425393,3/104,0.0149403287857234,0.0663640934465274,0,0,6.126237623762377,25.752810529199575,SLC7A5;SLC4A8;SLC1A1
Reactome_2022,"Cell Cycle, Mitotic R-HSA-69278",7/523,0.0151728501743325,0.0663640934465274,0,0,2.8584218065385913,11.97177833099206,TUBA3D;HSP90AB1;CDKN2A;SRC;MYC;AKT1;TP53
Reactome_2022,Apoptotic Cleavage Of Cellular Proteins R-HSA-111465,2/38,0.0151867674658197,0.0663640934465274,0,0,11.377434135166094,47.64108028526383,CTNNB1;DSG3
Reactome_2022,FCGR3A-mediated IL10 Synthesis R-HSA-9664323,2/38,0.0151867674658197,0.0663640934465274,0,0,11.377434135166094,47.64108028526383,SRC;ADCY2
Reactome_2022,HSP90 Chaperone Cycle For Steroid Hormone Receptors (SHR) In Presence Of Ligand R-HSA-3371497,2/38,0.0151867674658197,0.0663640934465274,0,0,11.377434135166094,47.64108028526383,HSP90AB1;PGR
Reactome_2022,Toll Like Receptor 9 (TLR9) Cascade R-HSA-168138,3/106,0.0157163914240977,0.0682112770651315,0,0,6.006674757281553,24.94602703692151,JUN;FOS;TP53
Reactome_2022,Elastic Fibre Formation R-HSA-1566948,2/39,0.0159566100631577,0.0683242766462726,0,0,11.069378657007524,45.80378393112329,TGFB2;BMP7
Reactome_2022,NGF-stimulated Transcription R-HSA-9031628,2/39,0.0159566100631577,0.0683242766462726,0,0,11.069378657007524,45.80378393112329,ID4;FOS
Reactome_2022,MyD88-independent TLR4 Cascade R-HSA-166166,3/107,0.0161128090933436,0.0685331480103549,0,0,5.948617788461538,24.55673136458453,JUN;FOS;TP53
Reactome_2022,Signaling By FGFR4 R-HSA-5654743,2/40,0.0167428723048413,0.0707414074866804,0,0,10.777536625067825,44.077782248456614,SRC;FGFR4
Reactome_2022,TCF Dependent Signaling In Response To WNT R-HSA-201681,4/198,0.016914279206624,0.0709954614067509,0,0,4.2771568095496475,17.449076475128724,MYC;AKT1;CTNNB1;WNT4
Reactome_2022,Activation Of GABAB Receptors R-HSA-991365,2/42,0.0183639452107539,0.0755883680287807,0,0,10.23762886597938,40.92354991919948,GNG4;ADCY2
Reactome_2022,Deactivation Of Beta-Catenin Transactivating Complex R-HSA-3769402,2/42,0.0183639452107539,0.0755883680287807,0,0,10.23762886597938,40.92354991919948,AKT1;CTNNB1
Reactome_2022,Vasopressin Regulates Renal Water Homeostasis Via Aquaporins R-HSA-432040,2/42,0.0183639452107539,0.0755883680287807,0,0,10.23762886597938,40.92354991919948,GNG4;ADCY2
Reactome_2022,G Alpha (I) Signaling Events R-HSA-418594,5/312,0.0194747706877732,0.0796468185820469,0,0,3.3948991614110473,13.371270227019728,GNG4;SRC;PPP1R1B;NPY1R;ADCY2
Reactome_2022,Cyclin D Associated Events In G1 R-HSA-69231,2/47,0.0226916758524346,0.0916284126193248,0,0,9.097823596792669,34.44215049702341,SRC;CDKN2A
Reactome_2022,G Alpha (Z) Signaling Events R-HSA-418597,2/47,0.0226916758524346,0.0916284126193248,0,0,9.097823596792669,34.44215049702341,GNG4;ADCY2
Reactome_2022,Metabolism R-HSA-1430728,17/2049,0.0229307280170351,0.0920113488985435,0,0,1.8231047148069903,6.882726087939297,ACSS3;HSP90AB1;ADCY2;LRP2;PTGS2;FUT3;SLC7A5;UGDH;FABP3;GNG4;FABP7;ITPKA;AKT1;PLCE1;SPTSSB;PTGDS;RPL19
Reactome_2022,Cytokine Signaling In Immune System R-HSA-1280215,8/702,0.0231465576278444,0.0920565989664159,0,0,2.4330367039300755,9.162595326946004,JUN;MYC;AKT1;TNFSF11;FOS;PTGS2;S100A9;TP53
Reactome_2022,Inositol Phosphate Metabolism R-HSA-1483249,2/48,0.0236029992693329,0.0920565989664159,0,0,8.899596593455849,33.3412839225343,ITPKA;PLCE1
Reactome_2022,Activated NTRK2 Signals Thru CDK5 R-HSA-9032845,1/5,0.0245084435490269,0.0920565989664159,0,0,50.75765306122449,188.24681569293375,NTRK2
Reactome_2022,Activation Of NOXA And Translocation To Mitochondria R-HSA-111448,1/5,0.0245084435490269,0.0920565989664159,0,0,50.75765306122449,188.24681569293375,TP53
Reactome_2022,SARS-CoV-2 Targets PDZ Proteins In Cell-Cell Junction R-HSA-9705677,1/5,0.0245084435490269,0.0920565989664159,0,0,50.75765306122449,188.24681569293375,GJA1
Reactome_2022,Synthesis Of GDP-mannose R-HSA-446205,1/5,0.0245084435490269,0.0920565989664159,0,0,50.75765306122449,188.24681569293375,SLPI
Reactome_2022,TFAP2 (AP-2) Family Regulates Transcription Of Cell Cycle Factors R-HSA-8866911,1/5,0.0245084435490269,0.0920565989664159,0,0,50.75765306122449,188.24681569293375,MYC
Reactome_2022,LRR FLII-interacting Protein 1 (LRRFIP1) Activates Type I IFN Production R-HSA-3134973,1/5,0.0245084435490269,0.0920565989664159,0,0,50.75765306122449,188.24681569293375,CTNNB1
Reactome_2022,NGF-independant TRKA Activation R-HSA-187024,1/5,0.0245084435490269,0.0920565989664159,0,0,50.75765306122449,188.24681569293375,NTRK2
Reactome_2022,Signaling By EGFR R-HSA-177929,2/49,0.0245291878123678,0.0920565989664159,0,0,8.709804781750384,32.29501138894197,SRC;EGFR
Reactome_2022,Signaling By NOTCH3 R-HSA-9012852,2/49,0.0245291878123678,0.0920565989664159,0,0,8.709804781750384,32.29501138894197,FABP7;EGFR
Reactome_2022,Aquaporin-mediated Transport R-HSA-445717,2/50,0.0254700751762328,0.0950287015347165,0,0,8.527920962199312,31.299610767204847,GNG4;ADCY2
Reactome_2022,Apoptotic Execution Phase R-HSA-75153,2/52,0.0273952873805881,0.1010300193573136,0,0,8.1859793814433,29.448113492372215,CTNNB1;DSG3
Reactome_2022,Signaling By PDGF R-HSA-186797,2/52,0.0273952873805881,0.1010300193573136,0,0,8.1859793814433,29.448113492372215,SRC;PLAT
Reactome_2022,RNA Polymerase II Transcription R-HSA-73857,12/1312,0.0284871007743775,0.1013120905347393,0,0,1.973580901856764,7.022600617223436,JUN;CDKN2A;SRC;MYC;CBX2;ERBB2;AKT1;CTNNB1;PGR;FOS;TP53;EGFR
Reactome_2022,Neutrophil Degranulation R-HSA-6798695,6/468,0.0287943889818735,0.1013120905347393,0,0,2.7145650048875853,9.630122235563071,PTPRN2;HSP90AB1;SLPI;CEACAM6;S100A9;LTF
Reactome_2022,Immune System R-HSA-168256,16/1943,0.0289168258218997,0.1013120905347393,0,0,1.7980630357444307,6.37113365409808,JUN;PTPRN2;HSP90AB1;S100A1;SRC;FOS;PTGS2;SLPI;CEACAM6;MYC;AKT1;TNFSF11;CTNNB1;S100A9;TP53;LTF
Reactome_2022,Activated NTRK2 Signals Thru PI3K R-HSA-9028335,1/6,0.0293383172477935,0.1013120905347393,0,0,40.60408163265306,143.28615448776517,NTRK2
Reactome_2022,Activated NTRK3 Signals Thru PI3K R-HSA-9603381,1/6,0.0293383172477935,0.1013120905347393,0,0,40.60408163265306,143.28615448776517,SRC
Reactome_2022,PTK6 Promotes HIF1A Stabilization R-HSA-8857538,1/6,0.0293383172477935,0.1013120905347393,0,0,40.60408163265306,143.28615448776517,EGFR
Reactome_2022,Activation Of TRKA Receptors R-HSA-187015,1/6,0.0293383172477935,0.1013120905347393,0,0,40.60408163265306,143.28615448776517,NTRK2
Reactome_2022,Biosynthesis Of EPA-derived SPMs R-HSA-9018679,1/6,0.0293383172477935,0.1013120905347393,0,0,40.60408163265306,143.28615448776517,PTGS2
Reactome_2022,Synthesis Of 15-Eicosatetraenoic Acid Derivatives R-HSA-2142770,1/6,0.0293383172477935,0.1013120905347393,0,0,40.60408163265306,143.28615448776517,PTGS2
Reactome_2022,Fibronectin Matrix Formation R-HSA-1566977,1/6,0.0293383172477935,0.1013120905347393,0,0,40.60408163265306,143.28615448776517,CEACAM6
Reactome_2022,Uptake And Function Of Diphtheria Toxin R-HSA-5336415,1/6,0.0293383172477935,0.1013120905347393,0,0,40.60408163265306,143.28615448776517,HSP90AB1
Reactome_2022,Regulation Of RUNX3 Expression And Activity R-HSA-8941858,2/54,0.0293773303274714,0.1013120905347393,0,0,7.870340999206978,27.762879563228957,SRC;CDKN2A
Reactome_2022,Transcriptional Regulation By TP53 R-HSA-3700989,5/354,0.0313242279500083,0.1071803088691875,0,0,2.979942693409742,10.320624532808228,JUN;CDKN2A;AKT1;FOS;TP53
Reactome_2022,Stabilization Of P53 R-HSA-69541,2/56,0.0314149181168308,0.1071803088691875,0,0,7.578083237877053,26.223747886770177,CDKN2A;TP53
Reactome_2022,Regulated Necrosis R-HSA-5218859,2/57,0.0324541447903871,0.1095542030490318,0,0,7.439925023430178,25.5035207248898,TNFSF10;TP53
Reactome_2022,NCAM Signaling For Neurite Out-Growth R-HSA-375165,2/57,0.0324541447903871,0.1095542030490318,0,0,7.439925023430178,25.5035207248898,SRC;CACNA1H
Reactome_2022,GPCR Downstream Signaling R-HSA-388396,7/619,0.0340081962460296,0.1119663480728867,0,0,2.398106706450696,8.108367405137004,GNG4;SRC;PPP1R1B;NPY1R;AKT1;ADCY2;EGFR
Reactome_2022,Activated NTRK2 Signals Thru RAS R-HSA-9026519,1/7,0.0341445191334868,0.1119663480728867,0,0,33.835034013605444,114.2660933823874,NTRK2
Reactome_2022,Anchoring Fibril Formation R-HSA-2214320,1/7,0.0341445191334868,0.1119663480728867,0,0,33.835034013605444,114.2660933823874,LAMC2
Reactome_2022,Aryl Hydrocarbon Receptor Signaling R-HSA-8937144,1/7,0.0341445191334868,0.1119663480728867,0,0,33.835034013605444,114.2660933823874,HSP90AB1
Reactome_2022,RUNX3 Regulates CDKN1A Transcription R-HSA-8941855,1/7,0.0341445191334868,0.1119663480728867,0,0,33.835034013605444,114.2660933823874,TP53
Reactome_2022,Arachidonic Acid Metabolism R-HSA-2142753,2/59,0.0345726811447628,0.1119663480728867,0,0,7.178151564478206,24.152265347098023,PTGDS;PTGS2
Reactome_2022,GABA Receptor Activation R-HSA-977443,2/59,0.0345726811447628,0.1119663480728867,0,0,7.178151564478206,24.152265347098023,GNG4;ADCY2
Reactome_2022,Role Of GTSE1 In G2/M Progression After G2 Checkpoint R-HSA-8852276,2/59,0.0345726811447628,0.1119663480728867,0,0,7.178151564478206,24.152265347098023,HSP90AB1;TP53
Reactome_2022,Formation Of beta-catenin:TCF Transactivating Complex R-HSA-201722,2/60,0.0356516813552209,0.1148776399223785,0,0,7.054034838250978,23.517862726463346,MYC;CTNNB1
Reactome_2022,Post NMDA Receptor Activation Events R-HSA-438064,2/61,0.0367436319139694,0.1161690017782666,0,0,6.93412545867552,22.908896773223752,SRC;NRG1
Reactome_2022,Cell-cell Junction Organization R-HSA-421270,2/61,0.0367436319139694,0.1161690017782666,0,0,6.93412545867552,22.908896773223752,CTNNB1;CLDN1
Reactome_2022,Nuclear Events (Kinase And Transcription Factor Activation) R-HSA-198725,2/61,0.0367436319139694,0.1161690017782666,0,0,6.93412545867552,22.908896773223752,ID4;FOS
Reactome_2022,"Platelet Activation, Signaling And Aggregation R-HSA-76002",4/254,0.037501117920844,0.1161690017782666,0,0,3.309642105263158,10.866827705559206,TGFB2;GNG4;SRC;AKT1
Reactome_2022,Pre-NOTCH Transcription And Translation R-HSA-1912408,2/62,0.0378483810189991,0.1161690017782666,0,0,6.818213058419244,22.323968696801245,JUN;TP53
Reactome_2022,MAP Kinase Activation R-HSA-450294,2/62,0.0378483810189991,0.1161690017782666,0,0,6.818213058419244,22.323968696801245,JUN;FOS
Reactome_2022,Axonal Growth Inhibition (RHOA Activation) R-HSA-193634,1/8,0.0389271636980285,0.1161690017782666,0,0,29.0,94.13582631773188,LINGO1
Reactome_2022,RUNX2 Regulates Genes Involved In Cell Migration R-HSA-8941332,1/8,0.0389271636980285,0.1161690017782666,0,0,29.0,94.13582631773188,AKT1
Reactome_2022,Release Of Hh-Np From Secreting Cell R-HSA-5362798,1/8,0.0389271636980285,0.1161690017782666,0,0,29.0,94.13582631773188,SCUBE2
Reactome_2022,EGFR Transactivation By Gastrin R-HSA-2179392,1/8,0.0389271636980285,0.1161690017782666,0,0,29.0,94.13582631773188,EGFR
Reactome_2022,Synthesis Of Ketone Bodies R-HSA-77111,1/8,0.0389271636980285,0.1161690017782666,0,0,29.0,94.13582631773188,ACSS3
Reactome_2022,TRAIL Signaling R-HSA-75158,1/8,0.0389271636980285,0.1161690017782666,0,0,29.0,94.13582631773188,TNFSF10
Reactome_2022,Transport Of RCbl Within Body R-HSA-9758890,1/8,0.0389271636980285,0.1161690017782666,0,0,29.0,94.13582631773188,LRP2
Reactome_2022,Inhibition Of Signaling By Overexpressed EGFR R-HSA-5638303,1/8,0.0389271636980285,0.1161690017782666,0,0,29.0,94.13582631773188,EGFR
Reactome_2022,Netrin Mediated Repulsion Signals R-HSA-418886,1/8,0.0389271636980285,0.1161690017782666,0,0,29.0,94.13582631773188,SRC
Reactome_2022,Signaling By MET R-HSA-6806834,2/63,0.0389657780259389,0.1161690017782666,0,0,6.706101064728748,21.761777472008543,SRC;LAMC2
Reactome_2022,Semaphorin Interactions R-HSA-373755,2/64,0.0400956734439784,0.118981579801201,0,0,6.597605586963751,21.22111157669608,HSP90AB1;ERBB2
Reactome_2022,G Alpha (S) Signaling Events R-HSA-418555,3/153,0.040431551181502,0.1194228224712883,0,0,4.114791666666667,13.20084760772254,GNG4;SRC;ADCY2
Reactome_2022,p53-Dependent G1 DNA Damage Response R-HSA-69563,2/65,0.0412379189233274,0.1201375036916253,0,0,6.492554410080183,20.700841546756664,CDKN2A;TP53
Reactome_2022,Regulation Of TP53 Activity R-HSA-5633007,3/157,0.0431029269699839,0.1201375036916253,0,0,4.0071022727272725,12.59898820504381,CDKN2A;AKT1;TP53
Reactome_2022,G1/S DNA Damage Checkpoints R-HSA-69615,2/67,0.0435588723480064,0.1201375036916253,0,0,6.2921490880253765,19.71734182558464,CDKN2A;TP53
Reactome_2022,Cell Cycle R-HSA-1640170,7/654,0.0436372883099733,0.1201375036916253,0,0,2.264263154357906,7.0913172935578,TUBA3D;HSP90AB1;CDKN2A;SRC;MYC;AKT1;TP53
Reactome_2022,Activated NTRK2 Signals Thru FRS2 And FRS3 R-HSA-9028731,1/9,0.0436863649787728,0.1201375036916253,0,0,25.37372448979592,79.43800744515411,NTRK2
Reactome_2022,PI5P Regulates TP53 Acetylation R-HSA-6811555,1/9,0.0436863649787728,0.1201375036916253,0,0,25.37372448979592,79.43800744515411,TP53
Reactome_2022,PTK6 Regulates RTKs And Their Effectors AKT1 And DOK1 R-HSA-8849469,1/9,0.0436863649787728,0.1201375036916253,0,0,25.37372448979592,79.43800744515411,AKT1
Reactome_2022,Activation Of PUMA And Translocation To Mitochondria R-HSA-139915,1/9,0.0436863649787728,0.1201375036916253,0,0,25.37372448979592,79.43800744515411,TP53
Reactome_2022,Adenylate Cyclase Activating Pathway R-HSA-170660,1/9,0.0436863649787728,0.1201375036916253,0,0,25.37372448979592,79.43800744515411,ADCY2
Reactome_2022,Regulation Of Commissural Axon Pathfinding By SLIT And ROBO R-HSA-428542,1/9,0.0436863649787728,0.1201375036916253,0,0,25.37372448979592,79.43800744515411,SRC
Reactome_2022,Downregulation Of ERBB4 Signaling R-HSA-1253288,1/9,0.0436863649787728,0.1201375036916253,0,0,25.37372448979592,79.43800744515411,SRC
Reactome_2022,EGFR Interacts With Phospholipase C-gamma R-HSA-212718,1/9,0.0436863649787728,0.1201375036916253,0,0,25.37372448979592,79.43800744515411,EGFR
Reactome_2022,Formation Of Annular Gap Junctions R-HSA-196025,1/9,0.0436863649787728,0.1201375036916253,0,0,25.37372448979592,79.43800744515411,GJA1
Reactome_2022,GP1b-IX-V Activation Signaling R-HSA-430116,1/9,0.0436863649787728,0.1201375036916253,0,0,25.37372448979592,79.43800744515411,SRC
Reactome_2022,Type I Hemidesmosome Assembly R-HSA-446107,1/9,0.0436863649787728,0.1201375036916253,0,0,25.37372448979592,79.43800744515411,LAMC2
Reactome_2022,p75NTR Regulates Axonogenesis R-HSA-193697,1/9,0.0436863649787728,0.1201375036916253,0,0,25.37372448979592,79.43800744515411,LINGO1
Reactome_2022,Axon Guidance R-HSA-422475,6/519,0.0440951935103433,0.1207413453201677,0,0,2.4382820851411684,7.610864656161943,HSP90AB1;SRC;ERBB2;EGFR;CACNA1H;RPL19
Reactome_2022,Costimulation By CD28 Family R-HSA-388841,2/68,0.0447372892518934,0.1219760279602907,0,0,6.19650109340831,19.252206144230232,SRC;AKT1
Reactome_2022,Interleukin-17 Signaling R-HSA-448424,2/69,0.0459274741062558,0.1246882062969839,0,0,6.103708262809663,18.803643851865345,JUN;FOS
Reactome_2022,AKT Phosphorylates Targets In Nucleus R-HSA-198693,1/10,0.048422236549271,0.1255828736521746,0,0,22.55328798185941,68.28675824910428,AKT1
Reactome_2022,PI3K Events In ERBB4 Signaling R-HSA-1250342,1/10,0.048422236549271,0.1255828736521746,0,0,22.55328798185941,68.28675824910428,NRG1
Reactome_2022,Bicarbonate Transporters R-HSA-425381,1/10,0.048422236549271,0.1255828736521746,0,0,22.55328798185941,68.28675824910428,SLC4A8
Reactome_2022,RUNX3 Regulates p14-ARF R-HSA-8951936,1/10,0.048422236549271,0.1255828736521746,0,0,22.55328798185941,68.28675824910428,CDKN2A
Reactome_2022,Reactions Specific To Complex N-glycan Synthesis Pathway R-HSA-975578,1/10,0.048422236549271,0.1255828736521746,0,0,22.55328798185941,68.28675824910428,FUT3
Reactome_2022,Receptor Mediated Mitophagy R-HSA-8934903,1/10,0.048422236549271,0.1255828736521746,0,0,22.55328798185941,68.28675824910428,SRC
Reactome_2022,Constitutive Signaling By Overexpressed ERBB2 R-HSA-9634285,1/10,0.048422236549271,0.1255828736521746,0,0,22.55328798185941,68.28675824910428,ERBB2
Reactome_2022,Signaling By FGFR4 In Disease R-HSA-5655291,1/10,0.048422236549271,0.1255828736521746,0,0,22.55328798185941,68.28675824910428,FGFR4
Reactome_2022,Gap Junction Degradation R-HSA-190873,1/10,0.048422236549271,0.1255828736521746,0,0,22.55328798185941,68.28675824910428,GJA1
Reactome_2022,"Tetrahydrobiopterin (BH4) Synthesis, Recycling, Salvage And Regulation R-HSA-1474151",1/10,0.048422236549271,0.1255828736521746,0,0,22.55328798185941,68.28675824910428,AKT1
Reactome_2022,Ketone Body Metabolism R-HSA-74182,1/10,0.048422236549271,0.1255828736521746,0,0,22.55328798185941,68.28675824910428,ACSS3
Reactome_2022,Anti-inflammatory Response Favoring Leishmania Infection R-HSA-9662851,3/165,0.0487044792671906,0.1258034727630269,0,0,3.807677469135802,11.50674144127065,GNG4;SRC;ADCY2
Reactome_2022,Formation Of Cornified Envelope R-HSA-6809371,2/74,0.0520499600664898,0.1339027198484698,0,0,5.678407789232532,16.782825245925853,DSG3;DSC3
Reactome_2022,RHO GTPases Activate IQGAPs R-HSA-5626467,1/11,0.0531348914812392,0.1339923350396468,0,0,20.296938775510203,59.569921519069155,CTNNB1
Reactome_2022,CASP8 Activity Is Inhibited R-HSA-5218900,1/11,0.0531348914812392,0.1339923350396468,0,0,20.296938775510203,59.569921519069155,TNFSF10
Reactome_2022,Dimerization Of Procaspase-8 R-HSA-69416,1/11,0.0531348914812392,0.1339923350396468,0,0,20.296938775510203,59.569921519069155,TNFSF10
Reactome_2022,eNOS Activation R-HSA-203615,1/11,0.0531348914812392,0.1339923350396468,0,0,20.296938775510203,59.569921519069155,AKT1
Reactome_2022,Killing Mechanisms R-HSA-9664420,1/11,0.0531348914812392,0.1339923350396468,0,0,20.296938775510203,59.569921519069155,JUN
Reactome_2022,Nervous System Development R-HSA-9675108,6/545,0.0535513022826938,0.134510751402987,0,0,2.317553414327608,6.783745741020338,HSP90AB1;SRC;ERBB2;EGFR;CACNA1H;RPL19
Reactome_2022,Gene Expression (Transcription) R-HSA-74160,12/1449,0.0540185870851168,0.1351523865109983,0,0,1.7722746142586328,5.172254238725874,JUN;CDKN2A;SRC;MYC;CBX2;ERBB2;AKT1;CTNNB1;PGR;FOS;TP53;EGFR
Reactome_2022,SUMOylation Of DNA Damage Response And Repair Proteins R-HSA-3108214,2/76,0.0545764181184926,0.1360146670296809,0,0,5.524380050153246,16.06574458221198,CDKN2A;CBX2
Reactome_2022,Extracellular Matrix Organization R-HSA-1474244,4/291,0.0565859626558022,0.1386917074912606,0,0,2.8775353016688063,8.264265082701568,TGFB2;CEACAM6;LAMC2;BMP7
Reactome_2022,Pre-NOTCH Expression And Processing R-HSA-1912422,2/78,0.0571455028043372,0.1386917074912606,0,0,5.378459034183397,15.393981173764187,JUN;TP53
Reactome_2022,Nuclear Events Mediated By NFE2L2 R-HSA-9759194,2/78,0.0571455028043372,0.1386917074912606,0,0,5.378459034183397,15.393981173764187,CDKN2A;MYC
Reactome_2022,PECAM1 Interactions R-HSA-210990,1/12,0.0578244423082685,0.1386917074912606,0,0,18.450834879406308,52.5912212421319,SRC
Reactome_2022,Regulation Of Localization Of FOXO Transcription Factors R-HSA-9614399,1/12,0.0578244423082685,0.1386917074912606,0,0,18.450834879406308,52.5912212421319,AKT1
Reactome_2022,TP53 Regulates Transcription Of Caspase Activators And Caspases R-HSA-6803207,1/12,0.0578244423082685,0.1386917074912606,0,0,18.450834879406308,52.5912212421319,TP53
Reactome_2022,GRB2 Events In EGFR Signaling R-HSA-179812,1/12,0.0578244423082685,0.1386917074912606,0,0,18.450834879406308,52.5912212421319,EGFR
Reactome_2022,TP53 Regulates Transcription Of Death Receptors And Ligands R-HSA-6803211,1/12,0.0578244423082685,0.1386917074912606,0,0,18.450834879406308,52.5912212421319,TP53
Reactome_2022,Vitamin D (Calciferol) Metabolism R-HSA-196791,1/12,0.0578244423082685,0.1386917074912606,0,0,18.450834879406308,52.5912212421319,LRP2
Reactome_2022,p38MAPK Events R-HSA-171007,1/12,0.0578244423082685,0.1386917074912606,0,0,18.450834879406308,52.5912212421319,SRC
Reactome_2022,Transport Of Small Molecules R-HSA-382551,7/706,0.060955823299927,0.1434145996175716,0,0,2.0901598556944703,5.847443513659513,SLC7A5;SLC4A8;GNG4;SLC1A1;ABCA4;WNK4;ADCY2
Reactome_2022,TP53 Regulates Metabolic Genes R-HSA-5628897,2/81,0.061076720836651,0.1434145996175716,0,0,5.173430771238419,14.462969742980084,AKT1;TP53
Reactome_2022,Cellular Response To Chemical Stress R-HSA-9711123,3/182,0.0617233409897522,0.1434145996175716,0,0,3.443086592178771,9.589316784800063,CDKN2A;MYC;AKT1
Reactome_2022,Cyclin E Associated Events During G1/S Transition R-HSA-69202,2/82,0.0624072925852937,0.1434145996175716,0,0,5.108505154639175,14.171366945668227,MYC;AKT1
Reactome_2022,Adenylate Cyclase Inhibitory Pathway R-HSA-170670,1/13,0.0624910010872804,0.1434145996175716,0,0,16.912414965986393,46.89360626939404,ADCY2
Reactome_2022,SARS-CoV-2 Targets Host Intracellular Signaling And Regulatory Pathways R-HSA-9755779,1/13,0.0624910010872804,0.1434145996175716,0,0,16.912414965986393,46.89360626939404,AKT1
Reactome_2022,SHC1 Events In EGFR Signaling R-HSA-180336,1/13,0.0624910010872804,0.1434145996175716,0,0,16.912414965986393,46.89360626939404,EGFR
Reactome_2022,SHC1 Events In ERBB4 Signaling R-HSA-1250347,1/13,0.0624910010872804,0.1434145996175716,0,0,16.912414965986393,46.89360626939404,NRG1
Reactome_2022,Diseases Associated With Visual Transduction R-HSA-2474795,1/13,0.0624910010872804,0.1434145996175716,0,0,16.912414965986393,46.89360626939404,ABCA4
Reactome_2022,Dissolution Of Fibrin Clot R-HSA-75205,1/13,0.0624910010872804,0.1434145996175716,0,0,16.912414965986393,46.89360626939404,PLAT
Reactome_2022,Signal Regulatory Protein Family Interactions R-HSA-391160,1/13,0.0624910010872804,0.1434145996175716,0,0,16.912414965986393,46.89360626939404,SRC
Reactome_2022,FCGR Activation R-HSA-2029481,1/13,0.0624910010872804,0.1434145996175716,0,0,16.912414965986393,46.89360626939404,SRC
Reactome_2022,Metabolism Of Vitamins And Cofactors R-HSA-196854,3/186,0.065000349221375,0.1478023702039341,0,0,3.3671448087431695,9.203627811783624,AKT1;LRP2;PTGS2
Reactome_2022,Cyclin A:Cdk2-associated Events At S Phase Entry R-HSA-69656,2/84,0.0650979091337076,0.1478023702039341,0,0,4.983404576313804,13.613977818810048,MYC;AKT1
Reactome_2022,Degradation Of Beta-Catenin By Destruction Complex R-HSA-195253,2/84,0.0650979091337076,0.1478023702039341,0,0,4.983404576313804,13.613977818810048,MYC;CTNNB1
Reactome_2022,AKT Phosphorylates Targets In Cytosol R-HSA-198323,1/14,0.0671346793118268,0.1482073543285311,0,0,15.610675039246468,42.165284659663705,AKT1
Reactome_2022,Constitutive Signaling By EGFRvIII R-HSA-5637810,1/14,0.0671346793118268,0.1482073543285311,0,0,15.610675039246468,42.165284659663705,EGFR
Reactome_2022,DCC Mediated Attractive Signaling R-HSA-418885,1/14,0.0671346793118268,0.1482073543285311,0,0,15.610675039246468,42.165284659663705,SRC
Reactome_2022,Repression Of WNT Target Genes R-HSA-4641265,1/14,0.0671346793118268,0.1482073543285311,0,0,15.610675039246468,42.165284659663705,MYC
Reactome_2022,FGFR4 Ligand Binding And Activation R-HSA-190322,1/14,0.0671346793118268,0.1482073543285311,0,0,15.610675039246468,42.165284659663705,FGFR4
Reactome_2022,TP53 Regulates Transcription Of Genes Involved In G1 Cell Cycle Arrest R-HSA-6804116,1/14,0.0671346793118268,0.1482073543285311,0,0,15.610675039246468,42.165284659663705,TP53
Reactome_2022,TP53 Regulates Transcription Of Additional Cell Death Genes With Uncertain Roles In P53-Dependent Apoptosis R-HSA-6803205,1/14,0.0671346793118268,0.1482073543285311,0,0,15.610675039246468,42.165284659663705,TP53
Reactome_2022,Tryptophan Catabolism R-HSA-71240,1/14,0.0671346793118268,0.1482073543285311,0,0,15.610675039246468,42.165284659663705,SLC7A5
Reactome_2022,Signaling By FGFR R-HSA-190236,2/86,0.0678269748276058,0.1492193446207329,0,0,4.864261168384879,13.088731111004432,SRC;FGFR4
Reactome_2022,Fcgamma Receptor (FCGR) Dependent Phagocytosis R-HSA-2029480,2/87,0.0692056117380672,0.1505899085876131,0,0,4.806791995148575,12.837371161063562,HSP90AB1;SRC
Reactome_2022,PCP/CE Pathway R-HSA-4086400,2/88,0.0705934856554823,0.1505899085876131,0,0,4.750659314313114,12.59313041892752,WNT11;WNT4
Reactome_2022,Protein-protein Interactions At Synapses R-HSA-6794362,2/88,0.0705934856554823,0.1505899085876131,0,0,4.750659314313114,12.59313041892752,SLITRK6;DLGAP3
Reactome_2022,Metabolism Of Lipids R-HSA-556833,7/732,0.0710099829889364,0.1505899085876131,0,0,2.012473763118441,5.322861902931825,ACSS3;FABP3;FABP7;SPTSSB;LRP2;PTGDS;PTGS2
Reactome_2022,Activation Of BAD And Translocation To Mitochondria R-HSA-111447,1/15,0.0717555879791134,0.1505899085876131,0,0,14.494897959183673,38.18665714573386,AKT1
Reactome_2022,Phospholipase C-mediated Cascade; FGFR4 R-HSA-5654228,1/15,0.0717555879791134,0.1505899085876131,0,0,14.494897959183673,38.18665714573386,FGFR4
Reactome_2022,CTNNB1 S33 Mutants Not Phosphorylated R-HSA-5358747,1/15,0.0717555879791134,0.1505899085876131,0,0,14.494897959183673,38.18665714573386,CTNNB1
Reactome_2022,Diseases Associated With Glycosylation Precursor Biosynthesis R-HSA-5609975,1/15,0.0717555879791134,0.1505899085876131,0,0,14.494897959183673,38.18665714573386,SLPI
Reactome_2022,EPHA-mediated Growth Cone Collapse R-HSA-3928663,1/15,0.0717555879791134,0.1505899085876131,0,0,14.494897959183673,38.18665714573386,SRC
Reactome_2022,GRB2:SOS Provides Linkage To MAPK Signaling For Integrins R-HSA-354194,1/15,0.0717555879791134,0.1505899085876131,0,0,14.494897959183673,38.18665714573386,SRC
Reactome_2022,p130Cas Linkage To MAPK Signaling For Integrins R-HSA-372708,1/15,0.0717555879791134,0.1505899085876131,0,0,14.494897959183673,38.18665714573386,SRC
Reactome_2022,Metabolism Of Nitric Oxide: NOS3 Activation And Regulation R-HSA-202131,1/15,0.0717555879791134,0.1505899085876131,0,0,14.494897959183673,38.18665714573386,AKT1
Reactome_2022,Negative Regulation Of TCF-dependent Signaling By WNT Ligand Antagonists R-HSA-3772470,1/15,0.0717555879791134,0.1505899085876131,0,0,14.494897959183673,38.18665714573386,WNT4
Reactome_2022,Antimicrobial Peptides R-HSA-6803157,2/89,0.0719904735411003,0.1505899085876131,0,0,4.695817039933641,12.355734664672122,S100A9;LTF
Reactome_2022,ER-Phagosome Pathway R-HSA-1236974,2/89,0.0719904735411003,0.1505899085876131,0,0,4.695817039933641,12.355734664672122,S100A1;S100A9
Reactome_2022,MAPK6/MAPK4 Signaling R-HSA-5687128,2/90,0.0733964533100624,0.1528200961033597,0,0,4.642221180880974,12.124923100711902,JUN;MYC
Reactome_2022,SARS-CoV-2-host Interactions R-HSA-9705683,3/196,0.0735356888773219,0.1528200961033597,0,0,3.191062176165803,8.328622587468846,GJA1;HSP90AB1;AKT1
Reactome_2022,Signaling By TGF-beta Receptor Complex R-HSA-170834,2/91,0.0748113038597158,0.1536711304974035,0,0,4.589829723155334,11.90044755347033,TGFB2;MYC
Reactome_2022,PKA Activation In Glucagon Signaling R-HSA-164378,1/16,0.0763538375668917,0.1536711304974035,0,0,13.527891156462584,34.798835876655495,ADCY2
Reactome_2022,Caspase Activation Via Death Receptors In Presence Of Ligand R-HSA-140534,1/16,0.0763538375668917,0.1536711304974035,0,0,13.527891156462584,34.798835876655495,TNFSF10
Reactome_2022,Regulation Of KIT Signaling R-HSA-1433559,1/16,0.0763538375668917,0.1536711304974035,0,0,13.527891156462584,34.798835876655495,SRC
Reactome_2022,SUMOylation Of DNA Methylation Proteins R-HSA-4655427,1/16,0.0763538375668917,0.1536711304974035,0,0,13.527891156462584,34.798835876655495,CBX2
Reactome_2022,Sema3A PAK Dependent Axon Repulsion R-HSA-399954,1/16,0.0763538375668917,0.1536711304974035,0,0,13.527891156462584,34.798835876655495,HSP90AB1
Reactome_2022,Signaling By NTRK3 (TRKC) R-HSA-9034015,1/16,0.0763538375668917,0.1536711304974035,0,0,13.527891156462584,34.798835876655495,SRC
Reactome_2022,Spry Regulation Of FGF Signaling R-HSA-1295596,1/16,0.0763538375668917,0.1536711304974035,0,0,13.527891156462584,34.798835876655495,SRC
Reactome_2022,Gap Junction Assembly R-HSA-190861,1/16,0.0763538375668917,0.1536711304974035,0,0,13.527891156462584,34.798835876655495,GJA1
Reactome_2022,NLRP3 Inflammasome R-HSA-844456,1/16,0.0763538375668917,0.1536711304974035,0,0,13.527891156462584,34.798835876655495,HSP90AB1
Reactome_2022,PKA Activation R-HSA-163615,1/17,0.0809295379966837,0.1578992209231934,0,0,12.681760204081632,31.884182268430106,ADCY2
Reactome_2022,Beta-catenin Phosphorylation Cascade R-HSA-196299,1/17,0.0809295379966837,0.1578992209231934,0,0,12.681760204081632,31.884182268430106,CTNNB1
Reactome_2022,Biosynthesis Of DHA-derived SPMs R-HSA-9018677,1/17,0.0809295379966837,0.1578992209231934,0,0,12.681760204081632,31.884182268430106,PTGS2
Reactome_2022,Butyrate Response Factor 1 Binds And Destabilizes mRNA R-HSA-450385,1/17,0.0809295379966837,0.1578992209231934,0,0,12.681760204081632,31.884182268430106,AKT1
Reactome_2022,Regulation Of RUNX1 Expression And Activity R-HSA-8934593,1/17,0.0809295379966837,0.1578992209231934,0,0,12.681760204081632,31.884182268430106,SRC
Reactome_2022,Formation Of Senescence-Associated Heterochromatin Foci (SAHF) R-HSA-2559584,1/17,0.0809295379966837,0.1578992209231934,0,0,12.681760204081632,31.884182268430106,TP53
Reactome_2022,TNF Receptor Superfamily (TNFSF) Members Mediating Non-Canonical NF-kB Pathway R-HSA-5676594,1/17,0.0809295379966837,0.1578992209231934,0,0,12.681760204081632,31.884182268430106,TNFSF11
Reactome_2022,Gastrin-CREB Signaling Pathway Via PKC And MAPK R-HSA-881907,1/17,0.0809295379966837,0.1578992209231934,0,0,12.681760204081632,31.884182268430106,EGFR
Reactome_2022,Gastrulation R-HSA-9758941,1/17,0.0809295379966837,0.1578992209231934,0,0,12.681760204081632,31.884182268430106,CTNNB1
Reactome_2022,KSRP (KHSRP) Binds And Destabilizes mRNA R-HSA-450604,1/17,0.0809295379966837,0.1578992209231934,0,0,12.681760204081632,31.884182268430106,AKT1
Reactome_2022,Visual Phototransduction R-HSA-2187338,2/98,0.0849536650943849,0.162800076348413,0,0,4.253651202749141,10.48801205800616,ABCA4;LRP2
Reactome_2022,Regulation Of NF-kappa B Signaling R-HSA-9758274,1/18,0.0854827987095899,0.162800076348413,0,0,11.935174069627852,29.353845802361935,TP53
Reactome_2022,Constitutive Signaling By Ligand-Responsive EGFR Cancer Variants R-HSA-1236382,1/18,0.0854827987095899,0.162800076348413,0,0,11.935174069627852,29.353845802361935,EGFR
Reactome_2022,Ephrin Signaling R-HSA-3928664,1/18,0.0854827987095899,0.162800076348413,0,0,11.935174069627852,29.353845802361935,SRC
Reactome_2022,G Beta:Gamma Signaling Thru BTK R-HSA-8964315,1/18,0.0854827987095899,0.162800076348413,0,0,11.935174069627852,29.353845802361935,GNG4
Reactome_2022,TP53 Regulates Transcription Of Genes Involved In G2 Cell Cycle Arrest R-HSA-6804114,1/18,0.0854827987095899,0.162800076348413,0,0,11.935174069627852,29.353845802361935,TP53
Reactome_2022,VEGFR2 Mediated Cell Proliferation R-HSA-5218921,1/18,0.0854827987095899,0.162800076348413,0,0,11.935174069627852,29.353845802361935,SRC
Reactome_2022,Lewis Blood Group Biosynthesis R-HSA-9037629,1/18,0.0854827987095899,0.162800076348413,0,0,11.935174069627852,29.353845802361935,FUT3
Reactome_2022,L1CAM Interactions R-HSA-373760,2/99,0.0864352352131997,0.1641240478155399,0,0,4.209586566053778,10.30658282325154,SRC;EGFR
Reactome_2022,PKA-mediated Phosphorylation Of CREB R-HSA-111931,1/19,0.090013728593284,0.1659790717991769,0,0,11.27154195011338,27.139540712465095,ADCY2
Reactome_2022,Prostacyclin Signaling Thru Prostacyclin Receptor R-HSA-392851,1/19,0.090013728593284,0.1659790717991769,0,0,11.27154195011338,27.139540712465095,GNG4
Reactome_2022,Biosynthesis Of Specialized Proresolving Mediators (SPMs) R-HSA-9018678,1/19,0.090013728593284,0.1659790717991769,0,0,11.27154195011338,27.139540712465095,PTGS2
Reactome_2022,Regulation Of TP53 Activity Thru Methylation R-HSA-6804760,1/19,0.090013728593284,0.1659790717991769,0,0,11.27154195011338,27.139540712465095,TP53
Reactome_2022,SHC-mediated cascade:FGFR4 R-HSA-5654719,1/19,0.090013728593284,0.1659790717991769,0,0,11.27154195011338,27.139540712465095,FGFR4
Reactome_2022,Signaling By KIT In Disease R-HSA-9669938,1/19,0.090013728593284,0.1659790717991769,0,0,11.27154195011338,27.139540712465095,SRC
Reactome_2022,Signaling To RAS R-HSA-167044,1/19,0.090013728593284,0.1659790717991769,0,0,11.27154195011338,27.139540712465095,SRC
Reactome_2022,Transcription Of E2F Targets Under Negative Control By DREAM Complex R-HSA-1362277,1/19,0.090013728593284,0.1659790717991769,0,0,11.27154195011338,27.139540712465095,MYC
Reactome_2022,Metabolism Of Cofactors R-HSA-8978934,1/19,0.090013728593284,0.1659790717991769,0,0,11.27154195011338,27.139540712465095,AKT1
Reactome_2022,Nicotinamide Salvaging R-HSA-197264,1/19,0.090013728593284,0.1659790717991769,0,0,11.27154195011338,27.139540712465095,PTGS2
Reactome_2022,Antigen processing-Cross Presentation R-HSA-1236975,2/104,0.0939582083749343,0.168450598297574,0,0,4.002223569840307,9.4648792811632,S100A1;S100A9
Reactome_2022,Cargo Recognition For Clathrin-Mediated Endocytosis R-HSA-8856825,2/104,0.0939582083749343,0.168450598297574,0,0,4.002223569840307,9.4648792811632,LRP2;EGFR
Reactome_2022,PI-3K cascade:FGFR4 R-HSA-5654720,1/20,0.0945224360353158,0.168450598297574,0,0,10.677765843179378,25.18797462704863,FGFR4
Reactome_2022,Apoptotic Factor-Mediated Response R-HSA-111471,1/20,0.0945224360353158,0.168450598297574,0,0,10.677765843179378,25.18797462704863,CDKN2A
Reactome_2022,Chaperone Mediated Autophagy R-HSA-9613829,1/20,0.0945224360353158,0.168450598297574,0,0,10.677765843179378,25.18797462704863,HSP90AB1
Reactome_2022,Receptor-type Tyrosine-Protein Phosphatases R-HSA-388844,1/20,0.0945224360353158,0.168450598297574,0,0,10.677765843179378,25.18797462704863,SLITRK6
Reactome_2022,Regulation Of Gene Expression In Beta Cells R-HSA-210745,1/20,0.0945224360353158,0.168450598297574,0,0,10.677765843179378,25.18797462704863,AKT1
Reactome_2022,Sema4D Induced Cell Migration And Growth-Cone Collapse R-HSA-416572,1/20,0.0945224360353158,0.168450598297574,0,0,10.677765843179378,25.18797462704863,ERBB2
Reactome_2022,Signal Transduction By L1 R-HSA-445144,1/20,0.0945224360353158,0.168450598297574,0,0,10.677765843179378,25.18797462704863,EGFR
Reactome_2022,G Beta:Gamma Signaling Thru CDC42 R-HSA-8964616,1/20,0.0945224360353158,0.168450598297574,0,0,10.677765843179378,25.18797462704863,GNG4
Reactome_2022,G Beta:Gamma Signaling Thru PLC Beta R-HSA-418217,1/20,0.0945224360353158,0.168450598297574,0,0,10.677765843179378,25.18797462704863,GNG4
Reactome_2022,TP53 Regulates Transcription Of Genes Involved In Cytochrome C Release R-HSA-6803204,1/20,0.0945224360353158,0.168450598297574,0,0,10.677765843179378,25.18797462704863,TP53
Reactome_2022,Integration Of Energy Metabolism R-HSA-163685,2/105,0.0954850571787753,0.1696921071867929,0,0,3.9631668501651487,9.30862888354816,GNG4;ADCY2
Reactome_2022,Presynaptic Function Of Kainate Receptors R-HSA-500657,1/21,0.0990090289156653,0.1721192382784591,0,0,10.143367346938776,23.45698564957499,GNG4
Reactome_2022,"Cobalamin (Cbl, Vitamin B12) Transport And Metabolism R-HSA-196741",1/21,0.0990090289156653,0.1721192382784591,0,0,10.143367346938776,23.45698564957499,LRP2
Reactome_2022,Deregulated CDK5 Triggers Neurodegenerative Pathways In Alzheimers Disease Models R-HSA-8862803,1/21,0.0990090289156653,0.1721192382784591,0,0,10.143367346938776,23.45698564957499,JUN
Reactome_2022,FRS-mediated FGFR4 Signaling R-HSA-5654712,1/21,0.0990090289156653,0.1721192382784591,0,0,10.143367346938776,23.45698564957499,FGFR4
Reactome_2022,"Synthesis, Secretion, And Inactivation Of Glucagon-like Peptide-1 (GLP-1) R-HSA-381771",1/21,0.0990090289156653,0.1721192382784591,0,0,10.143367346938776,23.45698564957499,CTNNB1
Reactome_2022,TP53 Regulates Transcription Of Additional Cell Cycle Genes With Uncertain Roles In P53 Pathway R-HSA-6804115,1/21,0.0990090289156653,0.1721192382784591,0,0,10.143367346938776,23.45698564957499,TP53
Reactome_2022,Inflammasomes R-HSA-622312,1/21,0.0990090289156653,0.1721192382784591,0,0,10.143367346938776,23.45698564957499,HSP90AB1
Reactome_2022,Negative Regulation Of NMDA Receptor-Mediated Neuronal Transmission R-HSA-9617324,1/21,0.0990090289156653,0.1721192382784591,0,0,10.143367346938776,23.45698564957499,PPM1E
Reactome_2022,ADP Signaling Thru P2Y Purinoceptor 12 R-HSA-392170,1/22,0.103473614552829,0.1779411484762936,0,0,9.65986394557823,21.912808540819068,GNG4
Reactome_2022,RA Biosynthesis Pathway R-HSA-5365859,1/22,0.103473614552829,0.1779411484762936,0,0,9.65986394557823,21.912808540819068,ALDH1A3
Reactome_2022,Blood Group Systems Biosynthesis R-HSA-9033658,1/22,0.103473614552829,0.1779411484762936,0,0,9.65986394557823,21.912808540819068,FUT3
Reactome_2022,Laminin Interactions R-HSA-3000157,1/22,0.103473614552829,0.1779411484762936,0,0,9.65986394557823,21.912808540819068,LAMC2
Reactome_2022,Post-chaperonin Tubulin Folding Pathway R-HSA-389977,1/23,0.1079162997886252,0.1831132959179333,0,0,9.220315398886829,20.528104250379776,TUBA3D
Reactome_2022,CD28 Dependent PI3K/Akt Signaling R-HSA-389357,1/23,0.1079162997886252,0.1831132959179333,0,0,9.220315398886829,20.528104250379776,AKT1
Reactome_2022,RHOBTB2 GTPase Cycle R-HSA-9013418,1/23,0.1079162997886252,0.1831132959179333,0,0,9.220315398886829,20.528104250379776,HSP90AB1
Reactome_2022,Canonical Retinoid Cycle In Rods (Twilight Vision) R-HSA-2453902,1/23,0.1079162997886252,0.1831132959179333,0,0,9.220315398886829,20.528104250379776,ABCA4
Reactome_2022,Glutamate Neurotransmitter Release Cycle R-HSA-210500,1/23,0.1079162997886252,0.1831132959179333,0,0,9.220315398886829,20.528104250379776,SLC1A1
Reactome_2022,RHO GTPases Activate NADPH Oxidases R-HSA-5668599,1/24,0.112337190972945,0.1866435620852576,0,0,8.818988464951198,19.28051614969918,S100A9
Reactome_2022,RUNX2 Regulates Osteoblast Differentiation R-HSA-8940973,1/24,0.112337190972945,0.1866435620852576,0,0,8.818988464951198,19.28051614969918,SRC
Reactome_2022,DARPP-32 Events R-HSA-180024,1/24,0.112337190972945,0.1866435620852576,0,0,8.818988464951198,19.28051614969918,PPP1R1B
Reactome_2022,Sema4D In Semaphorin Signaling R-HSA-400685,1/24,0.112337190972945,0.1866435620852576,0,0,8.818988464951198,19.28051614969918,ERBB2
Reactome_2022,Signaling By EGFR In Cancer R-HSA-1643713,1/24,0.112337190972945,0.1866435620852576,0,0,8.818988464951198,19.28051614969918,EGFR
Reactome_2022,G-protein Activation R-HSA-202040,1/24,0.112337190972945,0.1866435620852576,0,0,8.818988464951198,19.28051614969918,GNG4
Reactome_2022,Thromboxane Signaling Thru TP Receptor R-HSA-428930,1/24,0.112337190972945,0.1866435620852576,0,0,8.818988464951198,19.28051614969918,GNG4
Reactome_2022,"Incretin Synthesis, Secretion, And Inactivation R-HSA-400508",1/24,0.112337190972945,0.1866435620852576,0,0,8.818988464951198,19.28051614969918,CTNNB1
Reactome_2022,Basigin Interactions R-HSA-210991,1/25,0.1167363938849271,0.1909687674322654,0,0,8.451105442176871,18.151596366550063,SLC7A5
Reactome_2022,Cell Recruitment (Pro-Inflammatory Response) R-HSA-9664424,1/25,0.1167363938849271,0.1909687674322654,0,0,8.451105442176871,18.151596366550063,HSP90AB1
Reactome_2022,Gap Junction Trafficking R-HSA-190828,1/25,0.1167363938849271,0.1909687674322654,0,0,8.451105442176871,18.151596366550063,GJA1
Reactome_2022,Glucuronidation R-HSA-156588,1/25,0.1167363938849271,0.1909687674322654,0,0,8.451105442176871,18.151596366550063,UGDH
Reactome_2022,NOTCH3 Activation And Transmission Of Signal To Nucleus R-HSA-9013507,1/25,0.1167363938849271,0.1909687674322654,0,0,8.451105442176871,18.151596366550063,EGFR
Reactome_2022,NOTCH3 Intracellular Domain Regulates Transcription R-HSA-9013508,1/25,0.1167363938849271,0.1909687674322654,0,0,8.451105442176871,18.151596366550063,FABP7
Reactome_2022,Signaling By TGFB Family Members R-HSA-9006936,2/119,0.1175659843496673,0.1913446377935911,0,0,3.4864745792580845,7.463689749994849,TGFB2;MYC
Reactome_2022,Transcriptional Regulation By RUNX2 R-HSA-8878166,2/119,0.1175659843496673,0.1913446377935911,0,0,3.4864745792580845,7.463689749994849,SRC;AKT1
Reactome_2022,Attenuation Phase R-HSA-3371568,1/26,0.1211140138649787,0.1931768521146411,0,0,8.11265306122449,17.125996503061426,HSP90AB1
Reactome_2022,Pyroptosis R-HSA-5620971,1/26,0.1211140138649787,0.1931768521146411,0,0,8.11265306122449,17.125996503061426,TP53
Reactome_2022,Caspase Activation Via Extrinsic Apoptotic Signaling Pathway R-HSA-5357769,1/26,0.1211140138649787,0.1931768521146411,0,0,8.11265306122449,17.125996503061426,TNFSF10
Reactome_2022,Constitutive Signaling By AKT1 E17K In Cancer R-HSA-5674400,1/26,0.1211140138649787,0.1931768521146411,0,0,8.11265306122449,17.125996503061426,AKT1
Reactome_2022,Downstream Signaling Of Activated FGFR4 R-HSA-5654716,1/26,0.1211140138649787,0.1931768521146411,0,0,8.11265306122449,17.125996503061426,FGFR4
Reactome_2022,Formation Of Tubulin Folding Intermediates By CCT/TriC R-HSA-389960,1/26,0.1211140138649787,0.1931768521146411,0,0,8.11265306122449,17.125996503061426,TUBA3D
Reactome_2022,Infection With Mycobacterium Tuberculosis R-HSA-9635486,1/26,0.1211140138649787,0.1931768521146411,0,0,8.11265306122449,17.125996503061426,LTF
Reactome_2022,N-glycan Antennae Elongation In medial/trans-Golgi R-HSA-975576,1/26,0.1211140138649787,0.1931768521146411,0,0,8.11265306122449,17.125996503061426,FUT3
Reactome_2022,Metabolism Of Water-Soluble Vitamins And Cofactors R-HSA-196849,2/122,0.1224534320315341,0.194826158693563,0,0,3.3987972508591064,7.137557388414753,LRP2;PTGS2
Reactome_2022,SLC-mediated Transmembrane Transport R-HSA-425407,3/247,0.1239590091865981,0.1967309648284816,0,0,2.517546106557377,5.256143685163826,SLC7A5;SLC4A8;SLC1A1
Reactome_2022,G0 And Early G1 R-HSA-1538133,1/27,0.1254701557147521,0.1986351348536273,0,0,7.800235478806908,16.19085012410627,MYC
Reactome_2022,"Adrenaline,noradrenaline Inhibits Insulin Secretion R-HSA-400042",1/28,0.1298049236999525,0.2029792679425728,0,0,7.510959939531368,15.335296224041254,GNG4
Reactome_2022,Prefoldin Mediated Transfer Of Substrate To CCT/TriC R-HSA-389957,1/28,0.1298049236999525,0.2029792679425728,0,0,7.510959939531368,15.335296224041254,TUBA3D
Reactome_2022,Recycling Pathway Of L1 R-HSA-437239,1/28,0.1298049236999525,0.2029792679425728,0,0,7.510959939531368,15.335296224041254,SRC
Reactome_2022,Downstream Signal Transduction R-HSA-186763,1/28,0.1298049236999525,0.2029792679425728,0,0,7.510959939531368,15.335296224041254,SRC
Reactome_2022,Mitophagy R-HSA-5205647,1/28,0.1298049236999525,0.2029792679425728,0,0,7.510959939531368,15.335296224041254,SRC
Reactome_2022,Autophagy R-HSA-9612973,2/128,0.1323734735660895,0.2032483444497608,0,0,3.235967926689576,6.543541371922653,HSP90AB1;SRC
Reactome_2022,G1/S Transition R-HSA-69206,2/129,0.1340445654083038,0.2032483444497608,0,0,3.210325513434532,6.451415437093524,MYC;AKT1
Reactome_2022,Activation Of G Protein Gated Potassium Channels R-HSA-1296041,1/29,0.1341184216510177,0.2032483444497608,0,0,7.24234693877551,14.55010766501914,GNG4
Reactome_2022,Activation Of Kainate Receptors Upon Glutamate Binding R-HSA-451326,1/29,0.1341184216510177,0.2032483444497608,0,0,7.24234693877551,14.55010766501914,GNG4
Reactome_2022,Adherens Junctions Interactions R-HSA-418990,1/29,0.1341184216510177,0.2032483444497608,0,0,7.24234693877551,14.55010766501914,CTNNB1
Reactome_2022,Regulation Of Necroptotic Cell Death R-HSA-5675482,1/29,0.1341184216510177,0.2032483444497608,0,0,7.24234693877551,14.55010766501914,TNFSF10
Reactome_2022,Disassembly Of Destruction Complex And Recruitment Of AXIN To Membrane R-HSA-4641262,1/29,0.1341184216510177,0.2032483444497608,0,0,7.24234693877551,14.55010766501914,CTNNB1
Reactome_2022,SUMOylation Of Intracellular Receptors R-HSA-4090294,1/29,0.1341184216510177,0.2032483444497608,0,0,7.24234693877551,14.55010766501914,PGR
Reactome_2022,TNFs Bind Their Physiological Receptors R-HSA-5669034,1/29,0.1341184216510177,0.2032483444497608,0,0,7.24234693877551,14.55010766501914,TNFSF11
Reactome_2022,HSF1 Activation R-HSA-3371511,1/29,0.1341184216510177,0.2032483444497608,0,0,7.24234693877551,14.55010766501914,HSP90AB1
Reactome_2022,Uptake And Actions Of Bacterial Toxins R-HSA-5339562,1/29,0.1341184216510177,0.2032483444497608,0,0,7.24234693877551,14.55010766501914,HSP90AB1
Reactome_2022,Myogenesis R-HSA-525793,1/29,0.1341184216510177,0.2032483444497608,0,0,7.24234693877551,14.55010766501914,CTNNB1
Reactome_2022,Negative Regulation Of FGFR3 Signaling R-HSA-5654732,1/29,0.1341184216510177,0.2032483444497608,0,0,7.24234693877551,14.55010766501914,SRC
Reactome_2022,Fc Epsilon Receptor (FCERI) Signaling R-HSA-2454202,2/130,0.1357204915376226,0.2051888000023773,0,0,3.185083762886598,6.3611146175156374,JUN;FOS
Reactome_2022,ADORA2B Mediated Anti-Inflammatory Cytokine Production R-HSA-9660821,2/131,0.1374011645314689,0.2072386358654307,0,0,3.160233357308399,6.272590518389954,GNG4;ADCY2
Reactome_2022,Tight Junction Interactions R-HSA-420029,1/30,0.1384107528555566,0.2082690101930309,0,0,6.992258972554539,13.82739870293458,CLDN1
Reactome_2022,Metabolism Of Proteins R-HSA-392499,13/1890,0.1402287284609299,0.2105080676660548,0,0,1.451549355106491,2.8515402792367412,CDKN2A;CBX2;FUT3;TUBA3D;SLPI;GNG4;MYC;CTNNB1;PGR;DLGAP3;TP53;RPL19;LTF
Reactome_2022,RIPK1-mediated Regulated Necrosis R-HSA-5213460,1/31,0.1426820201200549,0.2117002996199885,0,0,6.758843537414966,13.16039270810627,TNFSF10
Reactome_2022,RUNX2 Regulates Bone Development R-HSA-8941326,1/31,0.1426820201200549,0.2117002996199885,0,0,6.758843537414966,13.16039270810627,SRC
Reactome_2022,Sealing Of Nuclear Envelope (NE) By ESCRT-III R-HSA-9668328,1/31,0.1426820201200549,0.2117002996199885,0,0,6.758843537414966,13.16039270810627,TUBA3D
Reactome_2022,EGFR Downregulation R-HSA-182971,1/31,0.1426820201200549,0.2117002996199885,0,0,6.758843537414966,13.16039270810627,EGFR
Reactome_2022,Nicotinate Metabolism R-HSA-196807,1/31,0.1426820201200549,0.2117002996199885,0,0,6.758843537414966,13.16039270810627,PTGS2
Reactome_2022,Signaling By Hedgehog R-HSA-5358351,2/135,0.1441696018249289,0.2134111507292451,0,0,3.0645686380900705,5.935348916750686,SCUBE2;ADCY2
Reactome_2022,RAF Activation R-HSA-5673000,1/32,0.1469323257611995,0.216997277397327,0,0,6.540487162606978,12.54323618558598,SRC
Reactome_2022,RHO GTPase Effectors R-HSA-195258,3/269,0.1487477647459415,0.2181927834544993,0,0,2.3067434210526314,4.395507112460936,SRC;CTNNB1;S100A9
Reactome_2022,Death Receptor Signaling R-HSA-73887,2/139,0.1510071821028462,0.2181927834544993,0,0,2.9744901798479946,5.623059163888381,LINGO1;TNFSF10
Reactome_2022,Amino Acid Transport Across Plasma Membrane R-HSA-352230,1/33,0.1511617716095434,0.2181927834544993,0,0,6.33577806122449,11.970848723326087,SLC7A5
Reactome_2022,CaM Pathway R-HSA-111997,1/33,0.1511617716095434,0.2181927834544993,0,0,6.33577806122449,11.970848723326087,ADCY2
Reactome_2022,Cooperation Of Prefoldin And TriC/CCT In Actin And Tubulin Folding R-HSA-389958,1/33,0.1511617716095434,0.2181927834544993,0,0,6.33577806122449,11.970848723326087,TUBA3D
Reactome_2022,Signaling By WNT In Cancer R-HSA-4791275,1/33,0.1511617716095434,0.2181927834544993,0,0,6.33577806122449,11.970848723326087,CTNNB1
Reactome_2022,Signaling By High-Kinase Activity BRAF Mutants R-HSA-6802948,1/33,0.1511617716095434,0.2181927834544993,0,0,6.33577806122449,11.970848723326087,SRC
Reactome_2022,Signaling To ERKs R-HSA-187687,1/33,0.1511617716095434,0.2181927834544993,0,0,6.33577806122449,11.970848723326087,SRC
Reactome_2022,Glucagon-type Ligand Receptors R-HSA-420092,1/33,0.1511617716095434,0.2181927834544993,0,0,6.33577806122449,11.970848723326087,GNG4
Reactome_2022,Negative Regulation Of FGFR1 Signaling R-HSA-5654726,1/33,0.1511617716095434,0.2181927834544993,0,0,6.33577806122449,11.970848723326087,SRC
Reactome_2022,EPHB-mediated Forward Signaling R-HSA-3928662,1/34,0.1553704589766444,0.2232575514123854,0,0,6.1434755720470005,11.438801065469375,SRC
Reactome_2022,Negative Regulation Of FGFR2 Signaling R-HSA-5654727,1/34,0.1553704589766444,0.2232575514123854,0,0,6.1434755720470005,11.438801065469375,SRC
Reactome_2022,Clathrin-mediated Endocytosis R-HSA-8856828,2/142,0.1561775757101471,0.223913018658593,0,0,2.9103092783505153,5.403750550805646,LRP2;EGFR
Reactome_2022,RHOBTB GTPase Cycle R-HSA-9706574,1/35,0.1595584887396804,0.2262184795909247,0,0,5.962484993997599,10.94321537216386,HSP90AB1
Reactome_2022,Ca-dependent Events R-HSA-111996,1/35,0.1595584887396804,0.2262184795909247,0,0,5.962484993997599,10.94321537216386,ADCY2
Reactome_2022,RUNX1 Interacts With Co-Factors Whose Precise Effect On RUNX1 Targets Is Not Known R-HSA-8939243,1/35,0.1595584887396804,0.2262184795909247,0,0,5.962484993997599,10.94321537216386,CBX2
Reactome_2022,Gene And Protein Expression By JAK-STAT Signaling After Interleukin-12 Stimulation R-HSA-8950505,1/35,0.1595584887396804,0.2262184795909247,0,0,5.962484993997599,10.94321537216386,S100A9
Reactome_2022,Inwardly Rectifying K+ Channels R-HSA-1296065,1/35,0.1595584887396804,0.2262184795909247,0,0,5.962484993997599,10.94321537216386,GNG4
Reactome_2022,SMAD2/SMAD3:SMAD4 Heterotrimer Regulates Transcription R-HSA-2173796,1/36,0.1637259612098498,0.2310999186988588,0,0,5.791836734693877,10.48068313038553,MYC
Reactome_2022,HSF1-dependent Transactivation R-HSA-3371571,1/36,0.1637259612098498,0.2310999186988588,0,0,5.791836734693877,10.48068313038553,HSP90AB1
Reactome_2022,SARS-CoV-2 Infection R-HSA-9694516,3/283,0.1652961210677259,0.2328011594728679,0,0,2.18984375,3.941755408959855,GJA1;HSP90AB1;AKT1
Reactome_2022,Cooperation Of PDCL (PhLP1) And TRiC/CCT In G-protein Beta Folding R-HSA-6814122,1/37,0.1678729762999577,0.2343609603487375,0,0,5.630668934240362,10.048197177896714,GNG4
Reactome_2022,FLT3 Signaling R-HSA-9607240,1/37,0.1678729762999577,0.2343609603487375,0,0,5.630668934240362,10.048197177896714,AKT1
Reactome_2022,MAP2K And MAPK Activation R-HSA-5674135,1/37,0.1678729762999577,0.2343609603487375,0,0,5.630668934240362,10.048197177896714,SRC
Reactome_2022,NCAM1 Interactions R-HSA-419037,1/37,0.1678729762999577,0.2343609603487375,0,0,5.630668934240362,10.048197177896714,CACNA1H
Reactome_2022,Association Of TriC/CCT With Target Proteins During Biosynthesis R-HSA-390471,1/38,0.1719996334133106,0.2390757431757999,0,0,5.478212906784336,9.643095121573042,TP53
Reactome_2022,Signaling By RAF1 Mutants R-HSA-9656223,1/38,0.1719996334133106,0.2390757431757999,0,0,5.478212906784336,9.643095121573042,SRC
Reactome_2022,Membrane Trafficking R-HSA-199991,5/599,0.1758116172304006,0.2421457932526357,0,0,1.728902500179096,3.0054241996578885,GJA1;SRC;AKT1;LRP2;EGFR
Reactome_2022,Ovarian Tumor Domain Proteases R-HSA-5689896,1/39,0.1761060314564623,0.2421457932526357,0,0,5.333780880773362,9.263011982506484,TP53
Reactome_2022,RHOU GTPase Cycle R-HSA-9013420,1/39,0.1761060314564623,0.2421457932526357,0,0,5.333780880773362,9.263011982506484,SRC
Reactome_2022,DAG And IP3 Signaling R-HSA-1489509,1/39,0.1761060314564623,0.2421457932526357,0,0,5.333780880773362,9.263011982506484,ADCY2
Reactome_2022,Signaling By FGFR3 R-HSA-5654741,1/39,0.1761060314564623,0.2421457932526357,0,0,5.333780880773362,9.263011982506484,SRC
Reactome_2022,RET Signaling R-HSA-8853659,1/40,0.1801922688656712,0.2472315430888134,0,0,5.196755625327054,8.905840371656716,SRC
Reactome_2022,Paradoxical Activation Of RAF Signaling By Kinase Inactive BRAF R-HSA-6802955,1/41,0.1842584436385668,0.2495899937184832,0,0,5.066581632653061,8.569696843013316,SRC
Reactome_2022,Carboxyterminal Post-Translational Modifications Of Tubulin R-HSA-8955332,1/41,0.1842584436385668,0.2495899937184832,0,0,5.066581632653061,8.569696843013316,TUBA3D
Reactome_2022,Regulation Of Beta-Cell Development R-HSA-186712,1/41,0.1842584436385668,0.2495899937184832,0,0,5.066581632653061,8.569696843013316,AKT1
Reactome_2022,Signaling By Retinoic Acid R-HSA-5362517,1/41,0.1842584436385668,0.2495899937184832,0,0,5.066581632653061,8.569696843013316,ALDH1A3
Reactome_2022,MTOR Signaling R-HSA-165159,1/41,0.1842584436385668,0.2495899937184832,0,0,5.066581632653061,8.569696843013316,AKT1
Reactome_2022,Non-integrin membrane-ECM Interactions R-HSA-3000171,1/41,0.1842584436385668,0.2495899937184832,0,0,5.066581632653061,8.569696843013316,LAMC2
Reactome_2022,Signaling By SCF-KIT R-HSA-1433557,1/42,0.1883046532515607,0.2539923229904772,0,0,4.9427575908412145,8.252893343942876,SRC
Reactome_2022,Glucagon-like Peptide-1 (GLP1) Regulates Insulin Secretion R-HSA-381676,1/42,0.1883046532515607,0.2539923229904772,0,0,4.9427575908412145,8.252893343942876,GNG4
Reactome_2022,S Phase R-HSA-69242,2/161,0.1896237367134542,0.2552319494159996,0,0,2.560072618816054,4.256667312890014,MYC;AKT1
Reactome_2022,GPCR Ligand Binding R-HSA-500792,4/458,0.1918885236711451,0.2567095704283291,0,0,1.8035706005100856,2.977407719190467,WNT11;GNG4;NPY1R;WNT4
Reactome_2022,Retinoid Metabolism And Transport R-HSA-975634,1/43,0.1923309947723218,0.2567095704283291,0,0,4.824829931972789,7.953912881527455,LRP2
Reactome_2022,SUMOylation Of Transcription Cofactors R-HSA-3899300,1/43,0.1923309947723218,0.2567095704283291,0,0,4.824829931972789,7.953912881527455,CBX2
Reactome_2022,Smooth Muscle Contraction R-HSA-445355,1/43,0.1923309947723218,0.2567095704283291,0,0,4.824829931972789,7.953912881527455,CACNA1H
Reactome_2022,PI3K Cascade R-HSA-109704,1/44,0.1963375647234362,0.259344443671951,0,0,4.7123872804935925,7.671388710729669,FGFR4
Reactome_2022,Sphingolipid De Novo Biosynthesis R-HSA-1660661,1/44,0.1963375647234362,0.259344443671951,0,0,4.7123872804935925,7.671388710729669,SPTSSB
Reactome_2022,TGF-beta Receptor Signaling Activates SMADs R-HSA-2173789,1/44,0.1963375647234362,0.259344443671951,0,0,4.7123872804935925,7.671388710729669,TGFB2
Reactome_2022,TP53 Regulates Transcription Of Cell Death Genes R-HSA-5633008,1/44,0.1963375647234362,0.259344443671951,0,0,4.7123872804935925,7.671388710729669,TP53
Reactome_2022,Interleukin-12 Signaling R-HSA-9020591,1/44,0.1963375647234362,0.259344443671951,0,0,4.7123872804935925,7.671388710729669,S100A9
Reactome_2022,TAK1-dependent IKK And NF-kappa-B Activation R-HSA-445989,1/45,0.200324459201293,0.2635195978771648,0,0,4.605055658627087,7.4040864558079,TP53
Reactome_2022,Interleukin-10 Signaling R-HSA-6783783,1/45,0.200324459201293,0.2635195978771648,0,0,4.605055658627087,7.4040864558079,PTGS2
Reactome_2022,PLC Beta Mediated Events R-HSA-112043,1/47,0.2082396039645442,0.271159929821689,0,0,4.404392191659272,6.9107816867744924,ADCY2
Reactome_2022,SUMOylation Of RNA Binding Proteins R-HSA-4570464,1/47,0.2082396039645442,0.271159929821689,0,0,4.404392191659272,6.9107816867744924,CBX2
Reactome_2022,IRS-mediated Signaling R-HSA-112399,1/47,0.2082396039645442,0.271159929821689,0,0,4.404392191659272,6.9107816867744924,FGFR4
Reactome_2022,Metabolism Of Fat-Soluble Vitamins R-HSA-6806667,1/47,0.2082396039645442,0.271159929821689,0,0,4.404392191659272,6.9107816867744924,LRP2
Reactome_2022,Vesicle-mediated Transport R-HSA-5653656,5/637,0.2082576263520809,0.271159929821689,0,0,1.6217512792889843,2.5444943125855937,GJA1;SRC;AKT1;LRP2;EGFR
Reactome_2022,Fatty Acid Metabolism R-HSA-8978868,2/173,0.2112209481277283,0.274458176996926,0,0,2.378971483692048,3.698945109998776,PTGDS;PTGS2
Reactome_2022,NOTCH1 Intracellular Domain Regulates Transcription R-HSA-2122947,1/48,0.2121680441057898,0.2751284799583209,0,0,4.3104646113764655,6.682843716128026,MYC
Reactome_2022,Signaling By Rho GTPases R-HSA-194315,5/644,0.2144444527374147,0.2773787652593813,0,0,1.6034029234508709,2.4687667538681772,GJA1;HSP90AB1;SRC;CTNNB1;S100A9
Reactome_2022,EPH-ephrin Mediated Repulsion Of Cells R-HSA-3928665,1/49,0.2160771886111481,0.2773787652593813,0,0,4.2204506802721085,6.466235125579845,SRC
Reactome_2022,Signaling By FGFR1 R-HSA-5654736,1/49,0.2160771886111481,0.2773787652593813,0,0,4.2204506802721085,6.466235125579845,SRC
Reactome_2022,TP53 Regulates Transcription Of Cell Cycle Genes R-HSA-6791312,1/49,0.2160771886111481,0.2773787652593813,0,0,4.2204506802721085,6.466235125579845,TP53
Reactome_2022,Netrin-1 Signaling R-HSA-373752,1/49,0.2160771886111481,0.2773787652593813,0,0,4.2204506802721085,6.466235125579845,SRC
Reactome_2022,Neurotransmitter Release Cycle R-HSA-112310,1/50,0.2199671313012003,0.2818052806629835,0,0,4.134110787172012,6.26018948804807,SLC1A1
Reactome_2022,Autodegradation Of E3 Ubiquitin Ligase COP1 R-HSA-349425,1/51,0.2238379654636096,0.2844793266250657,0,0,4.051224489795918,6.06400592882887,TP53
Reactome_2022,Transcriptional Activity Of SMAD2/SMAD3:SMAD4 Heterotrimer R-HSA-2173793,1/51,0.2238379654636096,0.2844793266250657,0,0,4.051224489795918,6.06400592882887,MYC
Reactome_2022,Translocation Of SLC2A4 (GLUT4) To Plasma Membrane R-HSA-1445148,1/51,0.2238379654636096,0.2844793266250657,0,0,4.051224489795918,6.06400592882887,AKT1
Reactome_2022,IRS-related Events Triggered By IGF1R R-HSA-2428928,1/51,0.2238379654636096,0.2844793266250657,0,0,4.051224489795918,6.06400592882887,FGFR4
Reactome_2022,G2/M Transition R-HSA-69275,2/182,0.2275778012041381,0.2876556084210921,0,0,2.258991981672394,3.3439025092202574,HSP90AB1;TP53
Reactome_2022,G-protein Mediated Events R-HSA-112040,1/52,0.2276897840950651,0.2876556084210921,0,0,3.971588635454182,5.877042371985223,ADCY2
Reactome_2022,IGF1R Signaling Cascade R-HSA-2428924,1/52,0.2276897840950651,0.2876556084210921,0,0,3.971588635454182,5.877042371985223,FGFR4
Reactome_2022,"Signaling By Rho GTPases, Miro GTPases And RHOBTB3 R-HSA-9716542",5/660,0.228804407342785,0.2884925136061202,0,0,1.5629364950462887,2.305155901199985,GJA1;HSP90AB1;SRC;CTNNB1;S100A9
Reactome_2022,Mitotic G2-G2/M Phases R-HSA-453274,2/184,0.2312261985673858,0.2884989640644289,0,0,2.2339413164155433,3.2712916990984517,HSP90AB1;TP53
Reactome_2022,"Nucleotide-binding Domain, Leucine Rich Repeat Containing NLR Signaling Pathways R-HSA-168643",1/53,0.2315226796253723,0.2884989640644289,0,0,3.895015698587127,5.698709605268148,HSP90AB1
Reactome_2022,Signaling By Type 1 Insulin-like Growth Factor 1 Receptor (IGF1R) R-HSA-2404192,1/53,0.2315226796253723,0.2884989640644289,0,0,3.895015698587127,5.698709605268148,FGFR4
Reactome_2022,Insulin Receptor Signaling Cascade R-HSA-74751,1/53,0.2315226796253723,0.2884989640644289,0,0,3.895015698587127,5.698709605268148,FGFR4
Reactome_2022,Negative Regulation Of NOTCH4 Signaling R-HSA-9604323,1/53,0.2315226796253723,0.2884989640644289,0,0,3.895015698587127,5.698709605268148,AKT1
Reactome_2022,Nuclear Receptor Transcription Pathway R-HSA-383280,1/53,0.2315226796253723,0.2884989640644289,0,0,3.895015698587127,5.698709605268148,PGR
Reactome_2022,RHOJ GTPase Cycle R-HSA-9013409,1/54,0.2353367440911679,0.2921105889691929,0,0,3.8213323065075087,5.528466035409756,GJA1
Reactome_2022,Interleukin-12 Family Signaling R-HSA-447115,1/54,0.2353367440911679,0.2921105889691929,0,0,3.8213323065075087,5.528466035409756,S100A9
Reactome_2022,ECM Proteoglycans R-HSA-3000178,1/55,0.2391320690843626,0.2962451651957735,0,0,3.7503779289493577,5.365813052901269,TGFB2
Reactome_2022,Assembly Of Collagen Fibrils And Other Multimeric Structures R-HSA-2022090,1/57,0.24666686462221,0.3038097676234942,0,0,3.616071428571429,5.061475129166085,LAMC2
Reactome_2022,SUMOylation Of Chromatin Organization Proteins R-HSA-4551638,1/57,0.24666686462221,0.3038097676234942,0,0,3.616071428571429,5.061475129166085,CBX2
Reactome_2022,Neurexins And Neuroligins R-HSA-6794361,1/57,0.24666686462221,0.3038097676234942,0,0,3.616071428571429,5.061475129166085,DLGAP3
Reactome_2022,Constitutive Signaling By NOTCH1 HD+PEST Domain Mutants R-HSA-2894862,1/58,0.2504065161532353,0.3078214976989675,0,0,3.552452559971357,4.918973126047551,MYC
Reactome_2022,RHOQ GTPase Cycle R-HSA-9013406,1/59,0.2541277901026765,0.3111967947898419,0,0,3.491027445460943,4.782421433224194,GJA1
Reactome_2022,Transcriptional Regulation Of Granulopoiesis R-HSA-9616222,1/59,0.2541277901026765,0.3111967947898419,0,0,3.491027445460943,4.782421433224194,MYC
Reactome_2022,Recruitment And ATM-mediated Phosphorylation Of Repair And Signal Proteins At DNA Double Strand Breaks R-HSA-5693565,1/60,0.25783077585673,0.314523967488707,0,0,3.4316845382220684,4.65148304199707,TP53
Reactome_2022,FCGR3A-mediated Phagocytosis R-HSA-9664422,1/60,0.25783077585673,0.314523967488707,0,0,3.4316845382220684,4.65148304199707,SRC
Reactome_2022,DNA Damage/Telomere Stress Induced Senescence R-HSA-2559586,1/61,0.2615155624003951,0.3165975878775182,0,0,3.3743197278911565,4.525845089772744,TP53
Reactome_2022,DNA Double Strand Break Response R-HSA-5693606,1/61,0.2615155624003951,0.3165975878775182,0,0,3.3743197278911565,4.525845089772744,TP53
Reactome_2022,Selective Autophagy R-HSA-9663891,1/61,0.2615155624003951,0.3165975878775182,0,0,3.3743197278911565,4.525845089772744,SRC
Reactome_2022,Signaling By FGFR In Disease R-HSA-1226099,1/61,0.2615155624003951,0.3165975878775182,0,0,3.3743197278911565,4.525845089772744,FGFR4
Reactome_2022,Ub-specific Processing Proteases R-HSA-5689880,2/201,0.2623555052840542,0.3170129022182321,0,0,2.0413407242397557,2.731425763828838,MYC;TP53
Reactome_2022,Regulation Of Actin Dynamics For Phagocytic Cup Formation R-HSA-2029482,1/62,0.2651822382725948,0.3192193736187085,0,0,3.318835731013717,4.405216774073966,HSP90AB1
Reactome_2022,Signaling By BRAF And RAF1 Fusions R-HSA-6802952,1/62,0.2651822382725948,0.3192193736187085,0,0,3.318835731013717,4.405216774073966,SRC
Reactome_2022,Transcriptional Regulation By RUNX1 R-HSA-8878171,2/204,0.2678598418417319,0.3217900728364532,0,0,2.010717566602021,2.648700985407327,SRC;CBX2
Reactome_2022,Cytosolic Sensors Of Pathogen-Associated DNA R-HSA-1834949,1/63,0.2688308915702658,0.3217900728364532,0,0,3.2651415404871624,4.289327476230114,CTNNB1
Reactome_2022,Synthesis Of Substrates In N-glycan Biosythesis R-HSA-446219,1/63,0.2688308915702658,0.3217900728364532,0,0,3.2651415404871624,4.289327476230114,SLPI
Reactome_2022,Hedgehog Ligand Biogenesis R-HSA-5358346,1/64,0.2724616099866224,0.3255252943285863,0,0,3.2131519274376417,4.1779250708981355,SCUBE2
Reactome_2022,SARS-CoV Infections R-HSA-9679506,3/369,0.2759238941997292,0.3286110424062627,0,0,1.6679474043715847,2.1476994447814906,GJA1;HSP90AB1;AKT1
Reactome_2022,FOXO-mediated Transcription R-HSA-9614085,1/65,0.2760744807676439,0.3286110424062627,0,0,3.162786989795918,4.070774401763339,AKT1
Reactome_2022,Signaling By ROBO Receptors R-HSA-376176,2/209,0.2770332253592603,0.329138170911002,0,0,1.9616514766671649,2.5180108172718705,SRC;RPL19
Reactome_2022,G Alpha (Q) Signaling Events R-HSA-416476,2/212,0.2825350266806619,0.3350508308963982,0,0,1.9333333333333331,2.443641979140743,GNG4;EGFR
Reactome_2022,Regulation Of PTEN Stability And Activity R-HSA-8948751,1/67,0.2832470263652049,0.335271990391467,0,0,3.066635745207174,3.8683643519169673,AKT1
Reactome_2022,Biological Oxidations R-HSA-211859,2/218,0.293528334460832,0.3467982914555756,0,0,1.8790568919434896,2.3033124323741725,UGDH;HSP90AB1
Reactome_2022,Signaling By FGFR2 R-HSA-5654738,1/72,0.3008720848743497,0.3548177267094919,0,0,2.8499568841621157,3.4229979193514453,SRC
Reactome_2022,Signaling By NOTCH1 R-HSA-1980143,1/74,0.3078013663461844,0.3623196895366525,0,0,2.7715963097567795,3.265773646062485,MYC
Reactome_2022,Nuclear Envelope (NE) Reassembly R-HSA-2995410,1/75,0.3112404688406589,0.3656932212160965,0,0,2.734004412575841,3.191101117194685,TUBA3D
Reactome_2022,Biosynthesis Of N-glycan Precursor (Dolichol LLO) And Transfer To Protein R-HSA-446193,1/77,0.318068011059111,0.3709824333742464,0,0,2.661788399570354,3.049052121094838,SLPI
Reactome_2022,Regulation Of Insulin Secretion R-HSA-422356,1/77,0.318068011059111,0.3709824333742464,0,0,2.661788399570354,3.049052121094838,GNG4
Reactome_2022,Signaling By Insulin Receptor R-HSA-74752,1/77,0.318068011059111,0.3709824333742464,0,0,2.661788399570354,3.049052121094838,FGFR4
Reactome_2022,G2/M DNA Damage Checkpoint R-HSA-69473,1/77,0.318068011059111,0.3709824333742464,0,0,2.661788399570354,3.049052121094838,TP53
Reactome_2022,Oncogenic MAPK Signaling R-HSA-6802957,1/78,0.3214566150845788,0.3735688896611317,0,0,2.62708719851577,2.981462056839342,SRC
Reactome_2022,G Alpha (12/13) Signaling Events R-HSA-416482,1/78,0.3214566150845788,0.3735688896611317,0,0,2.62708719851577,2.981462056839342,GNG4
Reactome_2022,Amyloid Fiber Formation R-HSA-977225,1/79,0.3248285499837176,0.3768011179811124,0,0,2.5932757718472006,2.9160291027167355,LTF
Reactome_2022,DDX58/IFIH1-mediated Induction Of Interferon-Alpha/Beta R-HSA-168928,1/81,0.3315227364712461,0.3831730178779982,0,0,2.528188775510204,2.7912692807310164,HSP90AB1
Reactome_2022,Signaling By NOTCH4 R-HSA-9013694,1/81,0.3315227364712461,0.3831730178779982,0,0,2.528188775510204,2.7912692807310164,AKT1
Reactome_2022,Mitochondrial Translation Elongation R-HSA-5389840,1/82,0.3348451492584174,0.3849210904988654,0,0,2.496850592088687,2.73177201105479,DLGAP3
Reactome_2022,Mitochondrial Translation Initiation R-HSA-5368286,1/82,0.3348451492584174,0.3849210904988654,0,0,2.496850592088687,2.73177201105479,DLGAP3
Reactome_2022,Mitochondrial Translation Termination R-HSA-5419276,1/82,0.3348451492584174,0.3849210904988654,0,0,2.496850592088687,2.73177201105479,DLGAP3
Reactome_2022,Platelet Homeostasis R-HSA-418346,1/83,0.3381512151541468,0.3880224375329958,0,0,2.4662767546042805,2.674090416659631,GNG4
Reactome_2022,Peptide Chain Elongation R-HSA-156902,1/86,0.3479721261088416,0.3985748948966623,0,0,2.378871548619448,2.511215071130418,RPL19
Reactome_2022,Regulation Of mRNA Stability By Proteins That Bind AU-rich Elements R-HSA-450531,1/88,0.3544391152115018,0.4045297951787802,0,0,2.3239502697630776,2.4104446686187133,AKT1
Reactome_2022,Mitochondrial Translation R-HSA-5368287,1/88,0.3544391152115018,0.4045297951787802,0,0,2.3239502697630776,2.4104446686187133,DLGAP3
Reactome_2022,Peptide Hormone Metabolism R-HSA-2980736,1/89,0.3576487585509577,0.4053126435925594,0,0,2.297425788497217,2.3622221454976327,CTNNB1
Reactome_2022,RAB GEFs Exchange GTP For GDP On RABs R-HSA-8876198,1/89,0.3576487585509577,0.4053126435925594,0,0,2.297425788497217,2.3622221454976327,AKT1
Reactome_2022,Sphingolipid Metabolism R-HSA-428157,1/89,0.3576487585509577,0.4053126435925594,0,0,2.297425788497217,2.3622221454976327,SPTSSB
Reactome_2022,Collagen Formation R-HSA-1474290,1/90,0.3608426043269181,0.4053126435925594,0,0,2.27149736299014,2.315367733821622,LAMC2
Reactome_2022,Regulation Of TP53 Activity Thru Phosphorylation R-HSA-6804756,1/90,0.3608426043269181,0.4053126435925594,0,0,2.27149736299014,2.315367733821622,TP53
Reactome_2022,Selenocysteine Synthesis R-HSA-2408557,1/90,0.3608426043269181,0.4053126435925594,0,0,2.27149736299014,2.315367733821622,RPL19
Reactome_2022,Eukaryotic Translation Elongation R-HSA-156842,1/90,0.3608426043269181,0.4053126435925594,0,0,2.27149736299014,2.315367733821622,RPL19
Reactome_2022,Eukaryotic Translation Termination R-HSA-72764,1/90,0.3608426043269181,0.4053126435925594,0,0,2.27149736299014,2.315367733821622,RPL19
Reactome_2022,Viral mRNA Translation R-HSA-192823,1/90,0.3608426043269181,0.4053126435925594,0,0,2.27149736299014,2.315367733821622,RPL19
Reactome_2022,Activation Of HOX Genes During Differentiation R-HSA-5619507,1/91,0.3640207295484168,0.4074477639506841,0,0,2.246145124716554,2.269829520354966,JUN
Reactome_2022,EPH-Ephrin Signaling R-HSA-2682334,1/91,0.3640207295484168,0.4074477639506841,0,0,2.246145124716554,2.269829520354966,SRC
Reactome_2022,Nonsense Mediated Decay (NMD) Independent Of Exon Junction Complex (EJC) R-HSA-975956,1/92,0.3671832107677797,0.4102677556389553,0,0,2.2213500784929354,2.225558078777643,RPL19
Reactome_2022,RHO GTPase Cycle R-HSA-9012999,3/441,0.3733586016742113,0.4164384403289281,0,0,1.3886272831050228,1.3680977098657057,GJA1;HSP90AB1;SRC
Reactome_2022,P75 NTR Receptor-Mediated Signaling R-HSA-193704,1/95,0.3765775507485954,0.4192957720377031,0,0,2.150130264871906,2.0998844617159325,LINGO1
Reactome_2022,Post-translational Protein Modification R-HSA-597592,8/1383,0.3773418581270417,0.41941481791821,0,0,1.1844795204795204,1.1543981432901735,TUBA3D;SLPI;CDKN2A;MYC;CBX2;PGR;TP53;FUT3
Reactome_2022,HCMV Early Events R-HSA-9609690,1/96,0.3796782145208595,0.4212777406335797,0,0,2.1273899033297528,2.060230733325135,EGFR
Reactome_2022,Potential Therapeutics For SARS R-HSA-9679191,1/97,0.3827636117976207,0.4239638616786145,0,0,2.105123299319728,2.02162922942782,HSP90AB1
Reactome_2022,Response Of EIF2AK4 (GCN2) To Amino Acid Deficiency R-HSA-9633012,1/98,0.3858338168827518,0.4251502161851393,0,0,2.083315800547023,1.9840427369076143,RPL19
Reactome_2022,Formation Of A Pool Of Free 40S Subunits R-HSA-72689,1/98,0.3858338168827518,0.4251502161851393,0,0,2.083315800547023,1.9840427369076143,RPL19
Reactome_2022,Hedgehog Off State R-HSA-5610787,1/98,0.3858338168827518,0.4251502161851393,0,0,2.083315800547023,1.9840427369076143,ADCY2
Reactome_2022,CLEC7A (Dectin-1) Signaling R-HSA-5607764,1/99,0.3888889039001767,0.4255794726043834,0,0,2.061953352769679,1.947435701319304,SRC
Reactome_2022,Cellular Response To Heat Stress R-HSA-3371556,1/99,0.3888889039001767,0.4255794726043834,0,0,2.061953352769679,1.947435701319304,HSP90AB1
Reactome_2022,SLC Transporter Disorders R-HSA-5619102,1/99,0.3888889039001767,0.4255794726043834,0,0,2.061953352769679,1.947435701319304,SLC1A1
Reactome_2022,Cell Cycle Checkpoints R-HSA-69620,2/271,0.38889158703504,0.4255794726043834,0,0,1.5047713946269117,1.4211883721037215,CDKN2A;TP53
Reactome_2022,Stimuli-sensing Channels R-HSA-2672351,1/100,0.3919289465238684,0.4274370391149197,0,0,2.0410224695938983,1.9117741389719496,WNK4
Reactome_2022,TNFR2 Non-Canonical NF-kB Pathway R-HSA-5668541,1/100,0.3919289465238684,0.4274370391149197,0,0,2.0410224695938983,1.9117741389719496,TNFSF11
Reactome_2022,ABC-family Proteins Mediated Transport R-HSA-382556,1/102,0.3979641915246373,0.4325402967507983,0,0,2.0004041220448574,1.8431588529017409,ABCA4
Reactome_2022,Potassium Channels R-HSA-1296071,1/102,0.3979641915246373,0.4325402967507983,0,0,2.0004041220448574,1.8431588529017409,GNG4
Reactome_2022,Deubiquitination R-HSA-5688426,2/279,0.402852706785387,0.4371088893351648,0,0,1.4607168111950577,1.3280607559768542,MYC;TP53
Reactome_2022,Phase I - Functionalization Of Compounds R-HSA-211945,1/104,0.4039401343045305,0.4375446616066052,0,0,1.9613631860511191,1.77795335766201,HSP90AB1
Reactome_2022,Translation R-HSA-72766,2/281,0.4063201269390853,0.4393766796392143,0,0,1.4500979196689208,1.3059784009313382,DLGAP3;RPL19
Reactome_2022,Asparagine N-linked Glycosylation R-HSA-446203,2/282,0.4080502986332541,0.4405009992013809,0,0,1.4448453608247422,1.295108567983965,SLPI;FUT3
Reactome_2022,Phase II - Conjugation Of Compounds R-HSA-156580,1/107,0.4127941170677454,0.444869335623685,0,0,1.905564112437428,1.686055162619566,UGDH
Reactome_2022,SRP-dependent Cotranslational Protein Targeting To Membrane R-HSA-1799339,1/108,0.415716414915954,0.4465102234282469,0,0,1.887659736791913,1.6568970075325289,RPL19
Reactome_2022,L13a-mediated Translational Silencing Of Ceruloplasmin Expression R-HSA-156827,1/108,0.415716414915954,0.4465102234282469,0,0,1.887659736791913,1.6568970075325289,RPL19
Reactome_2022,Degradation Of Extracellular Matrix R-HSA-1474228,1/109,0.4186243157546825,0.44812468699914,0,0,1.870086923658352,1.6284368765459123,LAMC2
Reactome_2022,GTP Hydrolysis And Joining Of 60S Ribosomal Subunit R-HSA-72706,1/109,0.4186243157546825,0.44812468699914,0,0,1.870086923658352,1.6284368765459123,RPL19
Reactome_2022,Metabolism Of RNA R-HSA-8953854,4/666,0.4201783300597491,0.4490347982883081,0,0,1.2236603593576083,1.0610066061550731,MYC;AKT1;IGF2BP2;RPL19
Reactome_2022,Nonsense Mediated Decay (NMD) Enhanced By Exon Junction Complex (EJC) R-HSA-975957,1/112,0.4272623365694402,0.4558417570757573,0,0,1.8192682478396764,1.5470276405099337,RPL19
Reactome_2022,Selenoamino Acid Metabolism R-HSA-2408522,1/114,0.4329503102142978,0.4596044890461265,0,0,1.7868882066100775,1.4958618602873306,RPL19
Reactome_2022,Interleukin-1 Signaling R-HSA-9020702,1/114,0.4329503102142978,0.4596044890461265,0,0,1.7868882066100775,1.4958618602873306,TP53
Reactome_2022,Macroautophagy R-HSA-1632852,1/114,0.4329503102142978,0.4596044890461265,0,0,1.7868882066100775,1.4958618602873306,SRC
Reactome_2022,Cap-dependent Translation Initiation R-HSA-72737,1/116,0.4385823603057593,0.4648098768688944,0,0,1.7556344276841171,1.447007346947597,RPL19
Reactome_2022,RHO GTPases Activate Formins R-HSA-5663220,1/119,0.4469267678153735,0.4728677908228994,0,0,1.7107402282947075,1.377762653839732,SRC
Reactome_2022,SARS-CoV-2 Activates/Modulates Innate And Adaptive Immune Responses R-HSA-9705671,1/121,0.4524213786849956,0.4770989084314499,0,0,1.6820578231292518,1.3341094943672438,HSP90AB1
Reactome_2022,HCMV Infection R-HSA-9609646,1/121,0.4524213786849956,0.4770989084314499,0,0,1.6820578231292518,1.3341094943672438,EGFR
Reactome_2022,Rab Regulation Of Trafficking R-HSA-9007101,1/122,0.4551483856003421,0.4791826237838585,0,0,1.6680721875527071,1.3129926485038452,AKT1
Reactome_2022,Platelet Degranulation R-HSA-114608,1/125,0.4632490022767211,0.4869075180437365,0,0,1.6274687294272547,1.252321836302808,TGFB2
Reactome_2022,Response To Elevated Platelet Cytosolic Ca2+ R-HSA-76005,1/130,0.476485915368248,0.4999967335607603,0,0,1.5639930390760957,1.159414807355212,TGFB2
Reactome_2022,Factors Involved In Megakaryocyte Development And Platelet Production R-HSA-983231,1/136,0.491944248852171,0.5153701654641791,0,0,1.4940287226001512,1.0598488625939069,TP53
Reactome_2022,Adaptive Immune System R-HSA-1280218,4/733,0.4935879886725162,0.5162444865132219,0,0,1.10732799075879,0.7818335131199099,S100A1;SRC;AKT1;S100A9
Reactome_2022,Influenza Viral RNA Transcription And Replication R-HSA-168273,1/137,0.4944763372236363,0.516327173729427,0,0,1.48296818727491,1.0443892155035843,RPL19
Reactome_2022,C-type Lectin Receptors (CLRs) R-HSA-5621481,1/141,0.5044803711188549,0.5259125437480874,0,0,1.4403061224489797,0.985495397501812,SRC
Reactome_2022,Diseases Of Glycosylation R-HSA-3781865,1/143,0.5094086432764261,0.530183873426362,0,0,1.4198764012647311,0.9577133756717252,SLPI
Reactome_2022,G2/M Checkpoints R-HSA-69481,1/148,0.5215180607863775,0.5419031315663011,0,0,1.371234207968902,0.8926890641061276,TP53
Reactome_2022,DNA Double-Strand Break Repair R-HSA-5693532,1/149,0.5239041978776239,0.5434973630015024,0,0,1.361900165471594,0.8803955134057883,TP53
Reactome_2022,Interleukin-1 Family Signaling R-HSA-446652,1/152,0.5309921600636178,0.5499561657801757,0,0,1.3346398161913773,0.8448377105628248,TP53
Reactome_2022,Cellular Response To Starvation R-HSA-9711097,1/153,0.5333315220833812,0.5505914418919049,0,0,1.3257921589688506,0.8334089342440957,RPL19
Reactome_2022,Metabolism Of Steroids R-HSA-8957322,1/153,0.5333315220833812,0.5505914418919049,0,0,1.3257921589688506,0.8334089342440957,LRP2
Reactome_2022,Metabolism Of Amino Acids And Derivatives R-HSA-71291,2/364,0.540470849792329,0.5570604235339353,0,0,1.112889445805092,0.6847770966862092,SLC7A5;RPL19
Reactome_2022,Influenza Infection R-HSA-168255,1/157,0.5425740208037632,0.5583261697948402,0,0,1.2915358451072736,0.7896847420460786,RPL19
Reactome_2022,Transport To Golgi And Subsequent Modification R-HSA-948021,1/164,0.5583144081712865,0.5735983774771027,0,0,1.2356329034681357,0.7201676564656104,FUT3
Reactome_2022,Class I MHC Mediated Antigen Processing And Presentation R-HSA-983169,2/378,0.5609906688064127,0.575421296942912,0,0,1.070684360605396,0.6189101725502453,S100A1;S100A9
Reactome_2022,Regulation Of Expression Of SLITs And ROBOs R-HSA-9010553,1/167,0.5648950283502431,0.5784960322431061,0,0,1.2131177772313744,0.6928301907614635,RPL19
Reactome_2022,Ion Channel Transport R-HSA-983712,1/175,0.5819726321265198,0.5950297104114096,0,0,1.1568730940652123,0.6262522593911587,WNK4
Reactome_2022,Disorders Of Transmembrane Transporters R-HSA-5619115,1/176,0.584060126987892,0.5962085776292401,0,0,1.150204081632653,0.6185237910972786,SLC1A1
Reactome_2022,Major Pathway Of rRNA Processing In Nucleolus And Cytosol R-HSA-6791226,1/179,0.5902608960101774,0.6015758013650051,0,0,1.1306466406787434,0.5960663297257704,RPL19
Reactome_2022,rRNA Processing In Nucleus And Cytosol R-HSA-8868773,1/189,0.6102766196965284,0.6209832270596254,0,0,1.0699630916196263,0.5283937292260591,RPL19
Reactome_2022,Peptide Ligand-Binding Receptors R-HSA-375276,1/196,0.6237086396667608,0.6326329286286063,0,0,1.0311878597592885,0.4867948568293317,NPY1R
Reactome_2022,Muscle Contraction R-HSA-397014,1/196,0.6237086396667608,0.6326329286286063,0,0,1.0311878597592885,0.4867948568293317,CACNA1H
Reactome_2022,rRNA Processing R-HSA-72312,1/199,0.6293239693314746,0.6373153848150489,0,0,1.0154091939806225,0.470245238256388,RPL19
Reactome_2022,Mitotic Anaphase R-HSA-68882,1/232,0.6858754834586032,0.6934842447648,0,0,0.8688930117501547,0.3276240854101059,TUBA3D
Reactome_2022,Mitotic Metaphase And Anaphase R-HSA-2555396,1/233,0.6874486416504636,0.6939750528053731,0,0,0.865103800140746,0.324213355309391,TUBA3D
Reactome_2022,Diseases Of Metabolism R-HSA-5668914,1/247,0.7086710883934894,0.7142688063112894,0,0,0.8152895304463249,0.2807561757477568,SLPI
Reactome_2022,Metabolism Of Carbohydrates R-HSA-71387,1/285,0.7593500189158332,0.7641408707701918,0,0,0.7048361598160391,0.1940360732105519,FUT3
Reactome_2022,DNA Repair R-HSA-73894,1/310,0.7878248066711901,0.7915468136318413,0,0,0.6469850075952711,0.1542926872582235,TP53
Reactome_2022,Class A/1 (Rhodopsin-like Receptors) R-HSA-373076,1/327,0.8052556653882174,0.8077879159083062,0,0,0.6127144109177414,0.1327111567594434,NPY1R
Reactome_2022,Sensory Perception R-HSA-9709957,2/616,0.813412288078263,0.8146892304457327,0,0,0.6476711776755432,0.133755224253665,ABCA4;LRP2
Reactome_2022,M Phase R-HSA-68886,1/380,0.8509992650004323,0.8509992650004323,0,0,0.5256044370254698,0.0848031296976214,TUBA3D
