Gene_set,Term,Overlap,P-value,Adjusted P-value,Old P-value,Old Adjusted P-value,Odds Ratio,Combined Score,Genes
GO_Biological_Process_2023,Positive Regulation Of Intracellular Signal Transduction (GO:1902533),17/525,7.798814091952462e-10,5.099427554319947e-07,0,0,7.914370078740157,165.97921360976187,NTRK2;TGFB2;HSP90AB1;SRC;LRP2;BMP7;EGFR;GJA1;WNT11;ERBB2;TNFSF10;PLCE1;TNFSF11;S100A9;TP53;GAPDH;LTF
GO_Biological_Process_2023,Regulation Of Cell Population Proliferation (GO:0042127),20/766,8.94383365591283e-10,5.099427554319947e-07,0,0,6.500492075881494,135.43701532384804,NTRK2;TGFB2;JUN;CDKN2A;NRG1;LAMC2;NCCRP1;EGFR;ACTB;FUT3;FABP3;CEACAM6;MYC;FABP7;ERBB2;AKT1;CTNNB1;FGFR4;TP53;KRT6A
GO_Biological_Process_2023,Regulation Of Cell Growth (GO:0001558),12/227,1.324064920884246e-09,5.099427554319947e-07,0,0,12.62935044105854,258.1762459020307,TGFB2;GJA1;WNT11;GNG4;CDKN2A;ERBB2;AKT1;PLCE1;NRG1;S100A9;TP53;EGFR
GO_Biological_Process_2023,Positive Regulation Of miRNA Transcription (GO:1902895),7/43,1.6350241743602599e-09,5.099427554319947e-07,0,0,41.98520531400966,849.428226089836,JUN;TGFB2;MYCN;MYC;FOS;TP53;EGFR
GO_Biological_Process_2023,Positive Regulation Of Cell Population Proliferation (GO:0008284),16/483,1.8747895420293924e-09,5.099427554319947e-07,0,0,8.02208405355899,161.20192938890423,NTRK2;TGFB2;NRG1;LAMC2;NCCRP1;EGFR;ACTB;TGFBR3;GJA1;CEACAM6;MYC;ERBB2;AKT1;FGFR4;KRT6A;LTF
GO_Biological_Process_2023,Positive Regulation Of miRNA Metabolic Process (GO:2000630),7/49,4.254440261360554e-09,9.643397925750589e-07,0,0,35.97644927536232,693.4569474081517,JUN;TGFB2;MYCN;MYC;FOS;TP53;EGFR
GO_Biological_Process_2023,Positive Regulation Of Cellular Process (GO:0048522),17/594,4.994745604860881e-09,9.704077175158282e-07,0,0,6.943145791943188,132.71739416481194,NTRK2;TGFB2;HSP90AB1;HBB;NRG1;LAMC2;NCCRP1;EGFR;ACTB;CEACAM6;MYC;ERBB2;AKT1;CTNNB1;FGFR4;S100A9;KRT6A
GO_Biological_Process_2023,Regulation Of miRNA Transcription (GO:1902893),7/59,1.6229180491502128e-08,2.7589606835553618e-06,0,0,29.04326923076923,520.9332901622673,JUN;TGFB2;MYCN;MYC;FOS;TP53;EGFR
GO_Biological_Process_2023,ERBB2 Signaling Pathway (GO:0038128),4/13,3.902096708490946e-07,5.896501692830762e-05,0,0,93.06198830409356,1373.276826568605,SRC;ERBB2;NRG1;EGFR
GO_Biological_Process_2023,Cellular Response To Growth Factor Stimulus (GO:0071363),8/155,1.0234233093324286e-06,0.0001391855700692103,0,0,11.813710099424386,162.93891149150153,MED1;ERBB2;AKT1;CTNNB1;LRP2;BMP7;EGFR;WNT4
GO_Biological_Process_2023,Heart Trabecula Morphogenesis (GO:0061384),4/18,1.6385641560041975e-06,0.00020258611383324623,0,0,59.810526315789474,796.7773031299877,TGFBR3;TGFB2;NRG1;BMP7
GO_Biological_Process_2023,Negative Regulation Of Cellular Process (GO:0048523),13/537,2.448951374061535e-06,0.00024720506184856795,0,0,5.589849991123735,72.22002696082615,TGFB2;CDKN2A;NRG1;BMP7;ACTB;GJA1;FABP3;WNT11;GNG4;MYC;FABP7;CTNNB1;TP53
GO_Biological_Process_2023,Negative Regulation Of Growth (GO:0045926),7/124,2.7564973559264e-06,0.00024720506184856795,0,0,12.865849126718691,164.7028077762983,TGFB2;GJA1;WNT11;GNG4;CDKN2A;NRG1;TP53
GO_Biological_Process_2023,Regulation Of Telomerase Activity (GO:0051972),5/45,2.802529884837727e-06,0.00024720506184856795,0,0,26.41090425531915,337.6630944599387,HSP90AB1;SRC;MYC;CTNNB1;TP53
GO_Biological_Process_2023,Epidermal Growth Factor Receptor Signaling Pathway (GO:0007173),5/45,2.802529884837727e-06,0.00024720506184856795,0,0,26.41090425531915,337.6630944599387,SRC;ERBB2;AKT1;PLCE1;EGFR
GO_Biological_Process_2023,Negative Regulation Of Cell Growth (GO:0030308),7/125,2.9082948452772703e-06,0.00024720506184856795,0,0,12.756171702284451,162.61495757013878,TGFB2;GJA1;WNT11;GNG4;CDKN2A;NRG1;TP53
GO_Biological_Process_2023,Epithelial To Mesenchymal Transition (GO:0001837),5/47,3.4911969302703977e-06,0.0002792957544216318,0,0,25.150709219858157,316.02534943881153,TGFBR3;TGFB2;CTNNB1;BMP7;WNT4
GO_Biological_Process_2023,Cellular Response To Cadmium Ion (GO:0071276),4/22,3.857961222725306e-06,0.00029149040349480093,0,0,46.509941520467834,579.7637085497724,JUN;AKT1;FOS;EGFR
GO_Biological_Process_2023,Positive Regulation Of Gene Expression (GO:0010628),12/480,4.441083383125492e-06,0.0003150590974249803,0,0,5.727379899793693,70.5877362218324,MED1;NTRK2;GJA1;MYCN;MYC;ERBB2;AKT1;PGR;FGFR4;TP53;BMP7;GAPDH
GO_Biological_Process_2023,Negative Regulation Of Apoptotic Process (GO:0043066),12/482,4.633222020955593e-06,0.0003150590974249803,0,0,5.702421129860602,70.03860771859408,MED1;NTRK2;CEACAM6;SRC;MYC;ERBB2;AKT1;CTNNB1;LRP2;TP53;EGFR;LTF
GO_Biological_Process_2023,ERBB Signaling Pathway (GO:0038127),5/54,7.0033702567804835e-06,0.00041926062900927784,0,0,21.55015197568389,255.7813195501813,SRC;AKT1;PLCE1;NRG1;EGFR
GO_Biological_Process_2023,Mesenchymal Cell Differentiation (GO:0048762),5/54,7.0033702567804835e-06,0.00041926062900927784,0,0,21.55015197568389,255.7813195501813,TGFBR3;TGFB2;CTNNB1;BMP7;WNT4
GO_Biological_Process_2023,Positive Regulation Of Transferase Activity (GO:0051347),7/143,7.09043710824514e-06,0.00041926062900927784,0,0,11.05778452685422,131.1095367202034,NTRK2;HSP90AB1;MYC;ERBB2;CTNNB1;FGFR4;EGFR
GO_Biological_Process_2023,Cellular Response To Transforming Growth Factor Beta Stimulus (GO:0071560),6/96,8.168090042062541e-06,0.0004628584357168773,0,0,14.201433691756272,166.3737075321738,TGFBR3;JUN;TGFB2;SRC;FOS;WNT4
GO_Biological_Process_2023,Positive Regulation Of Nitric Oxide Biosynthetic Process (GO:0045429),4/27,9.081876088944903e-06,0.00048200156812461183,0,0,36.389931350114416,422.45907432046346,HSP90AB1;HBB;AKT1;PTGS2
GO_Biological_Process_2023,Regulation Of Gene Expression (GO:0010468),18/1127,9.349639803745902e-06,0.00048200156812461183,0,0,3.765554553651939,43.60577218967835,MED1;NTRK2;TGFB2;PLAG1;AHNAK2;NRG1;BMP7;SLC7A5;GJA1;MYCN;MYC;AKT1;PGR;IGF2BP2;FGFR4;TP53;WNT4;LTF
GO_Biological_Process_2023,Regulation Of Apoptotic Process (GO:0042981),14/705,9.5691487789445e-06,0.00048200156812461183,0,0,4.578871201157742,52.91786017881256,MED1;JUN;SRC;NRG1;LRP2;EGFR;ACTB;MYC;ERBB2;TNFSF10;AKT1;CTNNB1;TP53;LTF
GO_Biological_Process_2023,Antimicrobial Humoral Response (GO:0019730),6/100,1.0337185772586944e-05,0.0004950108552862297,0,0,13.594371997254632,156.0601672338797,SLPI;NRG1;S100A9;GAPDH;KRT6A;LTF
GO_Biological_Process_2023,Positive Regulation Of Nitric Oxide Metabolic Process (GO:1904407),4/28,1.0555378531838722e-05,0.0004950108552862297,0,0,34.871929824561406,399.5930853743602,HSP90AB1;HBB;AKT1;PTGS2
GO_Biological_Process_2023,Positive Regulation Of Cell Differentiation (GO:0045597),9/283,1.139816881376869e-05,0.0005167169862241806,0,0,7.163138686131387,81.5312588833034,TGFB2;GJA1;HSP90AB1;AKT1;CTNNB1;BMP7;ACTB;WNT4;LTF
GO_Biological_Process_2023,Defense Response To Fungus (GO:0050832),4/29,1.2197853608612927e-05,0.0005351316421843091,0,0,33.47536842105263,378.7487057508999,NRG1;GAPDH;S100A9;LTF
GO_Biological_Process_2023,Positive Regulation Of Macromolecule Metabolic Process (GO:0010604),10/364,1.304772208371189e-05,0.0005545281885577553,0,0,6.204215070145369,69.77816781264542,MED1;NTRK2;GJA1;MYCN;MYC;AKT1;PGR;FGFR4;TP53;BMP7
GO_Biological_Process_2023,Antimicrobial Humoral Immune Response Mediated By Antimicrobial Peptide (GO:0061844),5/65,1.7521644655622507e-05,0.0007221041433832306,0,0,17.5895390070922,192.6419258630073,NRG1;GAPDH;S100A9;KRT6A;LTF
GO_Biological_Process_2023,Negative Regulation Of Endopeptidase Activity (GO:0010951),5/66,1.888391391591163e-05,0.0007256130159830401,0,0,17.300313916986397,188.17897650771707,AKT1;NRG1;GAPDH;SERPINB5;LTF
GO_Biological_Process_2023,Response To Reactive Oxygen Species (GO:0000302),5/66,1.888391391591163e-05,0.0007256130159830401,0,0,17.300313916986397,188.17897650771707,JUN;HBB;AKT1;FOS;EGFR
GO_Biological_Process_2023,Negative Regulation Of Programmed Cell Death (GO:0043069),10/381,1.9328061468416937e-05,0.0007256130159830401,0,0,5.914776340894637,64.19870178305929,MED1;SRC;MYC;ERBB2;AKT1;CTNNB1;LRP2;TP53;EGFR;LTF
GO_Biological_Process_2023,Positive Regulation Of Nucleic Acid-Templated Transcription (GO:1903508),12/557,1.9740942346597416e-05,0.0007256130159830401,0,0,4.898702942106929,53.06674656793896,MED1;JUN;MYCN;WNT11;MYC;AKT1;CTNNB1;FOS;TP53;BMP7;EGFR;WNT4
GO_Biological_Process_2023,Ventricular Cardiac Muscle Tissue Morphogenesis (GO:0055010),4/33,2.069880676668703e-05,0.0007407994000709042,0,0,28.852268602540835,311.18425328939645,TGFBR3;TGFB2;NRG1;LRP2
GO_Biological_Process_2023,Positive Regulation Of MAPK Cascade (GO:0043410),9/310,2.3459596050298796e-05,0.0008180782212411887,0,0,6.511627906976744,69.41545724168529,NTRK2;TGFB2;ERBB2;PLCE1;TNFSF11;NRG1;FGFR4;CCL18;EGFR
GO_Biological_Process_2023,Neuron Differentiation (GO:0030182),7/173,2.4470946298504167e-05,0.0008222962542846891,0,0,9.045639078051336,96.04681291179875,UGDH;NTRK2;TGFB2;WNT11;ERBB2;CTNNB1;WNT4
GO_Biological_Process_2023,Positive Regulation Of Protein Serine/Threonine Kinase Activity (GO:0071902),6/117,2.534889510444831e-05,0.0008222962542846891,0,0,11.502470212147632,121.72805896713804,SRC;ERBB2;AKT1;TNFSF11;EGFR;LTF
GO_Biological_Process_2023,Positive Regulation Of Cellular Biosynthetic Process (GO:0031328),7/174,2.5394443147027165e-05,0.0008222962542846891,0,0,8.991017964071856,95.1337828903738,HSP90AB1;ERBB2;AKT1;HBB;CTNNB1;FGFR4;PTGS2
GO_Biological_Process_2023,Transforming Growth Factor Beta Receptor Signaling Pathway (GO:0007179),5/72,2.887953828081586e-05,0.0009133993502769668,0,0,15.74626865671642,164.5859399897073,TGFBR3;JUN;TGFB2;SRC;FOS
GO_Biological_Process_2023,Secondary Palate Development (GO:0062009),3/13,3.245643490821255e-05,0.0010031988971629,0,0,62.159375,642.4551717332324,TGFBR3;TGFB2;WNT11
GO_Biological_Process_2023,Positive Regulation Of DNA-templated Transcription (GO:0045893),18/1243,3.471829188906325e-05,0.0010492639326472,0,0,3.387936507936508,34.78815826644303,MED1;TGFB2;JUN;PLAG1;FOS;BMP7;EGFR;ACTB;MYCN;WNT11;MYC;ERBB2;AKT1;TNFSF11;CTNNB1;PGR;TP53;WNT4
GO_Biological_Process_2023,Regulation Of Nitric Oxide Biosynthetic Process (GO:0045428),4/39,4.0669467715403326e-05,0.0012024016541945,0,0,23.89894736842105,241.61914479203955,HSP90AB1;HBB;AKT1;PTGS2
GO_Biological_Process_2023,Transmembrane Receptor Protein Serine/Threonine Kinase Signaling Pathway (GO:0007178),6/130,4.589956875699446e-05,0.0013281577342449,0,0,10.289802289281996,102.78539932144196,TGFBR3;TGFB2;JUN;SRC;FOS;BMP7
GO_Biological_Process_2023,Wound Healing (GO:0042060),5/80,4.80943639981716e-05,0.0013626736466148,0,0,14.06099290780142,139.79925041047184,TGFB2;ERBB2;NRG1;CLDN1;KRT6A
GO_Biological_Process_2023,Positive Regulation Of Growth (GO:0045927),5/81,5.105879252178704e-05,0.001417141996523,0,0,13.875279955207168,137.1229091923195,TGFB2;ERBB2;AKT1;S100A9;EGFR
GO_Biological_Process_2023,Cellular Response To Metal Ion (GO:0071248),6/135,5.668068683162317e-05,0.0015417146818201,0,0,9.888472118029508,96.69024203468454,JUN;ITPKA;AKT1;FOS;EGFR;CACNA1H
GO_Biological_Process_2023,Intracellular Steroid Hormone Receptor Signaling Pathway (GO:0030518),4/43,6.0102581488059176e-05,0.0016027355063482,0,0,21.44345479082321,208.4187531565075,MED1;SRC;SCGB2A2;PGR
GO_Biological_Process_2023,Regulation Of Kinase Activity (GO:0043549),5/85,6.435455479833847e-05,0.001683119125495,0,0,13.178856382978724,127.19049832884586,NTRK2;ERBB2;PLCE1;FGFR4;EGFR
GO_Biological_Process_2023,Positive Regulation Of Cell-Cell Adhesion (GO:0022409),4/46,7.857540434271363e-05,0.00201627452653,0,0,19.90877192982456,188.1667988762084,CEACAM6;TNFSF11;BMP7;FUT3
GO_Biological_Process_2023,Transmembrane Receptor Protein Tyrosine Kinase Signaling Pathway (GO:0007169),8/284,8.392509005269271e-05,0.0021136689346604,0,0,6.250995381430164,58.66925437598819,NTRK2;SRC;ERBB2;AKT1;PLAT;NRG1;FGFR4;EGFR
GO_Biological_Process_2023,Neuron Projection Morphogenesis (GO:0048812),6/146,8.756201393980431e-05,0.0021326835777256,0,0,9.106451612903228,85.0830643653149,CTNND2;SLITRK6;CTNNB1;LRP2;BMP7;ZNF365
GO_Biological_Process_2023,Regulation Of Epithelial Cell Proliferation (GO:0050678),5/91,8.91282446077414e-05,0.0021326835777256,0,0,12.255690252350322,114.28963394006702,TGFBR3;TGFB2;MYC;ERBB2;EGFR
GO_Biological_Process_2023,Negative Regulation Of Protein Metabolic Process (GO:0051248),6/147,9.092643686485056e-05,0.0021326835777256,0,0,9.041409288492336,84.13447034815457,HSP90AB1;AKT1;PLAT;IGF2BP2;GAPDH;EGFR
GO_Biological_Process_2023,Positive Regulation Of Cyclin-Dependent Protein Kinase Activity (GO:1904031),3/18,9.095268199124112e-05,0.0021326835777256,0,0,41.42916666666667,385.50548704840793,HSP90AB1;AKT1;EGFR
GO_Biological_Process_2023,Positive Regulation Of Protein Phosphorylation (GO:0001934),9/377,0.0001062127129606048,0.0024482930445156,0,0,5.307880434782609,48.56746027181626,NTRK2;TGFB2;HSP90AB1;SRC;ERBB2;AKT1;TP53;BMP7;EGFR
GO_Biological_Process_2023,Cellular Response To Organic Cyclic Compound (GO:0071407),6/152,0.0001093262816505165,0.0024647042656853,0,0,8.729562527618207,79.62385646613981,MED1;SLC1A1;CTNNB1;ADCY2;EGFR;ACTB
GO_Biological_Process_2023,Negative Regulation Of Cell Population Proliferation (GO:0008285),9/379,0.00011054923544617987,0.0024647042656853,0,0,5.278648648648649,48.08875083382605,TGFBR3;TGFB2;FABP3;CDKN2A;MYC;FABP7;CTNNB1;NRG1;TP53
GO_Biological_Process_2023,Regulation Of Cell Cycle (GO:0051726),8/298,0.00011710021321359672,0.0025090434021653,0,0,5.944979158772262,53.8168077090114,TGFB2;JUN;HSP90AB1;CDKN2A;MYC;TP53;BMP7;ACTB
GO_Biological_Process_2023,SMAD Protein Signal Transduction (GO:0060395),4/51,0.00011807263069013327,0.0025090434021653,0,0,17.78633818589026,160.86338850767206,JUN;TGFB2;FOS;BMP7
GO_Biological_Process_2023,Regulation Of Stress-Activated MAPK Cascade (GO:0032872),4/51,0.00011807263069013327,0.0025090434021653,0,0,17.78633818589026,160.86338850767206,TGFBR3;TGFB2;MYC;EGFR
GO_Biological_Process_2023,Response To Cadmium Ion (GO:0046686),3/21,0.00014665418694653583,0.0030442351440697,0,0,34.51909722222222,304.7150252794808,JUN;FOS;EGFR
GO_Biological_Process_2023,Peptidyl-Tyrosine Modification (GO:0018212),4/54,0.00014773494081515178,0.0030442351440697,0,0,16.716631578947368,147.4422089028019,SRC;ERBB2;FGFR4;EGFR
GO_Biological_Process_2023,Protein Autophosphorylation (GO:0046777),6/162,0.00015496497964693587,0.0031455577958184,0,0,8.16583953680728,71.63328729470015,NTRK2;SRC;ERBB2;AKT1;FGFR4;EGFR
GO_Biological_Process_2023,Positive Regulation Of Cell Growth (GO:0030307),5/106,0.00018319551175739323,0.0036084842191758,0,0,10.427638508531704,89.72937686026508,TGFB2;ERBB2;AKT1;S100A9;EGFR
GO_Biological_Process_2023,Cellular Response To Oxygen-Containing Compound (GO:1901701),9/406,0.00018524981165973765,0.0036084842191758,0,0,4.9128463476070525,42.220045031589486,JUN;WNT11;ITPKA;AKT1;FOS;PPM1E;EGFR;ACTB;CACNA1H
GO_Biological_Process_2023,Protein Phosphorylation (GO:0006468),10/500,0.0001857308053987551,0.0036084842191758,0,0,4.451043338683788,38.23985790248071,TGFBR3;NTRK2;TGFB2;WNT11;SRC;ERBB2;WNK4;AKT1;FGFR4;EGFR
GO_Biological_Process_2023,Regulation Of ERK1 And ERK2 Cascade (GO:0070372),7/244,0.00021182777729583508,0.0040575461566526,0,0,6.312970097229866,53.406066614781686,TGFBR3;NTRK2;ERBB2;NRG1;FGFR4;CCL18;EGFR
GO_Biological_Process_2023,Negative Regulation Of Peptidase Activity (GO:0010466),4/60,0.00022268361950765063,0.0042062461462556,0,0,14.921052631578949,125.48244980138006,AKT1;NRG1;GAPDH;SERPINB5
GO_Biological_Process_2023,Regulation Of Protein Serine/Threonine Kinase Activity (GO:0071900),5/112,0.0002369109577859724,0.004298485277359,0,0,9.839928415191888,82.14201216127458,CDKN2A;SRC;AKT1;ACTB;LTF
GO_Biological_Process_2023,ERBB2-EGFR Signaling Pathway (GO:0038134),2/5,0.0002402094713818293,0.004298485277359,0,0,136.75601374570448,1139.724511594925,ERBB2;EGFR
GO_Biological_Process_2023,Positive Regulation Of Fever Generation (GO:0031622),2/5,0.0002402094713818293,0.004298485277359,0,0,136.75601374570448,1139.724511594925,TNFSF11;PTGS2
GO_Biological_Process_2023,Ventricular Compact Myocardium Morphogenesis (GO:0003223),2/5,0.0002402094713818293,0.004298485277359,0,0,136.75601374570448,1139.724511594925,TGFBR3;LRP2
GO_Biological_Process_2023,Cellular Response To Steroid Hormone Stimulus (GO:0071383),3/25,0.00024999499059859726,0.0044154959378453,0,0,28.23721590909091,234.20143626014345,MED1;SRC;BMP7
GO_Biological_Process_2023,Positive Regulation Of ERK1 And ERK2 Cascade (GO:0070374),6/179,0.00026600951599394104,0.004638114637843,0,0,7.357076263285475,60.56329344130962,NTRK2;TNFSF11;NRG1;FGFR4;CCL18;EGFR
GO_Biological_Process_2023,Cellular Response To Xenobiotic Stimulus (GO:0071466),3/26,0.00028159031963469633,0.0048476308190276,0,0,27.008152173913043,220.79319187429456,MYC;PPM1E;TP53
GO_Biological_Process_2023,Cellular Response To Oxidative Stress (GO:0034599),5/117,0.0002901840514874004,0.0049331288752858,0,0,9.398271276595745,76.5488742105558,JUN;AKT1;FOS;TP53;EGFR
GO_Biological_Process_2023,Regulation Of Cell Migration (GO:0030334),9/434,0.000303137077854086,0.005031800948718,0,0,4.582588235294118,37.12503870936993,WNT11;CEACAM6;SRC;AKT1;LAMC2;KRT5;CLDN1;EGFR;FUT3
GO_Biological_Process_2023,Positive Regulation Of DNA Biosynthetic Process (GO:2000573),4/65,0.0003033879983785877,0.005031800948718,0,0,13.694564279551336,110.9327912273597,HSP90AB1;MYC;CTNNB1;FGFR4
GO_Biological_Process_2023,Cellular Response To Epidermal Growth Factor Stimulus (GO:0071364),3/27,0.0003156541094587421,0.0051721637212516,0,0,25.881510416666668,208.62732352770757,MED1;ERBB2;EGFR
GO_Biological_Process_2023,Negative Regulation Of Macromolecule Metabolic Process (GO:0010605),6/186,0.00032674633667670495,0.0052901787842895,0,0,7.068458781362007,56.733757443739954,SLC7A5;TGFB2;MYCN;HSP90AB1;PGR;WNT4
GO_Biological_Process_2023,Peptidyl-Tyrosine Phosphorylation (GO:0018108),4/67,0.0003408808478698484,0.0054540935659175,0,0,13.258479532163742,105.85540308411824,SRC;ERBB2;FGFR4;EGFR
GO_Biological_Process_2023,Regulation Of Protein Phosphorylation (GO:0001932),7/265,0.0003494961191006829,0.0055066900821461,0,0,5.792930569598921,46.10603925837116,NTRK2;ERBB2;AKT1;PLCE1;NRG1;BMP7;EGFR
GO_Biological_Process_2023,Regulation Of Nitric-Oxide Synthase Activity (GO:0050999),3/28,0.0003522662037843507,0.0055066900821461,0,0,24.845,197.5456610577536,S100A1;AKT1;EGFR
GO_Biological_Process_2023,Intermediate Filament Organization (GO:0045109),4/68,0.0003608200837259857,0.0055763103848561,0,0,13.050657894736842,103.45427616282636,KRT14;KRT23;KRT5;KRT6A
GO_Biological_Process_2023,Positive Regulation Of Epithelial Cell Proliferation (GO:0050679),5/123,0.000365585085360557,0.0055864687201163,0,0,8.917688424089434,70.57468886813194,MYC;ERBB2;AKT1;CLDN1;EGFR
GO_Biological_Process_2023,Regulation Of Endopeptidase Activity (GO:0052548),4/69,0.0003815801788378721,0.0057661004802167,0,0,12.849230769230768,101.13873111034364,AKT1;NRG1;GAPDH;SERPINB5
GO_Biological_Process_2023,Maintenance Of Blood-Brain Barrier (GO:0035633),3/29,0.00039150511834186696,0.0058510655048894,0,0,23.888221153846153,187.41532497939392,GJA1;SLC1A1;CLDN1
GO_Biological_Process_2023,Response To Epidermal Growth Factor (GO:0070849),3/30,0.0004334480544214506,0.0063532925732681,0,0,23.002314814814813,178.12391305752828,MED1;ERBB2;EGFR
GO_Biological_Process_2023,Negative Regulation Of Nucleic Acid-Templated Transcription (GO:1903507),9/456,0.0004344530950837795,0.0063532925732681,0,0,4.352125279642058,33.6916408697335,JUN;WNT11;CDKN2A;ID4;CTNNB1;NRG1;TP53;BMP7;WNT4
GO_Biological_Process_2023,Cellular Response To Hypoxia (GO:0071456),4/72,0.00044897938440283585,0.0064958719445516,0,0,12.280495356037152,94.66461090161532,MYC;PTGS2;TP53;BMP7
GO_Biological_Process_2023,Cellular Response To Decreased Oxygen Levels (GO:0036294),4/73,0.0004732170383932531,0.0067039080439044,0,0,12.10190694126621,92.65167213832586,MYC;PTGS2;TP53;BMP7
GO_Biological_Process_2023,Cellular Response To Reactive Oxygen Species (GO:0034614),4/73,0.0004732170383932531,0.0067039080439044,0,0,12.10190694126621,92.65167213832586,JUN;AKT1;FOS;EGFR
GO_Biological_Process_2023,Gland Development (GO:0048732),4/74,0.0004983729542865337,0.0068161802833677,0,0,11.92842105263158,90.70564438311736,TGFBR3;WNT11;NRG1;WNT4
GO_Biological_Process_2023,Neuron Projection Arborization (GO:0140058),2/7,0.000501189726718219,0.0068161802833677,0,0,82.04536082474227,623.4237936654181,LRP2;ZNF365
GO_Biological_Process_2023,Sulfur Amino Acid Transport (GO:0000101),2/7,0.000501189726718219,0.0068161802833677,0,0,82.04536082474227,623.4237936654181,SLC7A5;SLC1A1
GO_Biological_Process_2023,Ventricular Trabecula Myocardium Morphogenesis (GO:0003222),2/7,0.000501189726718219,0.0068161802833677,0,0,82.04536082474227,623.4237936654181,TGFB2;NRG1
GO_Biological_Process_2023,Positive Regulation Of Telomerase Activity (GO:0051973),3/33,0.000576253558460808,0.0076522742215868,0,0,20.698958333333337,154.3927599684108,HSP90AB1;MYC;CTNNB1
GO_Biological_Process_2023,Regulation Of Protein Kinase B Signaling (GO:0051896),5/136,0.0005789797949738829,0.0076522742215868,0,0,8.027448432678252,59.838551105879695,NTRK2;HSP90AB1;SRC;LRP2;EGFR
GO_Biological_Process_2023,Negative Regulation Of Blood Vessel Morphogenesis (GO:2000181),4/77,0.0005795472388407698,0.0076522742215868,0,0,11.436481614996396,85.23910963947347,TGFB2;CTNNB1;NRG1;WNT4
GO_Biological_Process_2023,Cardioblast Differentiation (GO:0010002),2/8,0.0006660973651765811,0.0086275468251442,0,0,68.36769759450172,500.0464475569458,TGFB2;NRG1
GO_Biological_Process_2023,Cyclooxygenase Pathway (GO:0019371),2/8,0.0006660973651765811,0.0086275468251442,0,0,68.36769759450172,500.0464475569458,PTGDS;PTGS2
GO_Biological_Process_2023,Vascular Transport (GO:0010232),4/83,0.0007693592776266195,0.0098710246940773,0,0,10.56469020652898,75.7483269209263,SLC7A5;SLC4A8;SLC1A1;LRP2
GO_Biological_Process_2023,Regulation Of Cysteine-Type Endopeptidase Activity Involved In Apoptotic Process (GO:0043281),4/84,0.0008047871293697965,0.0102290700555413,0,0,10.432105263157895,74.32804845219222,SRC;MYC;TNFSF10;AKT1
GO_Biological_Process_2023,Transport Across Blood-Brain Barrier (GO:0150104),4/85,0.0008413518819479866,0.0105542070671402,0,0,10.302794022092268,72.948939013242,SLC7A5;SLC4A8;SLC1A1;LRP2
GO_Biological_Process_2023,Adrenal Gland Development (GO:0030325),2/9,0.0008536491010186947,0.0105542070671402,0,0,58.597938144329895,414.0524647164975,WNT11;WNT4
GO_Biological_Process_2023,Negative Regulation Of Telomerase Activity (GO:0051974),2/9,0.0008536491010186947,0.0105542070671402,0,0,58.597938144329895,414.0524647164975,SRC;TP53
GO_Biological_Process_2023,Positive Regulation Of Bone Mineralization (GO:0030501),3/38,0.0008751769051099342,0.0107228882067523,0,0,17.7375,124.89123658079023,BMP7;WNT4;LTF
GO_Biological_Process_2023,Positive Regulation Of Intrinsic Apoptotic Signaling Pathway (GO:2001244),3/39,0.0009447195722076116,0.0114715948053781,0,0,17.24392361111111,120.09741705099448,MYC;S100A9;TP53
GO_Biological_Process_2023,Regulation Of Peptidyl-Tyrosine Phosphorylation (GO:0050730),4/90,0.0010419308007194,0.0123634611026256,0,0,9.701346389228886,66.61603877841954,SRC;NRG1;TP53;EGFR
GO_Biological_Process_2023,Regulation Of Phosphatidylinositol 3-Kinase Signaling (GO:0014066),4/90,0.0010419308007194,0.0123634611026256,0,0,9.701346389228886,66.61603877841954,NTRK2;TGFB2;SRC;EGFR
GO_Biological_Process_2023,Acidic Amino Acid Transport (GO:0015800),2/10,0.0010636212860347,0.0123634611026256,0,0,51.27061855670103,351.0025453408367,GJA1;SLC1A1
GO_Biological_Process_2023,Steroid Hormone Mediated Signaling Pathway (GO:0043401),2/10,0.0010636212860347,0.0123634611026256,0,0,51.27061855670103,351.0025453408367,MED1;BMP7
GO_Biological_Process_2023,Progesterone Receptor Signaling Pathway (GO:0050847),2/10,0.0010636212860347,0.0123634611026256,0,0,51.27061855670103,351.0025453408367,SRC;PGR
GO_Biological_Process_2023,Stem Cell Differentiation (GO:0048863),3/41,0.0010940881602687,0.0126098296437757,0,0,16.33470394736842,111.36729983754054,TGFB2;CTNNB1;TP53
GO_Biological_Process_2023,Positive Regulation Of Protein Kinase B Signaling (GO:0051897),4/93,0.0011772043286324,0.0134537637557988,0,0,9.37291543465405,63.21668601894398,HSP90AB1;SRC;LRP2;EGFR
GO_Biological_Process_2023,Negative Regulation Of Fibrinolysis (GO:0051918),2/11,0.0012957918894975,0.0146856414143059,0,0,45.57159221076747,302.9888042778111,NRG1;PLAT
GO_Biological_Process_2023,Bone Development (GO:0060348),3/44,0.0013447855059515,0.0149910515417553,0,0,15.13719512195122,100.07987970271886,GJA1;TP53;LTF
GO_Biological_Process_2023,Positive Regulation Of Osteoblast Differentiation (GO:0045669),3/44,0.0013447855059515,0.0149910515417553,0,0,15.13719512195122,100.07987970271886,BMP7;WNT4;LTF
GO_Biological_Process_2023,Negative Regulation Of Gene Expression (GO:0010629),7/336,0.0014097010929668,0.0155869389141053,0,0,4.5263644773358,29.712765529549134,SLC7A5;TGFB2;MYCN;PGR;IGF2BP2;GAPDH;WNT4
GO_Biological_Process_2023,Regulation Of Fibroblast Proliferation (GO:0048145),3/46,0.0015303815756953,0.0165184043090921,0,0,14.431686046511627,93.5496262750446,MYC;CTNNB1;TP53
GO_Biological_Process_2023,Development Of Primary Male Sexual Characteristics (GO:0046546),3/46,0.0015303815756953,0.0165184043090921,0,0,14.431686046511627,93.5496262750446,TGFB2;LRP2;WNT4
GO_Biological_Process_2023,Male Gonad Development (GO:0008584),3/46,0.0015303815756953,0.0165184043090921,0,0,14.431686046511627,93.5496262750446,TGFB2;LRP2;WNT4
GO_Biological_Process_2023,Heart Development (GO:0007507),5/171,0.0016130379868875,0.0172734776548585,0,0,6.32369905152525,40.65908263003814,TGFBR3;TGFB2;GJA1;PLCE1;BMP7
GO_Biological_Process_2023,Positive Regulation Of Smooth Muscle Cell Proliferation (GO:0048661),3/47,0.0016288926095658,0.017306983976637,0,0,14.102982954545457,90.53910388239198,GJA1;JUN;AKT1
GO_Biological_Process_2023,Generation Of Neurons (GO:0048699),5/172,0.0016549096868779,0.017447109877163,0,0,6.285514078226526,40.252487730362766,NTRK2;TGFB2;WNT11;ERBB2;WNT4
GO_Biological_Process_2023,Regulation Of Intrinsic Apoptotic Signaling Pathway (GO:2001242),3/48,0.0017312869110559,0.0181119246079702,0,0,13.78888888888889,87.68203135919813,SRC;S100A9;TP53
GO_Biological_Process_2023,Positive Regulation Of Kinase Activity (GO:0033674),4/104,0.0017787410562685,0.018466319362788,0,0,8.337263157894737,52.79029502970241,NTRK2;ERBB2;FGFR4;EGFR
GO_Biological_Process_2023,Cardiocyte Differentiation (GO:0035051),2/13,0.0018258482536678,0.0185123106724795,0,0,37.28209934395501,235.0901291502568,TGFB2;NRG1
GO_Biological_Process_2023,Response To Progesterone (GO:0032570),2/13,0.0018258482536678,0.0185123106724795,0,0,37.28209934395501,235.0901291502568,TGFB2;SRC
GO_Biological_Process_2023,Killing By Host Of Symbiont Cells (GO:0051873),2/13,0.0018258482536678,0.0185123106724795,0,0,37.28209934395501,235.0901291502568,NRG1;GAPDH
GO_Biological_Process_2023,Neurogenesis (GO:0022008),3/49,0.0018376190741064,0.0185123106724795,0,0,13.488451086956522,84.9675912217824,TGFB2;ERBB2;EGFR
GO_Biological_Process_2023,Positive Regulation Of Fat Cell Differentiation (GO:0045600),3/50,0.0019479426217578,0.0194794262175784,0,0,13.200797872340424,82.3859356912581,AKT1;PTGS2;BMP7
GO_Biological_Process_2023,Pathway-Restricted SMAD Protein Phosphorylation (GO:0060389),2/14,0.0021232979505485,0.0207747137607629,0,0,34.17353951890034,210.3307802944267,TGFBR3;TGFB2
GO_Biological_Process_2023,Positive Regulation Of Heterotypic Cell-Cell Adhesion (GO:0034116),2/14,0.0021232979505485,0.0207747137607629,0,0,34.17353951890034,210.3307802944267,CEACAM6;BMP7
GO_Biological_Process_2023,Prostanoid Biosynthetic Process (GO:0046457),2/14,0.0021232979505485,0.0207747137607629,0,0,34.17353951890034,210.3307802944267,PTGS2;PTGDS
GO_Biological_Process_2023,Cardiac Muscle Tissue Development (GO:0048738),3/52,0.0021807726657283,0.0210607067245423,0,0,12.660714285714286,77.58581975162039,GJA1;NRG1;BMP7
GO_Biological_Process_2023,Response To Lipid (GO:0033993),4/110,0.0021834997412944,0.0210607067245423,0,0,7.862959285004965,48.17498577088078,SLPI;CTNNB1;FGFR4;S100A9
GO_Biological_Process_2023,Positive Regulation Of Apoptotic Process (GO:0043065),6/270,0.0022503441305462,0.021552591672837,0,0,4.798875855327468,29.25717267075514,TGFB2;JUN;TNFSF10;CTNNB1;NRG1;TP53
GO_Biological_Process_2023,Gonad Development (GO:0008406),3/53,0.0023033809474062,0.0219062803389689,0,0,12.406875,75.35163247123117,TGFB2;LRP2;WNT4
GO_Biological_Process_2023,Positive Regulation Of Cell Migration (GO:0030335),6/272,0.0023347289405411,0.0220502177717773,0,0,4.762308998302207,28.85892333015126,TGFB2;CEACAM6;SRC;LAMC2;CLDN1;EGFR
GO_Biological_Process_2023,Dendritic Spine Morphogenesis (GO:0060997),2/15,0.0024420739189198,0.0227480858200754,0,0,31.54321966693101,189.7295527731584,CTNND2;ZNF365
GO_Biological_Process_2023,Positive Regulation Of Cyclin-Dependent Protein Serine/Threonine Kinase Activity (GO:0045737),2/15,0.0024420739189198,0.0227480858200754,0,0,31.54321966693101,189.7295527731584,AKT1;EGFR
GO_Biological_Process_2023,Regulation Of MAP Kinase Activity (GO:0043405),4/114,0.0024861406868536,0.0230010294838158,0,0,7.5755023923444975,45.4304673547837,ERBB2;TNFSF11;BMP7;EGFR
GO_Biological_Process_2023,Cellular Response To Peptide (GO:1901653),3/56,0.0026965679513087,0.0240985249140604,0,0,11.702830188679243,69.23131545182403,GJA1;SRC;TP53
GO_Biological_Process_2023,Regulation Of Fibrinolysis (GO:0051917),2/16,0.0027819620672849,0.0240985249140604,0,0,29.288659793814432,172.35201288039633,NRG1;PLAT
GO_Biological_Process_2023,Negative Regulation Of Phosphatase Activity (GO:0010923),2/16,0.0027819620672849,0.0240985249140604,0,0,29.288659793814432,172.35201288039633,TGFB2;PPP1R1B
GO_Biological_Process_2023,Regulation Of Secretion (GO:0051046),2/16,0.0027819620672849,0.0240985249140604,0,0,29.288659793814432,172.35201288039633,PTPRN2;NRG1
GO_Biological_Process_2023,Pharyngeal System Development (GO:0060037),2/16,0.0027819620672849,0.0240985249140604,0,0,29.288659793814432,172.35201288039633,TGFB2;BMP7
GO_Biological_Process_2023,Regulation Of Steroid Biosynthetic Process (GO:0050810),2/16,0.0027819620672849,0.0240985249140604,0,0,29.288659793814432,172.35201288039633,FGFR4;WNT4
GO_Biological_Process_2023,Regulation Of Transforming Growth Factor Beta Production (GO:0071634),2/16,0.0027819620672849,0.0240985249140604,0,0,29.288659793814432,172.35201288039633,TGFB2;PTGS2
GO_Biological_Process_2023,Mesonephric Tubule Development (GO:0072164),2/16,0.0027819620672849,0.0240985249140604,0,0,29.288659793814432,172.35201288039633,WNT11;BMP7
GO_Biological_Process_2023,Negative Regulation Of ATP-dependent Activity (GO:0032780),2/16,0.0027819620672849,0.0240985249140604,0,0,29.288659793814432,172.35201288039633,TP53;LTF
GO_Biological_Process_2023,Negative Regulation Of Anoikis (GO:2000811),2/16,0.0027819620672849,0.0240985249140604,0,0,29.288659793814432,172.35201288039633,SRC;CEACAM6
GO_Biological_Process_2023,Cellular Response To Tumor Necrosis Factor (GO:0071356),4/119,0.0029035076317479,0.0249922175897292,0,0,7.244302059496568,42.32002271650338,AKT1;TNFSF11;CCL18;TP53
GO_Biological_Process_2023,Response To Organic Cyclic Compound (GO:0014070),3/58,0.002980298513714,0.0254918615009505,0,0,11.276136363636365,65.57898495623913,SLC1A1;CTNNB1;FGFR4
GO_Biological_Process_2023,Positive Regulation Of Multicellular Organismal Process (GO:0051240),7/387,0.0031186599818601,0.0259038776584365,0,0,3.90866704805492,22.55438418029538,MED1;TGFB2;GJA1;TNFSF11;CTNNB1;GAPDH;ACTB
GO_Biological_Process_2023,Negative Regulation Of Fibroblast Proliferation (GO:0048147),2/17,0.003142749862972,0.0259038776584365,0,0,27.334707903780068,157.5205488452212,MYC;TP53
GO_Biological_Process_2023,Central Nervous System Neuron Development (GO:0021954),2/17,0.003142749862972,0.0259038776584365,0,0,27.334707903780068,157.5205488452212,NTRK2;HSP90AB1
GO_Biological_Process_2023,Positive Regulation Of Nitric-Oxide Synthase Activity (GO:0051000),2/17,0.003142749862972,0.0259038776584365,0,0,27.334707903780068,157.5205488452212,S100A1;AKT1
GO_Biological_Process_2023,Prostaglandin Biosynthetic Process (GO:0001516),2/17,0.003142749862972,0.0259038776584365,0,0,27.334707903780068,157.5205488452212,PTGS2;PTGDS
GO_Biological_Process_2023,Mesenchyme Development (GO:0060485),2/17,0.003142749862972,0.0259038776584365,0,0,27.334707903780068,157.5205488452212,WNT11;BMP7
GO_Biological_Process_2023,Positive Regulation Of Macromolecule Biosynthetic Process (GO:0010557),4/122,0.0031756710147058,0.0260175456626499,0,0,7.059054415700268,40.60534923545739,TGFB2;ERBB2;AKT1;FGFR4
GO_Biological_Process_2023,Enzyme-Linked Receptor Protein Signaling Pathway (GO:0007167),4/124,0.003366483723708,0.0274156758337897,0,0,6.940701754385965,39.51956791413257,NTRK2;ERBB2;FGFR4;EGFR
GO_Biological_Process_2023,BMP Signaling Pathway (GO:0030509),3/61,0.003439200370644,0.0277049005776577,0,0,10.69127155172414,60.646411984638426,TGFBR3;TGFB2;BMP7
GO_Biological_Process_2023,Regulation Of MAPK Cascade (GO:0043408),5/204,0.0034638332646199,0.0277049005776577,0,0,5.266224740724901,29.83516128410569,TGFBR3;NTRK2;ERBB2;PLCE1;EGFR
GO_Biological_Process_2023,Renal Absorption (GO:0070293),2/18,0.0035242263234814,0.0277049005776577,0,0,25.625,144.73241770614385,WNK4;HBB
GO_Biological_Process_2023,Detection Of Mechanical Stimulus (GO:0050982),2/18,0.0035242263234814,0.0277049005776577,0,0,25.625,144.73241770614385,PIEZO2;CTNNB1
GO_Biological_Process_2023,Ureteric Bud Development (GO:0001657),2/18,0.0035242263234814,0.0277049005776577,0,0,25.625,144.73241770614385,WNT11;BMP7
GO_Biological_Process_2023,Ureteric Bud Morphogenesis (GO:0060675),2/18,0.0035242263234814,0.0277049005776577,0,0,25.625,144.73241770614385,WNT11;MYC
GO_Biological_Process_2023,Cell Junction Organization (GO:0034330),3/62,0.0036012200123127,0.0279866240956877,0,0,10.509533898305085,59.13170959844158,TGFB2;CTNND2;CLDN1
GO_Biological_Process_2023,Positive Regulation Of Apoptotic Signaling Pathway (GO:2001235),3/62,0.0036012200123127,0.0279866240956877,0,0,10.509533898305085,59.13170959844158,TNFSF10;S100A9;TP53
GO_Biological_Process_2023,Cardiac Epithelial To Mesenchymal Transition (GO:0060317),2/19,0.0039261820041989,0.0303386791233551,0,0,24.116434202547,133.6071635204122,TGFBR3;TGFB2
GO_Biological_Process_2023,Canonical Wnt Signaling Pathway (GO:0060070),3/65,0.0041150040179141,0.0314404801368722,0,0,9.999495967741936,54.928385977074,WNT11;CTNNB1;WNT4
GO_Biological_Process_2023,Positive Regulation Of Cell Cycle (GO:0045787),3/65,0.0041150040179141,0.0314404801368722,0,0,9.999495967741936,54.928385977074,TGFB2;AKT1;EGFR
GO_Biological_Process_2023,Cellular Response To BMP Stimulus (GO:0071773),3/66,0.0042956361536728,0.0323160449494224,0,0,9.84027777777778,53.63104522871048,TGFBR3;TGFB2;BMP7
GO_Biological_Process_2023,Negative Regulation Of Phosphate Metabolic Process (GO:0045936),2/20,0.0043484089895178,0.0323160449494224,0,0,22.77548682703322,123.85185041479878,CDKN2A;BMP7
GO_Biological_Process_2023,Response To Ketone (GO:1901654),2/20,0.0043484089895178,0.0323160449494224,0,0,22.77548682703322,123.85185041479878,TGFBR3;TGFB2
GO_Biological_Process_2023,Xenobiotic Transport (GO:0042908),2/20,0.0043484089895178,0.0323160449494224,0,0,22.77548682703322,123.85185041479878,SLC7A5;GJA1
GO_Biological_Process_2023,Positive Regulation Of Vascular Associated Smooth Muscle Cell Proliferation (GO:1904707),2/20,0.0043484089895178,0.0323160449494224,0,0,22.77548682703322,123.85185041479878,JUN;GJA1
GO_Biological_Process_2023,Cell-Cell Junction Organization (GO:0045216),3/68,0.0046711795590451,0.0343616371610085,0,0,9.53653846153846,51.17634268241488,TGFB2;CTNND2;CLDN1
GO_Biological_Process_2023,Negative Regulation Of DNA-templated Transcription (GO:0045892),12/1025,0.0046741932902842,0.0343616371610085,0,0,2.5718078769105084,13.799546154422735,MED1;JUN;WNT11;CDKN2A;MYC;CBX2;ID4;CTNNB1;NRG1;TP53;BMP7;WNT4
GO_Biological_Process_2023,Cellular Response To Nerve Growth Factor Stimulus (GO:1990090),2/21,0.004790700886259,0.0346491119351477,0,0,21.57569180683668,115.23746482857185,NTRK2;AKT1
GO_Biological_Process_2023,Positive Regulation Of Blood Coagulation (GO:0030194),2/21,0.004790700886259,0.0346491119351477,0,0,21.57569180683668,115.23746482857185,NRG1;PLAT
GO_Biological_Process_2023,Regulation Of Anoikis (GO:2000209),2/21,0.004790700886259,0.0346491119351477,0,0,21.57569180683668,115.23746482857185,SRC;CEACAM6
GO_Biological_Process_2023,Supramolecular Fiber Organization (GO:0097435),6/316,0.0048654850570991,0.0346491119351477,0,0,4.077211238293445,21.713550770509993,TGFB2;HSP90AB1;KRT14;KRT23;KRT5;KRT6A
GO_Biological_Process_2023,Regulation Of Heart Contraction (GO:0008016),3/69,0.0048661620438332,0.0346491119351477,0,0,9.391571969696969,50.014344447257905,TGFB2;S100A1;CACNA1H
GO_Biological_Process_2023,Positive Regulation Of Phosphatidylinositol 3-Kinase Signaling (GO:0014068),3/69,0.0048661620438332,0.0346491119351477,0,0,9.391571969696969,50.014344447257905,NTRK2;TGFB2;SRC
GO_Biological_Process_2023,Negative Regulation Of Epithelial Cell Proliferation (GO:0050680),3/70,0.0050659977424818,0.0355142109782229,0,0,9.250932835820896,48.8930688282471,TGFBR3;MED1;TGFB2
GO_Biological_Process_2023,Neutrophil Chemotaxis (GO:0030593),3/70,0.0050659977424818,0.0355142109782229,0,0,9.250932835820896,48.8930688282471,TGFB2;CCL18;S100A9
GO_Biological_Process_2023,Regulation Of Notch Signaling Pathway (GO:0008593),3/70,0.0050659977424818,0.0355142109782229,0,0,9.250932835820896,48.8930688282471,TGFB2;SRC;AKT1
GO_Biological_Process_2023,Response To Gamma Radiation (GO:0010332),2/22,0.0052528528071483,0.0362029259515881,0,0,20.49587628865979,107.58252584688384,MYC;TP53
GO_Biological_Process_2023,Mammary Gland Development (GO:0030879),2/22,0.0052528528071483,0.0362029259515881,0,0,20.49587628865979,107.58252584688384,NRG1;WNT4
GO_Biological_Process_2023,Cell-Cell Junction Assembly (GO:0007043),3/71,0.0052707201017753,0.0362029259515881,0,0,9.114430147058824,47.810547995298634,GJA1;CTNND2;CTNNB1
GO_Biological_Process_2023,Kidney Development (GO:0001822),3/71,0.0052707201017753,0.0362029259515881,0,0,9.114430147058824,47.810547995298634,TGFB2;BMP7;WNT4
GO_Biological_Process_2023,Cellular Response To Lipid (GO:0071396),5/228,0.0055353580330272,0.0378295825372718,0,0,4.693731514168495,24.39144063188626,MED1;WNT11;ADCY2;PPM1E;EGFR
GO_Biological_Process_2023,Granulocyte Chemotaxis (GO:0071621),3/73,0.0056949543644153,0.0382310757974753,0,0,8.853125,45.754496600099905,TGFB2;CCL18;S100A9
GO_Biological_Process_2023,Negative Regulation Of Neuron Differentiation (GO:0045665),2/23,0.0057346613696212,0.0382310757974753,0,0,19.518900343642613,100.74146719605557,MED1;BMP7
GO_Biological_Process_2023,Endocrine System Development (GO:0035270),2/23,0.0057346613696212,0.0382310757974753,0,0,19.518900343642613,100.74146719605557,WNT11;WNT4
GO_Biological_Process_2023,Positive Regulation Of Neuron Apoptotic Process (GO:0043525),2/23,0.0057346613696212,0.0382310757974753,0,0,19.518900343642613,100.74146719605557,TGFB2;CTNNB1
GO_Biological_Process_2023,Hepaticobiliary System Development (GO:0061008),2/23,0.0057346613696212,0.0382310757974753,0,0,19.518900343642613,100.74146719605557,TGFBR3;WNT4
GO_Biological_Process_2023,Positive Regulation Of Phosphorylation (GO:0042327),5/231,0.0058447065706674,0.0386884821934931,0,0,4.6307192619092445,23.812172049382692,NTRK2;ERBB2;AKT1;FGFR4;EGFR
GO_Biological_Process_2023,Positive Regulation Of Protein Kinase Activity (GO:0045860),4/145,0.0058601671557791,0.0386884821934931,0,0,5.900709219858156,30.32715028062402,TGFB2;HSP90AB1;SRC;LTF
GO_Biological_Process_2023,Regulation Of DNA-templated Transcription (GO:0006355),18/1922,0.0059403318074186,0.0390282669472913,0,0,2.1004901960784315,10.767092343736024,MED1;JUN;CDKN2A;PLAG1;NRG1;FOS;BMP7;EGFR;ACTB;MYCN;WNT11;MYC;ID4;AKT1;CTNNB1;PGR;TP53;WNT4
GO_Biological_Process_2023,Positive Regulation Of Developmental Process (GO:0051094),5/233,0.0060575990017467,0.0396073780883442,0,0,4.589632325494588,23.436690177950315,GJA1;HSP90AB1;SRC;CTNNB1;BMP7
GO_Biological_Process_2023,Positive Regulation Of Neurogenesis (GO:0050769),3/75,0.0061391156281267,0.0399483122213033,0,0,8.606336805555555,43.83271522595941,NTRK2;CTNNB1;LRP2
GO_Biological_Process_2023,Regulation Of Heterotypic Cell-Cell Adhesion (GO:0034114),2/24,0.0062359246796265,0.0400040451145853,0,0,18.63074039362699,94.59625050266868,CEACAM6;BMP7
GO_Biological_Process_2023,Outflow Tract Septum Morphogenesis (GO:0003148),2/24,0.0062359246796265,0.0400040451145853,0,0,18.63074039362699,94.59625050266868,TGFB2;LRP2
GO_Biological_Process_2023,Dicarboxylic Acid Transport (GO:0006835),2/24,0.0062359246796265,0.0400040451145853,0,0,18.63074039362699,94.59625050266868,GJA1;SLC1A1
GO_Biological_Process_2023,Wnt Signaling Pathway (GO:0016055),3/76,0.0063687436659696,0.0406642788061913,0,0,8.488013698630137,42.918394000552254,WNT11;CTNNB1;WNT4
GO_Biological_Process_2023,Skeletal System Development (GO:0001501),4/149,0.0064443661828935,0.0409548505081087,0,0,5.736769509981851,28.939414836750064,TGFB2;GJA1;WNT11;BMP7
GO_Biological_Process_2023,Neutrophil Migration (GO:1990266),3/77,0.006603441576186,0.0417706071795952,0,0,8.372888513513514,42.03327612835062,TGFB2;CCL18;S100A9
GO_Biological_Process_2023,Positive Regulation Of Transcription By RNA Polymerase II (GO:0045944),11/938,0.0066523589814733,0.041885223216684,0,0,2.558522114347357,12.825318086904792,MED1;JUN;MYCN;PLAG1;MYC;TNFSF11;CTNNB1;PGR;FOS;TP53;EGFR
GO_Biological_Process_2023,Osteoclast Differentiation (GO:0030316),2/25,0.0067564423254116,0.0421502823970635,0,0,17.81981174361273,89.05021124053485,SRC;TNFSF11
GO_Biological_Process_2023,Positive Regulation Of Release Of Cytochrome C From Mitochondria (GO:0090200),2/25,0.0067564423254116,0.0421502823970635,0,0,17.81981174361273,89.05021124053485,TNFSF10;TP53
GO_Biological_Process_2023,Regulation Of Cyclin-Dependent Protein Serine/Threonine Kinase Activity (GO:0000079),3/79,0.0070881570654884,0.0438176982230194,0,0,8.15172697368421,40.34558610107036,CDKN2A;AKT1;EGFR
GO_Biological_Process_2023,Positive Regulation Of Protein Localization To Membrane (GO:1905477),3/79,0.0070881570654884,0.0438176982230194,0,0,8.15172697368421,40.34558610107036,ERBB2;AKT1;EGFR
GO_Biological_Process_2023,Epithelium Development (GO:0060429),4/154,0.0072274255198157,0.0439647123200876,0,0,5.544140350877193,27.33190443784483,KRT14;KRT23;KRT6A;WNT4
GO_Biological_Process_2023,L-amino Acid Transport (GO:0015807),2/26,0.0072960153678854,0.0439647123200876,0,0,17.076460481099655,84.02347584727124,SLC7A5;SLC1A1
GO_Biological_Process_2023,Dendritic Spine Organization (GO:0097061),2/26,0.0072960153678854,0.0439647123200876,0,0,17.076460481099655,84.02347584727124,CTNND2;ZNF365
GO_Biological_Process_2023,Positive Regulation Of Monooxygenase Activity (GO:0032770),2/26,0.0072960153678854,0.0439647123200876,0,0,17.076460481099655,84.02347584727124,S100A1;AKT1
GO_Biological_Process_2023,Protein Localization To Cell Surface (GO:0034394),2/26,0.0072960153678854,0.0439647123200876,0,0,17.076460481099655,84.02347584727124,WNT11;CTNNB1
GO_Biological_Process_2023,Negative Regulation Of Protein Serine/Threonine Kinase Activity (GO:0071901),3/80,0.0073382277181322,0.0439647123200876,0,0,8.045454545454545,39.54065690830335,CDKN2A;AKT1;BMP7
GO_Biological_Process_2023,Regulation Of Protein Localization To Plasma Membrane (GO:1903076),3/80,0.0073382277181322,0.0439647123200876,0,0,8.045454545454545,39.54065690830335,AKT1;ACTB;EGFR
GO_Biological_Process_2023,Positive Regulation Of Programmed Cell Death (GO:0043068),5/245,0.0074510504760588,0.0444448624887719,0,0,4.357491134751773,21.34909316819145,JUN;TNFSF10;CTNNB1;NRG1;TP53
GO_Biological_Process_2023,Positive Regulation Of DNA-binding Transcription Factor Activity (GO:0051091),5/246,0.0075764388751601,0.0449954448481126,0,0,4.33918954709985,21.187012850675284,AKT1;TNFSF11;CTNNB1;S100A9;LTF
GO_Biological_Process_2023,Regulation Of Phosphorylation (GO:0042325),3/82,0.0078539217626974,0.0458456953104091,0,0,7.8409810126582276,38.00321422472152,CDKN2A;BMP7;EGFR
GO_Biological_Process_2023,Amino Acid Import Across Plasma Membrane (GO:0089718),2/27,0.0078544463289156,0.0458456953104091,0,0,16.39257731958763,79.44950281459498,SLC7A5;SLC1A1
GO_Biological_Process_2023,Ventricular Septum Morphogenesis (GO:0060412),2/27,0.0078544463289156,0.0458456953104091,0,0,16.39257731958763,79.44950281459498,TGFBR3;TGFB2
GO_Biological_Process_2023,Myeloid Cell Development (GO:0061515),2/27,0.0078544463289156,0.0458456953104091,0,0,16.39257731958763,79.44950281459498,MED1;SRC
GO_Biological_Process_2023,Protein Localization (GO:0008104),6/351,0.0080033188259364,0.0465150153986051,0,0,3.657035998129967,17.65580032894661,GJA1;WNT11;CTNNB1;TP53;EGFR;ACTB
GO_Biological_Process_2023,Primary Neural Tube Formation (GO:0014020),2/28,0.008431539185493,0.0485885308994511,0,0,15.761300555114987,75.2724399640349,TGFB2;LRP2
GO_Biological_Process_2023,Regulation Of Bone Resorption (GO:0045124),2/28,0.008431539185493,0.0485885308994511,0,0,15.761300555114987,75.2724399640349,SRC;TNFSF11
GO_Biological_Process_2023,Regulation Of Osteoblast Differentiation (GO:0045667),3/85,0.0086667028634371,0.0495240163624979,0,0,7.5529725609756095,35.863529253556464,BMP7;LTF;WNT4
GO_Biological_Process_2023,Epidermis Development (GO:0008544),3/85,0.0086667028634371,0.0495240163624979,0,0,7.5529725609756095,35.863529253556464,KRT14;LAMC2;KRT5
GO_Biological_Process_2023,Nitrogen Compound Transport (GO:0071705),4/163,0.0087905146652203,0.0498537906007375,0,0,5.227937768950679,24.74948618205969,SLC7A5;HBB;NRG1;LRP2
GO_Biological_Process_2023,Negative Regulation Of Angiogenesis (GO:0016525),3/86,0.0089481842580778,0.0498537906007375,0,0,7.461596385542169,35.19116168083113,TGFB2;CTNNB1;NRG1
GO_Biological_Process_2023,Negative Regulation Of Binding (GO:0051100),3/86,0.0089481842580778,0.0498537906007375,0,0,7.461596385542169,35.19116168083113,JUN;SLPI;AKT1
GO_Biological_Process_2023,Regulation Of Protein Modification By Small Protein Conjugation Or Removal (GO:1903320),2/29,0.0090270993569211,0.0498537906007375,0,0,15.176785032455136,71.44508260735158,HSP90AB1;CTNNB1
GO_Biological_Process_2023,Response To Steroid Hormone (GO:0048545),2/29,0.0090270993569211,0.0498537906007375,0,0,15.176785032455136,71.44508260735158,MED1;TGFB2
GO_Biological_Process_2023,Tube Closure (GO:0060606),2/29,0.0090270993569211,0.0498537906007375,0,0,15.176785032455136,71.44508260735158,TGFB2;LRP2
GO_Biological_Process_2023,Positive Regulation Of Neural Precursor Cell Proliferation (GO:2000179),2/29,0.0090270993569211,0.0498537906007375,0,0,15.176785032455136,71.44508260735158,CTNNB1;LRP2
GO_Biological_Process_2023,Integrated Stress Response Signaling (GO:0140467),2/29,0.0090270993569211,0.0498537906007375,0,0,15.176785032455136,71.44508260735158,JUN;FOS
GO_Biological_Process_2023,Cytokine-Mediated Signaling Pathway (GO:0019221),5/257,0.0090543281458692,0.0498537906007375,0,0,4.1474586288416075,19.511770495747733,SRC;AKT1;TNFSF11;CCL18;TP53
GO_Biological_Process_2023,Positive Regulation Of Cell Adhesion (GO:0045785),3/88,0.0095271054493213,0.0520304358430387,0,0,7.285294117647059,33.90294916132167,TGFB2;ERBB2;FUT3
GO_Biological_Process_2023,Artery Morphogenesis (GO:0048844),2/30,0.0096409337003277,0.0520304358430387,0,0,14.6340206185567,67.92727962001706,TGFB2;LRP2
GO_Biological_Process_2023,Regulation Of Vasculature Development (GO:1901342),2/30,0.0096409337003277,0.0520304358430387,0,0,14.6340206185567,67.92727962001706,ERBB2;CTNNB1
GO_Biological_Process_2023,Positive Regulation Of Phosphate Metabolic Process (GO:0045937),2/30,0.0096409337003277,0.0520304358430387,0,0,14.6340206185567,67.92727962001706,SRC;EGFR
GO_Biological_Process_2023,Prostaglandin Metabolic Process (GO:0006693),2/30,0.0096409337003277,0.0520304358430387,0,0,14.6340206185567,67.92727962001706,PTGS2;PTGDS
GO_Biological_Process_2023,Positive Regulation Of Peptidyl-Serine Phosphorylation (GO:0033138),3/89,0.0098245850513269,0.0528119986948798,0,0,7.200218023255814,33.28565285637053,HSP90AB1;AKT1;EGFR
GO_Biological_Process_2023,Regulation Of Protein Localization To Cell Surface (GO:2000008),2/31,0.0102728504943795,0.0539423809743481,0,0,14.128688233202986,64.68467733221605,HSP90AB1;CTNNB1
GO_Biological_Process_2023,Positive Regulation Of G1/S Transition Of Mitotic Cell Cycle (GO:1900087),2/31,0.0102728504943795,0.0539423809743481,0,0,14.128688233202986,64.68467733221605,AKT1;EGFR
GO_Biological_Process_2023,Response To Estradiol (GO:0032355),2/31,0.0102728504943795,0.0539423809743481,0,0,14.128688233202986,64.68467733221605,CTNNB1;EGFR
GO_Biological_Process_2023,Positive Regulation Of Lamellipodium Organization (GO:1902745),2/31,0.0102728504943795,0.0539423809743481,0,0,14.128688233202986,64.68467733221605,SRC;PLCE1
GO_Biological_Process_2023,Negative Regulation Of DNA Biosynthetic Process (GO:2000279),2/31,0.0102728504943795,0.0539423809743481,0,0,14.128688233202986,64.68467733221605,SRC;TP53
GO_Biological_Process_2023,Negative Regulation Of Cell-Matrix Adhesion (GO:0001953),2/31,0.0102728504943795,0.0539423809743481,0,0,14.128688233202986,64.68467733221605,SRC;CDKN2A
GO_Biological_Process_2023,Positive Regulation Of MAP Kinase Activity (GO:0043406),3/91,0.0104356765910804,0.0545866160148825,0,0,7.0358664772727275,32.10131600919137,ERBB2;TNFSF11;EGFR
GO_Biological_Process_2023,Positive Regulation Of Neuron Projection Development (GO:0010976),3/92,0.0107493242102732,0.0560118043140673,0,0,6.956460674157303,31.53302678422756,NTRK2;S100A9;BMP7
GO_Biological_Process_2023,Amide Transport (GO:0042886),2/32,0.0109226594375045,0.0562682455871445,0,0,13.657044673539518,61.68772086834981,GJA1;SLC1A1
GO_Biological_Process_2023,Neural Tube Closure (GO:0001843),2/32,0.0109226594375045,0.0562682455871445,0,0,13.657044673539518,61.68772086834981,TGFB2;LRP2
GO_Biological_Process_2023,Cellular Nitrogen Compound Biosynthetic Process (GO:0044271),2/32,0.0109226594375045,0.0562682455871445,0,0,13.657044673539518,61.68772086834981,AKT1;SPTSSB
GO_Biological_Process_2023,Regulation Of Neuron Projection Development (GO:0010975),4/174,0.0109821080657947,0.0563610074320034,0,0,4.886934984520124,22.047347903693808,NTRK2;AKT1;S100A9;ZNF365
GO_Biological_Process_2023,Regulation Of Peptidyl-Serine Phosphorylation (GO:0033135),3/93,0.0110683957301955,0.0563783452923818,0,0,6.878819444444445,30.979874044611513,HSP90AB1;AKT1;EGFR
GO_Biological_Process_2023,Negative Regulation Of Amide Metabolic Process (GO:0034249),3/93,0.0110683957301955,0.0563783452923818,0,0,6.878819444444445,30.979874044611513,NTRK2;IGF2BP2;GAPDH
GO_Biological_Process_2023,Positive Regulation Of I-kappaB kinase/NF-kappaB Signaling (GO:0043123),4/175,0.0111972380359077,0.0568218049583379,0,0,4.858110187750077,21.823059133058766,GJA1;TNFSF10;GAPDH;LTF
GO_Biological_Process_2023,Cellular Response To Hormone Stimulus (GO:0032870),3/94,0.0113929073256884,0.0575998288584991,0,0,6.802884615384615,30.441305088902403,MED1;SRC;CACNA1H
GO_Biological_Process_2023,Regulation Of Lamellipodium Assembly (GO:0010591),2/33,0.0115901716335852,0.0579508581679261,0,0,13.215829730628531,58.91085370390265,PLCE1;NRG1
GO_Biological_Process_2023,Positive Regulation Of Notch Signaling Pathway (GO:0045747),2/33,0.0115901716335852,0.0579508581679261,0,0,13.215829730628531,58.91085370390265,TGFB2;SRC
GO_Biological_Process_2023,Regulation Of Cell Adhesion Mediated By Integrin (GO:0033628),2/33,0.0115901716335852,0.0579508581679261,0,0,13.215829730628531,58.91085370390265,TGFB2;NRG1
GO_Biological_Process_2023,Positive Regulation Of Epithelial Cell Migration (GO:0010634),3/95,0.0117228745182051,0.0581865304553248,0,0,6.728600543478261,29.916792949902295,TGFB2;SRC;AKT1
GO_Biological_Process_2023,Positive Regulation Of Transmembrane Receptor Protein Serine/Threonine Kinase Signaling Pathway (GO:0090100),3/95,0.0117228745182051,0.0581865304553248,0,0,6.728600543478261,29.916792949902295,TGFB2;HSP90AB1;BMP7
GO_Biological_Process_2023,Negative Regulation Of Mitotic Cell Cycle (GO:0045930),2/34,0.0122751995866745,0.0598360983436465,0,0,12.802190721649485,56.3318711837846,CTNNB1;BMP7
GO_Biological_Process_2023,Embryonic Limb Morphogenesis (GO:0030326),2/34,0.0122751995866745,0.0598360983436465,0,0,12.802190721649485,56.3318711837846,TGFB2;CTNNB1
GO_Biological_Process_2023,Positive Regulation Of Neuron Death (GO:1901216),2/34,0.0122751995866745,0.0598360983436465,0,0,12.802190721649485,56.3318711837846,TGFB2;CTNNB1
GO_Biological_Process_2023,Regulation Of Blood Circulation (GO:1903522),2/34,0.0122751995866745,0.0598360983436465,0,0,12.802190721649485,56.3318711837846,S100A1;CACNA1H
GO_Biological_Process_2023,Negative Regulation Of Cell Cycle Process (GO:0010948),2/34,0.0122751995866745,0.0598360983436465,0,0,12.802190721649485,56.3318711837846,BMP7;TP53
GO_Biological_Process_2023,Regulation Of Protein Localization (GO:0032880),3/97,0.0123992345624069,0.0602248535888338,0,0,6.584773936170213,28.907951289437772,HSP90AB1;CTNNB1;KRT5
GO_Biological_Process_2023,Positive Regulation Of Protein-Containing Complex Assembly (GO:0031334),3/98,0.012745655260533,0.0616871571328287,0,0,6.5151315789473685,28.422683884777385,SRC;NRG1;TP53
GO_Biological_Process_2023,Neutral Amino Acid Transport (GO:0015804),2/35,0.0129775571881922,0.0619279921962858,0,0,12.41362074351765,53.9313946964376,SLC7A5;SLC1A1
GO_Biological_Process_2023,One-Carbon Compound Transport (GO:0019755),2/35,0.0129775571881922,0.0619279921962858,0,0,12.41362074351765,53.9313946964376,SLC4A8;HBB
GO_Biological_Process_2023,Dendrite Morphogenesis (GO:0048813),2/35,0.0129775571881922,0.0619279921962858,0,0,12.41362074351765,53.9313946964376,CTNND2;ZNF365
GO_Biological_Process_2023,Liver Development (GO:0001889),2/35,0.0129775571881922,0.0619279921962858,0,0,12.41362074351765,53.9313946964376,TGFBR3;WNT4
GO_Biological_Process_2023,Response To UV (GO:0009411),3/100,0.0134550429542985,0.0637590885639232,0,0,6.380154639175258,27.48826655672556,MYC;TP53;EGFR
GO_Biological_Process_2023,Protein Complex Oligomerization (GO:0051259),3/100,0.0134550429542985,0.0637590885639232,0,0,6.380154639175258,27.48826655672556,UGDH;PEG10;CLDN1
GO_Biological_Process_2023,Hemopoiesis (GO:0030097),3/101,0.0138180340835391,0.0652518276167128,0,0,6.314732142857143,27.03829835586359,TGFBR3;TGFB2;TP53
GO_Biological_Process_2023,Negative Regulation Of Transferase Activity (GO:0051348),2/37,0.0144335238008332,0.0672246314011413,0,0,11.703092783505154,49.60006815590735,SRC;TP53
GO_Biological_Process_2023,Regulation Of Phosphoprotein Phosphatase Activity (GO:0043666),2/37,0.0144335238008332,0.0672246314011413,0,0,11.703092783505154,49.60006815590735,HSP90AB1;PPP1R1B
GO_Biological_Process_2023,Regulation Of Vascular Associated Smooth Muscle Cell Proliferation (GO:1904705),2/37,0.0144335238008332,0.0672246314011413,0,0,11.703092783505154,49.60006815590735,GJA1;JUN
GO_Biological_Process_2023,Ventricular Septum Development (GO:0003281),2/37,0.0144335238008332,0.0672246314011413,0,0,11.703092783505154,49.60006815590735,TGFBR3;TGFB2
GO_Biological_Process_2023,Fatty Acid Transport (GO:0015908),2/38,0.0151867674658197,0.0700135720458131,0,0,11.377434135166094,47.64108028526383,FABP3;FABP7
GO_Biological_Process_2023,Tumor Necrosis Factor-Mediated Signaling Pathway (GO:0033209),2/38,0.0151867674658197,0.0700135720458131,0,0,11.377434135166094,47.64108028526383,TNFSF11;TP53
GO_Biological_Process_2023,Import Into Cell (GO:0098657),2/38,0.0151867674658197,0.0700135720458131,0,0,11.377434135166094,47.64108028526383,SLC7A5;LRP2
GO_Biological_Process_2023,Regulation Of Neuron Apoptotic Process (GO:0043523),3/105,0.0153255674114781,0.0704147691878723,0,0,6.065870098039215,25.34461723812244,NTRK2;TGFB2;CTNNB1
GO_Biological_Process_2023,Regulation Of G1/S Transition Of Mitotic Cell Cycle (GO:2000045),3/106,0.0157163914240977,0.0719673142652285,0,0,6.006674757281553,24.94602703692151,CDKN2A;AKT1;EGFR
GO_Biological_Process_2023,Neuron Projection Extension (GO:1990138),2/39,0.0159566100631577,0.0728221130399143,0,0,11.069378657007524,45.80378393112329,HSP90AB1;CTNNB1
GO_Biological_Process_2023,Positive Regulation Of DNA Metabolic Process (GO:0051054),3/108,0.0165148281278134,0.0748672208460878,0,0,5.891666666666667,24.176434295422705,MYC;FGFR4;EGFR
GO_Biological_Process_2023,Lipid Transport (GO:0006869),3/108,0.0165148281278134,0.0748672208460878,0,0,5.891666666666667,24.176434295422705,FABP3;FABP7;ABCA4
GO_Biological_Process_2023,L-alpha-amino Acid Transmembrane Transport (GO:1902475),2/40,0.0167428723048413,0.0751495258567134,0,0,10.777536625067825,44.077782248456614,SLC7A5;SLC1A1
GO_Biological_Process_2023,Positive Regulation Of Cell Cycle G1/S Phase Transition (GO:1902808),2/40,0.0167428723048413,0.0751495258567134,0,0,10.777536625067825,44.077782248456614,AKT1;EGFR
GO_Biological_Process_2023,Retinoid Metabolic Process (GO:0001523),2/40,0.0167428723048413,0.0751495258567134,0,0,10.777536625067825,44.077782248456614,ALDH1A3;LRP2
GO_Biological_Process_2023,Positive Regulation Of Cysteine-Type Endopeptidase Activity Involved In Apoptotic Process (GO:0043280),3/109,0.0169224556785904,0.0757057227726415,0,0,5.835790094339623,23.804851911614257,MYC;TNFSF10;S100A9
GO_Biological_Process_2023,Negative Regulation Of Proteolysis (GO:0045861),2/41,0.0175453762297159,0.0774730898454989,0,0,10.500660851176317,42.453802476068866,AKT1;PLAT
GO_Biological_Process_2023,Non-Canonical Wnt Signaling Pathway (GO:0035567),2/41,0.0175453762297159,0.0774730898454989,0,0,10.500660851176317,42.453802476068866,WNT11;WNT4
GO_Biological_Process_2023,Regulation Of Release Of Cytochrome C From Mitochondria (GO:0090199),2/41,0.0175453762297159,0.0774730898454989,0,0,10.500660851176317,42.453802476068866,TNFSF10;TP53
GO_Biological_Process_2023,Positive Regulation Of Ossification (GO:0045778),2/41,0.0175453762297159,0.0774730898454989,0,0,10.500660851176317,42.453802476068866,BMP7;WNT4
GO_Biological_Process_2023,Small GTPase Mediated Signal Transduction (GO:0007264),3/112,0.0181790528573206,0.0797922220019979,0,0,5.674311926605505,22.73972157474078,CDKN2A;PLCE1;TP53
GO_Biological_Process_2023,Branching Morphogenesis Of An Epithelial Tube (GO:0048754),2/42,0.0183639452107539,0.0797922220019979,0,0,10.23762886597938,40.92354991919948,MYC;CTNNB1
GO_Biological_Process_2023,Cardiac Ventricle Morphogenesis (GO:0003208),2/42,0.0183639452107539,0.0797922220019979,0,0,10.23762886597938,40.92354991919948,TGFBR3;TGFB2
GO_Biological_Process_2023,Monoatomic Cation Transport (GO:0006812),2/42,0.0183639452107539,0.0797922220019979,0,0,10.23762886597938,40.92354991919948,PIEZO2;LRP2
GO_Biological_Process_2023,Monocyte Chemotaxis (GO:0002548),2/42,0.0183639452107539,0.0797922220019979,0,0,10.23762886597938,40.92354991919948,TNFSF11;CCL18
GO_Biological_Process_2023,Regulation Of Protein Ubiquitination (GO:0031396),3/113,0.0186091752319924,0.0802962902990348,0,0,5.6224431818181815,22.40037884848225,HSP90AB1;AKT1;CTNNB1
GO_Biological_Process_2023,Positive Regulation Of Cellular Component Organization (GO:0051130),3/113,0.0186091752319924,0.0802962902990348,0,0,5.6224431818181815,22.40037884848225,TGFB2;NRG1;BMP7
GO_Biological_Process_2023,Defense Response To Bacterium (GO:0042742),4/204,0.0186570792165404,0.0802962902990348,0,0,4.147578947368421,16.513708439606248,SLPI;S100A9;KRT6A;LTF
GO_Biological_Process_2023,Regulation Of Angiogenesis (GO:0045765),4/205,0.0189579819620802,0.0810864265837168,0,0,4.126734747316052,16.36469136864266,TGFB2;ERBB2;CTNNB1;NRG1
GO_Biological_Process_2023,Positive Regulation Of Biomineral Tissue Development (GO:0070169),2/43,0.0191984039411447,0.0810864265837168,0,0,9.98742770932864,39.47958395321927,BMP7;WNT4
GO_Biological_Process_2023,Positive Regulation Of Cell-Matrix Adhesion (GO:0001954),2/43,0.0191984039411447,0.0810864265837168,0,0,9.98742770932864,39.47958395321927,CEACAM6;NRG1
GO_Biological_Process_2023,Positive Regulation Of Stress Fiber Assembly (GO:0051496),2/43,0.0191984039411447,0.0810864265837168,0,0,9.98742770932864,39.47958395321927,WNT11;PPM1E
GO_Biological_Process_2023,mRNA Transcription (GO:0009299),2/43,0.0191984039411447,0.0810864265837168,0,0,9.98742770932864,39.47958395321927,MED1;TP53
GO_Biological_Process_2023,Regulation Of Cell-Cell Adhesion (GO:0022407),2/43,0.0191984039411447,0.0810864265837168,0,0,9.98742770932864,39.47958395321927,SRC;FUT3
GO_Biological_Process_2023,Negative Regulation Of Cell Differentiation (GO:0045596),4/207,0.0195688052225908,0.0823949693582771,0,0,4.085662431941924,16.07225466755,MED1;BMP7;EGFR;ACTB
GO_Biological_Process_2023,Cellular Response To Ketone (GO:1901655),2/44,0.0200485784197727,0.0838955896950488,0,0,9.74914089347079,38.11521227729213,SRC;ADCY2
GO_Biological_Process_2023,Positive Regulation Of Biosynthetic Process (GO:0009891),2/44,0.0200485784197727,0.0838955896950488,0,0,9.74914089347079,38.11521227729213,AKT1;WNT4
GO_Biological_Process_2023,Nervous System Development (GO:0007399),6/433,0.0206416740327437,0.0861125051672746,0,0,2.942358540454786,11.417655294488398,FABP7;ERBB2;SLITRK6;NRG1;IGF2BP2;EGFR
GO_Biological_Process_2023,Negative Regulation Of Response To Biotic Stimulus (GO:0002832),2/45,0.0209142959495074,0.0869830045606423,0,0,9.52193718532726,36.824400369482454,AKT1;LTF
GO_Biological_Process_2023,Regulation Of Protein Kinase Activity (GO:0045859),3/119,0.0213083926181698,0.088351871831436,0,0,5.330010775862069,20.513368700965213,AKT1;PLCE1;PPM1E
GO_Biological_Process_2023,Positive Regulation Of Blood Vessel Endothelial Cell Migration (GO:0043536),2/46,0.0217953851332818,0.0898513236245834,0,0,9.30506091846298,35.60169367402211,AKT1;PTGS2
GO_Biological_Process_2023,Regulation Of GTPase Activity (GO:0043087),4/214,0.0218021594089062,0.0898513236245834,0,0,3.948070175438597,15.104314702525844,NTRK2;WNT11;ERBB2;CCL18
GO_Biological_Process_2023,Regulation Of Wound Healing (GO:0061041),2/47,0.0226916758524346,0.0908983526561861,0,0,9.097823596792669,34.44215049702341,NRG1;CLDN1
GO_Biological_Process_2023,Positive Regulation Of Epithelial To Mesenchymal Transition (GO:0010718),2/47,0.0226916758524346,0.0908983526561861,0,0,9.097823596792669,34.44215049702341,TGFB2;CTNNB1
GO_Biological_Process_2023,Regulation Of Cell Motility (GO:2000145),3/123,0.0232208861228806,0.0908983526561861,0,0,5.151302083333333,19.382820531192316,AKT1;KRT5;FUT3
GO_Biological_Process_2023,Protein-Containing Complex Assembly (GO:0065003),5/328,0.0235633977808435,0.0908983526561861,0,0,3.2240959093603845,12.084107210867112,HSP90AB1;SRC;NRG1;TP53;CLDN1
GO_Biological_Process_2023,Chloride Transmembrane Transport (GO:1902476),2/48,0.0236029992693329,0.0908983526561861,0,0,8.899596593455849,33.3412839225343,SLC4A8;SLC1A1
GO_Biological_Process_2023,Positive Regulation Of Cell Motility (GO:2000147),4/221,0.0241858253103504,0.0908983526561861,0,0,3.8193548387096774,14.215594971969416,CEACAM6;LAMC2;CLDN1;EGFR
GO_Biological_Process_2023,Regulation Of Circadian Sleep/Wake Cycle (GO:0042749),1/5,0.0245084435490269,0.0908983526561861,0,0,50.75765306122449,188.24681569293375,PTGDS
GO_Biological_Process_2023,"Regulation Of Circadian Sleep/Wake Cycle, Sleep (GO:0045187)",1/5,0.0245084435490269,0.0908983526561861,0,0,50.75765306122449,188.24681569293375,PTGDS
GO_Biological_Process_2023,Negative Regulation Of Lamellipodium Organization (GO:1902744),1/5,0.0245084435490269,0.0908983526561861,0,0,50.75765306122449,188.24681569293375,NRG1
GO_Biological_Process_2023,Activation Of Transmembrane Receptor Protein Tyrosine Kinase Activity (GO:0007171),1/5,0.0245084435490269,0.0908983526561861,0,0,50.75765306122449,188.24681569293375,NRG1
GO_Biological_Process_2023,Regulation Of Long-Chain Fatty Acid Import Across Plasma Membrane (GO:0010746),1/5,0.0245084435490269,0.0908983526561861,0,0,50.75765306122449,188.24681569293375,AKT1
GO_Biological_Process_2023,Negative Regulation Of Transcription From RNA Polymerase II Promoter In Response To Stress (GO:0097201),1/5,0.0245084435490269,0.0908983526561861,0,0,50.75765306122449,188.24681569293375,JUN
GO_Biological_Process_2023,Negative Regulation Of Trophoblast Cell Migration (GO:1901164),1/5,0.0245084435490269,0.0908983526561861,0,0,50.75765306122449,188.24681569293375,GJA1
GO_Biological_Process_2023,Astrocyte Differentiation (GO:0048708),1/5,0.0245084435490269,0.0908983526561861,0,0,50.75765306122449,188.24681569293375,S100A9
GO_Biological_Process_2023,Autocrine Signaling (GO:0035425),1/5,0.0245084435490269,0.0908983526561861,0,0,50.75765306122449,188.24681569293375,S100A9
GO_Biological_Process_2023,Regulation Of Nitric Oxide Mediated Signal Transduction (GO:0010749),1/5,0.0245084435490269,0.0908983526561861,0,0,50.75765306122449,188.24681569293375,EGFR
GO_Biological_Process_2023,Regulation Of Pentose-Phosphate Shunt (GO:0043456),1/5,0.0245084435490269,0.0908983526561861,0,0,50.75765306122449,188.24681569293375,TP53
GO_Biological_Process_2023,Pericardium Morphogenesis (GO:0003344),1/5,0.0245084435490269,0.0908983526561861,0,0,50.75765306122449,188.24681569293375,BMP7
GO_Biological_Process_2023,Regulation Of Thymocyte Apoptotic Process (GO:0070243),1/5,0.0245084435490269,0.0908983526561861,0,0,50.75765306122449,188.24681569293375,TP53
GO_Biological_Process_2023,Response To Bile Acid (GO:1903412),1/5,0.0245084435490269,0.0908983526561861,0,0,50.75765306122449,188.24681569293375,FGFR4
GO_Biological_Process_2023,Response To Gonadotropin (GO:0034698),1/5,0.0245084435490269,0.0908983526561861,0,0,50.75765306122449,188.24681569293375,TGFBR3
GO_Biological_Process_2023,Signal Complex Assembly (GO:0007172),1/5,0.0245084435490269,0.0908983526561861,0,0,50.75765306122449,188.24681569293375,SRC
GO_Biological_Process_2023,Positive Regulation Of Intrinsic Apoptotic Signaling Pathway By P53 Class Mediator (GO:1902255),1/5,0.0245084435490269,0.0908983526561861,0,0,50.75765306122449,188.24681569293375,MYC
GO_Biological_Process_2023,Gastrulation With Mouth Forming Second (GO:0001702),1/5,0.0245084435490269,0.0908983526561861,0,0,50.75765306122449,188.24681569293375,UGDH
GO_Biological_Process_2023,Positive Regulation Of Osteoblast Proliferation (GO:0033690),1/5,0.0245084435490269,0.0908983526561861,0,0,50.75765306122449,188.24681569293375,LTF
GO_Biological_Process_2023,Heme Transport (GO:0015886),1/5,0.0245084435490269,0.0908983526561861,0,0,50.75765306122449,188.24681569293375,NRG1
GO_Biological_Process_2023,Positive Regulation Of Protein Catabolic Process In The Vacuole (GO:1904352),1/5,0.0245084435490269,0.0908983526561861,0,0,50.75765306122449,188.24681569293375,LRP2
GO_Biological_Process_2023,Positive Regulation Of Tau-Protein Kinase Activity (GO:1902949),1/5,0.0245084435490269,0.0908983526561861,0,0,50.75765306122449,188.24681569293375,HSP90AB1
GO_Biological_Process_2023,Iron Coordination Entity Transport (GO:1901678),1/5,0.0245084435490269,0.0908983526561861,0,0,50.75765306122449,188.24681569293375,NRG1
GO_Biological_Process_2023,Ketone Body Biosynthetic Process (GO:0046951),1/5,0.0245084435490269,0.0908983526561861,0,0,50.75765306122449,188.24681569293375,ACSS3
GO_Biological_Process_2023,Mesenchymal Cell Differentiation Involved In Kidney Development (GO:0072161),1/5,0.0245084435490269,0.0908983526561861,0,0,50.75765306122449,188.24681569293375,WNT4
GO_Biological_Process_2023,Morphogenesis Of An Endothelium (GO:0003159),1/5,0.0245084435490269,0.0908983526561861,0,0,50.75765306122449,188.24681569293375,CTNNB1
GO_Biological_Process_2023,Regulation Of Blood Vessel Remodeling (GO:0060312),1/5,0.0245084435490269,0.0908983526561861,0,0,50.75765306122449,188.24681569293375,NRG1
GO_Biological_Process_2023,Antibacterial Humoral Response (GO:0019731),2/49,0.0245291878123678,0.0908983526561861,0,0,8.709804781750384,32.29501138894197,SLPI;LTF
GO_Biological_Process_2023,Erythrocyte Differentiation (GO:0030218),2/49,0.0245291878123678,0.0908983526561861,0,0,8.709804781750384,32.29501138894197,TGFBR3;MED1
GO_Biological_Process_2023,Positive Regulation Of Nervous System Development (GO:0051962),2/49,0.0245291878123678,0.0908983526561861,0,0,8.709804781750384,32.29501138894197,SLITRK6;LRP2
GO_Biological_Process_2023,Positive Regulation Of Pathway-Restricted SMAD Protein Phosphorylation (GO:0010862),2/49,0.0245291878123678,0.0908983526561861,0,0,8.709804781750384,32.29501138894197,TGFB2;BMP7
GO_Biological_Process_2023,Regulation Of Epithelial Cell Migration (GO:0010632),2/50,0.0254700751762328,0.0933485262742083,0,0,8.527920962199312,31.299610767204847,TGFB2;SRC
GO_Biological_Process_2023,Positive Regulation Of Protein Modification Process (GO:0031401),4/225,0.025616221841663,0.0933485262742083,0,0,3.7494641581328887,13.740021876020688,NTRK2;ERBB2;AKT1;EGFR
GO_Biological_Process_2023,Regulation Of Telomere Maintenance Via Telomerase (GO:0032210),2/51,0.0264254963029073,0.0933485262742083,0,0,8.353460972017674,30.35168200032022,SRC;CTNNB1
GO_Biological_Process_2023,Positive Regulation Of Actin Filament Bundle Assembly (GO:0032233),2/51,0.0264254963029073,0.0933485262742083,0,0,8.353460972017674,30.35168200032022,WNT11;PPM1E
GO_Biological_Process_2023,Positive Regulation Of Protein Localization To Cell Periphery (GO:1904377),2/51,0.0264254963029073,0.0933485262742083,0,0,8.353460972017674,30.35168200032022,AKT1;EGFR
GO_Biological_Process_2023,Positive Regulation Of Protein Localization To Plasma Membrane (GO:1903078),2/51,0.0264254963029073,0.0933485262742083,0,0,8.353460972017674,30.35168200032022,AKT1;EGFR
GO_Biological_Process_2023,Arachidonic Acid Metabolic Process (GO:0019369),2/52,0.0273952873805881,0.0933485262742083,0,0,8.1859793814433,29.448113492372215,PTGDS;PTGS2
GO_Biological_Process_2023,Neurotransmitter Transport (GO:0006836),2/52,0.0273952873805881,0.0933485262742083,0,0,8.1859793814433,29.448113492372215,PTPRN2;SLC1A1
GO_Biological_Process_2023,Regulation Of Proteolysis (GO:0030162),2/52,0.0273952873805881,0.0933485262742083,0,0,8.1859793814433,29.448113492372215,PLAT;FGFR4
GO_Biological_Process_2023,Positive Regulation Of Transcription Initiation By RNA Polymerase II (GO:0060261),2/52,0.0273952873805881,0.0933485262742083,0,0,8.1859793814433,29.448113492372215,MED1;TP53
GO_Biological_Process_2023,Regulation Of Cell Development (GO:0060284),2/52,0.0273952873805881,0.0933485262742083,0,0,8.1859793814433,29.448113492372215,AKT1;CTNNB1
GO_Biological_Process_2023,Circulatory System Development (GO:0072359),3/132,0.0278545753266372,0.0933485262742083,0,0,4.7897286821705425,17.150859495204667,TGFB2;GJA1;PLCE1
GO_Biological_Process_2023,Epithelial Cell Differentiation (GO:0030855),3/132,0.0278545753266372,0.0933485262742083,0,0,4.7897286821705425,17.150859495204667,KRT14;AKT1;KRT23
GO_Biological_Process_2023,Regulation Of I-kappaB kinase/NF-kappaB Signaling (GO:0043122),4/232,0.0282401669239288,0.0933485262742083,0,0,3.633056325023084,12.959148080142665,GJA1;TNFSF10;GAPDH;LTF
GO_Biological_Process_2023,Regulation Of Cyclin-Dependent Protein Kinase Activity (GO:1904029),2/53,0.0283792858387639,0.0933485262742083,0,0,8.025065696381645,28.586052585583012,HSP90AB1;CDKN2A
GO_Biological_Process_2023,Regulation Of Macromolecule Biosynthetic Process (GO:0010556),2/53,0.0283792858387639,0.0933485262742083,0,0,8.025065696381645,28.586052585583012,MED1;S100A9
GO_Biological_Process_2023,Negative Regulation Of Viral Genome Replication (GO:0045071),2/53,0.0283792858387639,0.0933485262742083,0,0,8.025065696381645,28.586052585583012,SLPI;LTF
GO_Biological_Process_2023,Carboxylic Acid Transport (GO:0046942),2/53,0.0283792858387639,0.0933485262742083,0,0,8.025065696381645,28.586052585583012,SLC7A5;SLC16A6
GO_Biological_Process_2023,Cellular Response To Alcohol (GO:0097306),2/53,0.0283792858387639,0.0933485262742083,0,0,8.025065696381645,28.586052585583012,CTNNB1;ADCY2
GO_Biological_Process_2023,Negative Regulation Of Cysteine-Type Endopeptidase Activity (GO:2000117),2/53,0.0283792858387639,0.0933485262742083,0,0,8.025065696381645,28.586052585583012,SRC;LTF
GO_Biological_Process_2023,Regulation Of Cortisol Biosynthetic Process (GO:2000064),1/6,0.0293383172477935,0.0933485262742083,0,0,40.60408163265306,143.28615448776517,WNT4
GO_Biological_Process_2023,Regulation Of Entry Of Bacterium Into Host Cell (GO:2000535),1/6,0.0293383172477935,0.0933485262742083,0,0,40.60408163265306,143.28615448776517,KRT6A
GO_Biological_Process_2023,Negative Regulation Of Plasminogen Activation (GO:0010757),1/6,0.0293383172477935,0.0933485262742083,0,0,40.60408163265306,143.28615448776517,PLAT
GO_Biological_Process_2023,Negative Regulation Of Protein Sumoylation (GO:0033234),1/6,0.0293383172477935,0.0933485262742083,0,0,40.60408163265306,143.28615448776517,CTNNB1
GO_Biological_Process_2023,Negative Regulation Of Steroid Metabolic Process (GO:0045939),1/6,0.0293383172477935,0.0933485262742083,0,0,40.60408163265306,143.28615448776517,WNT4
GO_Biological_Process_2023,Negative Regulation Of Stress-Activated Protein Kinase Signaling Cascade (GO:0070303),1/6,0.0293383172477935,0.0933485262742083,0,0,40.60408163265306,143.28615448776517,MYC
GO_Biological_Process_2023,Regulation Of Male Gonad Development (GO:2000018),1/6,0.0293383172477935,0.0933485262742083,0,0,40.60408163265306,143.28615448776517,WNT4
GO_Biological_Process_2023,Angiotensin-Activated Signaling Pathway (GO:0038166),1/6,0.0293383172477935,0.0933485262742083,0,0,40.60408163265306,143.28615448776517,SRC
GO_Biological_Process_2023,Regulation Of Osteoclast Development (GO:2001204),1/6,0.0293383172477935,0.0933485262742083,0,0,40.60408163265306,143.28615448776517,LTF
GO_Biological_Process_2023,Regulation Of Prostaglandin Biosynthetic Process (GO:0031392),1/6,0.0293383172477935,0.0933485262742083,0,0,40.60408163265306,143.28615448776517,PTGS2
GO_Biological_Process_2023,Cardiac Muscle Cell Myoblast Differentiation (GO:0060379),1/6,0.0293383172477935,0.0933485262742083,0,0,40.60408163265306,143.28615448776517,NRG1
GO_Biological_Process_2023,Pharyngeal Arch Artery Morphogenesis (GO:0061626),1/6,0.0293383172477935,0.0933485262742083,0,0,40.60408163265306,143.28615448776517,TGFB2
GO_Biological_Process_2023,Regulation Of Striated Muscle Cell Differentiation (GO:0051153),1/6,0.0293383172477935,0.0933485262742083,0,0,40.60408163265306,143.28615448776517,NRG1
GO_Biological_Process_2023,Regulation Of Transforming Growth Factor Beta2 Production (GO:0032909),1/6,0.0293383172477935,0.0933485262742083,0,0,40.60408163265306,143.28615448776517,TGFB2
GO_Biological_Process_2023,Positive Regulation Of Blood Circulation (GO:1903524),1/6,0.0293383172477935,0.0933485262742083,0,0,40.60408163265306,143.28615448776517,TGFB2
GO_Biological_Process_2023,Cytolysis By Host Of Symbiont Cells (GO:0051838),1/6,0.0293383172477935,0.0933485262742083,0,0,40.60408163265306,143.28615448776517,NRG1
GO_Biological_Process_2023,Definitive Hemopoiesis (GO:0060216),1/6,0.0293383172477935,0.0933485262742083,0,0,40.60408163265306,143.28615448776517,TGFBR3
GO_Biological_Process_2023,Dendrite Arborization (GO:0140059),1/6,0.0293383172477935,0.0933485262742083,0,0,40.60408163265306,143.28615448776517,ZNF365
GO_Biological_Process_2023,Detection Of Muscle Stretch (GO:0035995),1/6,0.0293383172477935,0.0933485262742083,0,0,40.60408163265306,143.28615448776517,CTNNB1
GO_Biological_Process_2023,Smooth Muscle Cell Migration (GO:0014909),1/6,0.0293383172477935,0.0933485262742083,0,0,40.60408163265306,143.28615448776517,PLAT
GO_Biological_Process_2023,Positive Regulation Of Gliogenesis (GO:0014015),1/6,0.0293383172477935,0.0933485262742083,0,0,40.60408163265306,143.28615448776517,LRP2
GO_Biological_Process_2023,Positive Regulation Of Immune Response To Tumor Cell (GO:0002839),1/6,0.0293383172477935,0.0933485262742083,0,0,40.60408163265306,143.28615448776517,NRG1
GO_Biological_Process_2023,Positive Regulation Of Kidney Development (GO:0090184),1/6,0.0293383172477935,0.0933485262742083,0,0,40.60408163265306,143.28615448776517,MYC
GO_Biological_Process_2023,Positive Regulation Of Lamellipodium Morphogenesis (GO:2000394),1/6,0.0293383172477935,0.0933485262742083,0,0,40.60408163265306,143.28615448776517,SRC
GO_Biological_Process_2023,Gland Morphogenesis (GO:0022612),1/6,0.0293383172477935,0.0933485262742083,0,0,40.60408163265306,143.28615448776517,TGFB2
GO_Biological_Process_2023,Positive Regulation Of Neurotransmitter Secretion (GO:0001956),1/6,0.0293383172477935,0.0933485262742083,0,0,40.60408163265306,143.28615448776517,SLC4A8
GO_Biological_Process_2023,Heart Trabecula Formation (GO:0060347),1/6,0.0293383172477935,0.0933485262742083,0,0,40.60408163265306,143.28615448776517,TGFBR3
GO_Biological_Process_2023,Positive Regulation Of Phospholipid Biosynthetic Process (GO:0071073),1/6,0.0293383172477935,0.0933485262742083,0,0,40.60408163265306,143.28615448776517,FABP3
GO_Biological_Process_2023,Insulin Secretion Involved In Cellular Response To Glucose Stimulus (GO:0035773),1/6,0.0293383172477935,0.0933485262742083,0,0,40.60408163265306,143.28615448776517,PTPRN2
GO_Biological_Process_2023,Ketone Body Metabolic Process (GO:1902224),1/6,0.0293383172477935,0.0933485262742083,0,0,40.60408163265306,143.28615448776517,ACSS3
GO_Biological_Process_2023,Positive Regulation Of Unsaturated Fatty Acid Biosynthetic Process (GO:2001280),1/6,0.0293383172477935,0.0933485262742083,0,0,40.60408163265306,143.28615448776517,PTGS2
GO_Biological_Process_2023,Regulation Of Aldosterone Biosynthetic Process (GO:0032347),1/6,0.0293383172477935,0.0933485262742083,0,0,40.60408163265306,143.28615448776517,WNT4
GO_Biological_Process_2023,Regulation Of Bile Acid Metabolic Process (GO:1904251),1/6,0.0293383172477935,0.0933485262742083,0,0,40.60408163265306,143.28615448776517,FGFR4
GO_Biological_Process_2023,Negative Regulation Of Cardiocyte Differentiation (GO:1905208),1/6,0.0293383172477935,0.0933485262742083,0,0,40.60408163265306,143.28615448776517,EGFR
GO_Biological_Process_2023,Regulation Of Focal Adhesion Assembly (GO:0051893),2/54,0.0293773303274714,0.0933485262742083,0,0,7.870340999206978,27.762879563228957,SRC;NRG1
GO_Biological_Process_2023,Negative Regulation Of Protein Catabolic Process (GO:0042177),2/54,0.0293773303274714,0.0933485262742083,0,0,7.870340999206978,27.762879563228957,HSP90AB1;EGFR
GO_Biological_Process_2023,Negative Regulation Of Protein Modification By Small Protein Conjugation Or Removal (GO:1903321),2/54,0.0293773303274714,0.0933485262742083,0,0,7.870340999206978,27.762879563228957,AKT1;CTNNB1
GO_Biological_Process_2023,Regulation Of Smooth Muscle Cell Proliferation (GO:0048660),2/54,0.0293773303274714,0.0933485262742083,0,0,7.870340999206978,27.762879563228957,AKT1;CTNNB1
GO_Biological_Process_2023,Epidermal Cell Differentiation (GO:0009913),2/54,0.0293773303274714,0.0933485262742083,0,0,7.870340999206978,27.762879563228957,MED1;CTNNB1
GO_Biological_Process_2023,Monoatomic Anion Transmembrane Transport (GO:0098656),2/54,0.0293773303274714,0.0933485262742083,0,0,7.870340999206978,27.762879563228957,SLC4A8;SLC1A1
GO_Biological_Process_2023,Regulation Of Blood Vessel Endothelial Cell Migration (GO:0043535),2/54,0.0293773303274714,0.0933485262742083,0,0,7.870340999206978,27.762879563228957,AKT1;NRG1
GO_Biological_Process_2023,Ceramide Metabolic Process (GO:0006672),2/55,0.0303892607239359,0.0961148711268671,0,0,7.721454969850224,26.976184688218552,SPTSSB;FUT3
GO_Biological_Process_2023,Response To Peptide Hormone (GO:0043434),2/55,0.0303892607239359,0.0961148711268671,0,0,7.721454969850224,26.976184688218552,TGFBR3;SRC
GO_Biological_Process_2023,Negative Regulation Of Cellular Biosynthetic Process (GO:0031327),3/137,0.0306260794197187,0.0966391369160498,0,0,4.609841417910448,16.06946170795332,IGF2BP2;GAPDH;WNT4
GO_Biological_Process_2023,Positive Regulation Of DNA-templated Transcription Initiation (GO:2000144),2/56,0.0314149181168308,0.0988988162937266,0,0,7.578083237877053,26.223747886770177,MED1;JUN
GO_Biological_Process_2023,Renal System Development (GO:0072001),2/58,0.0335067842398087,0.1018345307489958,0,0,7.306701030927835,24.81361037629984,TGFB2;WNT4
GO_Biological_Process_2023,Positive Regulation Of Mitochondrion Organization (GO:0010822),2/58,0.0335067842398087,0.1018345307489958,0,0,7.306701030927835,24.81361037629984,TNFSF10;TP53
GO_Biological_Process_2023,Regulation Of Bone Mineralization (GO:0030500),2/58,0.0335067842398087,0.1018345307489958,0,0,7.306701030927835,24.81361037629984,BMP7;WNT4
GO_Biological_Process_2023,Negative Regulation Of Fatty Acid Oxidation (GO:0046322),1/7,0.0341445191334868,0.1018345307489958,0,0,33.835034013605444,114.2660933823874,AKT1
GO_Biological_Process_2023,ER Overload Response (GO:0006983),1/7,0.0341445191334868,0.1018345307489958,0,0,33.835034013605444,114.2660933823874,TP53
GO_Biological_Process_2023,Negative Regulation Of Keratinocyte Proliferation (GO:0010839),1/7,0.0341445191334868,0.1018345307489958,0,0,33.835034013605444,114.2660933823874,MED1
GO_Biological_Process_2023,Regulation Of Epithelial To Mesenchymal Transition Involved In Endocardial Cushion Formation (GO:1905005),1/7,0.0341445191334868,0.1018345307489958,0,0,33.835034013605444,114.2660933823874,TGFB2
GO_Biological_Process_2023,Negative Regulation Of Striated Muscle Cell Apoptotic Process (GO:0010664),1/7,0.0341445191334868,0.1018345307489958,0,0,33.835034013605444,114.2660933823874,BMP7
GO_Biological_Process_2023,Neuroepithelial Cell Differentiation (GO:0060563),1/7,0.0341445191334868,0.1018345307489958,0,0,33.835034013605444,114.2660933823874,WNT11
GO_Biological_Process_2023,Aromatic Amino Acid Transport (GO:0015801),1/7,0.0341445191334868,0.1018345307489958,0,0,33.835034013605444,114.2660933823874,SLC7A5
GO_Biological_Process_2023,Atrial Cardiac Muscle Cell To AV Node Cell Signaling (GO:0086026),1/7,0.0341445191334868,0.1018345307489958,0,0,33.835034013605444,114.2660933823874,GJA1
GO_Biological_Process_2023,Olefinic Compound Biosynthetic Process (GO:0120255),1/7,0.0341445191334868,0.1018345307489958,0,0,33.835034013605444,114.2660933823874,CACNA1H
GO_Biological_Process_2023,Pericardium Development (GO:0060039),1/7,0.0341445191334868,0.1018345307489958,0,0,33.835034013605444,114.2660933823874,BMP7
GO_Biological_Process_2023,Regulation Of Transforming Growth Factor Beta Activation (GO:1901388),1/7,0.0341445191334868,0.1018345307489958,0,0,33.835034013605444,114.2660933823874,HSP90AB1
GO_Biological_Process_2023,Coronary Vasculature Morphogenesis (GO:0060977),1/7,0.0341445191334868,0.1018345307489958,0,0,33.835034013605444,114.2660933823874,TGFBR3
GO_Biological_Process_2023,Positive Regulation Of Cardiac Epithelial To Mesenchymal Transition (GO:0062043),1/7,0.0341445191334868,0.1018345307489958,0,0,33.835034013605444,114.2660933823874,TGFB2
GO_Biological_Process_2023,Diacylglycerol Biosynthetic Process (GO:0006651),1/7,0.0341445191334868,0.1018345307489958,0,0,33.835034013605444,114.2660933823874,PLCE1
GO_Biological_Process_2023,Positive Regulation Of Execution Phase Of Apoptosis (GO:1900119),1/7,0.0341445191334868,0.1018345307489958,0,0,33.835034013605444,114.2660933823874,TP53
GO_Biological_Process_2023,Stress-Induced Premature Senescence (GO:0090400),1/7,0.0341445191334868,0.1018345307489958,0,0,33.835034013605444,114.2660933823874,TP53
GO_Biological_Process_2023,Thyroid Hormone Transport (GO:0070327),1/7,0.0341445191334868,0.1018345307489958,0,0,33.835034013605444,114.2660933823874,SLC7A5
GO_Biological_Process_2023,Positive Regulation Of Myeloid Cell Apoptotic Process (GO:0033034),1/7,0.0341445191334868,0.1018345307489958,0,0,33.835034013605444,114.2660933823874,CDKN2A
GO_Biological_Process_2023,Positive Regulation Of Oligodendrocyte Differentiation (GO:0048714),1/7,0.0341445191334868,0.1018345307489958,0,0,33.835034013605444,114.2660933823874,ZNF365
GO_Biological_Process_2023,Intermediate Filament Bundle Assembly (GO:0045110),1/7,0.0341445191334868,0.1018345307489958,0,0,33.835034013605444,114.2660933823874,KRT14
GO_Biological_Process_2023,Leukocyte Aggregation (GO:0070486),1/7,0.0341445191334868,0.1018345307489958,0,0,33.835034013605444,114.2660933823874,S100A9
GO_Biological_Process_2023,Chordate Embryonic Development (GO:0043009),2/59,0.0345726811447628,0.1026612365870687,0,0,7.178151564478206,24.152265347098023,WNT11;BMP7
GO_Biological_Process_2023,Heart Morphogenesis (GO:0003007),2/59,0.0345726811447628,0.1026612365870687,0,0,7.178151564478206,24.152265347098023,TGFBR3;TGFB2
GO_Biological_Process_2023,Ras Protein Signal Transduction (GO:0007265),3/144,0.034741348624502,0.1027135524550494,0,0,4.379432624113475,14.714125895532623,CDKN2A;PLCE1;TP53
GO_Biological_Process_2023,Regulation Of Cell Adhesion (GO:0030155),3/144,0.034741348624502,0.1027135524550494,0,0,4.379432624113475,14.714125895532623,SRC;ERBB2;NRG1
GO_Biological_Process_2023,Regulation Of Extrinsic Apoptotic Signaling Pathway (GO:2001236),2/60,0.0356516813552209,0.1051763267746213,0,0,7.054034838250978,23.517862726463346,SRC;TNFSF10
GO_Biological_Process_2023,Negative Regulation Of Intrinsic Apoptotic Signaling Pathway (GO:2001243),2/61,0.0367436319139694,0.1074652460279535,0,0,6.93412545867552,22.908896773223752,SRC;AKT1
GO_Biological_Process_2023,Negative Regulation Of Viral Process (GO:0048525),2/61,0.0367436319139694,0.1074652460279535,0,0,6.93412545867552,22.908896773223752,SLPI;LTF
GO_Biological_Process_2023,Regulation Of Pathway-Restricted SMAD Protein Phosphorylation (GO:0060393),2/61,0.0367436319139694,0.1074652460279535,0,0,6.93412545867552,22.908896773223752,TGFB2;BMP7
GO_Biological_Process_2023,Positive Regulation Of Cell Junction Assembly (GO:1901890),2/61,0.0367436319139694,0.1074652460279535,0,0,6.93412545867552,22.908896773223752,SLITRK6;NRG1
GO_Biological_Process_2023,Phosphatidylinositol-Mediated Signaling (GO:0048015),2/62,0.0378483810189991,0.1077102807221077,0,0,6.818213058419244,22.323968696801245,ERBB2;PLCE1
GO_Biological_Process_2023,Neuron Development (GO:0048666),3/150,0.0384852934905407,0.1077102807221077,0,0,4.199404761904762,13.67947323562222,UGDH;NTRK2;TGFB2
GO_Biological_Process_2023,"DNA Damage Response, Signal Transduction By P53 Class Mediator Resulting In Transcription Of P21 Class Mediator (GO:0006978)",1/8,0.0389271636980285,0.1077102807221077,0,0,29.0,94.13582631773188,TP53
GO_Biological_Process_2023,Negative Regulation Of Mitotic Nuclear Division (GO:0045839),1/8,0.0389271636980285,0.1077102807221077,0,0,29.0,94.13582631773188,BMP7
GO_Biological_Process_2023,Regulation Of Helicase Activity (GO:0051095),1/8,0.0389271636980285,0.1077102807221077,0,0,29.0,94.13582631773188,TP53
GO_Biological_Process_2023,Regulation Of Intrinsic Apoptotic Signaling Pathway By P53 Class Mediator (GO:1902253),1/8,0.0389271636980285,0.1077102807221077,0,0,29.0,94.13582631773188,MYC
GO_Biological_Process_2023,Regulation Of Lysosomal Protein Catabolic Process (GO:1905165),1/8,0.0389271636980285,0.1077102807221077,0,0,29.0,94.13582631773188,LRP2
GO_Biological_Process_2023,Androgen Biosynthetic Process (GO:0006702),1/8,0.0389271636980285,0.1077102807221077,0,0,29.0,94.13582631773188,MED1
GO_Biological_Process_2023,Regulation Of Morphogenesis Of An Epithelium (GO:1905330),1/8,0.0389271636980285,0.1077102807221077,0,0,29.0,94.13582631773188,GJA1
GO_Biological_Process_2023,Regulation Of Nephron Tubule Epithelial Cell Differentiation (GO:0072182),1/8,0.0389271636980285,0.1077102807221077,0,0,29.0,94.13582631773188,CTNNB1
GO_Biological_Process_2023,Bone Resorption (GO:0045453),1/8,0.0389271636980285,0.1077102807221077,0,0,29.0,94.13582631773188,SRC
GO_Biological_Process_2023,Regulation Of Sister Chromatid Cohesion (GO:0007063),1/8,0.0389271636980285,0.1077102807221077,0,0,29.0,94.13582631773188,CTNNB1
GO_Biological_Process_2023,Plasminogen Activation (GO:0031639),1/8,0.0389271636980285,0.1077102807221077,0,0,29.0,94.13582631773188,PLAT
GO_Biological_Process_2023,Regulation Of Tumor Necrosis Factor Superfamily Cytokine Production (GO:1903555),1/8,0.0389271636980285,0.1077102807221077,0,0,29.0,94.13582631773188,LTF
GO_Biological_Process_2023,Cobalamin Transport (GO:0015889),1/8,0.0389271636980285,0.1077102807221077,0,0,29.0,94.13582631773188,LRP2
GO_Biological_Process_2023,Response To Leptin (GO:0044321),1/8,0.0389271636980285,0.1077102807221077,0,0,29.0,94.13582631773188,LRP2
GO_Biological_Process_2023,Sympathetic Ganglion Development (GO:0061549),1/8,0.0389271636980285,0.1077102807221077,0,0,29.0,94.13582631773188,CTNNB1
GO_Biological_Process_2023,Positive Regulation Of Protein Kinase C Signaling (GO:0090037),1/8,0.0389271636980285,0.1077102807221077,0,0,29.0,94.13582631773188,WNT11
GO_Biological_Process_2023,Intestinal Epithelial Cell Differentiation (GO:0060575),1/8,0.0389271636980285,0.1077102807221077,0,0,29.0,94.13582631773188,SRC
GO_Biological_Process_2023,Proline Transport (GO:0015824),1/8,0.0389271636980285,0.1077102807221077,0,0,29.0,94.13582631773188,SLC7A5
GO_Biological_Process_2023,Protein Hexamerization (GO:0034214),1/8,0.0389271636980285,0.1077102807221077,0,0,29.0,94.13582631773188,UGDH
GO_Biological_Process_2023,Regulation Of DNA Methylation (GO:0044030),1/8,0.0389271636980285,0.1077102807221077,0,0,29.0,94.13582631773188,MYC
GO_Biological_Process_2023,Regulation Of DNA-templated Transcription Initiation (GO:2000142),1/8,0.0389271636980285,0.1077102807221077,0,0,29.0,94.13582631773188,JUN
GO_Biological_Process_2023,Regulation Of RNA Biosynthetic Process (GO:2001141),1/8,0.0389271636980285,0.1077102807221077,0,0,29.0,94.13582631773188,MED1
GO_Biological_Process_2023,Regulation Of Cell Killing (GO:0031341),1/8,0.0389271636980285,0.1077102807221077,0,0,29.0,94.13582631773188,TGFB2
GO_Biological_Process_2023,Positive Regulation Of Mitotic Cell Cycle Phase Transition (GO:1901992),2/63,0.0389657780259389,0.1077102807221077,0,0,6.706101064728748,21.761777472008543,AKT1;EGFR
GO_Biological_Process_2023,Inorganic Anion Transmembrane Transport (GO:0098661),2/63,0.0389657780259389,0.1077102807221077,0,0,6.706101064728748,21.761777472008543,SLC4A8;SLC1A1
GO_Biological_Process_2023,Positive Regulation Of NF-kappaB Transcription Factor Activity (GO:0051092),3/152,0.0397773244862933,0.109730550307016,0,0,4.14261744966443,13.357697076700465,TNFSF11;S100A9;LTF
GO_Biological_Process_2023,Positive Regulation Of Cysteine-Type Endopeptidase Activity (GO:2001056),2/64,0.0400956734439784,0.1103848499672279,0,0,6.597605586963751,21.22111157669608,MYC;TNFSF10
GO_Biological_Process_2023,Cellular Response To Light Stimulus (GO:0071482),2/65,0.0412379189233274,0.1118897483448796,0,0,6.492554410080183,20.700841546756664,MYC;TP53
GO_Biological_Process_2023,Positive Regulation Of Response To External Stimulus (GO:0032103),3/155,0.0417563693517854,0.1118897483448796,0,0,4.060238486842105,12.89492472793214,PLAT;NRG1;S100A9
GO_Biological_Process_2023,Negative Regulation Of Immune Response (GO:0050777),2/66,0.0423923672539713,0.1118897483448796,0,0,6.390786082474227,20.199913253204997,SRC;AKT1
GO_Biological_Process_2023,Cellular Response To Type II Interferon (GO:0071346),2/66,0.0423923672539713,0.1118897483448796,0,0,6.390786082474227,20.199913253204997,CCL18;GAPDH
GO_Biological_Process_2023,Regulation Of Neurogenesis (GO:0050767),2/67,0.0435588723480064,0.1118897483448796,0,0,6.2921490880253765,19.71734182558464,CTNNB1;LRP2
GO_Biological_Process_2023,Regulation Of Viral Genome Replication (GO:0045069),2/67,0.0435588723480064,0.1118897483448796,0,0,6.2921490880253765,19.71734182558464,SLPI;LTF
GO_Biological_Process_2023,Regulation Of Cellular Response To Oxidative Stress (GO:1900407),1/9,0.0436863649787728,0.1118897483448796,0,0,25.37372448979592,79.43800744515411,BMP7
GO_Biological_Process_2023,Regulation Of Complement-Dependent Cytotoxicity (GO:1903659),1/9,0.0436863649787728,0.1118897483448796,0,0,25.37372448979592,79.43800744515411,TGFB2
GO_Biological_Process_2023,"DNA Damage Response, Signal Transduction Resulting In Transcription (GO:0042772)",1/9,0.0436863649787728,0.1118897483448796,0,0,25.37372448979592,79.43800744515411,TP53
GO_Biological_Process_2023,Negative Regulation Of Hormone Secretion (GO:0046888),1/9,0.0436863649787728,0.1118897483448796,0,0,25.37372448979592,79.43800744515411,GJA1
GO_Biological_Process_2023,Negative Regulation Of Muscle Cell Apoptotic Process (GO:0010656),1/9,0.0436863649787728,0.1118897483448796,0,0,25.37372448979592,79.43800744515411,BMP7
GO_Biological_Process_2023,Adherens Junction Assembly (GO:0034333),1/9,0.0436863649787728,0.1118897483448796,0,0,25.37372448979592,79.43800744515411,CTNNB1
GO_Biological_Process_2023,Negative Regulation Of Transforming Growth Factor Beta Production (GO:0071635),1/9,0.0436863649787728,0.1118897483448796,0,0,25.37372448979592,79.43800744515411,HSP90AB1
GO_Biological_Process_2023,Negative Regulation Of Vascular Endothelial Growth Factor Signaling Pathway (GO:1900747),1/9,0.0436863649787728,0.1118897483448796,0,0,25.37372448979592,79.43800744515411,NRG1
GO_Biological_Process_2023,Aspartate Transmembrane Transport (GO:0015810),1/9,0.0436863649787728,0.1118897483448796,0,0,25.37372448979592,79.43800744515411,SLC1A1
GO_Biological_Process_2023,cAMP Biosynthetic Process (GO:0006171),1/9,0.0436863649787728,0.1118897483448796,0,0,25.37372448979592,79.43800744515411,ADCY2
GO_Biological_Process_2023,Regulation Of Postsynaptic Neurotransmitter Receptor Activity (GO:0098962),1/9,0.0436863649787728,0.1118897483448796,0,0,25.37372448979592,79.43800744515411,DLGAP3
GO_Biological_Process_2023,Peptidyl-Cysteine Modification (GO:0018198),1/9,0.0436863649787728,0.1118897483448796,0,0,25.37372448979592,79.43800744515411,S100A9
GO_Biological_Process_2023,Cell Differentiation Involved In Metanephros Development (GO:0072202),1/9,0.0436863649787728,0.1118897483448796,0,0,25.37372448979592,79.43800744515411,WNT4
GO_Biological_Process_2023,Regulation Of Tau-Protein Kinase Activity (GO:1902947),1/9,0.0436863649787728,0.1118897483448796,0,0,25.37372448979592,79.43800744515411,HSP90AB1
GO_Biological_Process_2023,Regulation Of Transmembrane Transporter Activity (GO:0022898),1/9,0.0436863649787728,0.1118897483448796,0,0,25.37372448979592,79.43800744515411,ACTB
GO_Biological_Process_2023,Cellular Response To Oxidised Low-Density Lipoprotein Particle Stimulus (GO:0140052),1/9,0.0436863649787728,0.1118897483448796,0,0,25.37372448979592,79.43800744515411,AKT1
GO_Biological_Process_2023,Positive Regulation Of T Cell Apoptotic Process (GO:0070234),1/9,0.0436863649787728,0.1118897483448796,0,0,25.37372448979592,79.43800744515411,TP53
GO_Biological_Process_2023,Positive Regulation Of Cardiocyte Differentiation (GO:1905209),1/9,0.0436863649787728,0.1118897483448796,0,0,25.37372448979592,79.43800744515411,TGFB2
GO_Biological_Process_2023,Endothelial Tube Morphogenesis (GO:0061154),1/9,0.0436863649787728,0.1118897483448796,0,0,25.37372448979592,79.43800744515411,CTNNB1
GO_Biological_Process_2023,Positive Regulation Of Hippo Signaling (GO:0035332),1/9,0.0436863649787728,0.1118897483448796,0,0,25.37372448979592,79.43800744515411,SRC
GO_Biological_Process_2023,Positive Regulation Of Leukocyte Apoptotic Process (GO:2000108),1/9,0.0436863649787728,0.1118897483448796,0,0,25.37372448979592,79.43800744515411,CDKN2A
GO_Biological_Process_2023,Positive Regulation Of Mesenchymal Cell Proliferation (GO:0002053),1/9,0.0436863649787728,0.1118897483448796,0,0,25.37372448979592,79.43800744515411,MYC
GO_Biological_Process_2023,Hematopoietic Stem Cell Differentiation (GO:0060218),1/9,0.0436863649787728,0.1118897483448796,0,0,25.37372448979592,79.43800744515411,TP53
GO_Biological_Process_2023,Hormone Transport (GO:0009914),1/9,0.0436863649787728,0.1118897483448796,0,0,25.37372448979592,79.43800744515411,SLC7A5
GO_Biological_Process_2023,Positive Regulation Of Tissue Remodeling (GO:0034105),1/9,0.0436863649787728,0.1118897483448796,0,0,25.37372448979592,79.43800744515411,NRG1
GO_Biological_Process_2023,Ketone Biosynthetic Process (GO:0042181),1/9,0.0436863649787728,0.1118897483448796,0,0,25.37372448979592,79.43800744515411,CACNA1H
GO_Biological_Process_2023,Leucine Transport (GO:0015820),1/9,0.0436863649787728,0.1118897483448796,0,0,25.37372448979592,79.43800744515411,SLC7A5
GO_Biological_Process_2023,Morphogenesis Of An Epithelial Sheet (GO:0002011),1/9,0.0436863649787728,0.1118897483448796,0,0,25.37372448979592,79.43800744515411,BMP7
GO_Biological_Process_2023,Muscle Cell Migration (GO:0014812),1/9,0.0436863649787728,0.1118897483448796,0,0,25.37372448979592,79.43800744515411,PLAT
GO_Biological_Process_2023,Regulation Of Bile Acid Biosynthetic Process (GO:0070857),1/9,0.0436863649787728,0.1118897483448796,0,0,25.37372448979592,79.43800744515411,FGFR4
GO_Biological_Process_2023,Negative Regulation Of Cell Adhesion Mediated By Integrin (GO:0033629),1/9,0.0436863649787728,0.1118897483448796,0,0,25.37372448979592,79.43800744515411,NRG1
GO_Biological_Process_2023,Response To Lipopolysaccharide (GO:0032496),3/159,0.0444711237095308,0.1136855794078232,0,0,3.9553285256410255,12.3126023115764,SLPI;S100A9;PPM1E
GO_Biological_Process_2023,Response To Molecule Of Bacterial Origin (GO:0002237),2/69,0.0459274741062558,0.1159405663855786,0,0,6.103708262809663,18.803643851865345,SLPI;S100A9
GO_Biological_Process_2023,Regulation Of Macromolecule Metabolic Process (GO:0060255),3/162,0.0465637617569837,0.1159405663855786,0,0,3.8801100628930816,11.900036373567223,MYC;NRG1;IGF2BP2
GO_Biological_Process_2023,Negative Regulation Of Extrinsic Apoptotic Signaling Pathway (GO:2001237),2/70,0.0471292841769271,0.1159405663855786,0,0,6.013644633110976,18.370846812396564,SRC;AKT1
GO_Biological_Process_2023,Regulation Of G Protein-Coupled Receptor Signaling Pathway (GO:0008277),2/70,0.0471292841769271,0.1159405663855786,0,0,6.013644633110976,18.370846812396564,GNG4;PLCE1
GO_Biological_Process_2023,Regulation Of Cellular Biosynthetic Process (GO:0031326),2/70,0.0471292841769271,0.1159405663855786,0,0,6.013644633110976,18.370846812396564,MED1;FGFR4
GO_Biological_Process_2023,Regulation Of Double-Strand Break Repair Via Homologous Recombination (GO:0010569),2/71,0.0483425778186247,0.1159405663855786,0,0,5.926191543403556,17.95305698878134,ACTB;ZNF365
GO_Biological_Process_2023,Negative Regulation Of Protein Binding (GO:0032091),2/71,0.0483425778186247,0.1159405663855786,0,0,5.926191543403556,17.95305698878134,SLPI;AKT1
GO_Biological_Process_2023,Regulation Of Coagulation (GO:0050818),1/10,0.048422236549271,0.1159405663855786,0,0,22.55328798185941,68.28675824910428,NRG1
GO_Biological_Process_2023,CRD-mediated mRNA Stabilization (GO:0070934),1/10,0.048422236549271,0.1159405663855786,0,0,22.55328798185941,68.28675824910428,IGF2BP2
GO_Biological_Process_2023,Negative Regulation Of Lipopolysaccharide-Mediated Signaling Pathway (GO:0031665),1/10,0.048422236549271,0.1159405663855786,0,0,22.55328798185941,68.28675824910428,LTF
GO_Biological_Process_2023,Negative Regulation Of Lymphocyte Migration (GO:2000402),1/10,0.048422236549271,0.1159405663855786,0,0,22.55328798185941,68.28675824910428,AKT1
GO_Biological_Process_2023,Negative Regulation Of Nuclear Division (GO:0051784),1/10,0.048422236549271,0.1159405663855786,0,0,22.55328798185941,68.28675824910428,BMP7
GO_Biological_Process_2023,Regulation Of Lamellipodium Morphogenesis (GO:2000392),1/10,0.048422236549271,0.1159405663855786,0,0,22.55328798185941,68.28675824910428,SRC
GO_Biological_Process_2023,Negative Regulation Of Steroid Biosynthetic Process (GO:0010894),1/10,0.048422236549271,0.1159405663855786,0,0,22.55328798185941,68.28675824910428,WNT4
GO_Biological_Process_2023,Regulation Of Mitochondrial Depolarization (GO:0051900),1/10,0.048422236549271,0.1159405663855786,0,0,22.55328798185941,68.28675824910428,SRC
GO_Biological_Process_2023,Atrial Septum Morphogenesis (GO:0060413),1/10,0.048422236549271,0.1159405663855786,0,0,22.55328798185941,68.28675824910428,TGFB2
GO_Biological_Process_2023,Branched-Chain Amino Acid Transport (GO:0015803),1/10,0.048422236549271,0.1159405663855786,0,0,22.55328798185941,68.28675824910428,SLC7A5
GO_Biological_Process_2023,Oxygen Transport (GO:0015671),1/10,0.048422236549271,0.1159405663855786,0,0,22.55328798185941,68.28675824910428,HBB
GO_Biological_Process_2023,Regulation Of Smooth Muscle Cell Apoptotic Process (GO:0034391),1/10,0.048422236549271,0.1159405663855786,0,0,22.55328798185941,68.28675824910428,CDKN2A
GO_Biological_Process_2023,Cellular Response To Forskolin (GO:1904322),1/10,0.048422236549271,0.1159405663855786,0,0,22.55328798185941,68.28675824910428,ADCY2
GO_Biological_Process_2023,Response To Forskolin (GO:1904321),1/10,0.048422236549271,0.1159405663855786,0,0,22.55328798185941,68.28675824910428,ADCY2
GO_Biological_Process_2023,Positive Regulation Of Bone Resorption (GO:0045780),1/10,0.048422236549271,0.1159405663855786,0,0,22.55328798185941,68.28675824910428,TNFSF11
GO_Biological_Process_2023,Response To Prostaglandin E (GO:0034695),1/10,0.048422236549271,0.1159405663855786,0,0,22.55328798185941,68.28675824910428,TGFBR3
GO_Biological_Process_2023,Positive Regulation Of Cellular Senescence (GO:2000774),1/10,0.048422236549271,0.1159405663855786,0,0,22.55328798185941,68.28675824910428,TP53
GO_Biological_Process_2023,Embryonic Appendage Morphogenesis (GO:0035113),1/10,0.048422236549271,0.1159405663855786,0,0,22.55328798185941,68.28675824910428,TGFB2
GO_Biological_Process_2023,Positive Regulation Of Dendrite Development (GO:1900006),1/10,0.048422236549271,0.1159405663855786,0,0,22.55328798185941,68.28675824910428,BMP7
GO_Biological_Process_2023,Positive Regulation Of Integrin Activation (GO:0033625),1/10,0.048422236549271,0.1159405663855786,0,0,22.55328798185941,68.28675824910428,SRC
GO_Biological_Process_2023,Thyroid Hormone Generation (GO:0006590),1/10,0.048422236549271,0.1159405663855786,0,0,22.55328798185941,68.28675824910428,DIO1
GO_Biological_Process_2023,Inositol Phosphate Biosynthetic Process (GO:0032958),1/10,0.048422236549271,0.1159405663855786,0,0,22.55328798185941,68.28675824910428,ITPKA
GO_Biological_Process_2023,Positive Regulation Of Toll-Like Receptor 4 Signaling Pathway (GO:0034145),1/10,0.048422236549271,0.1159405663855786,0,0,22.55328798185941,68.28675824910428,LTF
GO_Biological_Process_2023,Positive Regulation Of Transcription From RNA Polymerase II Promoter In Response To Endoplasmic Reticulum Stress (GO:1990440),1/10,0.048422236549271,0.1159405663855786,0,0,22.55328798185941,68.28675824910428,TP53
GO_Biological_Process_2023,Positive Regulation Of Transforming Growth Factor Beta Production (GO:0071636),1/10,0.048422236549271,0.1159405663855786,0,0,22.55328798185941,68.28675824910428,PTGS2
GO_Biological_Process_2023,Megakaryocyte Development (GO:0035855),1/10,0.048422236549271,0.1159405663855786,0,0,22.55328798185941,68.28675824910428,MED1
GO_Biological_Process_2023,Mesonephros Development (GO:0001823),1/10,0.048422236549271,0.1159405663855786,0,0,22.55328798185941,68.28675824910428,BMP7
GO_Biological_Process_2023,Metanephric Mesenchyme Development (GO:0072075),1/10,0.048422236549271,0.1159405663855786,0,0,22.55328798185941,68.28675824910428,WNT4
GO_Biological_Process_2023,Mitotic G1/S Transition Checkpoint Signaling (GO:0044819),1/10,0.048422236549271,0.1159405663855786,0,0,22.55328798185941,68.28675824910428,TP53
GO_Biological_Process_2023,Regulation Of Cellular Localization (GO:0060341),2/72,0.0495672144736363,0.1178521183289255,0,0,5.8412371134020615,17.549562683215672,HSP90AB1;KRT5
GO_Biological_Process_2023,Cholesterol Homeostasis (GO:0042632),2/72,0.0495672144736363,0.1178521183289255,0,0,5.8412371134020615,17.549562683215672,FABP3;FGFR4
GO_Biological_Process_2023,Response To Ionizing Radiation (GO:0010212),2/72,0.0495672144736363,0.1178521183289255,0,0,5.8412371134020615,17.549562683215672,MYC;TP53
GO_Biological_Process_2023,Second-Messenger-Mediated Signaling (GO:0019932),2/72,0.0495672144736363,0.1178521183289255,0,0,5.8412371134020615,17.549562683215672,PLCE1;TNFSF11
GO_Biological_Process_2023,Regulation Of Cytokine Production (GO:0001817),3/167,0.050158142003227,0.1190489932362806,0,0,3.7608612804878048,11.254657283007145,IGF2BP2;GAPDH;LTF
GO_Biological_Process_2023,Sterol Homeostasis (GO:0055092),2/73,0.0508030546912403,0.1201602684871076,0,0,5.758675765935821,17.15969510518403,FABP3;FGFR4
GO_Biological_Process_2023,Monocarboxylic Acid Transport (GO:0015718),2/73,0.0508030546912403,0.1201602684871076,0,0,5.758675765935821,17.15969510518403,FABP7;SLC16A6
GO_Biological_Process_2023,Regulation Of Cytoplasmic Transport (GO:1903649),1/11,0.0531348914812392,0.1222573336971891,0,0,20.296938775510203,59.569921519069155,SRC
GO_Biological_Process_2023,Regulation Of Fatty Acid Metabolic Process (GO:0019217),1/11,0.0531348914812392,0.1222573336971891,0,0,20.296938775510203,59.569921519069155,FABP3
GO_Biological_Process_2023,Negative Regulation Of Nitrogen Compound Metabolic Process (GO:0051172),1/11,0.0531348914812392,0.1222573336971891,0,0,20.296938775510203,59.569921519069155,HSP90AB1
GO_Biological_Process_2023,Regulation Of Homotypic Cell-Cell Adhesion (GO:0034110),1/11,0.0531348914812392,0.1222573336971891,0,0,20.296938775510203,59.569921519069155,TNFSF11
GO_Biological_Process_2023,Regulation Of Leukocyte Cell-Cell Adhesion (GO:1903037),1/11,0.0531348914812392,0.1222573336971891,0,0,20.296938775510203,59.569921519069155,AKT1
GO_Biological_Process_2023,Regulation Of Mesenchymal Cell Proliferation (GO:0010464),1/11,0.0531348914812392,0.1222573336971891,0,0,20.296938775510203,59.569921519069155,MYC
GO_Biological_Process_2023,Carbon Dioxide Transport (GO:0015670),1/11,0.0531348914812392,0.1222573336971891,0,0,20.296938775510203,59.569921519069155,HBB
GO_Biological_Process_2023,Catecholamine Biosynthetic Process (GO:0042423),1/11,0.0531348914812392,0.1222573336971891,0,0,20.296938775510203,59.569921519069155,TGFB2
GO_Biological_Process_2023,Cellular Response To Thyroid Hormone Stimulus (GO:0097067),1/11,0.0531348914812392,0.1222573336971891,0,0,20.296938775510203,59.569921519069155,MED1
GO_Biological_Process_2023,Central Nervous System Neuron Axonogenesis (GO:0021955),1/11,0.0531348914812392,0.1222573336971891,0,0,20.296938775510203,59.569921519069155,HSP90AB1
GO_Biological_Process_2023,Erythrocyte Development (GO:0048821),1/11,0.0531348914812392,0.1222573336971891,0,0,20.296938775510203,59.569921519069155,MED1
GO_Biological_Process_2023,Ganglion Development (GO:0061548),1/11,0.0531348914812392,0.1222573336971891,0,0,20.296938775510203,59.569921519069155,CTNNB1
GO_Biological_Process_2023,Vitamin D Metabolic Process (GO:0042359),1/11,0.0531348914812392,0.1222573336971891,0,0,20.296938775510203,59.569921519069155,LRP2
GO_Biological_Process_2023,Negative Regulation Of Cell Division (GO:0051782),1/11,0.0531348914812392,0.1222573336971891,0,0,20.296938775510203,59.569921519069155,MYC
GO_Biological_Process_2023,Regulation Of Cell Activation (GO:0050865),1/11,0.0531348914812392,0.1222573336971891,0,0,20.296938775510203,59.569921519069155,NRG1
GO_Biological_Process_2023,Negative Regulation Of Cellular Response To Vascular Endothelial Growth Factor Stimulus (GO:1902548),1/11,0.0531348914812392,0.1222573336971891,0,0,20.296938775510203,59.569921519069155,NRG1
GO_Biological_Process_2023,Negative Regulation Of Phosphorylation (GO:0042326),2/75,0.0533077932959067,0.1222573336971891,0,0,5.600338935178647,16.418361006793056,CDKN2A;BMP7
GO_Biological_Process_2023,Regulation Of Stress Fiber Assembly (GO:0051492),2/75,0.0533077932959067,0.1222573336971891,0,0,5.600338935178647,16.418361006793056,WNT11;PPM1E
GO_Biological_Process_2023,Cell-Cell Adhesion Via Plasma-Membrane Adhesion Molecules (GO:0098742),3/172,0.053884219477494,0.1233712769181682,0,0,3.6486686390532546,10.657460510077891,TGFB2;CEACAM6;CLDN1
GO_Biological_Process_2023,Regulation Of Ras Protein Signal Transduction (GO:0046578),2/76,0.0545764181184926,0.1247460985565546,0,0,5.524380050153246,16.06574458221198,TGFB2;PLCE1
GO_Biological_Process_2023,Chloride Transport (GO:0006821),2/77,0.0558556993328479,0.1272424641418312,0,0,5.450446735395189,15.724450052187713,SLC4A8;SLC1A1
GO_Biological_Process_2023,Positive Regulation Of Response To Stimulus (GO:0048584),2/77,0.0558556993328479,0.1272424641418312,0,0,5.450446735395189,15.724450052187713,TGFB2;EGFR
GO_Biological_Process_2023,Positive Regulation Of Hydrolase Activity (GO:0051345),3/176,0.0569585661467614,0.1272511999016912,0,0,3.5635838150289016,10.211204194588277,WNT11;ERBB2;CCL18
GO_Biological_Process_2023,C4-dicarboxylate Transport (GO:0015740),1/12,0.0578244423082685,0.1272511999016912,0,0,18.450834879406308,52.5912212421319,SLC1A1
GO_Biological_Process_2023,Negative Regulation Of Mononuclear Cell Migration (GO:0071676),1/12,0.0578244423082685,0.1272511999016912,0,0,18.450834879406308,52.5912212421319,AKT1
GO_Biological_Process_2023,Regulation Of Lymphocyte Migration (GO:2000401),1/12,0.0578244423082685,0.1272511999016912,0,0,18.450834879406308,52.5912212421319,AKT1
GO_Biological_Process_2023,Alanine Transport (GO:0032328),1/12,0.0578244423082685,0.1272511999016912,0,0,18.450834879406308,52.5912212421319,SLC7A5
GO_Biological_Process_2023,Regulation Of Monooxygenase Activity (GO:0032768),1/12,0.0578244423082685,0.1272511999016912,0,0,18.450834879406308,52.5912212421319,EGFR
GO_Biological_Process_2023,Atrial Cardiac Muscle Cell Action Potential (GO:0086014),1/12,0.0578244423082685,0.1272511999016912,0,0,18.450834879406308,52.5912212421319,GJA1
GO_Biological_Process_2023,cAMP Metabolic Process (GO:0046058),1/12,0.0578244423082685,0.1272511999016912,0,0,18.450834879406308,52.5912212421319,ADCY2
GO_Biological_Process_2023,Calcium Ion Import (GO:0070509),1/12,0.0578244423082685,0.1272511999016912,0,0,18.450834879406308,52.5912212421319,CACNA1H
GO_Biological_Process_2023,Cardiac Right Ventricle Morphogenesis (GO:0003215),1/12,0.0578244423082685,0.1272511999016912,0,0,18.450834879406308,52.5912212421319,TGFB2
GO_Biological_Process_2023,Phosphate Ion Homeostasis (GO:0055062),1/12,0.0578244423082685,0.1272511999016912,0,0,18.450834879406308,52.5912212421319,FGFR4
GO_Biological_Process_2023,Phospholipid Homeostasis (GO:0055091),1/12,0.0578244423082685,0.1272511999016912,0,0,18.450834879406308,52.5912212421319,FABP3
GO_Biological_Process_2023,Regulation Of Transcription From RNA Polymerase II Promoter In Response To Stress (GO:0043618),1/12,0.0578244423082685,0.1272511999016912,0,0,18.450834879406308,52.5912212421319,TP53
GO_Biological_Process_2023,Positive Regulation Of Alcohol Biosynthetic Process (GO:1902932),1/12,0.0578244423082685,0.1272511999016912,0,0,18.450834879406308,52.5912212421319,WNT4
GO_Biological_Process_2023,Response To Thyroid Hormone (GO:0097066),1/12,0.0578244423082685,0.1272511999016912,0,0,18.450834879406308,52.5912212421319,MED1
GO_Biological_Process_2023,Positive Regulation Of Histone H3-K4 Methylation (GO:0051571),1/12,0.0578244423082685,0.1272511999016912,0,0,18.450834879406308,52.5912212421319,CTNNB1
GO_Biological_Process_2023,Fibrinolysis (GO:0042730),1/12,0.0578244423082685,0.1272511999016912,0,0,18.450834879406308,52.5912212421319,PLAT
GO_Biological_Process_2023,Positive Regulation Of Protein Localization To Cell Surface (GO:2000010),1/12,0.0578244423082685,0.1272511999016912,0,0,18.450834879406308,52.5912212421319,HSP90AB1
GO_Biological_Process_2023,Positive Regulation Of Regulated Secretory Pathway (GO:1903307),1/12,0.0578244423082685,0.1272511999016912,0,0,18.450834879406308,52.5912212421319,SLC4A8
GO_Biological_Process_2023,Negative Regulation By Host Of Viral Process (GO:0044793),1/12,0.0578244423082685,0.1272511999016912,0,0,18.450834879406308,52.5912212421319,LTF
GO_Biological_Process_2023,Negative Regulation By Host Of Viral Transcription (GO:0043922),1/12,0.0578244423082685,0.1272511999016912,0,0,18.450834879406308,52.5912212421319,JUN
GO_Biological_Process_2023,Regulation Of Neuron Differentiation (GO:0045664),2/79,0.0584456954199043,0.1282034609210804,0,0,5.30834114339269,15.073869356438186,MED1;BMP7
GO_Biological_Process_2023,Cellular Response To UV (GO:0034644),2/79,0.0584456954199043,0.1282034609210804,0,0,5.30834114339269,15.073869356438186,MYC;TP53
GO_Biological_Process_2023,Response To Type II Interferon (GO:0034341),2/80,0.0597561451076461,0.1306565230649498,0,0,5.240021147237642,14.763671793485386,CCL18;GAPDH
GO_Biological_Process_2023,Positive Regulation Of Immune Response (GO:0050778),2/80,0.0597561451076461,0.1306565230649498,0,0,5.240021147237642,14.763671793485386,TGFB2;NRG1
GO_Biological_Process_2023,Regulation Of Intracellular Signal Transduction (GO:1902531),4/297,0.0600939578141699,0.1311842417773212,0,0,2.817747440273038,7.923071807044376,NTRK2;AKT1;TNFSF11;EGFR
GO_Biological_Process_2023,Activation Of Protein Kinase Activity (GO:0032147),2/81,0.061076720836651,0.1313566638001567,0,0,5.173430771238419,14.462969742980084,TGFB2;NRG1
GO_Biological_Process_2023,Negative Regulation Of NF-kappaB Transcription Factor Activity (GO:0032088),2/81,0.061076720836651,0.1313566638001567,0,0,5.173430771238419,14.462969742980084,CDKN2A;BMP7
GO_Biological_Process_2023,Phosphorylation (GO:0016310),5/429,0.0619533871458911,0.1313566638001567,0,0,2.443421316740265,6.7960660704878215,TGFB2;WNT11;ERBB2;WNK4;AKT1
GO_Biological_Process_2023,Cellular Response To Organic Substance (GO:0071310),2/82,0.0624072925852937,0.1313566638001567,0,0,5.108505154639175,14.171366945668227,SLC1A1;CACNA1H
GO_Biological_Process_2023,Negative Regulation Of Apoptotic Signaling Pathway (GO:2001234),2/82,0.0624072925852937,0.1313566638001567,0,0,5.108505154639175,14.171366945668227,SRC;AKT1
GO_Biological_Process_2023,Regulation Of Fatty Acid Beta-Oxidation (GO:0031998),1/13,0.0624910010872804,0.1313566638001567,0,0,16.912414965986393,46.89360626939404,AKT1
GO_Biological_Process_2023,Negative Regulation Of Secretion (GO:0051048),1/13,0.0624910010872804,0.1313566638001567,0,0,16.912414965986393,46.89360626939404,NRG1
GO_Biological_Process_2023,Regulation Of Macrophage Cytokine Production (GO:0010935),1/13,0.0624910010872804,0.1313566638001567,0,0,16.912414965986393,46.89360626939404,TGFB2
GO_Biological_Process_2023,Atrial Septum Development (GO:0003283),1/13,0.0624910010872804,0.1313566638001567,0,0,16.912414965986393,46.89360626939404,TGFB2
GO_Biological_Process_2023,Atrioventricular Valve Development (GO:0003171),1/13,0.0624910010872804,0.1313566638001567,0,0,16.912414965986393,46.89360626939404,TGFB2
GO_Biological_Process_2023,Branching Involved In Blood Vessel Morphogenesis (GO:0001569),1/13,0.0624910010872804,0.1313566638001567,0,0,16.912414965986393,46.89360626939404,CTNNB1
GO_Biological_Process_2023,Peptidyl-Tyrosine Autophosphorylation (GO:0038083),1/13,0.0624910010872804,0.1313566638001567,0,0,16.912414965986393,46.89360626939404,EGFR
GO_Biological_Process_2023,Regulation Of Trophoblast Cell Migration (GO:1901163),1/13,0.0624910010872804,0.1313566638001567,0,0,16.912414965986393,46.89360626939404,GJA1
GO_Biological_Process_2023,Chondroitin Sulfate Biosynthetic Process (GO:0030206),1/13,0.0624910010872804,0.1313566638001567,0,0,16.912414965986393,46.89360626939404,UGDH
GO_Biological_Process_2023,Response To UV-A (GO:0070141),1/13,0.0624910010872804,0.1313566638001567,0,0,16.912414965986393,46.89360626939404,EGFR
GO_Biological_Process_2023,Positive Regulation Of Brown Fat Cell Differentiation (GO:0090336),1/13,0.0624910010872804,0.1313566638001567,0,0,16.912414965986393,46.89360626939404,PTGS2
GO_Biological_Process_2023,Positive Regulation Of Cardiac Muscle Cell Proliferation (GO:0060045),1/13,0.0624910010872804,0.1313566638001567,0,0,16.912414965986393,46.89360626939404,TGFBR3
GO_Biological_Process_2023,Response To Nerve Growth Factor (GO:1990089),1/13,0.0624910010872804,0.1313566638001567,0,0,16.912414965986393,46.89360626939404,AKT1
GO_Biological_Process_2023,Sphingoid Biosynthetic Process (GO:0046520),1/13,0.0624910010872804,0.1313566638001567,0,0,16.912414965986393,46.89360626939404,SPTSSB
GO_Biological_Process_2023,Sphingosine Biosynthetic Process (GO:0046512),1/13,0.0624910010872804,0.1313566638001567,0,0,16.912414965986393,46.89360626939404,SPTSSB
GO_Biological_Process_2023,Positive Regulation Of Keratinocyte Differentiation (GO:0045618),1/13,0.0624910010872804,0.1313566638001567,0,0,16.912414965986393,46.89360626939404,MED1
GO_Biological_Process_2023,Interleukin-6-Mediated Signaling Pathway (GO:0070102),1/13,0.0624910010872804,0.1313566638001567,0,0,16.912414965986393,46.89360626939404,SRC
GO_Biological_Process_2023,Negative Regulation Of Cartilage Development (GO:0061037),1/13,0.0624910010872804,0.1313566638001567,0,0,16.912414965986393,46.89360626939404,WNT11
GO_Biological_Process_2023,Regulation Of Cellular Ketone Metabolic Process (GO:0010565),1/13,0.0624910010872804,0.1313566638001567,0,0,16.912414965986393,46.89360626939404,FGFR4
GO_Biological_Process_2023,Protein Modification Process (GO:0036211),7/711,0.0628163655887797,0.1318368166678092,0,0,2.074774580039526,5.742020896212699,TGFB2;WNT11;ERBB2;WNK4;AKT1;PLAT;PPM1E
GO_Biological_Process_2023,Regulation Of Epithelial To Mesenchymal Transition (GO:0010717),2/83,0.0637477313468219,0.1331749840732377,0,0,5.0451826396843575,13.88848816165306,TGFB2;CTNNB1
GO_Biological_Process_2023,Calcium Ion Transmembrane Import Into Cytosol (GO:0097553),2/83,0.0637477313468219,0.1331749840732377,0,0,5.0451826396843575,13.88848816165306,PLCE1;CACNA1H
GO_Biological_Process_2023,Regulation Of NIK/NF-kappaB Signaling (GO:1901222),2/83,0.0637477313468219,0.1331749840732377,0,0,5.0451826396843575,13.88848816165306,BMP7;EGFR
GO_Biological_Process_2023,Calcium-Mediated Signaling (GO:0019722),2/85,0.0664576989625929,0.1362733789016185,0,0,4.923115140976276,13.347498764512569,PLCE1;TNFSF11
GO_Biological_Process_2023,Response To Interleukin-1 (GO:0070555),2/85,0.0664576989625929,0.1362733789016185,0,0,4.923115140976276,13.347498764512569,SRC;CCL18
GO_Biological_Process_2023,Positive Regulation Of Protein Localization (GO:1903829),2/85,0.0664576989625929,0.1362733789016185,0,0,4.923115140976276,13.347498764512569,HSP90AB1;AKT1
GO_Biological_Process_2023,Negative Regulation Of Cell Cycle (GO:0045786),2/85,0.0664576989625929,0.1362733789016185,0,0,4.923115140976276,13.347498764512569,CDKN2A;BMP7
GO_Biological_Process_2023,Cellular Response To Cytokine Stimulus (GO:0071345),4/308,0.0668201303390002,0.1362733789016185,0,0,2.714265927977839,7.344127454276862,AKT1;TNFSF11;CCL18;GAPDH
GO_Biological_Process_2023,Regulation Of Endothelial Cell Chemotaxis (GO:2001026),1/14,0.0671346793118268,0.1362733789016185,0,0,15.610675039246468,42.165284659663705,NRG1
GO_Biological_Process_2023,Regulation Of Extracellular Matrix Disassembly (GO:0010715),1/14,0.0671346793118268,0.1362733789016185,0,0,15.610675039246468,42.165284659663705,FGFR4
GO_Biological_Process_2023,L-glutamate Transmembrane Transport (GO:0015813),1/14,0.0671346793118268,0.1362733789016185,0,0,15.610675039246468,42.165284659663705,SLC1A1
GO_Biological_Process_2023,Regulation Of Histone H3-K4 Methylation (GO:0051569),1/14,0.0671346793118268,0.1362733789016185,0,0,15.610675039246468,42.165284659663705,CTNNB1
GO_Biological_Process_2023,Regulation Of Integrin Activation (GO:0033623),1/14,0.0671346793118268,0.1362733789016185,0,0,15.610675039246468,42.165284659663705,SRC
GO_Biological_Process_2023,Bone Morphogenesis (GO:0060349),1/14,0.0671346793118268,0.1362733789016185,0,0,15.610675039246468,42.165284659663705,LTF
GO_Biological_Process_2023,Positive Regulation Of Acute Inflammatory Response (GO:0002675),1/14,0.0671346793118268,0.1362733789016185,0,0,15.610675039246468,42.165284659663705,PTGS2
GO_Biological_Process_2023,Contractile Actin Filament Bundle Assembly (GO:0030038),1/14,0.0671346793118268,0.1362733789016185,0,0,15.610675039246468,42.165284659663705,SRC
GO_Biological_Process_2023,Response To Muscle Stretch (GO:0035994),1/14,0.0671346793118268,0.1362733789016185,0,0,15.610675039246468,42.165284659663705,CTNNB1
GO_Biological_Process_2023,Detection Of Mechanical Stimulus Involved In Sensory Perception (GO:0050974),1/14,0.0671346793118268,0.1362733789016185,0,0,15.610675039246468,42.165284659663705,PIEZO2
GO_Biological_Process_2023,Stress Fiber Assembly (GO:0043149),1/14,0.0671346793118268,0.1362733789016185,0,0,15.610675039246468,42.165284659663705,SRC
GO_Biological_Process_2023,Striated Muscle Tissue Development (GO:0014706),1/14,0.0671346793118268,0.1362733789016185,0,0,15.610675039246468,42.165284659663705,BMP7
GO_Biological_Process_2023,Mammary Gland Epithelium Development (GO:0061180),1/14,0.0671346793118268,0.1362733789016185,0,0,15.610675039246468,42.165284659663705,WNT4
GO_Biological_Process_2023,Regulation Of Bone Remodeling (GO:0046850),1/14,0.0671346793118268,0.1362733789016185,0,0,15.610675039246468,42.165284659663705,SRC
GO_Biological_Process_2023,Neuron Projection Development (GO:0031175),3/192,0.0700635741041781,0.1404692166655616,0,0,3.259259259259259,8.664259177395413,CTNND2;BMP7;ZNF365
GO_Biological_Process_2023,Negative Regulation Of Neuron Death (GO:1901215),2/88,0.0705934856554823,0.1404692166655616,0,0,4.750659314313114,12.59313041892752,NTRK2;AKT1
GO_Biological_Process_2023,Negative Regulation Of Protein Kinase Activity (GO:0006469),2/88,0.0705934856554823,0.1404692166655616,0,0,4.750659314313114,12.59313041892752,AKT1;PPM1E
GO_Biological_Process_2023,Regulation Of Signal Transduction (GO:0009966),3/193,0.0709244260857377,0.1404692166655616,0,0,3.241940789473684,8.578630465556712,GNG4;SRC;PLCE1
GO_Biological_Process_2023,Negative Regulation Of Focal Adhesion Assembly (GO:0051895),1/15,0.0717555879791134,0.1404692166655616,0,0,14.494897959183673,38.18665714573386,SRC
GO_Biological_Process_2023,DNA Alkylation (GO:0006305),1/15,0.0717555879791134,0.1404692166655616,0,0,14.494897959183673,38.18665714573386,FOS
GO_Biological_Process_2023,Regulation Of Dephosphorylation (GO:0035303),1/15,0.0717555879791134,0.1404692166655616,0,0,14.494897959183673,38.18665714573386,SRC
GO_Biological_Process_2023,L-glutamate Import (GO:0051938),1/15,0.0717555879791134,0.1404692166655616,0,0,14.494897959183673,38.18665714573386,SLC1A1
GO_Biological_Process_2023,T Cell Homeostasis (GO:0043029),1/15,0.0717555879791134,0.1404692166655616,0,0,14.494897959183673,38.18665714573386,AKT1
GO_Biological_Process_2023,Negative Regulation Of Protein Processing (GO:0010955),1/15,0.0717555879791134,0.1404692166655616,0,0,14.494897959183673,38.18665714573386,PLAT
GO_Biological_Process_2023,Regulation Of Monocyte Differentiation (GO:0045655),1/15,0.0717555879791134,0.1404692166655616,0,0,14.494897959183673,38.18665714573386,MYC
GO_Biological_Process_2023,Astrocyte Development (GO:0014002),1/15,0.0717555879791134,0.1404692166655616,0,0,14.494897959183673,38.18665714573386,S100A9
GO_Biological_Process_2023,Nucleotide-Sugar Biosynthetic Process (GO:0009226),1/15,0.0717555879791134,0.1404692166655616,0,0,14.494897959183673,38.18665714573386,UGDH
GO_Biological_Process_2023,Platelet-Derived Growth Factor Receptor Signaling Pathway (GO:0048008),1/15,0.0717555879791134,0.1404692166655616,0,0,14.494897959183673,38.18665714573386,PLAT
GO_Biological_Process_2023,Polyol Biosynthetic Process (GO:0046173),1/15,0.0717555879791134,0.1404692166655616,0,0,14.494897959183673,38.18665714573386,ITPKA
GO_Biological_Process_2023,Positive Regulation Of Collagen Biosynthetic Process (GO:0032967),1/15,0.0717555879791134,0.1404692166655616,0,0,14.494897959183673,38.18665714573386,WNT4
GO_Biological_Process_2023,Positive Regulation Of Glucose Metabolic Process (GO:0010907),1/15,0.0717555879791134,0.1404692166655616,0,0,14.494897959183673,38.18665714573386,AKT1
GO_Biological_Process_2023,Stem Cell Development (GO:0048864),1/15,0.0717555879791134,0.1404692166655616,0,0,14.494897959183673,38.18665714573386,NRG1
GO_Biological_Process_2023,Sympathetic Nervous System Development (GO:0048485),1/15,0.0717555879791134,0.1404692166655616,0,0,14.494897959183673,38.18665714573386,CTNNB1
GO_Biological_Process_2023,Gas Transport (GO:0015669),1/15,0.0717555879791134,0.1404692166655616,0,0,14.494897959183673,38.18665714573386,HBB
GO_Biological_Process_2023,Positive Regulation Of Muscle Cell Differentiation (GO:0051149),1/15,0.0717555879791134,0.1404692166655616,0,0,14.494897959183673,38.18665714573386,NRG1
GO_Biological_Process_2023,Positive Regulation Of Sprouting Angiogenesis (GO:1903672),1/15,0.0717555879791134,0.1404692166655616,0,0,14.494897959183673,38.18665714573386,S100A1
GO_Biological_Process_2023,Negative Regulation Of Cell-Substrate Junction Organization (GO:0150118),1/15,0.0717555879791134,0.1404692166655616,0,0,14.494897959183673,38.18665714573386,SRC
GO_Biological_Process_2023,Cellular Response To Peptide Hormone Stimulus (GO:0071375),2/89,0.0719904735411003,0.1404692166655616,0,0,4.695817039933641,12.355734664672122,SRC;AKT1
GO_Biological_Process_2023,Positive Regulation Of DNA Repair (GO:0045739),2/89,0.0719904735411003,0.1404692166655616,0,0,4.695817039933641,12.355734664672122,ACTB;EGFR
GO_Biological_Process_2023,Sensory Perception Of Mechanical Stimulus (GO:0050954),2/89,0.0719904735411003,0.1404692166655616,0,0,4.695817039933641,12.355734664672122,PIEZO2;LRP2
GO_Biological_Process_2023,Sodium Ion Transport (GO:0006814),2/89,0.0719904735411003,0.1404692166655616,0,0,4.695817039933641,12.355734664672122,SLC4A8;WNK4
GO_Biological_Process_2023,Regulation Of Programmed Cell Death (GO:0043067),3/195,0.0726605039956791,0.1415734748339879,0,0,3.2078450520833335,8.410832802443716,AKT1;TP53;ACTB
GO_Biological_Process_2023,Positive Regulation Of Protein Metabolic Process (GO:0051247),3/196,0.0735356888773219,0.1430737294322716,0,0,3.191062176165803,8.328622587468846,ERBB2;AKT1;FGFR4
GO_Biological_Process_2023,Regulation Of RNA Metabolic Process (GO:0051252),2/91,0.0748113038597158,0.1444245049943988,0,0,4.589829723155334,11.90044755347033,MED1;AHNAK2
GO_Biological_Process_2023,Negative Regulation Of Inflammatory Response To Antigenic Stimulus (GO:0002862),1/16,0.0763538375668917,0.1444245049943988,0,0,13.527891156462584,34.798835876655495,SRC
GO_Biological_Process_2023,Regulation Of Fatty Acid Oxidation (GO:0046320),1/16,0.0763538375668917,0.1444245049943988,0,0,13.527891156462584,34.798835876655495,FABP3
GO_Biological_Process_2023,Regulation Of Osteoblast Proliferation (GO:0033688),1/16,0.0763538375668917,0.1444245049943988,0,0,13.527891156462584,34.798835876655495,LTF
GO_Biological_Process_2023,Regulation Of Plasminogen Activation (GO:0010755),1/16,0.0763538375668917,0.1444245049943988,0,0,13.527891156462584,34.798835876655495,PLAT
GO_Biological_Process_2023,Regulation Of Protein Kinase C Signaling (GO:0090036),1/16,0.0763538375668917,0.1444245049943988,0,0,13.527891156462584,34.798835876655495,WNT11
GO_Biological_Process_2023,Cell Communication By Electrical Coupling Involved In Cardiac Conduction (GO:0086064),1/16,0.0763538375668917,0.1444245049943988,0,0,13.527891156462584,34.798835876655495,GJA1
GO_Biological_Process_2023,Regulation Of Stem Cell Proliferation (GO:0072091),1/16,0.0763538375668917,0.1444245049943988,0,0,13.527891156462584,34.798835876655495,GJA1
GO_Biological_Process_2023,Cellular Response To Gamma Radiation (GO:0071480),1/16,0.0763538375668917,0.1444245049943988,0,0,13.527891156462584,34.798835876655495,TP53
GO_Biological_Process_2023,Positive Regulation By Host Of Viral Transcription (GO:0043923),1/16,0.0763538375668917,0.1444245049943988,0,0,13.527891156462584,34.798835876655495,JUN
GO_Biological_Process_2023,Chondroitin Sulfate Metabolic Process (GO:0030204),1/16,0.0763538375668917,0.1444245049943988,0,0,13.527891156462584,34.798835876655495,UGDH
GO_Biological_Process_2023,Positive Regulation Of Cardiac Muscle Tissue Growth (GO:0055023),1/16,0.0763538375668917,0.1444245049943988,0,0,13.527891156462584,34.798835876655495,TGFBR3
GO_Biological_Process_2023,Positive Regulation Of Cell Migration Involved In Sprouting Angiogenesis (GO:0090050),1/16,0.0763538375668917,0.1444245049943988,0,0,13.527891156462584,34.798835876655495,PTGS2
GO_Biological_Process_2023,Retinal Metabolic Process (GO:0042574),1/16,0.0763538375668917,0.1444245049943988,0,0,13.527891156462584,34.798835876655495,ALDH1A3
GO_Biological_Process_2023,Positive Regulation Of Collagen Metabolic Process (GO:0010714),1/16,0.0763538375668917,0.1444245049943988,0,0,13.527891156462584,34.798835876655495,WNT4
GO_Biological_Process_2023,Positive Regulation Of Homotypic Cell-Cell Adhesion (GO:0034112),1/16,0.0763538375668917,0.1444245049943988,0,0,13.527891156462584,34.798835876655495,TNFSF11
GO_Biological_Process_2023,Glycoprotein Catabolic Process (GO:0006516),1/16,0.0763538375668917,0.1444245049943988,0,0,13.527891156462584,34.798835876655495,NCCRP1
GO_Biological_Process_2023,Positive Regulation Of Stem Cell Proliferation (GO:2000648),1/16,0.0763538375668917,0.1444245049943988,0,0,13.527891156462584,34.798835876655495,GJA1
GO_Biological_Process_2023,Negative Regulation Of Amyloid-Beta Formation (GO:1902430),1/16,0.0763538375668917,0.1444245049943988,0,0,13.527891156462584,34.798835876655495,NTRK2
GO_Biological_Process_2023,Negative Regulation Of Cytokine Production Involved In Immune Response (GO:0002719),1/16,0.0763538375668917,0.1444245049943988,0,0,13.527891156462584,34.798835876655495,TGFB2
GO_Biological_Process_2023,Positive Regulation Of Cellular Component Biogenesis (GO:0044089),2/93,0.0776671375957321,0.1467045932363828,0,0,4.488501189532117,11.469570552430048,NRG1;BMP7
GO_Biological_Process_2023,Organic Substance Transport (GO:0071702),3/201,0.077982238751026,0.1470954850227399,0,0,3.109690656565657,7.933673500227425,ABCA4;NRG1;LRP2
GO_Biological_Process_2023,Regulation Of Translation (GO:0006417),3/202,0.0788855257874809,0.1477371431885771,0,0,3.0939070351758793,7.857773652750061,ERBB2;IGF2BP2;GAPDH
GO_Biological_Process_2023,Sphingolipid Metabolic Process (GO:0006665),2/94,0.0791078833100588,0.1477371431885771,0,0,4.439489018377409,11.262729463759642,SPTSSB;FUT3
GO_Biological_Process_2023,Cell Junction Assembly (GO:0034329),2/95,0.0805570248539892,0.1477371431885771,0,0,4.391530872408824,11.061343879514247,CTNND2;SLITRK6
GO_Biological_Process_2023,"DNA Damage Response, Signal Transduction By P53 Class Mediator Resulting In Cell Cycle Arrest (GO:0006977)",1/17,0.0809295379966837,0.1477371431885771,0,0,12.681760204081632,31.884182268430106,TP53
GO_Biological_Process_2023,Regulation Of Inflammatory Response To Antigenic Stimulus (GO:0002861),1/17,0.0809295379966837,0.1477371431885771,0,0,12.681760204081632,31.884182268430106,SRC
GO_Biological_Process_2023,Androgen Receptor Signaling Pathway (GO:0030521),1/17,0.0809295379966837,0.1477371431885771,0,0,12.681760204081632,31.884182268430106,SCGB2A2
GO_Biological_Process_2023,Carbohydrate Derivative Catabolic Process (GO:1901136),1/17,0.0809295379966837,0.1477371431885771,0,0,12.681760204081632,31.884182268430106,NCCRP1
GO_Biological_Process_2023,Carboxylic Acid Biosynthetic Process (GO:0046394),1/17,0.0809295379966837,0.1477371431885771,0,0,12.681760204081632,31.884182268430106,UGDH
GO_Biological_Process_2023,Regulation Of Protein Sumoylation (GO:0033233),1/17,0.0809295379966837,0.1477371431885771,0,0,12.681760204081632,31.884182268430106,CTNNB1
GO_Biological_Process_2023,Cell Migration Involved In Sprouting Angiogenesis (GO:0002042),1/17,0.0809295379966837,0.1477371431885771,0,0,12.681760204081632,31.884182268430106,AKT1
GO_Biological_Process_2023,Peptidyl-Threonine Dephosphorylation (GO:0035970),1/17,0.0809295379966837,0.1477371431885771,0,0,12.681760204081632,31.884182268430106,PPM1E
GO_Biological_Process_2023,Positive Regulation Of SMAD Protein Signal Transduction (GO:0060391),1/17,0.0809295379966837,0.1477371431885771,0,0,12.681760204081632,31.884182268430106,BMP7
GO_Biological_Process_2023,Positive Regulation Of Cell Adhesion Mediated By Integrin (GO:0033630),1/17,0.0809295379966837,0.1477371431885771,0,0,12.681760204081632,31.884182268430106,TGFB2
GO_Biological_Process_2023,Diol Biosynthetic Process (GO:0034312),1/17,0.0809295379966837,0.1477371431885771,0,0,12.681760204081632,31.884182268430106,SPTSSB
GO_Biological_Process_2023,Embryo Development Ending In Birth Or Egg Hatching (GO:0009792),1/17,0.0809295379966837,0.1477371431885771,0,0,12.681760204081632,31.884182268430106,TGFB2
GO_Biological_Process_2023,Positive Regulation Of Glial Cell Differentiation (GO:0045687),1/17,0.0809295379966837,0.1477371431885771,0,0,12.681760204081632,31.884182268430106,ZNF365
GO_Biological_Process_2023,Transepithelial Transport (GO:0070633),1/17,0.0809295379966837,0.1477371431885771,0,0,12.681760204081632,31.884182268430106,SLC1A1
GO_Biological_Process_2023,Positive Regulation Of Small GTPase Mediated Signal Transduction (GO:0051057),1/17,0.0809295379966837,0.1477371431885771,0,0,12.681760204081632,31.884182268430106,SRC
GO_Biological_Process_2023,Positive Regulation Of Stem Cell Differentiation (GO:2000738),1/17,0.0809295379966837,0.1477371431885771,0,0,12.681760204081632,31.884182268430106,TGFB2
GO_Biological_Process_2023,Positive Regulation Of Transcription From RNA Polymerase II Promoter In Response To Stress (GO:0036003),1/17,0.0809295379966837,0.1477371431885771,0,0,12.681760204081632,31.884182268430106,TP53
GO_Biological_Process_2023,Megakaryocyte Differentiation (GO:0030219),1/17,0.0809295379966837,0.1477371431885771,0,0,12.681760204081632,31.884182268430106,MED1
GO_Biological_Process_2023,Muscle Tissue Morphogenesis (GO:0060415),1/17,0.0809295379966837,0.1477371431885771,0,0,12.681760204081632,31.884182268430106,TGFBR3
GO_Biological_Process_2023,Regulation Of Brown Fat Cell Differentiation (GO:0090335),1/17,0.0809295379966837,0.1477371431885771,0,0,12.681760204081632,31.884182268430106,PTGS2
GO_Biological_Process_2023,Regulation Of Cartilage Development (GO:0061035),1/17,0.0809295379966837,0.1477371431885771,0,0,12.681760204081632,31.884182268430106,WNT11
GO_Biological_Process_2023,Regulation Of Protein Metabolic Process (GO:0051246),2/96,0.0820144458187472,0.1495169521628636,0,0,4.344593112524676,10.865218604443312,HSP90AB1;AKT1
GO_Biological_Process_2023,Regulation Of Canonical Wnt Signaling Pathway (GO:0060828),3/207,0.0834706621235096,0.1503966445602099,0,0,3.0173100490196076,7.492765535413051,WNT11;CTNND2;EGFR
GO_Biological_Process_2023,Negative Regulation Of Macromolecule Biosynthetic Process (GO:0010558),2/98,0.0849536650943849,0.1503966445602099,0,0,4.253651202749141,10.48801205800616,IGF2BP2;GAPDH
GO_Biological_Process_2023,Regulation Of Collagen Biosynthetic Process (GO:0032965),1/18,0.0854827987095899,0.1503966445602099,0,0,11.935174069627852,29.353845802361935,WNT4
GO_Biological_Process_2023,Negative Regulation Of Lipid Catabolic Process (GO:0050995),1/18,0.0854827987095899,0.1503966445602099,0,0,11.935174069627852,29.353845802361935,AKT1
GO_Biological_Process_2023,Negative Regulation Of Monoatomic Ion Transport (GO:0043271),1/18,0.0854827987095899,0.1503966445602099,0,0,11.935174069627852,29.353845802361935,WNK4
GO_Biological_Process_2023,Neural Crest Cell Differentiation (GO:0014033),1/18,0.0854827987095899,0.1503966445602099,0,0,11.935174069627852,29.353845802361935,NRG1
GO_Biological_Process_2023,Regulation Of Nervous System Process (GO:0031644),1/18,0.0854827987095899,0.1503966445602099,0,0,11.935174069627852,29.353845802361935,DLGAP3
GO_Biological_Process_2023,Regulation Of Oligodendrocyte Differentiation (GO:0048713),1/18,0.0854827987095899,0.1503966445602099,0,0,11.935174069627852,29.353845802361935,ZNF365
GO_Biological_Process_2023,Branching Involved In Ureteric Bud Morphogenesis (GO:0001658),1/18,0.0854827987095899,0.1503966445602099,0,0,11.935174069627852,29.353845802361935,MYC
GO_Biological_Process_2023,Cardiac Atrium Morphogenesis (GO:0003209),1/18,0.0854827987095899,0.1503966445602099,0,0,11.935174069627852,29.353845802361935,TGFB2
GO_Biological_Process_2023,Cell Junction Maintenance (GO:0034331),1/18,0.0854827987095899,0.1503966445602099,0,0,11.935174069627852,29.353845802361935,CLDN1
GO_Biological_Process_2023,Regulation Of Synaptic Vesicle Exocytosis (GO:2000300),1/18,0.0854827987095899,0.1503966445602099,0,0,11.935174069627852,29.353845802361935,SLC4A8
GO_Biological_Process_2023,Positive Regulation Of DNA Replication (GO:0045740),1/18,0.0854827987095899,0.1503966445602099,0,0,11.935174069627852,29.353845802361935,EGFR
GO_Biological_Process_2023,Positive Regulation Of Epidermal Cell Differentiation (GO:0045606),1/18,0.0854827987095899,0.1503966445602099,0,0,11.935174069627852,29.353845802361935,MED1
GO_Biological_Process_2023,Positive Regulation Of Focal Adhesion Assembly (GO:0051894),1/18,0.0854827987095899,0.1503966445602099,0,0,11.935174069627852,29.353845802361935,NRG1
GO_Biological_Process_2023,Positive Regulation Of Interleukin-4 Production (GO:0032753),1/18,0.0854827987095899,0.1503966445602099,0,0,11.935174069627852,29.353845802361935,SLC7A5
GO_Biological_Process_2023,Positive Regulation Of Neuroblast Proliferation (GO:0002052),1/18,0.0854827987095899,0.1503966445602099,0,0,11.935174069627852,29.353845802361935,CTNNB1
GO_Biological_Process_2023,Positive Regulation Of Osteoclast Differentiation (GO:0045672),1/18,0.0854827987095899,0.1503966445602099,0,0,11.935174069627852,29.353845802361935,TNFSF11
GO_Biological_Process_2023,Positive Regulation Of Phosphoprotein Phosphatase Activity (GO:0032516),1/18,0.0854827987095899,0.1503966445602099,0,0,11.935174069627852,29.353845802361935,HSP90AB1
GO_Biological_Process_2023,Positive Regulation Of Stress-Activated Protein Kinase Signaling Cascade (GO:0070304),1/18,0.0854827987095899,0.1503966445602099,0,0,11.935174069627852,29.353845802361935,TGFB2
GO_Biological_Process_2023,Intracellular Lipid Transport (GO:0032365),1/18,0.0854827987095899,0.1503966445602099,0,0,11.935174069627852,29.353845802361935,FABP3
GO_Biological_Process_2023,Mesenchyme Morphogenesis (GO:0072132),1/18,0.0854827987095899,0.1503966445602099,0,0,11.935174069627852,29.353845802361935,TGFB2
GO_Biological_Process_2023,Pulmonary Valve Morphogenesis (GO:0003184),1/18,0.0854827987095899,0.1503966445602099,0,0,11.935174069627852,29.353845802361935,TGFB2
GO_Biological_Process_2023,Myoblast Fusion (GO:0007520),1/18,0.0854827987095899,0.1503966445602099,0,0,11.935174069627852,29.353845802361935,CACNA1H
GO_Biological_Process_2023,Negative Regulation Of ERBB Signaling Pathway (GO:1901185),1/18,0.0854827987095899,0.1503966445602099,0,0,11.935174069627852,29.353845802361935,EGFR
GO_Biological_Process_2023,Negative Regulation Of Amyloid Precursor Protein Catabolic Process (GO:1902992),1/18,0.0854827987095899,0.1503966445602099,0,0,11.935174069627852,29.353845802361935,NTRK2
GO_Biological_Process_2023,Regulation Of Cell Cycle G2/M Phase Transition (GO:1902749),1/18,0.0854827987095899,0.1503966445602099,0,0,11.935174069627852,29.353845802361935,TP53
GO_Biological_Process_2023,Regulation Of Early Endosome To Late Endosome Transport (GO:2000641),1/19,0.090013728593284,0.1524516449400577,0,0,11.27154195011338,27.139540712465095,SRC
GO_Biological_Process_2023,Negative Regulation Of Leukocyte Cell-Cell Adhesion (GO:1903038),1/19,0.090013728593284,0.1524516449400577,0,0,11.27154195011338,27.139540712465095,AKT1
GO_Biological_Process_2023,NADP Metabolic Process (GO:0006739),1/19,0.090013728593284,0.1524516449400577,0,0,11.27154195011338,27.139540712465095,FMO5
GO_Biological_Process_2023,RNA-templated DNA Biosynthetic Process (GO:0006278),1/19,0.090013728593284,0.1524516449400577,0,0,11.27154195011338,27.139540712465095,HSP90AB1
GO_Biological_Process_2023,Negative Regulation Of Protein Dephosphorylation (GO:0035308),1/19,0.090013728593284,0.1524516449400577,0,0,11.27154195011338,27.139540712465095,PPP1R1B
GO_Biological_Process_2023,Negative Regulation Of Telomere Maintenance Via Telomerase (GO:0032211),1/19,0.090013728593284,0.1524516449400577,0,0,11.27154195011338,27.139540712465095,SRC
GO_Biological_Process_2023,Neuron Apoptotic Process (GO:0051402),1/19,0.090013728593284,0.1524516449400577,0,0,11.27154195011338,27.139540712465095,GAPDH
GO_Biological_Process_2023,Regulation Of Neuroinflammatory Response (GO:0150077),1/19,0.090013728593284,0.1524516449400577,0,0,11.27154195011338,27.139540712465095,PTGS2
GO_Biological_Process_2023,Atrioventricular Valve Morphogenesis (GO:0003181),1/19,0.090013728593284,0.1524516449400577,0,0,11.27154195011338,27.139540712465095,TGFB2
GO_Biological_Process_2023,Bicarbonate Transport (GO:0015701),1/19,0.090013728593284,0.1524516449400577,0,0,11.27154195011338,27.139540712465095,SLC4A8
GO_Biological_Process_2023,Cellular Response To Lectin (GO:1990858),1/19,0.090013728593284,0.1524516449400577,0,0,11.27154195011338,27.139540712465095,SRC
GO_Biological_Process_2023,Regulation Of Vascular Endothelial Growth Factor Signaling Pathway (GO:1900746),1/19,0.090013728593284,0.1524516449400577,0,0,11.27154195011338,27.139540712465095,NRG1
GO_Biological_Process_2023,Chondroitin Sulfate Proteoglycan Biosynthetic Process (GO:0050650),1/19,0.090013728593284,0.1524516449400577,0,0,11.27154195011338,27.139540712465095,UGDH
GO_Biological_Process_2023,Cyclic Nucleotide Biosynthetic Process (GO:0009190),1/19,0.090013728593284,0.1524516449400577,0,0,11.27154195011338,27.139540712465095,ADCY2
GO_Biological_Process_2023,Dopamine Metabolic Process (GO:0042417),1/19,0.090013728593284,0.1524516449400577,0,0,11.27154195011338,27.139540712465095,TGFB2
GO_Biological_Process_2023,Dopaminergic Neuron Differentiation (GO:0071542),1/19,0.090013728593284,0.1524516449400577,0,0,11.27154195011338,27.139540712465095,CTNNB1
GO_Biological_Process_2023,Embryonic Digestive Tract Development (GO:0048566),1/19,0.090013728593284,0.1524516449400577,0,0,11.27154195011338,27.139540712465095,TGFB2
GO_Biological_Process_2023,Sphingosine Metabolic Process (GO:0006670),1/19,0.090013728593284,0.1524516449400577,0,0,11.27154195011338,27.139540712465095,SPTSSB
GO_Biological_Process_2023,Steroid Hormone Biosynthetic Process (GO:0120178),1/19,0.090013728593284,0.1524516449400577,0,0,11.27154195011338,27.139540712465095,MED1
GO_Biological_Process_2023,Positive Regulation Of Histone Methylation (GO:0031062),1/19,0.090013728593284,0.1524516449400577,0,0,11.27154195011338,27.139540712465095,CTNNB1
GO_Biological_Process_2023,Stimulatory C-type Lectin Receptor Signaling Pathway (GO:0002223),1/19,0.090013728593284,0.1524516449400577,0,0,11.27154195011338,27.139540712465095,SRC
GO_Biological_Process_2023,Establishment Of Skin Barrier (GO:0061436),1/19,0.090013728593284,0.1524516449400577,0,0,11.27154195011338,27.139540712465095,CLDN1
GO_Biological_Process_2023,Eye Morphogenesis (GO:0048592),1/19,0.090013728593284,0.1524516449400577,0,0,11.27154195011338,27.139540712465095,ALDH1A3
GO_Biological_Process_2023,Telomere Maintenance Via Telomerase (GO:0007004),1/19,0.090013728593284,0.1524516449400577,0,0,11.27154195011338,27.139540712465095,HSP90AB1
GO_Biological_Process_2023,Gastrulation (GO:0007369),1/19,0.090013728593284,0.1524516449400577,0,0,11.27154195011338,27.139540712465095,UGDH
GO_Biological_Process_2023,Inositol Phosphate-Mediated Signaling (GO:0048016),1/19,0.090013728593284,0.1524516449400577,0,0,11.27154195011338,27.139540712465095,PLCE1
GO_Biological_Process_2023,Insulin Secretion (GO:0030073),1/19,0.090013728593284,0.1524516449400577,0,0,11.27154195011338,27.139540712465095,PTPRN2
GO_Biological_Process_2023,Intrinsic Apoptotic Signaling Pathway In Response To DNA Damage By P53 Class Mediator (GO:0042771),1/19,0.090013728593284,0.1524516449400577,0,0,11.27154195011338,27.139540712465095,TP53
GO_Biological_Process_2023,Protein Insertion Into Membrane (GO:0051205),1/19,0.090013728593284,0.1524516449400577,0,0,11.27154195011338,27.139540712465095,EGFR
GO_Biological_Process_2023,Negative Regulation Of Cyclin-Dependent Protein Serine/Threonine Kinase Activity (GO:0045736),1/19,0.090013728593284,0.1524516449400577,0,0,11.27154195011338,27.139540712465095,CDKN2A
GO_Biological_Process_2023,DNA Methylation (GO:0006306),1/20,0.0945224360353158,0.1565779695591103,0,0,10.677765843179378,25.18797462704863,FOS
GO_Biological_Process_2023,Fc-gamma Receptor Signaling Pathway Involved In Phagocytosis (GO:0038096),1/20,0.0945224360353158,0.1565779695591103,0,0,10.677765843179378,25.18797462704863,SRC
GO_Biological_Process_2023,Negative Regulation Of Phosphoprotein Phosphatase Activity (GO:0032515),1/20,0.0945224360353158,0.1565779695591103,0,0,10.677765843179378,25.18797462704863,PPP1R1B
GO_Biological_Process_2023,Negative Regulation Of Reproductive Process (GO:2000242),1/20,0.0945224360353158,0.1565779695591103,0,0,10.677765843179378,25.18797462704863,GJA1
GO_Biological_Process_2023,Negative Regulation Of Small GTPase Mediated Signal Transduction (GO:0051058),1/20,0.0945224360353158,0.1565779695591103,0,0,10.677765843179378,25.18797462704863,TGFB2
GO_Biological_Process_2023,Regulation Of Protein Localization To Cell Periphery (GO:1904375),1/20,0.0945224360353158,0.1565779695591103,0,0,10.677765843179378,25.18797462704863,ACTB
GO_Biological_Process_2023,Regulation Of Smooth Muscle Contraction (GO:0006940),1/20,0.0945224360353158,0.1565779695591103,0,0,10.677765843179378,25.18797462704863,PLCE1
GO_Biological_Process_2023,Cellular Response To Estradiol Stimulus (GO:0071392),1/20,0.0945224360353158,0.1565779695591103,0,0,10.677765843179378,25.18797462704863,EGFR
GO_Biological_Process_2023,Positive Regulation Of Embryonic Development (GO:0040019),1/20,0.0945224360353158,0.1565779695591103,0,0,10.677765843179378,25.18797462704863,WNT4
GO_Biological_Process_2023,Striated Muscle Cell Differentiation (GO:0051146),1/20,0.0945224360353158,0.1565779695591103,0,0,10.677765843179378,25.18797462704863,NRG1
GO_Biological_Process_2023,Hydrogen Peroxide Catabolic Process (GO:0042744),1/20,0.0945224360353158,0.1565779695591103,0,0,10.677765843179378,25.18797462704863,HBB
GO_Biological_Process_2023,Limb Morphogenesis (GO:0035108),1/20,0.0945224360353158,0.1565779695591103,0,0,10.677765843179378,25.18797462704863,TGFB2
GO_Biological_Process_2023,protein-DNA Complex Disassembly (GO:0032986),1/20,0.0945224360353158,0.1565779695591103,0,0,10.677765843179378,25.18797462704863,MYC
GO_Biological_Process_2023,Pulmonary Valve Development (GO:0003177),1/20,0.0945224360353158,0.1565779695591103,0,0,10.677765843179378,25.18797462704863,TGFB2
GO_Biological_Process_2023,Myoblast Differentiation (GO:0045445),1/20,0.0945224360353158,0.1565779695591103,0,0,10.677765843179378,25.18797462704863,NRG1
GO_Biological_Process_2023,Regulation Of Calcium Ion Import (GO:0090279),1/20,0.0945224360353158,0.1565779695591103,0,0,10.677765843179378,25.18797462704863,CTNNB1
GO_Biological_Process_2023,Regulation Of Cardiac Muscle Cell Proliferation (GO:0060043),1/20,0.0945224360353158,0.1565779695591103,0,0,10.677765843179378,25.18797462704863,TGFBR3
GO_Biological_Process_2023,Negative Regulation Of Cyclin-Dependent Protein Kinase Activity (GO:1904030),1/20,0.0945224360353158,0.1565779695591103,0,0,10.677765843179378,25.18797462704863,CDKN2A
GO_Biological_Process_2023,Cellular Response To Organonitrogen Compound (GO:0071417),2/105,0.0954850571787753,0.1577881868324841,0,0,3.9631668501651487,9.30862888354816,CTNNB1;ACTB
GO_Biological_Process_2023,Negative Regulation Of MAPK Cascade (GO:0043409),2/105,0.0954850571787753,0.1577881868324841,0,0,3.9631668501651487,9.30862888354816,MYC;BMP7
GO_Biological_Process_2023,Negative Regulation Of Translation (GO:0017148),2/107,0.0985601444163032,0.1606829108893853,0,0,3.8872852233676976,9.007183163998212,IGF2BP2;GAPDH
GO_Biological_Process_2023,Positive Regulation Of T Cell Activation (GO:0050870),2/107,0.0985601444163032,0.1606829108893853,0,0,3.8872852233676976,9.007183163998212,TNFSF11;ACTB
GO_Biological_Process_2023,Monoatomic Ion Transport (GO:0006811),2/107,0.0985601444163032,0.1606829108893853,0,0,3.8872852233676976,9.007183163998212,SLC1A1;PIEZO2
GO_Biological_Process_2023,Negative Regulation Of Osteoclast Differentiation (GO:0045671),1/21,0.0990090289156653,0.1606829108893853,0,0,10.143367346938776,23.45698564957499,LTF
GO_Biological_Process_2023,Regulation Of Lipopolysaccharide-Mediated Signaling Pathway (GO:0031664),1/21,0.0990090289156653,0.1606829108893853,0,0,10.143367346938776,23.45698564957499,LTF
GO_Biological_Process_2023,Aminoglycan Biosynthetic Process (GO:0006023),1/21,0.0990090289156653,0.1606829108893853,0,0,10.143367346938776,23.45698564957499,UGDH
GO_Biological_Process_2023,Regulation Of Steroid Metabolic Process (GO:0019218),1/21,0.0990090289156653,0.1606829108893853,0,0,10.143367346938776,23.45698564957499,FMO5
GO_Biological_Process_2023,Regulation Of Transferase Activity (GO:0051338),1/21,0.0990090289156653,0.1606829108893853,0,0,10.143367346938776,23.45698564957499,SPTSSB
GO_Biological_Process_2023,Chaperone-Mediated Protein Complex Assembly (GO:0051131),1/21,0.0990090289156653,0.1606829108893853,0,0,10.143367346938776,23.45698564957499,HSP90AB1
GO_Biological_Process_2023,Endocardial Cushion Morphogenesis (GO:0003203),1/21,0.0990090289156653,0.1606829108893853,0,0,10.143367346938776,23.45698564957499,TGFB2
GO_Biological_Process_2023,Skin Epidermis Development (GO:0098773),1/21,0.0990090289156653,0.1606829108893853,0,0,10.143367346938776,23.45698564957499,CLDN1
GO_Biological_Process_2023,Positive Regulation Of Heart Contraction (GO:0045823),1/21,0.0990090289156653,0.1606829108893853,0,0,10.143367346938776,23.45698564957499,TGFB2
GO_Biological_Process_2023,Focal Adhesion Assembly (GO:0048041),1/21,0.0990090289156653,0.1606829108893853,0,0,10.143367346938776,23.45698564957499,SRC
GO_Biological_Process_2023,Innate Immune Response In Mucosa (GO:0002227),1/21,0.0990090289156653,0.1606829108893853,0,0,10.143367346938776,23.45698564957499,LTF
GO_Biological_Process_2023,Positive Regulation Of Signal Transduction By P53 Class Mediator (GO:1901798),1/21,0.0990090289156653,0.1606829108893853,0,0,10.143367346938776,23.45698564957499,MYC
GO_Biological_Process_2023,Response To Tumor Necrosis Factor (GO:0034612),2/108,0.1001081706182906,0.1622730775219013,0,0,3.850418206574597,8.861752794112125,AKT1;CCL18
GO_Biological_Process_2023,Cellular Response To Salt (GO:1902075),2/109,0.1016630451288745,0.1645973111610349,0,0,3.814240292899123,8.719701982090339,ITPKA;CACNA1H
GO_Biological_Process_2023,Regulation Of JNK Cascade (GO:0046328),2/110,0.103224663992394,0.1655577832845265,0,0,3.778732340588011,8.580924746389616,TGFBR3;EGFR
GO_Biological_Process_2023,Fc Receptor Mediated Stimulatory Signaling Pathway (GO:0002431),1/22,0.103473614552829,0.1655577832845265,0,0,9.65986394557823,21.912808540819068,SRC
GO_Biological_Process_2023,Acylglycerol Biosynthetic Process (GO:0046463),1/22,0.103473614552829,0.1655577832845265,0,0,9.65986394557823,21.912808540819068,PLCE1
GO_Biological_Process_2023,Blood Vessel Endothelial Cell Migration (GO:0043534),1/22,0.103473614552829,0.1655577832845265,0,0,9.65986394557823,21.912808540819068,AKT1
GO_Biological_Process_2023,Oligosaccharide Biosynthetic Process (GO:0009312),1/22,0.103473614552829,0.1655577832845265,0,0,9.65986394557823,21.912808540819068,FUT3
GO_Biological_Process_2023,Cellular Response To Low-Density Lipoprotein Particle Stimulus (GO:0071404),1/22,0.103473614552829,0.1655577832845265,0,0,9.65986394557823,21.912808540819068,AKT1
GO_Biological_Process_2023,Positive Regulation Of Phosphatase Activity (GO:0010922),1/22,0.103473614552829,0.1655577832845265,0,0,9.65986394557823,21.912808540819068,HSP90AB1
GO_Biological_Process_2023,Inositol Phosphate Metabolic Process (GO:0043647),1/22,0.103473614552829,0.1655577832845265,0,0,9.65986394557823,21.912808540819068,ITPKA
GO_Biological_Process_2023,Modulation By Host Of Viral Process (GO:0044788),1/22,0.103473614552829,0.1655577832845265,0,0,9.65986394557823,21.912808540819068,LTF
GO_Biological_Process_2023,Negative Regulation Of Cell Communication (GO:0010648),1/22,0.103473614552829,0.1655577832845265,0,0,9.65986394557823,21.912808540819068,HSP90AB1
GO_Biological_Process_2023,Apoptotic Process (GO:0006915),3/228,0.1039235362658492,0.1660822671228612,0,0,2.7327777777777778,6.187281834542802,MYC;AKT1;GAPDH
GO_Biological_Process_2023,Negative Regulation Of Transmembrane Receptor Protein Serine/Threonine Kinase Signaling Pathway (GO:0090101),2/111,0.1047929240597858,0.1670789879499516,0,0,3.743875910337653,8.44531932279629,PEG10;LRP2
GO_Biological_Process_2023,Regulation Of Transforming Growth Factor Beta Receptor Signaling Pathway (GO:0017015),2/111,0.1047929240597858,0.1670789879499516,0,0,3.743875910337653,8.44531932279629,HSP90AB1;PEG10
GO_Biological_Process_2023,Negative Regulation Of Multicellular Organismal Process (GO:0051241),3/231,0.1069949584325146,0.1683098253584063,0,0,2.69640899122807,6.026402810655189,GJA1;WNT11;EGFR
GO_Biological_Process_2023,Negative Regulation Of Epidermal Growth Factor Receptor Signaling Pathway (GO:0042059),1/23,0.1079162997886252,0.1683098253584063,0,0,9.220315398886829,20.528104250379776,EGFR
GO_Biological_Process_2023,Regulation Of Cholesterol Metabolic Process (GO:0090181),1/23,0.1079162997886252,0.1683098253584063,0,0,9.220315398886829,20.528104250379776,FMO5
GO_Biological_Process_2023,Regulation Of Extracellular Matrix Organization (GO:1903053),1/23,0.1079162997886252,0.1683098253584063,0,0,9.220315398886829,20.528104250379776,FGFR4
GO_Biological_Process_2023,Regulation Of Interleukin-4 Production (GO:0032673),1/23,0.1079162997886252,0.1683098253584063,0,0,9.220315398886829,20.528104250379776,SLC7A5
GO_Biological_Process_2023,Axon Extension (GO:0048675),1/23,0.1079162997886252,0.1683098253584063,0,0,9.220315398886829,20.528104250379776,HSP90AB1
GO_Biological_Process_2023,Cellular Response To Interleukin-6 (GO:0071354),1/23,0.1079162997886252,0.1683098253584063,0,0,9.220315398886829,20.528104250379776,SRC
GO_Biological_Process_2023,Regulation Of Toll-Like Receptor 4 Signaling Pathway (GO:0034143),1/23,0.1079162997886252,0.1683098253584063,0,0,9.220315398886829,20.528104250379776,LTF
GO_Biological_Process_2023,Response To BMP (GO:0071772),1/23,0.1079162997886252,0.1683098253584063,0,0,9.220315398886829,20.528104250379776,BMP7
GO_Biological_Process_2023,Positive Regulation Of Cell-Substrate Junction Organization (GO:0150117),1/23,0.1079162997886252,0.1683098253584063,0,0,9.220315398886829,20.528104250379776,NRG1
GO_Biological_Process_2023,Diacylglycerol Metabolic Process (GO:0046339),1/23,0.1079162997886252,0.1683098253584063,0,0,9.220315398886829,20.528104250379776,PLCE1
GO_Biological_Process_2023,Endocardial Cushion Development (GO:0003197),1/23,0.1079162997886252,0.1683098253584063,0,0,9.220315398886829,20.528104250379776,TGFB2
GO_Biological_Process_2023,Entrainment Of Circadian Clock By Photoperiod (GO:0043153),1/23,0.1079162997886252,0.1683098253584063,0,0,9.220315398886829,20.528104250379776,TP53
GO_Biological_Process_2023,Positive Regulation Of Lamellipodium Assembly (GO:0010592),1/23,0.1079162997886252,0.1683098253584063,0,0,9.220315398886829,20.528104250379776,PLCE1
GO_Biological_Process_2023,Glial Cell Development (GO:0021782),1/23,0.1079162997886252,0.1683098253584063,0,0,9.220315398886829,20.528104250379776,S100A9
GO_Biological_Process_2023,Positive Regulation Of Morphogenesis Of An Epithelium (GO:1905332),1/23,0.1079162997886252,0.1683098253584063,0,0,9.220315398886829,20.528104250379776,GJA1
GO_Biological_Process_2023,Heparan Sulfate Proteoglycan Biosynthetic Process (GO:0015012),1/23,0.1079162997886252,0.1683098253584063,0,0,9.220315398886829,20.528104250379776,UGDH
GO_Biological_Process_2023,Positive Regulation Of Protein Targeting To Membrane (GO:0090314),1/23,0.1079162997886252,0.1683098253584063,0,0,9.220315398886829,20.528104250379776,ERBB2
GO_Biological_Process_2023,Long-Chain Fatty Acid Transport (GO:0015909),1/23,0.1079162997886252,0.1683098253584063,0,0,9.220315398886829,20.528104250379776,FABP3
GO_Biological_Process_2023,Regulation Of Cytoskeleton Organization (GO:0051493),2/114,0.1095365325397148,0.1703217165253124,0,0,3.643041237113402,8.05657533094375,NRG1;S100A9
GO_Biological_Process_2023,Response To Endoplasmic Reticulum Stress (GO:0034976),2/114,0.1095365325397148,0.1703217165253124,0,0,3.643041237113402,8.05657533094375,JUN;TP53
GO_Biological_Process_2023,Positive Regulation Of GTPase Activity (GO:0043547),3/234,0.1101018554203913,0.1703217165253124,0,0,2.6609848484848486,5.871062279312153,WNT11;ERBB2;CCL18
GO_Biological_Process_2023,Inflammatory Response (GO:0006954),3/236,0.1121925061276518,0.1703217165253124,0,0,2.6378755364806867,5.770455820086652,FOS;CCL18;S100A9
GO_Biological_Process_2023,Regulation Of Cysteine-Type Endopeptidase Activity (GO:2000116),1/24,0.112337190972945,0.1703217165253124,0,0,8.818988464951198,19.28051614969918,LTF
GO_Biological_Process_2023,Regulation Of Cytokine Production Involved In Immune Response (GO:0002718),1/24,0.112337190972945,0.1703217165253124,0,0,8.818988464951198,19.28051614969918,SLC7A5
GO_Biological_Process_2023,ERK1 And ERK2 Cascade (GO:0070371),1/24,0.112337190972945,0.1703217165253124,0,0,8.818988464951198,19.28051614969918,MYC
GO_Biological_Process_2023,Fc-gamma Receptor Signaling Pathway (GO:0038094),1/24,0.112337190972945,0.1703217165253124,0,0,8.818988464951198,19.28051614969918,SRC
GO_Biological_Process_2023,Regulation Of Execution Phase Of Apoptosis (GO:1900117),1/24,0.112337190972945,0.1703217165253124,0,0,8.818988464951198,19.28051614969918,TP53
GO_Biological_Process_2023,Regulation Of Neuroblast Proliferation (GO:1902692),1/24,0.112337190972945,0.1703217165253124,0,0,8.818988464951198,19.28051614969918,CTNNB1
GO_Biological_Process_2023,Photoperiodism (GO:0009648),1/24,0.112337190972945,0.1703217165253124,0,0,8.818988464951198,19.28051614969918,TP53
GO_Biological_Process_2023,Positive Regulation Of Cellular Response To Transforming Growth Factor Beta Stimulus (GO:1903846),1/24,0.112337190972945,0.1703217165253124,0,0,8.818988464951198,19.28051614969918,HSP90AB1
GO_Biological_Process_2023,Eosinophil Chemotaxis (GO:0048245),1/24,0.112337190972945,0.1703217165253124,0,0,8.818988464951198,19.28051614969918,CCL18
GO_Biological_Process_2023,Eosinophil Migration (GO:0072677),1/24,0.112337190972945,0.1703217165253124,0,0,8.818988464951198,19.28051614969918,CCL18
GO_Biological_Process_2023,Positive Regulation Of Interleukin-17 Production (GO:0032740),1/24,0.112337190972945,0.1703217165253124,0,0,8.818988464951198,19.28051614969918,SLC7A5
GO_Biological_Process_2023,Fat-Soluble Vitamin Metabolic Process (GO:0006775),1/24,0.112337190972945,0.1703217165253124,0,0,8.818988464951198,19.28051614969918,LRP2
GO_Biological_Process_2023,Positive Regulation Of Lipid Metabolic Process (GO:0045834),1/24,0.112337190972945,0.1703217165253124,0,0,8.818988464951198,19.28051614969918,AKT1
GO_Biological_Process_2023,Gliogenesis (GO:0042063),1/24,0.112337190972945,0.1703217165253124,0,0,8.818988464951198,19.28051614969918,TGFB2
GO_Biological_Process_2023,Positive Regulation Of Peptidyl-Threonine Phosphorylation (GO:0010800),1/24,0.112337190972945,0.1703217165253124,0,0,8.818988464951198,19.28051614969918,BMP7
GO_Biological_Process_2023,Iron Ion Transport (GO:0006826),1/24,0.112337190972945,0.1703217165253124,0,0,8.818988464951198,19.28051614969918,LTF
GO_Biological_Process_2023,Positive Regulation Of Transforming Growth Factor Beta Receptor Signaling Pathway (GO:0030511),1/24,0.112337190972945,0.1703217165253124,0,0,8.818988464951198,19.28051614969918,HSP90AB1
GO_Biological_Process_2023,Positive Regulation Of Vascular Endothelial Growth Factor Production (GO:0010575),1/24,0.112337190972945,0.1703217165253124,0,0,8.818988464951198,19.28051614969918,PTGS2
GO_Biological_Process_2023,Lipid Translocation (GO:0034204),1/24,0.112337190972945,0.1703217165253124,0,0,8.818988464951198,19.28051614969918,ABCA4
GO_Biological_Process_2023,Protein Kinase B Signaling (GO:0043491),1/24,0.112337190972945,0.1703217165253124,0,0,8.818988464951198,19.28051614969918,AKT1
GO_Biological_Process_2023,Negative Regulation Of Cell Junction Assembly (GO:1901889),1/24,0.112337190972945,0.1703217165253124,0,0,8.818988464951198,19.28051614969918,SRC
GO_Biological_Process_2023,Regulation Of Protein Binding (GO:0043393),2/118,0.1159482085299889,0.1736996670497822,0,0,3.5167081407749734,7.577140385210083,SLPI;AKT1
GO_Biological_Process_2023,Regulation Of Small GTPase Mediated Signal Transduction (GO:0051056),2/118,0.1159482085299889,0.1736996670497822,0,0,3.5167081407749734,7.577140385210083,SRC;PLCE1
GO_Biological_Process_2023,Positive Regulation Of Cell Projection Organization (GO:0031346),2/118,0.1159482085299889,0.1736996670497822,0,0,3.5167081407749734,7.577140385210083,NTRK2;S100A9
GO_Biological_Process_2023,Negative Regulation Of Lipid Biosynthetic Process (GO:0051055),1/25,0.1167363938849271,0.1736996670497822,0,0,8.451105442176871,18.151596366550063,WNT4
GO_Biological_Process_2023,Regulation Of Hippo Signaling (GO:0035330),1/25,0.1167363938849271,0.1736996670497822,0,0,8.451105442176871,18.151596366550063,SRC
GO_Biological_Process_2023,Regulation Of Keratinocyte Proliferation (GO:0010837),1/25,0.1167363938849271,0.1736996670497822,0,0,8.451105442176871,18.151596366550063,MED1
GO_Biological_Process_2023,Negative Regulation Of Proteolysis Involved In Protein Catabolic Process (GO:1903051),1/25,0.1167363938849271,0.1736996670497822,0,0,8.451105442176871,18.151596366550063,HSP90AB1
GO_Biological_Process_2023,Activation Of Protein Kinase B Activity (GO:0032148),1/25,0.1167363938849271,0.1736996670497822,0,0,8.451105442176871,18.151596366550063,NRG1
GO_Biological_Process_2023,Negative Regulation Of Telomere Maintenance Via Telomere Lengthening (GO:1904357),1/25,0.1167363938849271,0.1736996670497822,0,0,8.451105442176871,18.151596366550063,SRC
GO_Biological_Process_2023,Carbohydrate Biosynthetic Process (GO:0016051),1/25,0.1167363938849271,0.1736996670497822,0,0,8.451105442176871,18.151596366550063,FUT3
GO_Biological_Process_2023,Cardiac Conduction System Development (GO:0003161),1/25,0.1167363938849271,0.1736996670497822,0,0,8.451105442176871,18.151596366550063,GJA1
GO_Biological_Process_2023,Positive Regulation Of Glucose Import (GO:0046326),1/25,0.1167363938849271,0.1736996670497822,0,0,8.451105442176871,18.151596366550063,AKT1
GO_Biological_Process_2023,Ventricular Cardiac Muscle Tissue Development (GO:0003229),1/25,0.1167363938849271,0.1736996670497822,0,0,8.451105442176871,18.151596366550063,TGFBR3
GO_Biological_Process_2023,Positive Regulation Of Striated Muscle Cell Differentiation (GO:0051155),1/25,0.1167363938849271,0.1736996670497822,0,0,8.451105442176871,18.151596366550063,NRG1
GO_Biological_Process_2023,Metanephros Development (GO:0001656),1/25,0.1167363938849271,0.1736996670497822,0,0,8.451105442176871,18.151596366550063,BMP7
GO_Biological_Process_2023,Myotube Differentiation (GO:0014902),1/25,0.1167363938849271,0.1736996670497822,0,0,8.451105442176871,18.151596366550063,CACNA1H
GO_Biological_Process_2023,Regulation Of Cell Cycle Phase Transition (GO:1901987),1/25,0.1167363938849271,0.1736996670497822,0,0,8.451105442176871,18.151596366550063,TP53
GO_Biological_Process_2023,Regulation Of Protein-Containing Complex Assembly (GO:0043254),2/119,0.1175659843496673,0.1747428838421284,0,0,3.4864745792580845,7.463689749994849,SRC;NRG1
GO_Biological_Process_2023,"Wnt Signaling Pathway, Planar Cell Polarity Pathway (GO:0060071)",1/26,0.1211140138649787,0.1784561851098279,0,0,8.11265306122449,17.125996503061426,WNT11
GO_Biological_Process_2023,Regulation Of Keratinocyte Differentiation (GO:0045616),1/26,0.1211140138649787,0.1784561851098279,0,0,8.11265306122449,17.125996503061426,MED1
GO_Biological_Process_2023,cAMP-mediated Signaling (GO:0019933),1/26,0.1211140138649787,0.1784561851098279,0,0,8.11265306122449,17.125996503061426,ADCY2
GO_Biological_Process_2023,Regulation Of Vascular Endothelial Growth Factor Production (GO:0010574),1/26,0.1211140138649787,0.1784561851098279,0,0,8.11265306122449,17.125996503061426,PTGS2
GO_Biological_Process_2023,Positive Regulation Of Erythrocyte Differentiation (GO:0045648),1/26,0.1211140138649787,0.1784561851098279,0,0,8.11265306122449,17.125996503061426,MED1
GO_Biological_Process_2023,Telomere Maintenance Via Telomere Lengthening (GO:0010833),1/26,0.1211140138649787,0.1784561851098279,0,0,8.11265306122449,17.125996503061426,HSP90AB1
GO_Biological_Process_2023,Mitotic G1 DNA Damage Checkpoint Signaling (GO:0031571),1/26,0.1211140138649787,0.1784561851098279,0,0,8.11265306122449,17.125996503061426,TP53
GO_Biological_Process_2023,Negative Regulation Of Catalytic Activity (GO:0043086),1/26,0.1211140138649787,0.1784561851098279,0,0,8.11265306122449,17.125996503061426,TP53
GO_Biological_Process_2023,Protein Localization To Nucleus (GO:0034504),2/122,0.1224534320315341,0.1802344887044225,0,0,3.3987972508591064,7.137557388414753,AKT1;BMP7
GO_Biological_Process_2023,Modulation Of Chemical Synaptic Transmission (GO:0050804),2/123,0.1240936405346021,0.1824511904076313,0,0,3.3705376160858824,7.033364320044572,SLC4A8;DLGAP3
GO_Biological_Process_2023,Activation Of Phospholipase C Activity (GO:0007202),1/27,0.1254701557147521,0.1832861565757925,0,0,7.800235478806908,16.19085012410627,EGFR
GO_Biological_Process_2023,Cardiac Muscle Cell Differentiation (GO:0055007),1/27,0.1254701557147521,0.1832861565757925,0,0,7.800235478806908,16.19085012410627,NRG1
GO_Biological_Process_2023,Positive Regulation Of Immune System Process (GO:0002684),1/27,0.1254701557147521,0.1832861565757925,0,0,7.800235478806908,16.19085012410627,TGFB2
GO_Biological_Process_2023,Positive Regulation Of Response To Wounding (GO:1903036),1/27,0.1254701557147521,0.1832861565757925,0,0,7.800235478806908,16.19085012410627,CLDN1
GO_Biological_Process_2023,Regulation Of SMAD Protein Signal Transduction (GO:0060390),1/27,0.1254701557147521,0.1832861565757925,0,0,7.800235478806908,16.19085012410627,BMP7
GO_Biological_Process_2023,Negative Regulation Of NIK/NF-kappaB Signaling (GO:1901223),1/27,0.1254701557147521,0.1832861565757925,0,0,7.800235478806908,16.19085012410627,BMP7
GO_Biological_Process_2023,Regulation Of DNA Metabolic Process (GO:0051052),2/124,0.1257392235359228,0.1834821287648659,0,0,3.3427412540138586,6.931324985838101,MYC;ZNF365
GO_Biological_Process_2023,Regulation Of Transcription By RNA Polymerase II (GO:0006357),14/2028,0.1259875571053876,0.1836474573026014,0,0,1.4628074069747066,3.030311055903294,MED1;JUN;PLAG1;CBX2;FOS;EGFR;ACTB;MYCN;MYC;ID4;TNFSF11;CTNNB1;PGR;TP53
GO_Biological_Process_2023,Regulation Of Glucose Metabolic Process (GO:0010906),1/28,0.1298049236999525,0.1866117296320671,0,0,7.510959939531368,15.335296224041254,AKT1
GO_Biological_Process_2023,Negative Regulation Of Signaling (GO:0023057),1/28,0.1298049236999525,0.1866117296320671,0,0,7.510959939531368,15.335296224041254,HSP90AB1
GO_Biological_Process_2023,Regulation Of Plasma Membrane Bounded Cell Projection Organization (GO:0120035),1/28,0.1298049236999525,0.1866117296320671,0,0,7.510959939531368,15.335296224041254,ZNF365
GO_Biological_Process_2023,Regulation Of Platelet Activation (GO:0010543),1/28,0.1298049236999525,0.1866117296320671,0,0,7.510959939531368,15.335296224041254,NRG1
GO_Biological_Process_2023,Regulation Of Protein Targeting To Membrane (GO:0090313),1/28,0.1298049236999525,0.1866117296320671,0,0,7.510959939531368,15.335296224041254,ERBB2
GO_Biological_Process_2023,Cell-Substrate Junction Assembly (GO:0007044),1/28,0.1298049236999525,0.1866117296320671,0,0,7.510959939531368,15.335296224041254,SRC
GO_Biological_Process_2023,Diterpenoid Metabolic Process (GO:0016101),1/28,0.1298049236999525,0.1866117296320671,0,0,7.510959939531368,15.335296224041254,LRP2
GO_Biological_Process_2023,Positive Regulation Of Fibroblast Proliferation (GO:0048146),1/28,0.1298049236999525,0.1866117296320671,0,0,7.510959939531368,15.335296224041254,MYC
GO_Biological_Process_2023,Fatty Acid Derivative Biosynthetic Process (GO:1901570),1/28,0.1298049236999525,0.1866117296320671,0,0,7.510959939531368,15.335296224041254,ACSS3
GO_Biological_Process_2023,Glycosaminoglycan Metabolic Process (GO:0030203),1/28,0.1298049236999525,0.1866117296320671,0,0,7.510959939531368,15.335296224041254,UGDH
GO_Biological_Process_2023,Vascular Endothelial Growth Factor Receptor Signaling Pathway (GO:0048010),1/28,0.1298049236999525,0.1866117296320671,0,0,7.510959939531368,15.335296224041254,SRC
GO_Biological_Process_2023,Hematopoietic Progenitor Cell Differentiation (GO:0002244),1/28,0.1298049236999525,0.1866117296320671,0,0,7.510959939531368,15.335296224041254,TP53
GO_Biological_Process_2023,Mucosal Immune Response (GO:0002385),1/28,0.1298049236999525,0.1866117296320671,0,0,7.510959939531368,15.335296224041254,LTF
GO_Biological_Process_2023,Regulation Of Response To External Stimulus (GO:0032101),2/127,0.1307073041665873,0.1875125882558637,0,0,3.262020618556701,6.637542510371869,NRG1;PTGS2
GO_Biological_Process_2023,Regulation Of Anatomical Structure Morphogenesis (GO:0022603),2/127,0.1307073041665873,0.1875125882558637,0,0,3.262020618556701,6.637542510371869,ERBB2;CTNNB1
GO_Biological_Process_2023,Protein Homooligomerization (GO:0051260),2/129,0.1340445654083038,0.1900010973389418,0,0,3.210325513434532,6.451415437093524,ALDH1A3;PEG10
GO_Biological_Process_2023,Regulation Of DNA Repair (GO:0006282),2/129,0.1340445654083038,0.1900010973389418,0,0,3.210325513434532,6.451415437093524,EGFR;ACTB
GO_Biological_Process_2023,Regulation Of Establishment Of Planar Polarity (GO:0090175),1/29,0.1341184216510177,0.1900010973389418,0,0,7.24234693877551,14.55010766501914,WNT11
GO_Biological_Process_2023,Negative Regulation Of Plasma Membrane Bounded Cell Projection Assembly (GO:0120033),1/29,0.1341184216510177,0.1900010973389418,0,0,7.24234693877551,14.55010766501914,NRG1
GO_Biological_Process_2023,Regulation Of Muscle Contraction (GO:0006937),1/29,0.1341184216510177,0.1900010973389418,0,0,7.24234693877551,14.55010766501914,PLCE1
GO_Biological_Process_2023,Response To Alcohol (GO:0097305),1/29,0.1341184216510177,0.1900010973389418,0,0,7.24234693877551,14.55010766501914,TGFBR3
GO_Biological_Process_2023,Positive Regulation Of Dephosphorylation (GO:0035306),1/29,0.1341184216510177,0.1900010973389418,0,0,7.24234693877551,14.55010766501914,SRC
GO_Biological_Process_2023,Establishment Of Mitotic Spindle Orientation (GO:0000132),1/29,0.1341184216510177,0.1900010973389418,0,0,7.24234693877551,14.55010766501914,GJA1
GO_Biological_Process_2023,Glycolytic Process (GO:0006096),1/29,0.1341184216510177,0.1900010973389418,0,0,7.24234693877551,14.55010766501914,GAPDH
GO_Biological_Process_2023,Morphogenesis Of An Epithelium (GO:0002009),1/29,0.1341184216510177,0.1900010973389418,0,0,7.24234693877551,14.55010766501914,KRT6A
GO_Biological_Process_2023,Negative Regulation Of DNA Binding (GO:0043392),1/29,0.1341184216510177,0.1900010973389418,0,0,7.24234693877551,14.55010766501914,JUN
GO_Biological_Process_2023,Regulation Of Blood Coagulation (GO:0030193),1/29,0.1341184216510177,0.1900010973389418,0,0,7.24234693877551,14.55010766501914,NRG1
GO_Biological_Process_2023,Positive Regulation Of Peptidyl-Tyrosine Phosphorylation (GO:0050731),2/130,0.1357204915376226,0.1918709651675331,0,0,3.185083762886598,6.3611146175156374,SRC;TP53
GO_Biological_Process_2023,Regulation Of Cell Cycle Process (GO:0010564),2/130,0.1357204915376226,0.1918709651675331,0,0,3.185083762886598,6.3611146175156374,MYC;CTNNB1
GO_Biological_Process_2023,Synapse Organization (GO:0050808),2/131,0.1374011645314689,0.1940452583206623,0,0,3.160233357308399,6.272590518389954,CTNND2;SLITRK6
GO_Biological_Process_2023,Negative Regulation Of Myeloid Leukocyte Differentiation (GO:0002762),1/30,0.1384107528555566,0.1944613883094597,0,0,6.992258972554539,13.82739870293458,MYC
GO_Biological_Process_2023,Cardiac Muscle Cell Action Potential Involved In Contraction (GO:0086002),1/30,0.1384107528555566,0.1944613883094597,0,0,6.992258972554539,13.82739870293458,GJA1
GO_Biological_Process_2023,Innate Immune Response Activating Cell Surface Receptor Signaling Pathway (GO:0002220),1/30,0.1384107528555566,0.1944613883094597,0,0,6.992258972554539,13.82739870293458,SRC
GO_Biological_Process_2023,Negative Regulation Of Blood Coagulation (GO:0030195),1/30,0.1384107528555566,0.1944613883094597,0,0,6.992258972554539,13.82739870293458,PLAT
GO_Biological_Process_2023,Regulation Of Cell Migration Involved In Sprouting Angiogenesis (GO:0090049),1/30,0.1384107528555566,0.1944613883094597,0,0,6.992258972554539,13.82739870293458,PTGS2
GO_Biological_Process_2023,Cardiac Muscle Tissue Morphogenesis (GO:0055008),1/31,0.1426820201200549,0.1992274613585983,0,0,6.758843537414966,13.16039270810627,TGFBR3
GO_Biological_Process_2023,Phospholipid Translocation (GO:0045332),1/31,0.1426820201200549,0.1992274613585983,0,0,6.758843537414966,13.16039270810627,ABCA4
GO_Biological_Process_2023,Central Nervous System Neuron Differentiation (GO:0021953),1/31,0.1426820201200549,0.1992274613585983,0,0,6.758843537414966,13.16039270810627,NTRK2
GO_Biological_Process_2023,Positive Regulation Of Extrinsic Apoptotic Signaling Pathway (GO:2001238),1/31,0.1426820201200549,0.1992274613585983,0,0,6.758843537414966,13.16039270810627,TNFSF10
GO_Biological_Process_2023,Positive Regulation Of Glucose Transmembrane Transport (GO:0010828),1/31,0.1426820201200549,0.1992274613585983,0,0,6.758843537414966,13.16039270810627,AKT1
GO_Biological_Process_2023,Negative Regulation Of Chemotaxis (GO:0050922),1/31,0.1426820201200549,0.1992274613585983,0,0,6.758843537414966,13.16039270810627,NRG1
GO_Biological_Process_2023,Positive Regulation Of Signal Transduction (GO:0009967),3/266,0.1452759623232247,0.2026413423175236,0,0,2.3334125475285172,4.501433179786766,TGFB2;SRC;TNFSF11
GO_Biological_Process_2023,Negative Regulation Of Signal Transduction (GO:0009968),3/267,0.1464301845794155,0.2030771982065359,0,0,2.324455492424242,4.465759047229612,AKT1;NRG1;LTF
GO_Biological_Process_2023,Negative Regulation Of Proteasomal Ubiquitin-Dependent Protein Catabolic Process (GO:0032435),1/32,0.1469323257611995,0.2030771982065359,0,0,6.540487162606978,12.54323618558598,HSP90AB1
GO_Biological_Process_2023,Phosphatidylinositol 3-Kinase Signaling (GO:0014065),1/32,0.1469323257611995,0.2030771982065359,0,0,6.540487162606978,12.54323618558598,ERBB2
GO_Biological_Process_2023,Regulation Of Transcription By RNA Polymerase I (GO:0006356),1/32,0.1469323257611995,0.2030771982065359,0,0,6.540487162606978,12.54323618558598,ERBB2
GO_Biological_Process_2023,Regulation Of Transmembrane Transport (GO:0034762),1/32,0.1469323257611995,0.2030771982065359,0,0,6.540487162606978,12.54323618558598,ACTB
GO_Biological_Process_2023,Transition Metal Ion Transport (GO:0000041),1/32,0.1469323257611995,0.2030771982065359,0,0,6.540487162606978,12.54323618558598,LTF
GO_Biological_Process_2023,Positive Regulation Of Synapse Assembly (GO:0051965),1/32,0.1469323257611995,0.2030771982065359,0,0,6.540487162606978,12.54323618558598,SLITRK6
GO_Biological_Process_2023,Positive Regulation Of Telomere Maintenance Via Telomerase (GO:0032212),1/32,0.1469323257611995,0.2030771982065359,0,0,6.540487162606978,12.54323618558598,CTNNB1
GO_Biological_Process_2023,Proteoglycan Biosynthetic Process (GO:0030166),1/32,0.1469323257611995,0.2030771982065359,0,0,6.540487162606978,12.54323618558598,UGDH
GO_Biological_Process_2023,Negative Regulation Of Small Molecule Metabolic Process (GO:0062014),1/33,0.1511617716095434,0.2059919933757306,0,0,6.33577806122449,11.970848723326087,WNT4
GO_Biological_Process_2023,Regulation Of Sprouting Angiogenesis (GO:1903670),1/33,0.1511617716095434,0.2059919933757306,0,0,6.33577806122449,11.970848723326087,S100A1
GO_Biological_Process_2023,Positive Regulation Of Cytokine Production Involved In Immune Response (GO:0002720),1/33,0.1511617716095434,0.2059919933757306,0,0,6.33577806122449,11.970848723326087,SLC7A5
GO_Biological_Process_2023,Signal Transduction By P53 Class Mediator (GO:0072331),1/33,0.1511617716095434,0.2059919933757306,0,0,6.33577806122449,11.970848723326087,TP53
GO_Biological_Process_2023,Epithelial Tube Morphogenesis (GO:0060562),1/33,0.1511617716095434,0.2059919933757306,0,0,6.33577806122449,11.970848723326087,CTNNB1
GO_Biological_Process_2023,Positive Regulation Of Nitrogen Compound Metabolic Process (GO:0051173),1/33,0.1511617716095434,0.2059919933757306,0,0,6.33577806122449,11.970848723326087,AKT1
GO_Biological_Process_2023,Vasculogenesis (GO:0001570),1/33,0.1511617716095434,0.2059919933757306,0,0,6.33577806122449,11.970848723326087,TGFBR3
GO_Biological_Process_2023,Positive Regulation Of Protein Dephosphorylation (GO:0035307),1/33,0.1511617716095434,0.2059919933757306,0,0,6.33577806122449,11.970848723326087,HSP90AB1
GO_Biological_Process_2023,Positive Regulation Of Reproductive Process (GO:2000243),1/33,0.1511617716095434,0.2059919933757306,0,0,6.33577806122449,11.970848723326087,CACNA1H
GO_Biological_Process_2023,Inositol Lipid-Mediated Signaling (GO:0048017),1/33,0.1511617716095434,0.2059919933757306,0,0,6.33577806122449,11.970848723326087,PLCE1
GO_Biological_Process_2023,Positive Regulation Of Small Molecule Metabolic Process (GO:0062013),1/33,0.1511617716095434,0.2059919933757306,0,0,6.33577806122449,11.970848723326087,AKT1
GO_Biological_Process_2023,Lung Development (GO:0030324),1/33,0.1511617716095434,0.2059919933757306,0,0,6.33577806122449,11.970848723326087,WNT11
GO_Biological_Process_2023,Regulation Of Amyloid-Beta Formation (GO:1902003),1/33,0.1511617716095434,0.2059919933757306,0,0,6.33577806122449,11.970848723326087,NTRK2
GO_Biological_Process_2023,Negative Regulation Of Blood Vessel Endothelial Cell Migration (GO:0043537),1/33,0.1511617716095434,0.2059919933757306,0,0,6.33577806122449,11.970848723326087,NRG1
GO_Biological_Process_2023,Regulation Of Interleukin-17 Production (GO:0032660),1/34,0.1553704589766444,0.2096268097303932,0,0,6.1434755720470005,11.438801065469375,SLC7A5
GO_Biological_Process_2023,Organophosphate Biosynthetic Process (GO:0090407),1/34,0.1553704589766444,0.2096268097303932,0,0,6.1434755720470005,11.438801065469375,ITPKA
GO_Biological_Process_2023,Cellular Response To Amyloid-Beta (GO:1904646),1/34,0.1553704589766444,0.2096268097303932,0,0,6.1434755720470005,11.438801065469375,GJA1
GO_Biological_Process_2023,Cellular Response To Glucose Stimulus (GO:0071333),1/34,0.1553704589766444,0.2096268097303932,0,0,6.1434755720470005,11.438801065469375,PTPRN2
GO_Biological_Process_2023,Embryonic Skeletal System Development (GO:0048706),1/34,0.1553704589766444,0.2096268097303932,0,0,6.1434755720470005,11.438801065469375,WNT11
GO_Biological_Process_2023,Establishment Of Mitotic Spindle Localization (GO:0040001),1/34,0.1553704589766444,0.2096268097303932,0,0,6.1434755720470005,11.438801065469375,GJA1
GO_Biological_Process_2023,Transcription Initiation-Coupled Chromatin Remodeling (GO:0045815),1/34,0.1553704589766444,0.2096268097303932,0,0,6.1434755720470005,11.438801065469375,TP53
GO_Biological_Process_2023,Positive Regulation Of Transcription By RNA Polymerase I (GO:0045943),1/34,0.1553704589766444,0.2096268097303932,0,0,6.1434755720470005,11.438801065469375,ERBB2
GO_Biological_Process_2023,Regulation Of DNA Biosynthetic Process (GO:2000278),1/34,0.1553704589766444,0.2096268097303932,0,0,6.1434755720470005,11.438801065469375,FGFR4
GO_Biological_Process_2023,Negative Regulation Of Ras Protein Signal Transduction (GO:0046580),1/34,0.1553704589766444,0.2096268097303932,0,0,6.1434755720470005,11.438801065469375,TGFB2
GO_Biological_Process_2023,Regulation Of Cellular Senescence (GO:2000772),1/35,0.1595584887396804,0.2135822290216195,0,0,5.962484993997599,10.94321537216386,TP53
GO_Biological_Process_2023,Adherens Junction Organization (GO:0034332),1/35,0.1595584887396804,0.2135822290216195,0,0,5.962484993997599,10.94321537216386,CTNNB1
GO_Biological_Process_2023,Regulation Of Sodium Ion Transport (GO:0002028),1/35,0.1595584887396804,0.2135822290216195,0,0,5.962484993997599,10.94321537216386,WNK4
GO_Biological_Process_2023,Platelet Aggregation (GO:0070527),1/35,0.1595584887396804,0.2135822290216195,0,0,5.962484993997599,10.94321537216386,HBB
GO_Biological_Process_2023,Positive Regulation Of Cell Development (GO:0010720),1/35,0.1595584887396804,0.2135822290216195,0,0,5.962484993997599,10.94321537216386,LRP2
GO_Biological_Process_2023,Establishment Of Spindle Orientation (GO:0051294),1/35,0.1595584887396804,0.2135822290216195,0,0,5.962484993997599,10.94321537216386,GJA1
GO_Biological_Process_2023,Positive Regulation Of Telomere Maintenance Via Telomere Lengthening (GO:1904358),1/35,0.1595584887396804,0.2135822290216195,0,0,5.962484993997599,10.94321537216386,CTNNB1
GO_Biological_Process_2023,Intrinsic Apoptotic Signaling Pathway By P53 Class Mediator (GO:0072332),1/35,0.1595584887396804,0.2135822290216195,0,0,5.962484993997599,10.94321537216386,TP53
GO_Biological_Process_2023,Negative Regulation Of Response To External Stimulus (GO:0032102),2/146,0.1631236220362389,0.2172363973125812,0,0,2.8288946162657505,5.129484529803289,AKT1;LTF
GO_Biological_Process_2023,"DNA Damage Response, Signal Transduction By P53 Class Mediator (GO:0030330)",1/36,0.1637259612098498,0.2172363973125812,0,0,5.791836734693877,10.48068313038553,TP53
GO_Biological_Process_2023,Regulation Of Erythrocyte Differentiation (GO:0045646),1/36,0.1637259612098498,0.2172363973125812,0,0,5.791836734693877,10.48068313038553,MED1
GO_Biological_Process_2023,Regulation Of Glucose Import (GO:0046324),1/36,0.1637259612098498,0.2172363973125812,0,0,5.791836734693877,10.48068313038553,AKT1
GO_Biological_Process_2023,Negative Regulation Of Sequestering Of Calcium Ion (GO:0051283),1/36,0.1637259612098498,0.2172363973125812,0,0,5.791836734693877,10.48068313038553,PLCE1
GO_Biological_Process_2023,Regulation Of Peptidyl-Threonine Phosphorylation (GO:0010799),1/36,0.1637259612098498,0.2172363973125812,0,0,5.791836734693877,10.48068313038553,BMP7
GO_Biological_Process_2023,Regulation Of Trans-Synaptic Signaling (GO:0099177),1/36,0.1637259612098498,0.2172363973125812,0,0,5.791836734693877,10.48068313038553,SLC4A8
GO_Biological_Process_2023,Positive Regulation Of Myeloid Cell Differentiation (GO:0045639),1/36,0.1637259612098498,0.2172363973125812,0,0,5.791836734693877,10.48068313038553,MED1
GO_Biological_Process_2023,Positive Regulation Of Phospholipase C Activity (GO:0010863),1/36,0.1637259612098498,0.2172363973125812,0,0,5.791836734693877,10.48068313038553,EGFR
GO_Biological_Process_2023,Negative Regulation Of Endothelial Cell Migration (GO:0010596),1/37,0.1678729762999577,0.2218729327190889,0,0,5.630668934240362,10.048197177896714,NRG1
GO_Biological_Process_2023,Negative Regulation Of Stress-Activated MAPK Cascade (GO:0032873),1/37,0.1678729762999577,0.2218729327190889,0,0,5.630668934240362,10.048197177896714,MYC
GO_Biological_Process_2023,Calcium Ion Import Across Plasma Membrane (GO:0098703),1/37,0.1678729762999577,0.2218729327190889,0,0,5.630668934240362,10.048197177896714,CACNA1H
GO_Biological_Process_2023,Regulation Of Cellular Component Biogenesis (GO:0044087),1/37,0.1678729762999577,0.2218729327190889,0,0,5.630668934240362,10.048197177896714,NRG1
GO_Biological_Process_2023,Negative Regulation Of Protein Phosphorylation (GO:0001933),2/149,0.1683695919044279,0.2220976188070048,0,0,2.7707412862052037,4.9363353974862045,AKT1;PPM1E
GO_Biological_Process_2023,Negative Regulation Of DNA-binding Transcription Factor Activity (GO:0043433),2/149,0.1683695919044279,0.2220976188070048,0,0,2.7707412862052037,4.9363353974862045,CDKN2A;BMP7
GO_Biological_Process_2023,Regulation Of Telomere Maintenance (GO:0032204),1/38,0.1719996334133106,0.2253559744143568,0,0,5.478212906784336,9.643095121573042,MYC
GO_Biological_Process_2023,Positive Regulation Of Axonogenesis (GO:0050772),1/38,0.1719996334133106,0.2253559744143568,0,0,5.478212906784336,9.643095121573042,NTRK2
GO_Biological_Process_2023,Response To Transforming Growth Factor Beta (GO:0071559),1/38,0.1719996334133106,0.2253559744143568,0,0,5.478212906784336,9.643095121573042,WNT4
GO_Biological_Process_2023,Signal Release From Synapse (GO:0099643),1/38,0.1719996334133106,0.2253559744143568,0,0,5.478212906784336,9.643095121573042,PTPRN2
GO_Biological_Process_2023,Positive Regulation Of Production Of Molecular Mediator Of Immune Response (GO:0002702),1/38,0.1719996334133106,0.2253559744143568,0,0,5.478212906784336,9.643095121573042,SLC7A5
GO_Biological_Process_2023,Positive Regulation Of Protein Tyrosine Kinase Activity (GO:0061098),1/38,0.1719996334133106,0.2253559744143568,0,0,5.478212906784336,9.643095121573042,SRC
GO_Biological_Process_2023,mRNA Transcription By RNA Polymerase II (GO:0042789),1/38,0.1719996334133106,0.2253559744143568,0,0,5.478212906784336,9.643095121573042,MED1
GO_Biological_Process_2023,Regulation Of Cellular Component Organization (GO:0051128),2/153,0.1754089475711351,0.2270182016879514,0,0,2.6967979791083496,4.694141457274148,PLCE1;NRG1
GO_Biological_Process_2023,Negative Regulation Of Mitochondrion Organization (GO:0010823),1/39,0.1761060314564623,0.2270182016879514,0,0,5.333780880773362,9.263011982506484,AKT1
GO_Biological_Process_2023,RNA Transport (GO:0050658),1/39,0.1761060314564623,0.2270182016879514,0,0,5.333780880773362,9.263011982506484,PEG10
GO_Biological_Process_2023,Negative Regulation Of Proteasomal Protein Catabolic Process (GO:1901799),1/39,0.1761060314564623,0.2270182016879514,0,0,5.333780880773362,9.263011982506484,HSP90AB1
GO_Biological_Process_2023,Negative Regulation Of Transport (GO:0051051),1/39,0.1761060314564623,0.2270182016879514,0,0,5.333780880773362,9.263011982506484,NRG1
GO_Biological_Process_2023,Regulation Of Mitochondrial Membrane Potential (GO:0051881),1/39,0.1761060314564623,0.2270182016879514,0,0,5.333780880773362,9.263011982506484,AKT1
GO_Biological_Process_2023,Negative Regulation Of Ubiquitin-Dependent Protein Catabolic Process (GO:2000059),1/39,0.1761060314564623,0.2270182016879514,0,0,5.333780880773362,9.263011982506484,HSP90AB1
GO_Biological_Process_2023,Odontogenesis (GO:0042476),1/39,0.1761060314564623,0.2270182016879514,0,0,5.333780880773362,9.263011982506484,TGFB2
GO_Biological_Process_2023,Carboxylic Acid Transmembrane Transport (GO:1905039),1/39,0.1761060314564623,0.2270182016879514,0,0,5.333780880773362,9.263011982506484,SLC7A5
GO_Biological_Process_2023,Release Of Sequestered Calcium Ion Into Cytosol (GO:0051209),1/39,0.1761060314564623,0.2270182016879514,0,0,5.333780880773362,9.263011982506484,PLCE1
GO_Biological_Process_2023,Retina Homeostasis (GO:0001895),1/39,0.1761060314564623,0.2270182016879514,0,0,5.333780880773362,9.263011982506484,LTF
GO_Biological_Process_2023,Digestive Tract Development (GO:0048565),1/39,0.1761060314564623,0.2270182016879514,0,0,5.333780880773362,9.263011982506484,TGFB2
GO_Biological_Process_2023,Positive Regulation Of Lipid Biosynthetic Process (GO:0046889),1/39,0.1761060314564623,0.2270182016879514,0,0,5.333780880773362,9.263011982506484,FABP3
GO_Biological_Process_2023,Fibroblast Growth Factor Receptor Signaling Pathway (GO:0008543),1/39,0.1761060314564623,0.2270182016879514,0,0,5.333780880773362,9.263011982506484,FGFR4
GO_Biological_Process_2023,Positive Regulation Of Pattern Recognition Receptor Signaling Pathway (GO:0062208),1/39,0.1761060314564623,0.2270182016879514,0,0,5.333780880773362,9.263011982506484,LTF
GO_Biological_Process_2023,Vitamin Transport (GO:0051180),1/39,0.1761060314564623,0.2270182016879514,0,0,5.333780880773362,9.263011982506484,LRP2
GO_Biological_Process_2023,Negative Regulation Of Cell-Substrate Adhesion (GO:0010812),1/39,0.1761060314564623,0.2270182016879514,0,0,5.333780880773362,9.263011982506484,CDKN2A
GO_Biological_Process_2023,Negative Regulation Of Transcription By RNA Polymerase II (GO:0000122),6/763,0.1770375494223848,0.2280029045591319,0,0,1.6315677334128778,2.824885646527263,MED1;JUN;MYC;CBX2;ID4;TP53
GO_Biological_Process_2023,Regulation Of Small Molecule Metabolic Process (GO:0062012),1/40,0.1801922688656712,0.2303209451666474,0,0,5.196755625327054,8.905840371656716,FMO5
GO_Biological_Process_2023,Cellular Response To Heat (GO:0034605),1/40,0.1801922688656712,0.2303209451666474,0,0,5.196755625327054,8.905840371656716,HSP90AB1
GO_Biological_Process_2023,Cyclic-Nucleotide-Mediated Signaling (GO:0019935),1/40,0.1801922688656712,0.2303209451666474,0,0,5.196755625327054,8.905840371656716,ADCY2
GO_Biological_Process_2023,Positive Regulation Of Catalytic Activity (GO:0043085),1/40,0.1801922688656712,0.2303209451666474,0,0,5.196755625327054,8.905840371656716,FGFR4
GO_Biological_Process_2023,Endothelial Cell Migration (GO:0043542),1/40,0.1801922688656712,0.2303209451666474,0,0,5.196755625327054,8.905840371656716,S100A9
GO_Biological_Process_2023,Positive Regulation Of Myeloid Leukocyte Differentiation (GO:0002763),1/40,0.1801922688656712,0.2303209451666474,0,0,5.196755625327054,8.905840371656716,TNFSF11
GO_Biological_Process_2023,Positive Regulation Of Wound Healing (GO:0090303),1/40,0.1801922688656712,0.2303209451666474,0,0,5.196755625327054,8.905840371656716,CLDN1
GO_Biological_Process_2023,Negative Regulation Of Cell-Cell Adhesion (GO:0022408),1/40,0.1801922688656712,0.2303209451666474,0,0,5.196755625327054,8.905840371656716,AKT1
GO_Biological_Process_2023,Regulation Of Dendrite Development (GO:0050773),1/41,0.1842584436385668,0.2341976479892064,0,0,5.066581632653061,8.569696843013316,BMP7
GO_Biological_Process_2023,Regulation Of Microtubule-Based Process (GO:0032886),1/41,0.1842584436385668,0.2341976479892064,0,0,5.066581632653061,8.569696843013316,ERBB2
GO_Biological_Process_2023,Carbohydrate Catabolic Process (GO:0016052),1/41,0.1842584436385668,0.2341976479892064,0,0,5.066581632653061,8.569696843013316,GAPDH
GO_Biological_Process_2023,Cellular Response To Retinoic Acid (GO:0071300),1/41,0.1842584436385668,0.2341976479892064,0,0,5.066581632653061,8.569696843013316,WNT11
GO_Biological_Process_2023,Visual System Development (GO:0150063),1/41,0.1842584436385668,0.2341976479892064,0,0,5.066581632653061,8.569696843013316,TGFB2
GO_Biological_Process_2023,Lymphocyte Migration (GO:0072676),1/41,0.1842584436385668,0.2341976479892064,0,0,5.066581632653061,8.569696843013316,CCL18
GO_Biological_Process_2023,Amino Acid Transmembrane Transport (GO:0003333),1/42,0.1883046532515607,0.237124378168632,0,0,4.9427575908412145,8.252893343942876,SLC7A5
GO_Biological_Process_2023,Regulation Of Neurotransmitter Receptor Activity (GO:0099601),1/42,0.1883046532515607,0.237124378168632,0,0,4.9427575908412145,8.252893343942876,DLGAP3
GO_Biological_Process_2023,Regulation Of Osteoclast Differentiation (GO:0045670),1/42,0.1883046532515607,0.237124378168632,0,0,4.9427575908412145,8.252893343942876,TNFSF11
GO_Biological_Process_2023,Cellular Response To Glucose Starvation (GO:0042149),1/42,0.1883046532515607,0.237124378168632,0,0,4.9427575908412145,8.252893343942876,TP53
GO_Biological_Process_2023,Ceramide Biosynthetic Process (GO:0046513),1/42,0.1883046532515607,0.237124378168632,0,0,4.9427575908412145,8.252893343942876,SPTSSB
GO_Biological_Process_2023,Collagen Fibril Organization (GO:0030199),1/42,0.1883046532515607,0.237124378168632,0,0,4.9427575908412145,8.252893343942876,TGFB2
GO_Biological_Process_2023,Substantia Nigra Development (GO:0021762),1/42,0.1883046532515607,0.237124378168632,0,0,4.9427575908412145,8.252893343942876,S100A1
GO_Biological_Process_2023,Keratinocyte Differentiation (GO:0030216),1/42,0.1883046532515607,0.237124378168632,0,0,4.9427575908412145,8.252893343942876,MED1
GO_Biological_Process_2023,Modulation By Host Of Symbiont Process (GO:0051851),1/42,0.1883046532515607,0.237124378168632,0,0,4.9427575908412145,8.252893343942876,JUN
GO_Biological_Process_2023,Regulation Of Axonogenesis (GO:0050770),1/42,0.1883046532515607,0.237124378168632,0,0,4.9427575908412145,8.252893343942876,NTRK2
GO_Biological_Process_2023,Regulation Of Chromosome Organization (GO:0033044),1/43,0.1923309947723218,0.2399726173306033,0,0,4.824829931972789,7.953912881527455,MYC
GO_Biological_Process_2023,SCF-dependent Proteasomal Ubiquitin-Dependent Protein Catabolic Process (GO:0031146),1/43,0.1923309947723218,0.2399726173306033,0,0,4.824829931972789,7.953912881527455,NCCRP1
GO_Biological_Process_2023,Neurotransmitter Secretion (GO:0007269),1/43,0.1923309947723218,0.2399726173306033,0,0,4.824829931972789,7.953912881527455,PTPRN2
GO_Biological_Process_2023,Regulation Of Primary Metabolic Process (GO:0080090),1/43,0.1923309947723218,0.2399726173306033,0,0,4.824829931972789,7.953912881527455,FGFR4
GO_Biological_Process_2023,Response To Amyloid-Beta (GO:1904645),1/43,0.1923309947723218,0.2399726173306033,0,0,4.824829931972789,7.953912881527455,GJA1
GO_Biological_Process_2023,Skeletal System Morphogenesis (GO:0048705),1/43,0.1923309947723218,0.2399726173306033,0,0,4.824829931972789,7.953912881527455,LTF
GO_Biological_Process_2023,Ephrin Receptor Signaling Pathway (GO:0048013),1/43,0.1923309947723218,0.2399726173306033,0,0,4.824829931972789,7.953912881527455,SRC
GO_Biological_Process_2023,Positive Regulation Of Transcription Elongation By RNA Polymerase II (GO:0032968),1/43,0.1923309947723218,0.2399726173306033,0,0,4.824829931972789,7.953912881527455,MED1
GO_Biological_Process_2023,Learning (GO:0007612),1/43,0.1923309947723218,0.2399726173306033,0,0,4.824829931972789,7.953912881527455,NTRK2
GO_Biological_Process_2023,Negative Regulation Of BMP Signaling Pathway (GO:0030514),1/43,0.1923309947723218,0.2399726173306033,0,0,4.824829931972789,7.953912881527455,LRP2
GO_Biological_Process_2023,Adenylate Cyclase-Modulating G Protein-Coupled Receptor Signaling Pathway (GO:0007188),2/163,0.1932025462484863,0.2406185557673455,0,0,2.528014343343792,4.156096478548293,NPY1R;ADCY2
GO_Biological_Process_2023,Negative Regulation Of Cell Migration (GO:0030336),2/163,0.1932025462484863,0.2406185557673455,0,0,2.528014343343792,4.156096478548293,GJA1;WNT11
GO_Biological_Process_2023,Neural Crest Cell Development (GO:0014032),1/44,0.1963375647234362,0.2425241489771783,0,0,4.7123872804935925,7.671388710729669,NRG1
GO_Biological_Process_2023,Phosphatidylinositol Phosphate Biosynthetic Process (GO:0046854),1/44,0.1963375647234362,0.2425241489771783,0,0,4.7123872804935925,7.671388710729669,ITPKA
GO_Biological_Process_2023,Regulation Of Transport (GO:0051049),1/44,0.1963375647234362,0.2425241489771783,0,0,4.7123872804935925,7.671388710729669,PTPRN2
GO_Biological_Process_2023,Response To Unfolded Protein (GO:0006986),1/44,0.1963375647234362,0.2425241489771783,0,0,4.7123872804935925,7.671388710729669,HSP90AB1
GO_Biological_Process_2023,Embryonic Organ Morphogenesis (GO:0048562),1/44,0.1963375647234362,0.2425241489771783,0,0,4.7123872804935925,7.671388710729669,ALDH1A3
GO_Biological_Process_2023,Establishment Of Protein Localization To Mitochondrion (GO:0072655),1/44,0.1963375647234362,0.2425241489771783,0,0,4.7123872804935925,7.671388710729669,AKT1
GO_Biological_Process_2023,Positive Regulation Of Leukocyte Cell-Cell Adhesion (GO:1903039),1/44,0.1963375647234362,0.2425241489771783,0,0,4.7123872804935925,7.671388710729669,TNFSF11
GO_Biological_Process_2023,Lymphocyte Chemotaxis (GO:0048247),1/44,0.1963375647234362,0.2425241489771783,0,0,4.7123872804935925,7.671388710729669,CCL18
GO_Biological_Process_2023,Regulation Of DNA Recombination (GO:0000018),1/44,0.1963375647234362,0.2425241489771783,0,0,4.7123872804935925,7.671388710729669,ZNF365
GO_Biological_Process_2023,Chromosome Organization (GO:0051276),1/45,0.200324459201293,0.2470002398130176,0,0,4.605055658627087,7.4040864558079,MYC
GO_Biological_Process_2023,Zymogen Activation (GO:0031638),1/45,0.200324459201293,0.2470002398130176,0,0,4.605055658627087,7.4040864558079,PLAT
GO_Biological_Process_2023,Regulation Of Epidermal Growth Factor Receptor Signaling Pathway (GO:0042058),1/46,0.2042917739097955,0.25030343470029,0,0,4.502494331065759,7.150888703946834,EGFR
GO_Biological_Process_2023,Amino Acid Transport (GO:0006865),1/46,0.2042917739097955,0.25030343470029,0,0,4.502494331065759,7.150888703946834,SLC7A5
GO_Biological_Process_2023,Regulation Of Nervous System Development (GO:0051960),1/46,0.2042917739097955,0.25030343470029,0,0,4.502494331065759,7.150888703946834,CTNNB1
GO_Biological_Process_2023,Response To Hydrogen Peroxide (GO:0042542),1/46,0.2042917739097955,0.25030343470029,0,0,4.502494331065759,7.150888703946834,HBB
GO_Biological_Process_2023,Epithelial Cell Migration (GO:0010631),1/46,0.2042917739097955,0.25030343470029,0,0,4.502494331065759,7.150888703946834,S100A9
GO_Biological_Process_2023,Positive Regulation Of Peptide Hormone Secretion (GO:0090277),1/46,0.2042917739097955,0.25030343470029,0,0,4.502494331065759,7.150888703946834,TNFSF11
GO_Biological_Process_2023,Homotypic Cell-Cell Adhesion (GO:0034109),1/46,0.2042917739097955,0.25030343470029,0,0,4.502494331065759,7.150888703946834,HBB
GO_Biological_Process_2023,Bicellular Tight Junction Assembly (GO:0070830),1/47,0.2082396039645442,0.254452705652992,0,0,4.404392191659272,6.9107816867744924,CLDN1
GO_Biological_Process_2023,Positive Regulation Of Lymphocyte Activation (GO:0051251),1/47,0.2082396039645442,0.254452705652992,0,0,4.404392191659272,6.9107816867744924,TNFSF11
GO_Biological_Process_2023,Regulation Of T Cell Differentiation (GO:0045580),1/47,0.2082396039645442,0.254452705652992,0,0,4.404392191659272,6.9107816867744924,ACTB
GO_Biological_Process_2023,Positive Regulation Of Cytokine Production (GO:0001819),3/320,0.2113622187682259,0.2578628596817464,0,0,1.9305993690851737,3.000502674129182,SLC7A5;PTGS2;GAPDH
GO_Biological_Process_2023,Oligosaccharide Metabolic Process (GO:0009311),1/48,0.2121680441057898,0.2578628596817464,0,0,4.3104646113764655,6.682843716128026,FUT3
GO_Biological_Process_2023,Cellular Response To Mechanical Stimulus (GO:0071260),1/48,0.2121680441057898,0.2578628596817464,0,0,4.3104646113764655,6.682843716128026,PIEZO2
GO_Biological_Process_2023,Cellular Response To Radiation (GO:0071478),1/48,0.2121680441057898,0.2578628596817464,0,0,4.3104646113764655,6.682843716128026,TP53
GO_Biological_Process_2023,Positive Regulation Of Reactive Oxygen Species Metabolic Process (GO:2000379),1/48,0.2121680441057898,0.2578628596817464,0,0,4.3104646113764655,6.682843716128026,TP53
GO_Biological_Process_2023,Regulation Of DNA Binding (GO:0051101),1/48,0.2121680441057898,0.2578628596817464,0,0,4.3104646113764655,6.682843716128026,JUN
GO_Biological_Process_2023,Negative Regulation Of Tumor Necrosis Factor Superfamily Cytokine Production (GO:1903556),1/49,0.2160771886111481,0.2616785187098499,0,0,4.2204506802721085,6.466235125579845,LTF
GO_Biological_Process_2023,Heterophilic Cell-Cell Adhesion Via Plasma Membrane Cell Adhesion Molecules (GO:0007157),1/49,0.2160771886111481,0.2616785187098499,0,0,4.2204506802721085,6.466235125579845,CEACAM6
GO_Biological_Process_2023,Intrinsic Apoptotic Signaling Pathway In Response To DNA Damage (GO:0008630),1/49,0.2160771886111481,0.2616785187098499,0,0,4.2204506802721085,6.466235125579845,TP53
GO_Biological_Process_2023,Negative Regulation Of Cysteine-Type Endopeptidase Activity Involved In Apoptotic Process (GO:0043154),1/49,0.2160771886111481,0.2616785187098499,0,0,4.2204506802721085,6.466235125579845,SRC
GO_Biological_Process_2023,Extracellular Matrix Organization (GO:0030198),2/176,0.2166607898456526,0.2621518453648467,0,0,2.337599241616305,3.5751764761890956,TGFB2;MIA
GO_Biological_Process_2023,"G Protein-Coupled Receptor Signaling Pathway, Coupled To Cyclic Nucleotide Second Messenger (GO:0007187)",1/50,0.2199671313012003,0.2645051269404354,0,0,4.134110787172012,6.26018948804807,NPY1R
GO_Biological_Process_2023,Plasma Membrane Bounded Cell Projection Morphogenesis (GO:0120039),1/50,0.2199671313012003,0.2645051269404354,0,0,4.134110787172012,6.26018948804807,BMP7
GO_Biological_Process_2023,Positive Regulation Of Cell Death (GO:0010942),1/50,0.2199671313012003,0.2645051269404354,0,0,4.134110787172012,6.26018948804807,HBB
GO_Biological_Process_2023,Intracellular Iron Ion Homeostasis (GO:0006879),1/50,0.2199671313012003,0.2645051269404354,0,0,4.134110787172012,6.26018948804807,MYC
GO_Biological_Process_2023,Positive Regulation Of Transport (GO:0051050),1/50,0.2199671313012003,0.2645051269404354,0,0,4.134110787172012,6.26018948804807,ACTB
GO_Biological_Process_2023,Pyruvate Metabolic Process (GO:0006090),1/50,0.2199671313012003,0.2645051269404354,0,0,4.134110787172012,6.26018948804807,GAPDH
GO_Biological_Process_2023,Negative Regulation Of Cell Projection Organization (GO:0031345),1/50,0.2199671313012003,0.2645051269404354,0,0,4.134110787172012,6.26018948804807,ZNF365
GO_Biological_Process_2023,Amide Biosynthetic Process (GO:0043604),1/51,0.2238379654636096,0.2684476481750522,0,0,4.051224489795918,6.06400592882887,SPTSSB
GO_Biological_Process_2023,Regulation Of Synapse Assembly (GO:0051963),1/51,0.2238379654636096,0.2684476481750522,0,0,4.051224489795918,6.06400592882887,SLITRK6
GO_Biological_Process_2023,Negative Regulation Of MAP Kinase Activity (GO:0043407),1/51,0.2238379654636096,0.2684476481750522,0,0,4.051224489795918,6.06400592882887,BMP7
GO_Biological_Process_2023,Negative Regulation Of Innate Immune Response (GO:0045824),1/52,0.2276897840950651,0.2718683989194807,0,0,3.971588635454182,5.877042371985223,AKT1
GO_Biological_Process_2023,Adenylate Cyclase-Inhibiting G Protein-Coupled Receptor Signaling Pathway (GO:0007193),1/52,0.2276897840950651,0.2718683989194807,0,0,3.971588635454182,5.877042371985223,NPY1R
GO_Biological_Process_2023,Cell Cycle G1/S Phase Transition (GO:0044843),1/52,0.2276897840950651,0.2718683989194807,0,0,3.971588635454182,5.877042371985223,MYC
GO_Biological_Process_2023,Cellular Response To Ionizing Radiation (GO:0071479),1/52,0.2276897840950651,0.2718683989194807,0,0,3.971588635454182,5.877042371985223,TP53
GO_Biological_Process_2023,Sprouting Angiogenesis (GO:0002040),1/52,0.2276897840950651,0.2718683989194807,0,0,3.971588635454182,5.877042371985223,AKT1
GO_Biological_Process_2023,Blood Vessel Morphogenesis (GO:0048514),1/53,0.2315226796253723,0.2747564086304593,0,0,3.895015698587127,5.698709605268148,SLC1A1
GO_Biological_Process_2023,Regulation Of Proteasomal Protein Catabolic Process (GO:0061136),1/53,0.2315226796253723,0.2747564086304593,0,0,3.895015698587127,5.698709605268148,HSP90AB1
GO_Biological_Process_2023,Positive Regulation Of NIK/NF-kappaB Signaling (GO:1901224),1/53,0.2315226796253723,0.2747564086304593,0,0,3.895015698587127,5.698709605268148,EGFR
GO_Biological_Process_2023,Tight Junction Assembly (GO:0120192),1/53,0.2315226796253723,0.2747564086304593,0,0,3.895015698587127,5.698709605268148,CLDN1
GO_Biological_Process_2023,Glycoprotein Metabolic Process (GO:0009100),1/53,0.2315226796253723,0.2747564086304593,0,0,3.895015698587127,5.698709605268148,NCCRP1
GO_Biological_Process_2023,mRNA Stabilization (GO:0048255),1/53,0.2315226796253723,0.2747564086304593,0,0,3.895015698587127,5.698709605268148,IGF2BP2
GO_Biological_Process_2023,Protein Homotetramerization (GO:0051289),1/53,0.2315226796253723,0.2747564086304593,0,0,3.895015698587127,5.698709605268148,ALDH1A3
GO_Biological_Process_2023,Negative Regulation Of Neuron Projection Development (GO:0010977),1/54,0.2353367440911679,0.2780694804204938,0,0,3.8213323065075087,5.528466035409756,ZNF365
GO_Biological_Process_2023,Negative Regulation Of Protein Ubiquitination (GO:0031397),1/54,0.2353367440911679,0.2780694804204938,0,0,3.8213323065075087,5.528466035409756,AKT1
GO_Biological_Process_2023,Regulation Of Lipid Metabolic Process (GO:0019216),1/54,0.2353367440911679,0.2780694804204938,0,0,3.8213323065075087,5.528466035409756,FGFR4
GO_Biological_Process_2023,Apical Junction Assembly (GO:0043297),1/54,0.2353367440911679,0.2780694804204938,0,0,3.8213323065075087,5.528466035409756,CLDN1
GO_Biological_Process_2023,Endoplasmic Reticulum Organization (GO:0007029),1/54,0.2353367440911679,0.2780694804204938,0,0,3.8213323065075087,5.528466035409756,SPTSSB
GO_Biological_Process_2023,Axonogenesis (GO:0007409),2/188,0.2385344492089142,0.2815754233374313,0,0,2.1854561578538965,3.1322865448197508,HSP90AB1;SLITRK6
GO_Biological_Process_2023,Neuron Migration (GO:0001764),1/55,0.2391320690843626,0.2815754233374313,0,0,3.7503779289493577,5.365813052901269,NTRK2
GO_Biological_Process_2023,Cellular Response To Fibroblast Growth Factor Stimulus (GO:0044344),1/55,0.2391320690843626,0.2815754233374313,0,0,3.7503779289493577,5.365813052901269,FGFR4
GO_Biological_Process_2023,Purine Ribonucleotide Biosynthetic Process (GO:0009152),1/55,0.2391320690843626,0.2815754233374313,0,0,3.7503779289493577,5.365813052901269,ADCY2
GO_Biological_Process_2023,RNA Polymerase II Preinitiation Complex Assembly (GO:0051123),1/56,0.2429087456960643,0.2840549390770829,0,0,3.682003710575139,5.210290922491977,MED1
GO_Biological_Process_2023,Regulation Of Mitotic Nuclear Division (GO:0007088),1/56,0.2429087456960643,0.2840549390770829,0,0,3.682003710575139,5.210290922491977,BMP7
GO_Biological_Process_2023,Nucleotide-Excision Repair (GO:0006289),1/56,0.2429087456960643,0.2840549390770829,0,0,3.682003710575139,5.210290922491977,TP53
GO_Biological_Process_2023,Regulation Of Reactive Oxygen Species Metabolic Process (GO:2000377),1/56,0.2429087456960643,0.2840549390770829,0,0,3.682003710575139,5.210290922491977,TP53
GO_Biological_Process_2023,Regulation Of Stem Cell Population Maintenance (GO:2000036),1/56,0.2429087456960643,0.2840549390770829,0,0,3.682003710575139,5.210290922491977,MYC
GO_Biological_Process_2023,"Positive Regulation Of DNA-templated Transcription, Elongation (GO:0032786)",1/56,0.2429087456960643,0.2840549390770829,0,0,3.682003710575139,5.210290922491977,MED1
GO_Biological_Process_2023,Positive Regulation Of Cellular Metabolic Process (GO:0031325),1/56,0.2429087456960643,0.2840549390770829,0,0,3.682003710575139,5.210290922491977,TP53
GO_Biological_Process_2023,Mitotic DNA Damage Checkpoint Signaling (GO:0044773),1/56,0.2429087456960643,0.2840549390770829,0,0,3.682003710575139,5.210290922491977,TP53
GO_Biological_Process_2023,Regulation Of Transcription Initiation By RNA Polymerase II (GO:0060260),1/57,0.24666686462221,0.2872148423683268,0,0,3.616071428571429,5.061475129166085,MED1
GO_Biological_Process_2023,Chemokine-Mediated Signaling Pathway (GO:0070098),1/57,0.24666686462221,0.2872148423683268,0,0,3.616071428571429,5.061475129166085,CCL18
GO_Biological_Process_2023,Signal Transduction In Response To DNA Damage (GO:0042770),1/57,0.24666686462221,0.2872148423683268,0,0,3.616071428571429,5.061475129166085,TP53
GO_Biological_Process_2023,Membrane Lipid Biosynthetic Process (GO:0046467),1/57,0.24666686462221,0.2872148423683268,0,0,3.616071428571429,5.061475129166085,SPTSSB
GO_Biological_Process_2023,Regulation Of Calcium Ion Transport (GO:0051924),1/57,0.24666686462221,0.2872148423683268,0,0,3.616071428571429,5.061475129166085,CTNNB1
GO_Biological_Process_2023,Regulation Of Cell Differentiation (GO:0045595),2/193,0.2476868895164516,0.288155833825812,0,0,2.127705510876019,2.96940426321016,HSP90AB1;CTNNB1
GO_Biological_Process_2023,Peptidyl-Threonine Phosphorylation (GO:0018107),1/58,0.2504065161532353,0.2898322229518297,0,0,3.552452559971357,4.918973126047551,AKT1
GO_Biological_Process_2023,Eye Development (GO:0001654),1/58,0.2504065161532353,0.2898322229518297,0,0,3.552452559971357,4.918973126047551,TGFB2
GO_Biological_Process_2023,Glycosaminoglycan Biosynthetic Process (GO:0006024),1/58,0.2504065161532353,0.2898322229518297,0,0,3.552452559971357,4.918973126047551,UGDH
GO_Biological_Process_2023,Positive Regulation Of Type II Interferon Production (GO:0032729),1/58,0.2504065161532353,0.2898322229518297,0,0,3.552452559971357,4.918973126047551,SLC7A5
GO_Biological_Process_2023,mRNA Transport (GO:0051028),1/58,0.2504065161532353,0.2898322229518297,0,0,3.552452559971357,4.918973126047551,PEG10
GO_Biological_Process_2023,Muscle Organ Development (GO:0007517),1/58,0.2504065161532353,0.2898322229518297,0,0,3.552452559971357,4.918973126047551,CACNA1H
GO_Biological_Process_2023,Negative Regulation Of Protein-Containing Complex Assembly (GO:0031333),1/59,0.2541277901026765,0.2923974573093402,0,0,3.491027445460943,4.782421433224194,SRC
GO_Biological_Process_2023,Cellular Response To Chemokine (GO:1990869),1/59,0.2541277901026765,0.2923974573093402,0,0,3.491027445460943,4.782421433224194,CCL18
GO_Biological_Process_2023,Phospholipid Transport (GO:0015914),1/59,0.2541277901026765,0.2923974573093402,0,0,3.491027445460943,4.782421433224194,ABCA4
GO_Biological_Process_2023,Regulation Of Type I Interferon Production (GO:0032479),1/59,0.2541277901026765,0.2923974573093402,0,0,3.491027445460943,4.782421433224194,GAPDH
GO_Biological_Process_2023,Transcription Preinitiation Complex Assembly (GO:0070897),1/59,0.2541277901026765,0.2923974573093402,0,0,3.491027445460943,4.782421433224194,MED1
GO_Biological_Process_2023,Positive Regulation Of Proteolysis (GO:0045862),1/59,0.2541277901026765,0.2923974573093402,0,0,3.491027445460943,4.782421433224194,FGFR4
GO_Biological_Process_2023,Regulation Of Cell Death (GO:0010941),1/59,0.2541277901026765,0.2923974573093402,0,0,3.491027445460943,4.782421433224194,HBB
GO_Biological_Process_2023,Response To Retinoic Acid (GO:0032526),1/60,0.25783077585673,0.2959070507722808,0,0,3.4316845382220684,4.65148304199707,WNT11
GO_Biological_Process_2023,Homophilic Cell Adhesion Via Plasma Membrane Adhesion Molecules (GO:0007156),1/60,0.25783077585673,0.2959070507722808,0,0,3.4316845382220684,4.65148304199707,CEACAM6
GO_Biological_Process_2023,protein-DNA Complex Organization (GO:0071824),1/60,0.25783077585673,0.2959070507722808,0,0,3.4316845382220684,4.65148304199707,MYC
GO_Biological_Process_2023,Negative Regulation Of Kinase Activity (GO:0033673),1/62,0.2651822382725948,0.3033203061822783,0,0,3.318835731013717,4.405216774073966,PPM1E
GO_Biological_Process_2023,Fat Cell Differentiation (GO:0045444),1/62,0.2651822382725948,0.3033203061822783,0,0,3.318835731013717,4.405216774073966,MED1
GO_Biological_Process_2023,Protein-Containing Complex Disassembly (GO:0032984),1/62,0.2651822382725948,0.3033203061822783,0,0,3.318835731013717,4.405216774073966,MYC
GO_Biological_Process_2023,Regulation Of T Cell Activation (GO:0050863),1/62,0.2651822382725948,0.3033203061822783,0,0,3.318835731013717,4.405216774073966,TNFSF11
GO_Biological_Process_2023,G1/S Transition Of Mitotic Cell Cycle (GO:0000082),1/63,0.2688308915702658,0.3067198091741287,0,0,3.2651415404871624,4.289327476230114,MYC
GO_Biological_Process_2023,Telomere Organization (GO:0032200),1/63,0.2688308915702658,0.3067198091741287,0,0,3.2651415404871624,4.289327476230114,ZNF365
GO_Biological_Process_2023,Protein Polymerization (GO:0051258),1/63,0.2688308915702658,0.3067198091741287,0,0,3.2651415404871624,4.289327476230114,KRT5
GO_Biological_Process_2023,Response To Metal Ion (GO:0010038),1/64,0.2724616099866224,0.3098225665399719,0,0,3.2131519274376417,4.1779250708981355,ITPKA
GO_Biological_Process_2023,Positive Regulation Of Type I Interferon Production (GO:0032481),1/64,0.2724616099866224,0.3098225665399719,0,0,3.2131519274376417,4.1779250708981355,GAPDH
GO_Biological_Process_2023,Protein N-linked Glycosylation (GO:0006487),1/64,0.2724616099866224,0.3098225665399719,0,0,3.2131519274376417,4.1779250708981355,FUT3
GO_Biological_Process_2023,Negative Regulation Of Cell Death (GO:0060548),1/64,0.2724616099866224,0.3098225665399719,0,0,3.2131519274376417,4.1779250708981355,AKT1
GO_Biological_Process_2023,Protein Stabilization (GO:0050821),2/208,0.2751988056246464,0.3126736638676016,0,0,1.971274146732059,2.54345916301964,HSP90AB1;GAPDH
GO_Biological_Process_2023,Monocarboxylic Acid Biosynthetic Process (GO:0072330),1/65,0.2760744807676439,0.3131453660083367,0,0,3.162786989795918,4.070774401763339,ALDH1A3
GO_Biological_Process_2023,Regulation Of Cell-Matrix Adhesion (GO:0001952),1/65,0.2760744807676439,0.3131453660083367,0,0,3.162786989795918,4.070774401763339,CDKN2A
GO_Biological_Process_2023,Regulation Of Endocytosis (GO:0030100),1/66,0.2796695907321195,0.3166949570322085,0,0,3.113971742543171,3.9676559032118983,SRC
GO_Biological_Process_2023,Peptidyl-Threonine Modification (GO:0018210),1/66,0.2796695907321195,0.3166949570322085,0,0,3.113971742543171,3.9676559032118983,AKT1
GO_Biological_Process_2023,Activation Of Cysteine-Type Endopeptidase Activity Involved In Apoptotic Process (GO:0006919),1/67,0.2832470263652049,0.3202127646356431,0,0,3.066635745207174,3.8683643519169673,S100A9
GO_Biological_Process_2023,Extrinsic Apoptotic Signaling Pathway (GO:0097191),1/67,0.2832470263652049,0.3202127646356431,0,0,3.066635745207174,3.8683643519169673,TGFB2
GO_Biological_Process_2023,Neuropeptide Signaling Pathway (GO:0007218),1/68,0.2868068736128543,0.3234306369100181,0,0,3.020712762717027,3.772707738284747,NXPH4
GO_Biological_Process_2023,Skin Development (GO:0043588),1/68,0.2868068736128543,0.3234306369100181,0,0,3.020712762717027,3.772707738284747,MED1
GO_Biological_Process_2023,Telomere Maintenance (GO:0000723),1/68,0.2868068736128543,0.3234306369100181,0,0,3.020712762717027,3.772707738284747,ZNF365
GO_Biological_Process_2023,Cellular Response To Calcium Ion (GO:0071277),1/69,0.2903492181156227,0.3268832256930851,0,0,2.976140456182473,3.680506237161116,ITPKA
GO_Biological_Process_2023,Establishment Of Protein Localization To Membrane (GO:0090150),1/69,0.2903492181156227,0.3268832256930851,0,0,2.976140456182473,3.680506237161116,EGFR
GO_Biological_Process_2023,Sensory Organ Development (GO:0007423),1/70,0.2938741450719981,0.3297597667474567,0,0,2.932860100561964,3.591591275831502,TGFB2
GO_Biological_Process_2023,Sulfur Compound Biosynthetic Process (GO:0044272),1/70,0.2938741450719981,0.3297597667474567,0,0,2.932860100561964,3.591591275831502,UGDH
GO_Biological_Process_2023,Positive Regulation Of Protein Transport (GO:0051222),1/70,0.2938741450719981,0.3297597667474567,0,0,2.932860100561964,3.591591275831502,TGFB2
GO_Biological_Process_2023,Regulation Of Actin Filament-Based Process (GO:0032970),1/70,0.2938741450719981,0.3297597667474567,0,0,2.932860100561964,3.591591275831502,NRG1
GO_Biological_Process_2023,Regulation Of Hydrolase Activity (GO:0051336),1/71,0.2973817391972986,0.3325979977864524,0,0,2.8908163265306124,3.505804684406461,NTRK2
GO_Biological_Process_2023,Synapse Assembly (GO:0007416),1/71,0.2973817391972986,0.3325979977864524,0,0,2.8908163265306124,3.505804684406461,SLITRK6
GO_Biological_Process_2023,Myeloid Leukocyte Differentiation (GO:0002573),1/71,0.2973817391972986,0.3325979977864524,0,0,2.8908163265306124,3.505804684406461,TNFSF11
GO_Biological_Process_2023,Negative Regulation Of Cellular Response To Growth Factor Stimulus (GO:0090288),1/71,0.2973817391972986,0.3325979977864524,0,0,2.8908163265306124,3.505804684406461,LRP2
GO_Biological_Process_2023,Negative Regulation Of Catabolic Process (GO:0009895),1/72,0.3008720848743497,0.3359491259680752,0,0,2.8499568841621157,3.4229979193514453,EGFR
GO_Biological_Process_2023,Negative Regulation Of Cell Adhesion (GO:0007162),1/72,0.3008720848743497,0.3359491259680752,0,0,2.8499568841621157,3.4229979193514453,NRG1
GO_Biological_Process_2023,Ubiquitin-Dependent ERAD Pathway (GO:0030433),1/73,0.3043452660894062,0.3389922701732945,0,0,2.810232426303855,3.343031356689387,NCCRP1
GO_Biological_Process_2023,Positive Regulation Of Secretion By Cell (GO:1903532),1/73,0.3043452660894062,0.3389922701732945,0,0,2.810232426303855,3.343031356689387,TGFB2
GO_Biological_Process_2023,Protein Tetramerization (GO:0051262),1/73,0.3043452660894062,0.3389922701732945,0,0,2.810232426303855,3.343031356689387,ALDH1A3
GO_Biological_Process_2023,Negative Regulation Of Neuron Apoptotic Process (GO:0043524),1/74,0.3078013663461844,0.3420015181624271,0,0,2.7715963097567795,3.265773646062485,NTRK2
GO_Biological_Process_2023,Import Into Nucleus (GO:0051170),1/74,0.3078013663461844,0.3420015181624271,0,0,2.7715963097567795,3.265773646062485,AKT1
GO_Biological_Process_2023,Regulation Of Cell Cycle G1/S Phase Transition (GO:1902806),1/74,0.3078013663461844,0.3420015181624271,0,0,2.7715963097567795,3.265773646062485,CDKN2A
GO_Biological_Process_2023,Regulation Of Fat Cell Differentiation (GO:0045598),1/75,0.3112404688406589,0.3446962847095245,0,0,2.734004412575841,3.191101117194685,AKT1
GO_Biological_Process_2023,Defense Response To Gram-negative Bacterium (GO:0050829),1/75,0.3112404688406589,0.3446962847095245,0,0,2.734004412575841,3.191101117194685,LTF
GO_Biological_Process_2023,Regulation Of BMP Signaling Pathway (GO:0030510),1/75,0.3112404688406589,0.3446962847095245,0,0,2.734004412575841,3.191101117194685,LRP2
GO_Biological_Process_2023,Regulation Of DNA Replication (GO:0006275),1/75,0.3112404688406589,0.3446962847095245,0,0,2.734004412575841,3.191101117194685,EGFR
GO_Biological_Process_2023,Transcription Initiation At RNA Polymerase II Promoter (GO:0006367),1/76,0.3146626563027286,0.3479196850176511,0,0,2.697414965986394,3.1188972389470715,MED1
GO_Biological_Process_2023,Positive Regulation Of Protein Secretion (GO:0050714),1/76,0.3146626563027286,0.3479196850176511,0,0,2.697414965986394,3.1188972389470715,TGFB2
GO_Biological_Process_2023,Negative Regulation Of Intracellular Signal Transduction (GO:1902532),2/231,0.3172645879990944,0.349130343051163,0,0,1.771215054247513,2.033388873281934,SRC;BMP7
GO_Biological_Process_2023,Regulation Of Immune Response (GO:0050776),1/77,0.318068011059111,0.349130343051163,0,0,2.661788399570354,3.049052121094838,TGFB2
GO_Biological_Process_2023,Actomyosin Structure Organization (GO:0031032),1/77,0.318068011059111,0.349130343051163,0,0,2.661788399570354,3.049052121094838,SRC
GO_Biological_Process_2023,Negative Regulation Of Transforming Growth Factor Beta Receptor Signaling Pathway (GO:0030512),1/77,0.318068011059111,0.349130343051163,0,0,2.661788399570354,3.049052121094838,PEG10
GO_Biological_Process_2023,Cell Morphogenesis Involved In Neuron Differentiation (GO:0048667),1/77,0.318068011059111,0.349130343051163,0,0,2.661788399570354,3.049052121094838,SLITRK6
GO_Biological_Process_2023,Regulation Of Transcription Elongation By RNA Polymerase II (GO:0034243),1/77,0.318068011059111,0.349130343051163,0,0,2.661788399570354,3.049052121094838,MED1
GO_Biological_Process_2023,Embryonic Organ Development (GO:0048568),1/77,0.318068011059111,0.349130343051163,0,0,2.661788399570354,3.049052121094838,TGFB2
GO_Biological_Process_2023,Positive Regulation Of Endothelial Cell Proliferation (GO:0001938),1/77,0.318068011059111,0.349130343051163,0,0,2.661788399570354,3.049052121094838,AKT1
GO_Biological_Process_2023,Sphingolipid Biosynthetic Process (GO:0030148),1/77,0.318068011059111,0.349130343051163,0,0,2.661788399570354,3.049052121094838,SPTSSB
GO_Biological_Process_2023,Regulation Of Innate Immune Response (GO:0045088),1/78,0.3214566150845788,0.3525653197701832,0,0,2.62708719851577,2.981462056839342,AKT1
GO_Biological_Process_2023,Response To Insulin (GO:0032868),1/79,0.3248285499837176,0.3554037232323861,0,0,2.5932757718472006,2.9160291027167355,AKT1
GO_Biological_Process_2023,Protein Import Into Nucleus (GO:0006606),1/79,0.3248285499837176,0.3554037232323861,0,0,2.5932757718472006,2.9160291027167355,AKT1
GO_Biological_Process_2023,Negative Regulation Of Cellular Component Organization (GO:0051129),1/79,0.3248285499837176,0.3554037232323861,0,0,2.5932757718472006,2.9160291027167355,SRC
GO_Biological_Process_2023,Cellular Response To Interleukin-1 (GO:0071347),1/81,0.3315227364712461,0.3621453185549355,0,0,2.528188775510204,2.7912692807310164,CCL18
GO_Biological_Process_2023,Macromolecule Modification (GO:0043412),1/81,0.3315227364712461,0.3621453185549355,0,0,2.528188775510204,2.7912692807310164,PLAT
GO_Biological_Process_2023,Regulation Of Inflammatory Response (GO:0050727),2/240,0.333597706941085,0.3641194875119387,0,0,1.703456640388114,1.8700878868992792,PTGS2;S100A9
GO_Biological_Process_2023,Sodium Ion Transmembrane Transport (GO:0035725),1/82,0.3348451492584174,0.3651879735296292,0,0,2.496850592088687,2.73177201105479,SLC4A8
GO_Biological_Process_2023,Regulation Of Autophagy (GO:0010506),2/241,0.3354061765477893,0.3655067308533601,0,0,1.696242936634603,1.8529978593858152,AKT1;GAPDH
GO_Biological_Process_2023,Phospholipase C-activating G Protein-Coupled Receptor Signaling Pathway (GO:0007200),1/83,0.3381512151541468,0.3676144305432771,0,0,2.4662767546042805,2.674090416659631,PLCE1
GO_Biological_Process_2023,Epigenetic Regulation Of Gene Expression (GO:0040029),1/83,0.3381512151541468,0.3676144305432771,0,0,2.4662767546042805,2.674090416659631,TP53
GO_Biological_Process_2023,Regulation Of Cell Division (GO:0051302),1/83,0.3381512151541468,0.3676144305432771,0,0,2.4662767546042805,2.674090416659631,MYC
GO_Biological_Process_2023,Organelle Organization (GO:0006996),3/418,0.3422395242723944,0.3717617835546776,0,0,1.4673192771084338,1.5733249126522586,MYC;PLCE1;SPTSSB
GO_Biological_Process_2023,Positive Regulation Of Amide Metabolic Process (GO:0034250),1/85,0.3447146245824612,0.3723684586434847,0,0,2.407312925170068,2.563880656464865,ERBB2
GO_Biological_Process_2023,Positive Regulation Of Canonical Wnt Signaling Pathway (GO:0090263),1/85,0.3447146245824612,0.3723684586434847,0,0,2.407312925170068,2.563880656464865,EGFR
GO_Biological_Process_2023,Defense Response To Gram-positive Bacterium (GO:0050830),1/85,0.3447146245824612,0.3723684586434847,0,0,2.407312925170068,2.563880656464865,KRT6A
GO_Biological_Process_2023,Positive Regulation Of Endothelial Cell Migration (GO:0010595),1/85,0.3447146245824612,0.3723684586434847,0,0,2.407312925170068,2.563880656464865,AKT1
GO_Biological_Process_2023,Establishment Of Protein Localization To Organelle (GO:0072594),1/85,0.3447146245824612,0.3723684586434847,0,0,2.407312925170068,2.563880656464865,AKT1
GO_Biological_Process_2023,Integrin-Mediated Signaling Pathway (GO:0007229),1/85,0.3447146245824612,0.3723684586434847,0,0,2.407312925170068,2.563880656464865,SRC
GO_Biological_Process_2023,mRNA Metabolic Process (GO:0016071),1/85,0.3447146245824612,0.3723684586434847,0,0,2.407312925170068,2.563880656464865,TP53
GO_Biological_Process_2023,Regulation Of Mitotic Cell Cycle Phase Transition (GO:1901990),1/86,0.3479721261088416,0.3755889615143052,0,0,2.378871548619448,2.511215071130418,CDKN2A
GO_Biological_Process_2023,Regulation Of Type II Interferon Production (GO:0032649),1/87,0.3512135969613066,0.3784869190708217,0,0,2.35109159943047,2.4600898570326124,SLC7A5
GO_Biological_Process_2023,Glucose Homeostasis (GO:0042593),1/87,0.3512135969613066,0.3784869190708217,0,0,2.35109159943047,2.4600898570326124,FGFR4
GO_Biological_Process_2023,Regulation Of Double-Strand Break Repair (GO:2000779),1/88,0.3544391152115018,0.3810570724803498,0,0,2.3239502697630776,2.4104446686187133,ZNF365
GO_Biological_Process_2023,Regulation Of Endothelial Cell Migration (GO:0010594),1/88,0.3544391152115018,0.3810570724803498,0,0,2.3239502697630776,2.4104446686187133,AKT1
GO_Biological_Process_2023,Positive Regulation Of Plasma Membrane Bounded Cell Projection Assembly (GO:0120034),1/88,0.3544391152115018,0.3810570724803498,0,0,2.3239502697630776,2.4104446686187133,PLCE1
GO_Biological_Process_2023,ERAD Pathway (GO:0036503),1/89,0.3576487585509577,0.3835980375625414,0,0,2.297425788497217,2.3622221454976327,NCCRP1
GO_Biological_Process_2023,Organic Anion Transport (GO:0015711),1/89,0.3576487585509577,0.3835980375625414,0,0,2.297425788497217,2.3622221454976327,SLC4A8
GO_Biological_Process_2023,Regulation Of Vesicle-Mediated Transport (GO:0060627),1/89,0.3576487585509577,0.3835980375625414,0,0,2.297425788497217,2.3622221454976327,SRC
GO_Biological_Process_2023,Regulation Of Actin Cytoskeleton Organization (GO:0032956),1/91,0.3640207295484168,0.3901246589328975,0,0,2.246145124716554,2.269829520354966,NRG1
GO_Biological_Process_2023,Sensory Perception Of Sound (GO:0007605),1/92,0.3671832107677797,0.3928947023164283,0,0,2.2213500784929354,2.225558078777643,LRP2
GO_Biological_Process_2023,Steroid Metabolic Process (GO:0008202),1/92,0.3671832107677797,0.3928947023164283,0,0,2.2213500784929354,2.225558078777643,LRP2
GO_Biological_Process_2023,Cellular Component Assembly (GO:0022607),2/260,0.369471746383092,0.3950187991176904,0,0,1.5698074003036842,1.563027411520684,KRT14;TP53
GO_Biological_Process_2023,Regulation Of Endothelial Cell Proliferation (GO:0001936),1/93,0.3703301241728348,0.3950187991176904,0,0,2.19709405501331,2.182506325224557,AKT1
GO_Biological_Process_2023,Cytoplasmic Translation (GO:0002181),1/93,0.3703301241728348,0.3950187991176904,0,0,2.19709405501331,2.182506325224557,RPL19
GO_Biological_Process_2023,Protein O-linked Glycosylation (GO:0006493),1/93,0.3703301241728348,0.3950187991176904,0,0,2.19709405501331,2.182506325224557,FUT3
GO_Biological_Process_2023,Muscle Contraction (GO:0006936),1/94,0.3734615456812467,0.3980467885003884,0,0,2.173359666447224,2.1406293836231596,CACNA1H
GO_Biological_Process_2023,Regulation Of Macroautophagy (GO:0016241),1/96,0.3796782145208595,0.4043558118624658,0,0,2.1273899033297528,2.060230733325135,GAPDH
GO_Biological_Process_2023,Regulation Of Defense Response (GO:0031347),1/97,0.3827636117976207,0.4073227793777497,0,0,2.105123299319728,2.02162922942782,PTGS2
GO_Biological_Process_2023,MAPK Cascade (GO:0000165),1/98,0.3858338168827518,0.4096284082439832,0,0,2.083315800547023,1.9840427369076143,MYC
GO_Biological_Process_2023,Phosphatidylinositol Biosynthetic Process (GO:0006661),1/98,0.3858338168827518,0.4096284082439832,0,0,2.083315800547023,1.9840427369076143,ITPKA
GO_Biological_Process_2023,Positive Regulation Of Cold-Induced Thermogenesis (GO:0120162),1/98,0.3858338168827518,0.4096284082439832,0,0,2.083315800547023,1.9840427369076143,GJA1
GO_Biological_Process_2023,Axon Development (GO:0061564),1/99,0.3888889039001767,0.4122283003150743,0,0,2.061953352769679,1.947435701319304,SLITRK6
GO_Biological_Process_2023,Cellular Response To Insulin Stimulus (GO:0032869),1/99,0.3888889039001767,0.4122283003150743,0,0,2.061953352769679,1.947435701319304,AKT1
GO_Biological_Process_2023,Regulation Of Organelle Organization (GO:0033043),1/100,0.3919289465238684,0.4151272330782407,0,0,2.0410224695938983,1.9117741389719496,S100A9
GO_Biological_Process_2023,Chemical Synaptic Transmission (GO:0007268),2/273,0.3923952555130599,0.4152977023328883,0,0,1.493513904211207,1.3971608139789455,PTPRN2;SLC1A1
GO_Biological_Process_2023,Regulation Of Protein Secretion (GO:0050708),1/102,0.3979641915246373,0.4202106370135922,0,0,2.0004041220448574,1.8431588529017409,TGFB2
GO_Biological_Process_2023,Protein Catabolic Process (GO:0030163),1/102,0.3979641915246373,0.4202106370135922,0,0,2.0004041220448574,1.8431588529017409,NCCRP1
GO_Biological_Process_2023,Regulation Of RNA Splicing (GO:0043484),1/102,0.3979641915246373,0.4202106370135922,0,0,2.0004041220448574,1.8431588529017409,AHNAK2
GO_Biological_Process_2023,Inorganic Cation Import Across Plasma Membrane (GO:0098659),1/103,0.400959539520927,0.4230449757552061,0,0,1.980692276910764,1.8101442845569529,CACNA1H
GO_Biological_Process_2023,Positive Regulation Of Inflammatory Response (GO:0050729),1/104,0.4039401343045305,0.4255294985702258,0,0,1.9613631860511191,1.77795335766201,S100A9
GO_Biological_Process_2023,Macroautophagy (GO:0016236),1/104,0.4039401343045305,0.4255294985702258,0,0,1.9613631860511191,1.77795335766201,SRC
GO_Biological_Process_2023,Positive Regulation Of Stress-Activated MAPK Cascade (GO:0032874),1/105,0.406906047835219,0.4279908933146929,0,0,1.942405808477237,1.7465587820527104,TGFB2
GO_Biological_Process_2023,Intrinsic Apoptotic Signaling Pathway (GO:0097193),1/105,0.406906047835219,0.4279908933146929,0,0,1.942405808477237,1.7465587820527104,TP53
GO_Biological_Process_2023,Response To Calcium Ion (GO:0051592),1/106,0.4098573516877627,0.4307619770443255,0,0,1.923809523809524,1.715934406782979,ITPKA
GO_Biological_Process_2023,Inorganic Cation Transmembrane Transport (GO:0098662),2/284,0.4115034699442267,0.4321580842657516,0,0,1.4344519997075382,1.273704190799171,SLC4A8;CACNA1H
GO_Biological_Process_2023,Positive Regulation Of Metabolic Process (GO:0009893),1/108,0.415716414915954,0.4359092708447937,0,0,1.887659736791913,1.6568970075325289,GJA1
GO_Biological_Process_2023,Positive Regulation Of Translation (GO:0045727),1/108,0.415716414915954,0.4359092708447937,0,0,1.887659736791913,1.6568970075325289,ERBB2
GO_Biological_Process_2023,Negative Regulation Of Developmental Process (GO:0051093),1/109,0.4186243157546825,0.4369371215858543,0,0,1.870086923658352,1.6284368765459123,WNT11
GO_Biological_Process_2023,Regulation Of Proteasomal Ubiquitin-Dependent Protein Catabolic Process (GO:0032434),1/109,0.4186243157546825,0.4369371215858543,0,0,1.870086923658352,1.6284368765459123,HSP90AB1
GO_Biological_Process_2023,Cell-Matrix Adhesion (GO:0007160),1/109,0.4186243157546825,0.4369371215858543,0,0,1.870086923658352,1.6284368765459123,SRC
GO_Biological_Process_2023,Positive Regulation Of Wnt Signaling Pathway (GO:0030177),1/109,0.4186243157546825,0.4369371215858543,0,0,1.870086923658352,1.6284368765459123,EGFR
GO_Biological_Process_2023,Extracellular Structure Organization (GO:0043062),1/109,0.4186243157546825,0.4369371215858543,0,0,1.870086923658352,1.6284368765459123,MIA
GO_Biological_Process_2023,Regulation Of Wnt Signaling Pathway (GO:0030111),1/109,0.4186243157546825,0.4369371215858543,0,0,1.870086923658352,1.6284368765459123,CTNND2
GO_Biological_Process_2023,Adenylate Cyclase-Activating G Protein-Coupled Receptor Signaling Pathway (GO:0007189),1/110,0.4215178897650061,0.4392830115558684,0,0,1.852836547463022,1.6006526334537046,ADCY2
GO_Biological_Process_2023,External Encapsulating Structure Organization (GO:0045229),1/110,0.4215178897650061,0.4392830115558684,0,0,1.852836547463022,1.6006526334537046,MIA
GO_Biological_Process_2023,Negative Regulation Of Inflammatory Response (GO:0050728),1/111,0.4243972068995925,0.4412692671127261,0,0,1.835899814471243,1.5735230251697565,SRC
GO_Biological_Process_2023,Cytoskeleton Organization (GO:0007010),1/111,0.4243972068995925,0.4412692671127261,0,0,1.835899814471243,1.5735230251697565,PLCE1
GO_Biological_Process_2023,Mitotic Cell Cycle Phase Transition (GO:0044772),1/111,0.4243972068995925,0.4412692671127261,0,0,1.835899814471243,1.5735230251697565,MYC
GO_Biological_Process_2023,Calcium Ion Transport (GO:0006816),1/112,0.4272623365694402,0.4435700593392662,0,0,1.8192682478396764,1.5470276405099337,CACNA1H
GO_Biological_Process_2023,Negative Regulation Of Defense Response (GO:0031348),1/112,0.4272623365694402,0.4435700593392662,0,0,1.8192682478396764,1.5470276405099337,AKT1
GO_Biological_Process_2023,Negative Regulation Of Canonical Wnt Signaling Pathway (GO:0090090),1/114,0.4329503102142978,0.4491322821445042,0,0,1.7868882066100775,1.4958618602873306,WNT11
GO_Biological_Process_2023,Cellular Response To Molecule Of Bacterial Origin (GO:0071219),1/117,0.4413775842681844,0.45752554466824,0,0,1.7404116819141449,1.4234036472317928,PPM1E
GO_Biological_Process_2023,Positive Regulation Of Angiogenesis (GO:0045766),1/119,0.4469267678153735,0.4629249080189703,0,0,1.7107402282947075,1.377762653839732,S100A1
GO_Biological_Process_2023,Regulation Of Protein Catabolic Process (GO:0042176),1/122,0.4551483856003421,0.4707238056398975,0,0,1.6680721875527071,1.3129926485038452,EGFR
GO_Biological_Process_2023,Receptor-Mediated Endocytosis (GO:0006898),1/122,0.4551483856003421,0.4707238056398975,0,0,1.6680721875527071,1.3129926485038452,LRP2
GO_Biological_Process_2023,Organonitrogen Compound Biosynthetic Process (GO:1901566),1/123,0.4578619481487942,0.4731704023422189,0,0,1.6543158246905318,1.2923309484503704,SPTSSB
GO_Biological_Process_2023,Cellular Response To Lipopolysaccharide (GO:0071222),1/124,0.4605621319164731,0.4748783164567122,0,0,1.6407831425253028,1.2721114921226313,PPM1E
GO_Biological_Process_2023,Positive Regulation Of Defense Response (GO:0031349),1/124,0.4605621319164731,0.4748783164567122,0,0,1.6407831425253028,1.2721114921226313,S100A9
GO_Biological_Process_2023,Protein Dephosphorylation (GO:0006470),1/124,0.4605621319164731,0.4748783164567122,0,0,1.6407831425253028,1.2721114921226313,PPM1E
GO_Biological_Process_2023,Response To Cytokine (GO:0034097),1/125,0.4632490022767211,0.4772868508305611,0,0,1.6274687294272547,1.252321836302808,SRC
GO_Biological_Process_2023,Cellular Response To Starvation (GO:0009267),1/126,0.465922624090608,0.4789529620281382,0,0,1.6143673469387756,1.2329499779784747,TP53
GO_Biological_Process_2023,Positive Regulation Of Intracellular Protein Transport (GO:0090316),1/126,0.465922624090608,0.4789529620281382,0,0,1.6143673469387756,1.2329499779784747,ERBB2
GO_Biological_Process_2023,Protein-Containing Complex Organization (GO:0043933),1/126,0.465922624090608,0.4789529620281382,0,0,1.6143673469387756,1.2329499779784747,TP53
GO_Biological_Process_2023,Regulation Of Tumor Necrosis Factor Production (GO:0032680),1/127,0.4685830621894467,0.4813239913728456,0,0,1.6014739229024944,1.213984333914786,LTF
GO_Biological_Process_2023,Proteasome-Mediated Ubiquitin-Dependent Protein Catabolic Process (GO:0043161),2/319,0.4702482828234984,0.4826699355773267,0,0,1.27379752187063,0.961073176511422,CTNNB1;NCCRP1
GO_Biological_Process_2023,Negative Regulation Of Cell Motility (GO:2000146),1/133,0.4842724123389446,0.4966896536809688,0,0,1.5282158317872605,1.1081210595354,WNT11
GO_Biological_Process_2023,Proteolysis (GO:0006508),2/330,0.4879948429394409,0.5001303590034963,0,0,1.2303872265526778,0.8827418582071671,TPSG1;PLAT
GO_Biological_Process_2023,Protein Localization To Organelle (GO:0033365),1/137,0.4944763372236363,0.5063914296868565,0,0,1.48296818727491,1.0443892155035843,BMP7
GO_Biological_Process_2023,Negative Regulation Of Wnt Signaling Pathway (GO:0030178),1/140,0.5019978891504794,0.5137073959703928,0,0,1.4507414476582,0.9997920536559156,WNT11
GO_Biological_Process_2023,Regulation Of Cold-Induced Thermogenesis (GO:0120161),1/146,0.5167102154198272,0.5283653330608759,0,0,1.3902885292047853,0.9179700800624998,GJA1
GO_Biological_Process_2023,Dephosphorylation (GO:0016311),1/147,0.5191200859954508,0.5300325202355954,0,0,1.3806961140620633,0.9052120456892928,PPM1E
GO_Biological_Process_2023,Protein Glycosylation (GO:0006486),1/147,0.5191200859954508,0.5300325202355954,0,0,1.3806961140620633,0.9052120456892928,FUT3
GO_Biological_Process_2023,protein-RNA Complex Assembly (GO:0022618),1/150,0.5262785551221917,0.5369383608148393,0,0,1.352691412135324,0.8683259395725303,HSP90AB1
GO_Biological_Process_2023,Peptide Biosynthetic Process (GO:0043043),1/158,0.5448561884100122,0.5554755743910169,0,0,1.2832445079942805,0.779228917429655,RPL19
GO_Biological_Process_2023,Membrane Organization (GO:0061024),1/167,0.5648950283502431,0.575473586933581,0,0,1.2131177772313744,0.6928301907614635,EGFR
GO_Biological_Process_2023,DNA Damage Response (GO:0006974),2/384,0.569585763155029,0.5798178427326642,0,0,1.053543477087494,0.5929826409394334,MYC;TP53
GO_Biological_Process_2023,Metal Ion Transport (GO:0030001),1/171,0.5735184386939594,0.5833845000925839,0,0,1.1843337334933974,0.6584483312531636,LRP2
GO_Biological_Process_2023,Macromolecule Biosynthetic Process (GO:0009059),1/183,0.5983864544186492,0.6082253946258318,0,0,1.1055729984301412,0.567732175534148,RPL19
GO_Biological_Process_2023,Phosphate-Containing Compound Metabolic Process (GO:0006796),1/184,0.6003927931911575,0.6098089609708545,0,0,1.099475855916137,0.5609208976976439,AKT1
GO_Biological_Process_2023,Endocytosis (GO:0006897),1/189,0.6102766196965284,0.6193852259606557,0,0,1.0699630916196263,0.5283937292260591,LRP2
GO_Biological_Process_2023,Intracellular Monoatomic Cation Homeostasis (GO:0030003),1/190,0.6122241482188666,0.6208984650094397,0,0,1.0642479213907785,0.5221804883125901,MYC
GO_Biological_Process_2023,Transcription By RNA Polymerase II (GO:0006366),1/192,0.6160903491797889,0.6243538560987428,0,0,1.052997115076397,0.5100314258501742,MED1
GO_Biological_Process_2023,Endomembrane System Organization (GO:0010256),1/196,0.6237086396667608,0.631603685738492,0,0,1.0311878597592885,0.4867948568293317,SPTSSB
GO_Biological_Process_2023,DNA-templated Transcription (GO:0006351),1/199,0.6293239693314746,0.6363424522608219,0,0,1.0154091939806225,0.470245238256388,TP53
GO_Biological_Process_2023,Anterograde Trans-Synaptic Signaling (GO:0098916),1/199,0.6293239693314746,0.6363424522608219,0,0,1.0154091939806225,0.470245238256388,SLC1A1
GO_Biological_Process_2023,Regulation Of Nucleic Acid-Templated Transcription (GO:1903506),2/452,0.658555023912384,0.6654047789902244,0,0,0.891225658648339,0.3722713760620365,PLAG1;TP53
GO_Biological_Process_2023,Proteasomal Protein Catabolic Process (GO:0010498),1/220,0.6663750464716259,0.6728062830003053,0,0,0.9170627154971578,0.3722381718563554,CTNNB1
GO_Biological_Process_2023,Protein Polyubiquitination (GO:0000209),1/226,0.6762705810456785,0.6822907939333255,0,0,0.8923356009070295,0.3490477918907753,CTNNB1
GO_Biological_Process_2023,Chromatin Remodeling (GO:0006338),1/228,0.6795040852130458,0.6850448894660802,0,0,0.8843837094309089,0.3417188197239635,MYC
GO_Biological_Process_2023,Translation (GO:0006412),1/234,0.6890140005027005,0.6941178079138315,0,0,0.8613471139528773,0.3208463632467581,RPL19
GO_Biological_Process_2023,Chromatin Organization (GO:0006325),1/268,0.7378582471923772,0.7427736611263013,0,0,0.7503630665749446,0.2281130358820298,MYC
GO_Biological_Process_2023,Monoatomic Cation Transmembrane Transport (GO:0098655),1/281,0.7544556300331724,0.7589198645304102,0,0,0.7150510204081633,0.2014719243252899,SLC4A8
GO_Biological_Process_2023,DNA Metabolic Process (GO:0006259),1/288,0.7629573171916506,0.7669046203848077,0,0,0.6973618715778994,0.188673478963149,ZNF365
GO_Biological_Process_2023,DNA Repair (GO:0006281),1/291,0.766511080340395,0.7699077320996582,0,0,0.6900422237860662,0.1834864538231954,TP53
GO_Biological_Process_2023,Gene Expression (GO:0010467),1/296,0.7723171830923874,0.7751670619967873,0,0,0.6781736423382912,0.1752129113157816,RPL19
GO_Biological_Process_2023,Protein Transport (GO:0015031),1/313,0.7910092876798269,0.7933426484104458,0,0,0.6406658817373103,0.1502012775605123,LRP2
GO_Biological_Process_2023,Intracellular Protein Transport (GO:0006886),1/325,0.8032809231169658,0.8050567836691771,0,0,0.6165595867976821,0.135057861010748,AKT1
GO_Biological_Process_2023,Ubiquitin-Dependent Protein Catabolic Process (GO:0006511),1/367,0.8408751065484438,0.8421135087672191,0,0,0.5446358871417419,0.094392008901932,CTNNB1
GO_Biological_Process_2023,Vesicle-Mediated Transport (GO:0016192),1/411,0.87264035733701,0.8732824768052491,0,0,0.4850920856147337,0.0660849533564361,LRP2
GO_Biological_Process_2023,Protein Ubiquitination (GO:0016567),1/434,0.8866571169721128,0.8866571169721128,0,0,0.4587830513267663,0.0551901954847833,CTNNB1
